loss,res_loss,d0_loss,d1_loss,neu_loss
56226.2421875,27690746.0,20.46171760559082,55.96772766113281,768.3163452148438
330440.09375,80241824.0,21.802579879760742,51.70585632324219,9399.2548828125
152521.421875,25178470.0,51.30864334106445,20.8976993560791,1378.3941650390625
54938.09375,6848681.5,68.42709350585938,12.99600887298584,67.21952819824219
52026.78515625,5144300.5,67.26705932617188,14.178740501403809,502.33544921875
42087.09375,3498809.5,63.69587707519531,15.8444185256958,21.838579177856445
29412.380859375,2093530.5,63.70120620727539,15.645306587219238,23.606952667236328
21855.26953125,1352157.5,61.205467224121094,16.810407638549805,142.73159790039062
20699.904296875,1144474.5,58.77165222167969,17.888866424560547,22.70288848876953
13073.9755859375,640025.75,51.53639221191406,22.18465232849121,199.7399444580078
14078.6884765625,634947.4375,43.87331771850586,27.624666213989258,38.34687042236328
11666.884765625,482519.0,39.85861587524414,30.999351501464844,15.571349143981934
10021.7900390625,382480.375,35.42707824707031,35.33195495605469,6.5413408279418945
8883.767578125,314540.125,33.52119445800781,37.23981857299805,5.88162088394165
7221.712890625,238138.390625,32.02401351928711,38.918678283691406,6.619171619415283
6486.57861328125,200134.40625,32.55442428588867,38.34614562988281,11.376982688903809
6742.93798828125,195986.984375,32.474388122558594,38.3466796875,8.558981895446777
5483.3134765625,150136.6875,33.25265121459961,37.36769485473633,7.772804260253906
5948.63818359375,154536.234375,33.26809310913086,37.21202087402344,5.781456470489502
4232.08154296875,103984.3984375,33.07270812988281,37.38151931762695,2.2513251304626465
5975.3349609375,140425.953125,32.78240966796875,37.79526901245117,6.8671793937683105
4902.85595703125,109704.65625,33.9778938293457,36.54978942871094,5.323355674743652
5131.93994140625,109698.8828125,36.45234680175781,33.97245407104492,15.366800308227539
4292.4052734375,87901.171875,38.749446868896484,31.807415008544922,2.5917301177978516
4377.3076171875,86017.2421875,40.43080139160156,30.274036407470703,5.740725994110107
4392.4443359375,82932.046875,40.69213104248047,29.979869842529297,9.30612850189209
4025.9833984375,73234.0390625,40.807640075683594,29.848222732543945,0.689544141292572
3538.865478515625,61746.25390625,39.72157287597656,30.821149826049805,10.532500267028809
4295.95458984375,72842.2421875,38.545406341552734,31.89324951171875,0.6661051511764526
3707.621337890625,60597.12890625,37.51390075683594,32.79545211791992,1.4844112396240234
3365.156005859375,53097.0625,37.0259895324707,33.25423049926758,2.858055591583252
3600.697021484375,55153.1875,36.379634857177734,33.854068756103516,0.6592417359352112
3197.048583984375,47328.87890625,35.368160247802734,34.891029357910156,3.083310604095459
3276.53125,47116.81640625,34.34852981567383,35.90082931518555,2.3380157947540283
3586.174072265625,50212.52734375,33.81965637207031,36.407264709472656,1.0704189538955688
3212.87353515625,43623.328125,33.3369026184082,36.83368682861328,1.8233939409255981
3441.22802734375,45550.171875,33.444087982177734,36.70103454589844,0.3702741861343384
3176.25927734375,40858.53515625,33.874977111816406,36.20969009399414,0.9261338710784912
3441.760498046875,43219.02734375,35.229129791259766,34.86554718017578,0.5815750360488892
3374.25244140625,41298.6640625,35.71116256713867,34.373600006103516,0.27457091212272644
3497.6484375,41795.46875,36.065040588378906,34.04410171508789,0.3107980489730835
3313.933349609375,38614.390625,36.42886734008789,33.70463180541992,0.1910398006439209
3511.690185546875,40014.2265625,36.323631286621094,33.82833480834961,0.31454482674598694
3246.4755859375,36085.1328125,36.53562927246094,33.586647033691406,0.8614927530288696
3288.42529296875,35757.66015625,36.07542419433594,34.00498962402344,0.15548114478588104
3438.01904296875,36603.14453125,36.48846435546875,33.59071350097656,0.4504183530807495
3465.68505859375,36120.1484375,35.917667388916016,34.17454528808594,0.2987715005874634
3458.66357421875,35289.44140625,36.00941467285156,34.074031829833984,0.793644905090332
3464.63427734375,34636.17578125,35.91571807861328,34.174110412597656,0.1992468684911728
3592.509521484375,35218.83984375,36.09461975097656,33.98052215576172,0.5503503084182739
3353.67333984375,32191.1484375,35.44814682006836,34.590965270996094,0.1368684321641922
4002.555908203125,37803.88671875,35.632694244384766,34.43006896972656,0.8887847661972046
3409.07568359375,31496.162109375,35.12478256225586,34.9219970703125,0.4355604946613312
5070.09423828125,46292.375,34.539031982421875,35.553977966308594,0.42413318157196045
4360.17138671875,38997.21875,34.39547348022461,35.675323486328125,0.40671586990356445
4548.47021484375,39971.00390625,34.60765838623047,35.41537094116211,1.695003867149353
4929.83740234375,42628.4296875,34.86649703979492,35.18821716308594,0.14149409532546997
3857.34423828125,32644.591796875,35.076171875,34.989341735839844,0.5064559578895569
4167.86572265625,34726.41015625,35.51852035522461,34.51018142700195,0.12075982242822647
4540.41455078125,37251.6484375,36.16195297241211,33.88455581665039,0.17014078795909882
4036.984130859375,32515.07421875,36.17611312866211,33.817420959472656,0.15152491629123688
4401.45654296875,34929.203125,35.892539978027344,34.131858825683594,0.21105597913265228
4278.015625,33394.34375,35.922279357910156,34.15516662597656,0.2507053017616272
4345.8251953125,33399.18359375,35.949161529541016,34.09853744506836,0.6816908717155457
4284.7939453125,32418.5859375,36.7263069152832,33.383853912353516,0.26786983013153076
4358.5009765625,32487.6171875,36.03380584716797,34.02495193481445,0.07702615112066269
4383.4296875,32188.2890625,36.041465759277344,34.003944396972656,0.15310779213905334
4344.8232421875,31426.162109375,35.48176193237305,34.51961898803711,0.8631723523139954
4577.876953125,32655.9609375,35.29319763183594,34.703495025634766,1.3578133583068848
4330.4912109375,30429.564453125,34.68513488769531,35.32713317871094,0.33965224027633667
4503.03955078125,31217.5390625,34.98699951171875,35.04599380493164,0.11608157306909561
4466.97607421875,30532.169921875,34.78774642944336,35.2713508605957,0.2846963107585907
4449.88623046875,29998.173828125,35.3040657043457,34.71455001831055,0.13450857996940613
4673.361328125,31101.955078125,35.47488021850586,34.5478401184082,0.24913497269153595
4472.84814453125,29350.0234375,35.675296783447266,34.36598205566406,0.3027288317680359
4660.01708984375,30193.908203125,35.752437591552734,34.294921875,0.495682030916214
4829.974609375,30908.326171875,35.40826416015625,34.61577224731445,0.06857358664274216
4660.8359375,29427.119140625,35.85929870605469,34.19649887084961,0.14937454462051392
4840.29638671875,30191.130859375,35.2448844909668,34.77232360839844,0.07990122586488724
4871.13427734375,30005.732421875,35.20456314086914,34.842960357666016,0.16992604732513428
4840.48779296875,29446.125,35.0916748046875,34.931209564208984,0.19239620864391327
4979.26904296875,29929.83203125,35.128273010253906,34.93393325805664,0.7138323187828064
4915.46630859375,29188.6875,35.429405212402344,34.63683319091797,0.0784948468208313
5062.55029296875,29716.095703125,35.0300178527832,34.98115921020508,0.23531343042850494
5076.27099609375,29447.599609375,34.781856536865234,35.25991439819336,0.1376340240240097
5163.95654296875,29615.517578125,35.086395263671875,34.932437896728516,0.06839502602815628
4968.859375,28153.36328125,35.08610153198242,34.96876907348633,0.11956961452960968
5538.6328125,31069.16796875,35.14530563354492,34.86003875732422,0.4539038836956024
5155.24462890625,28568.060546875,35.50145721435547,34.52456283569336,0.10418446362018585
5389.73193359375,29552.775390625,35.64841079711914,34.41363525390625,0.1696794480085373
5392.9208984375,29245.83203125,35.716800689697266,34.392372131347656,0.07015443593263626
5491.927734375,29466.5703125,35.00900650024414,35.00271987915039,0.06681111454963684
5494.08544921875,29161.173828125,34.9545783996582,35.06827163696289,0.08394581079483032
5434.23193359375,28530.3125,35.32368087768555,34.71912384033203,0.49017569422721863
5593.53173828125,29070.548828125,35.30693817138672,34.75228500366211,0.0678955689072609
5563.49609375,28610.470703125,35.58477783203125,34.47646713256836,0.22413331270217896
5554.15185546875,28267.0390625,35.235626220703125,34.83030319213867,0.28047868609428406
5839.6728515625,29435.462890625,35.112640380859375,34.937835693359375,0.2716929614543915
5500.65966796875,27426.51953125,35.24232482910156,34.780677795410156,0.18623404204845428
5938.57470703125,29341.95703125,35.35002136230469,34.696556091308594,0.13601316511631012
5634.22998046875,27542.9609375,35.74809265136719,34.34703063964844,0.456729531288147
5988.35009765625,29006.8828125,34.60380554199219,35.43667221069336,0.9059455990791321
5902.37060546875,28309.841796875,34.54799270629883,35.480106353759766,0.5152124166488647
5920.599609375,28127.033203125,35.00166320800781,35.07952117919922,0.09592597931623459
5949.15576171875,27993.44921875,36.14364242553711,33.96736145019531,0.4209132492542267
6031.58251953125,28119.88671875,36.24607849121094,33.85292053222656,0.0674925148487091
5879.75390625,27147.70703125,36.27825927734375,33.8066291809082,0.059414494782686234
6088.77490234375,27864.01953125,34.7399787902832,35.3138427734375,0.09293781965970993
6144.373046875,27862.66796875,34.078800201416016,35.97356033325195,0.25934454798698425
6056.11181640625,27208.30078125,34.579044342041016,35.49644470214844,0.20983418822288513
6158.1787109375,27423.4765625,35.196109771728516,34.87124252319336,0.09980304539203644
6116.3251953125,26991.14453125,35.547611236572266,34.55971908569336,0.2012268602848053
6171.83837890625,26997.599609375,36.00374984741211,34.07957077026367,0.2974667251110077
6173.1865234375,26767.658203125,35.51417922973633,34.58022689819336,0.06657915562391281
6149.10986328125,26428.939453125,35.206119537353516,34.86585998535156,0.3816002905368805
6243.44775390625,26608.48828125,35.45553207397461,34.635616302490234,0.18762759864330292
6203.3017578125,26209.625,35.22800064086914,34.844818115234375,0.17677408456802368
6297.7646484375,26388.2109375,35.53187561035156,34.5529670715332,0.06263092160224915
6223.30810546875,25853.560546875,35.22147750854492,34.8447151184082,0.09420060366392136
6456.24609375,26608.630859375,35.10593032836914,34.986812591552734,0.08225598186254501
6176.38671875,25232.404296875,35.09856033325195,34.99271011352539,0.05348692089319229
6794.12890625,27555.9765625,35.27116775512695,34.823890686035156,0.37594345211982727
6369.775390625,25607.5,35.368141174316406,34.73043441772461,0.23129092156887054
6579.13134765625,26245.78125,34.746219635009766,35.35835266113281,0.07302966713905334
6367.56201171875,25189.169921875,35.22222900390625,34.89516830444336,0.15220807492733002
6796.1484375,26689.67578125,35.31509780883789,34.79530715942383,0.23973022401332855
6602.79248046875,25719.060546875,34.8528938293457,35.222747802734375,0.07509542256593704
6482.02880859375,25045.3203125,34.75296401977539,35.319950103759766,0.35370832681655884
6544.828125,25095.11328125,35.52107238769531,34.58953857421875,0.17851349711418152
6737.33154296875,25642.126953125,35.744136810302734,34.4183235168457,0.21622690558433533
6484.30419921875,24481.212890625,35.42705154418945,34.72618865966797,0.07319807261228561
6475.6728515625,24262.912109375,35.581729888916016,34.53023147583008,0.15214036405086517
6856.1328125,25510.857421875,36.00697326660156,34.130126953125,0.10752510279417038
6465.1044921875,23861.55078125,35.418270111083984,34.683170318603516,0.10712026804685593
7000.400390625,25667.392578125,35.816471099853516,34.327911376953125,0.059498488903045654
6499.9921875,23638.88671875,35.266658782958984,34.868980407714844,0.07887495309114456
6946.708984375,25095.724609375,35.501609802246094,34.64422607421875,0.3353993892669678
6396.455078125,22921.091796875,35.075252532958984,35.06776428222656,0.09086280316114426
7205.52001953125,25665.248046875,35.19157028198242,34.940181732177734,0.4495958983898163
6756.1865234375,23878.470703125,35.12424087524414,34.996768951416016,0.09441018849611282
6551.8974609375,22984.5859375,35.3524169921875,34.7830810546875,0.10859212279319763
6675.66552734375,23258.3046875,34.94148254394531,35.19131851196289,0.17406775057315826
6553.99609375,22670.375,35.50143051147461,34.655216217041016,0.11158017814159393
7044.65380859375,24215.86328125,35.678409576416016,34.466251373291016,0.34078821539878845
6619.603515625,22583.638671875,35.89743423461914,34.25306701660156,0.19828425347805023
6567.451171875,22250.2578125,35.76808166503906,34.39574432373047,0.2124565690755844
6796.76806640625,22879.064453125,35.81977462768555,34.36067199707031,0.14235353469848633
6390.54638671875,21352.169921875,35.47407531738281,34.70204162597656,0.12779279053211212
7362.08642578125,24466.6171875,35.133731842041016,35.028812408447266,0.8714093565940857
6775.2548828125,22349.564453125,35.360225677490234,34.804351806640625,0.22093623876571655
7085.05126953125,23227.92578125,34.630706787109375,35.48981857299805,0.09730911999940872
6886.76318359375,22422.669921875,34.54111099243164,35.58150863647461,0.14929576218128204
6797.68017578125,21984.716796875,34.52019119262695,35.62929916381836,0.2075260728597641
6517.6142578125,20932.677734375,35.03444290161133,35.147239685058594,0.1673590987920761
6655.044921875,21241.021484375,36.31450271606445,33.936683654785156,0.07705611735582352
6839.88134765625,21696.474609375,36.179283142089844,34.01711654663086,0.38485491275787354
6487.7724609375,20437.779296875,36.597591400146484,33.5988655090332,0.11310405284166336
6856.29931640625,21473.49609375,36.13629150390625,34.025882720947266,0.5123035907745361
6558.4736328125,20403.080078125,35.95626449584961,34.20390701293945,0.13424350321292877
6499.61279296875,20091.05859375,35.950889587402344,34.25389099121094,0.26967665553092957
7563.21337890625,23269.611328125,35.22551727294922,34.94007873535156,0.23273569345474243
6704.0986328125,20474.181640625,34.69997787475586,35.47134017944336,0.2926451861858368
7028.24072265625,21343.240234375,34.3428955078125,35.82794189453125,0.17348290979862213
6650.86376953125,20062.740234375,34.08942794799805,36.102622985839844,0.09270147979259491
6793.365234375,20373.041015625,33.985206604003906,36.193302154541016,0.08248864859342575
6378.14453125,18999.755859375,34.83638000488281,35.30196762084961,0.0872994139790535
6639.130859375,19666.6796875,37.07341384887695,33.21480941772461,0.171915203332901
6626.65869140625,19511.796875,37.39714050292969,32.900150299072266,0.3973578214645386
6644.73095703125,19450.30859375,37.14178466796875,33.14293670654297,0.24218225479125977
6580.73193359375,19148.263671875,35.775238037109375,34.38602828979492,0.16068348288536072
6266.41748046875,18116.966796875,35.7763786315918,34.399818420410156,0.23844733834266663
6245.626953125,17951.220703125,35.53216552734375,34.620296478271484,0.25442376732826233
6677.99755859375,19097.4296875,35.406803131103516,34.752262115478516,0.12810228765010834
6175.35986328125,17542.25,34.745723724365234,35.4454231262207,0.4663065969944
5992.72998046875,16921.076171875,35.25910568237305,34.97266387939453,0.12176108360290527
6454.15234375,18135.814453125,34.543190002441406,35.61249923706055,0.19024595618247986
5998.8759765625,16747.275390625,34.90401840209961,35.256900787353516,0.17991584539413452
6333.2255859375,17592.0859375,34.583984375,35.544620513916016,0.3142927289009094
6008.98193359375,16588.5078125,34.66796875,35.48518371582031,0.14249926805496216
6296.939453125,17293.431640625,35.25660705566406,34.93498229980469,1.1117749214172363
6035.8779296875,16479.419921875,35.562801361083984,34.593318939208984,0.17203348875045776
5846.93505859375,15869.3681640625,35.809959411621094,34.388099670410156,0.2870138883590698
6089.96240234375,16447.12109375,35.471866607666016,34.70566177368164,0.138714998960495
5652.45263671875,15168.8134765625,35.70707702636719,34.48063659667969,0.14178839325904846
5759.17041015625,15375.4521484375,35.67237854003906,34.45310592651367,0.12742814421653748
5919.6796875,15723.5380859375,35.59538269042969,34.574039459228516,0.3539417088031769
5778.42041015625,15262.240234375,35.33611297607422,34.79985427856445,0.206425279378891
5660.427734375,14866.78515625,35.187522888183594,34.960262298583984,0.3684978485107422
5882.47119140625,15376.041015625,35.406246185302734,34.754119873046875,0.16768981516361237
5246.369140625,13621.2041015625,35.21213150024414,34.958335876464844,0.1412777304649353
5988.8759765625,15493.55078125,34.914306640625,35.251102447509766,0.1736694723367691
5334.8662109375,13709.84765625,34.89326858520508,35.24075698852539,0.1506793051958084
5726.525390625,14653.4052734375,34.71571731567383,35.430416107177734,0.16484099626541138
5718.4111328125,14556.9404296875,34.88264083862305,35.31166458129883,0.12343230843544006
5235.14501953125,13242.4189453125,34.69771957397461,35.43464660644531,0.46976393461227417
5539.0322265625,13949.880859375,35.25516128540039,34.911495208740234,0.5123765468597412
5026.8193359375,12579.96484375,35.62999725341797,34.535160064697266,0.14829708635807037
5272.6025390625,13136.1845703125,35.54910659790039,34.555686950683594,0.5682095289230347
5143.0341796875,12744.71875,35.29954147338867,34.86341857910156,0.4735264778137207
5029.18115234375,12397.0380859375,35.628292083740234,34.52640151977539,0.21102012693881989
5396.8134765625,13249.8466796875,35.494449615478516,34.65610122680664,0.2240280956029892
5049.87548828125,12325.50390625,34.705718994140625,35.420108795166016,0.2461807131767273
4967.76953125,12062.65625,34.84129333496094,35.298553466796875,0.19127529859542847
4713.029296875,11378.9853515625,34.533538818359375,35.6036491394043,0.26621273159980774
5053.35546875,12153.3583984375,35.312583923339844,34.87771987915039,0.2879475951194763
4567.0390625,10914.216796875,34.89203643798828,35.20460510253906,0.285046249628067
5060.81884765625,12053.4072265625,35.71989059448242,34.44575119018555,0.5425469279289246
4624.19384765625,10946.76953125,35.264156341552734,34.8948974609375,0.17811809480190277
5017.56689453125,11835.4384765625,34.78579330444336,35.327030181884766,0.24071520566940308
4517.287109375,10587.9189453125,35.0267219543457,35.11524963378906,0.219184011220932
4747.1240234375,11082.1806640625,35.43478775024414,34.71565246582031,0.2933516204357147
5180.046875,12051.1845703125,35.20184326171875,34.934322357177734,0.20904463529586792
4208.5986328125,9713.9912109375,34.96413040161133,35.13681411743164,0.3374292254447937
5550.109375,12803.0478515625,35.480918884277344,34.70298767089844,0.22056688368320465
4766.6181640625,10921.3583984375,35.1978645324707,35.01784896850586,0.21821235120296478
5206.76025390625,11889.869140625,34.959224700927734,35.156490325927734,0.2212425321340561
5284.068359375,12013.06640625,34.88303756713867,35.21110916137695,0.3042246997356415
4641.14892578125,10483.5908203125,34.59769058227539,35.50740051269531,0.1984754204750061
4696.6845703125,10561.8115234375,34.954952239990234,35.183692932128906,0.472713440656662
4588.4052734375,10268.2099609375,35.342567443847656,34.86225128173828,0.1880304217338562
4599.00146484375,10245.3720703125,35.46059036254883,34.66756057739258,0.4191228747367859
4185.548828125,9268.1103515625,35.86404800415039,34.314334869384766,0.32906320691108704
4247.578125,9365.302734375,36.29500961303711,33.908329010009766,0.44975540041923523
4178.19677734375,9169.1728515625,35.844966888427734,34.29339599609375,0.2692015767097473
4141.359375,9044.5283203125,35.6942024230957,34.47288131713867,1.1548449993133545
3928.61083984375,8535.6591796875,35.2801399230957,34.88180160522461,0.3311249017715454
4341.59912109375,9406.72265625,34.36453628540039,35.748172760009766,0.8346570730209351
3884.990234375,8363.9306640625,34.228816986083984,36.01046371459961,0.798617959022522
4109.041015625,8817.8525390625,35.10505676269531,35.05179977416992,0.30779725313186646
4143.34619140625,8853.533203125,35.73133850097656,34.52884292602539,0.46089527010917664
3630.3642578125,7705.01708984375,35.396400451660156,34.76972579956055,0.47997280955314636
4773.91259765625,10136.46875,35.35152053833008,34.899436950683594,0.34054267406463623
3880.259765625,8175.25,34.71834945678711,35.520606994628906,0.3546047508716583
4994.56396484375,10521.5146484375,34.48322677612305,35.633384704589844,0.3783760070800781
4160.7197265625,8702.2177734375,35.03529357910156,35.15751647949219,0.4845127761363983
5309.5009765625,11099.3095703125,36.08565902709961,34.153446197509766,0.38839635252952576
5441.2275390625,11330.1083984375,36.068275451660156,34.17704772949219,0.510198175907135
4316.880859375,8921.0390625,35.0536003112793,35.14915466308594,0.2636728882789612
4546.8935546875,9364.0087890625,34.63980484008789,35.49378967285156,0.7642307281494141
4390.87646484375,9000.2373046875,35.24681091308594,34.99526596069336,0.5208359360694885
3826.96435546875,7793.322265625,36.63701629638672,33.62424087524414,0.3218226730823517
4590.45849609375,9338.3662109375,37.05123519897461,33.20627212524414,0.4321206212043762
4192.3525390625,8480.84375,36.265987396240234,33.984798431396484,0.41153404116630554
4064.820068359375,8185.0107421875,35.21890640258789,34.910972595214844,0.4046880006790161
4064.351806640625,8150.36669921875,34.92679214477539,35.29423141479492,0.45113131403923035
4055.083984375,8098.25830078125,34.940303802490234,35.30168151855469,0.49867990612983704
3986.83349609375,7926.82373046875,35.99494934082031,34.27469253540039,0.7130606770515442
3840.274169921875,7600.20166015625,35.76935958862305,34.42594528198242,0.3789355456829071
3768.71435546875,7425.466796875,35.6694221496582,34.687442779541016,0.4750657081604004
3775.751953125,7410.3466796875,35.17281723022461,34.99003219604492,0.41578131914138794
3740.482177734375,7309.7578125,35.50967788696289,34.75539779663086,0.7186906337738037
3409.987548828125,6625.54248046875,34.965354919433594,35.32503890991211,0.4237525761127472
3613.010498046875,7000.10302734375,35.32472610473633,34.953895568847656,0.6798967123031616
3777.38232421875,7296.939453125,34.97630310058594,35.19163131713867,0.36898183822631836
3408.693359375,6545.1826171875,35.07516860961914,35.23689270019531,0.3384057283401489
3938.24072265625,7553.86865234375,35.15835189819336,35.11283493041992,0.3885096311569214
3261.8115234375,6207.17138671875,35.120235443115234,35.147430419921875,1.0578911304473877
3659.550048828125,6954.599609375,35.77659606933594,34.54139709472656,0.6586646437644958
3390.203125,6408.26416015625,36.15939712524414,34.166866302490234,0.39589518308639526
3541.735107421875,6675.1357421875,36.25927734375,33.972232818603516,0.4329986572265625
3373.560302734375,6327.25439453125,35.97709655761719,34.336307525634766,0.41999292373657227
3272.41845703125,6110.12939453125,35.46494674682617,34.89132308959961,0.3543756306171417
3571.46484375,6654.8544921875,35.108558654785156,35.17975997924805,0.7227843999862671
3232.1962890625,5987.4921875,34.67624282836914,35.5895881652832,0.5346003174781799
3790.86767578125,7018.958984375,34.78534698486328,35.598941802978516,0.43530207872390747
3197.236083984375,5876.802734375,34.77861404418945,35.62348937988281,0.3750176727771759
3619.4501953125,6643.88720703125,35.56843185424805,34.61715316772461,1.4289418458938599
3395.09814453125,6201.7548828125,35.702274322509766,34.575557708740234,0.6795764565467834
3410.97021484375,6208.35595703125,35.26222610473633,35.14398193359375,0.4685732126235962
3237.435546875,5864.05078125,35.145999908447266,35.17276382446289,0.5290005803108215
3420.281494140625,6178.66357421875,35.72433853149414,34.602054595947266,1.119353175163269
3419.919921875,6155.24072265625,35.95430374145508,34.384525299072266,1.1297622919082642
3129.6201171875,5602.3154296875,35.148681640625,35.180908203125,0.4262135326862335
3331.50732421875,5950.11572265625,34.842594146728516,35.57963180541992,0.4218902587890625
3104.519775390625,5515.85107421875,35.061424255371094,35.29586410522461,0.44419053196907043
3233.535888671875,5729.10693359375,35.66203308105469,34.6402473449707,0.7667151093482971
3029.9013671875,5341.2216796875,35.68181610107422,34.71662902832031,0.4661155045032501
3307.3134765625,5821.0126953125,35.28544616699219,35.08828353881836,0.45674073696136475
3019.27880859375,5284.0029296875,34.84497833251953,35.54558181762695,0.4143185317516327
3105.9853515625,5419.60986328125,35.22711181640625,35.21480178833008,0.562017023563385
3116.35595703125,5418.9580078125,35.459171295166016,34.89529800415039,0.5472055077552795
3046.638427734375,5276.06640625,35.52913284301758,34.85575866699219,0.5523605942726135
2973.607421875,5128.4267578125,35.20390701293945,35.22172927856445,0.49244967103004456
3049.784912109375,5244.46142578125,35.26755142211914,35.17824935913086,0.48480942845344543
2896.75537109375,4957.6591796875,35.21598815917969,35.17817687988281,0.49525555968284607
2962.86328125,5055.54638671875,35.36738586425781,35.1097526550293,0.6132800579071045
2956.07666015625,5026.46826171875,35.43629837036133,34.955379486083984,0.4923015534877777
2926.376220703125,4957.255859375,35.45171356201172,34.99429702758789,0.5510399341583252
2944.80859375,4971.99169921875,35.11286163330078,35.35948944091797,0.5251595973968506
2853.91259765625,4798.16357421875,35.083412170410156,35.34141540527344,0.5530583262443542
3053.763427734375,5125.1630859375,35.10508346557617,35.326053619384766,0.4872184097766876
2714.201416015625,4525.98095703125,35.22282028198242,35.25304412841797,0.5527486205101013
3198.5439453125,5337.15087890625,35.45688247680664,34.95457458496094,0.5619959235191345
2632.29443359375,4355.923828125,35.36592483520508,35.10477066040039,0.5405535697937012
3330.4853515625,5524.3603515625,35.51762008666992,34.99230194091797,0.6030514240264893
2715.6474609375,4467.22705078125,35.31964111328125,35.16432571411133,0.5650671720504761
3287.378173828125,5414.8515625,35.35935974121094,35.011409759521484,0.5856566429138184
2966.775390625,4858.57373046875,35.091651916503906,35.43064880371094,0.5431709885597229
3139.03369140625,5130.43310546875,35.17767333984375,35.34174728393555,0.5151031017303467
3050.91748046875,4966.455078125,35.21459197998047,35.22892379760742,0.6008798480033875
2943.4697265625,4771.42919921875,34.97865295410156,35.47431564331055,0.6161434054374695
3226.062744140625,5223.427734375,35.060386657714844,35.41961669921875,0.63247150182724
2807.67236328125,4515.94091796875,35.03936004638672,35.47956085205078,0.49344518780708313
3001.92431640625,4820.4892578125,35.75770568847656,34.736534118652344,0.5725349187850952
2867.375732421875,4584.19775390625,35.733680725097656,34.740421295166016,0.5409447550773621
3126.691162109375,4992.57861328125,35.45527648925781,35.05402755737305,0.72379469871521
2826.95947265625,4488.22216796875,35.13179397583008,35.38948440551758,0.6696903109550476
2967.7890625,4702.43994140625,35.675315856933594,34.82492446899414,0.5860366821289062
3013.179443359375,4760.724609375,35.477909088134766,35.037193298339844,0.5366290807723999
2807.8232421875,4414.0634765625,35.1168212890625,35.444087982177734,0.5427919030189514
2888.8837890625,4530.17138671875,35.211177825927734,35.25453567504883,0.6512522101402283
2843.98193359375,4443.494140625,35.41255187988281,35.14181137084961,0.6869512796401978
2839.52197265625,4422.279296875,35.235252380371094,35.30867004394531,0.6314553618431091
2970.2392578125,4616.50244140625,35.22713851928711,35.307376861572266,0.5412198901176453
2665.5712890625,4118.1259765625,35.16779708862305,35.43156051635742,0.5525853633880615
3074.845703125,4752.7509765625,35.53604507446289,34.93637466430664,0.6344550251960754
2785.739501953125,4281.54833984375,35.404666900634766,35.11699295043945,0.7161799073219299
2750.6142578125,4212.94970703125,35.106082916259766,35.52376174926758,0.5482963919639587
3036.342041015625,4647.62548828125,35.2430534362793,35.29926681518555,0.6145906448364258
2574.52294921875,3911.5693359375,35.38667297363281,35.15769958496094,0.5743231773376465
3312.117919921875,5047.9765625,35.78839874267578,34.85456848144531,0.6740208268165588
2650.8662109375,4005.572509765625,35.54255676269531,35.068603515625,0.6666135787963867
3423.643798828125,5189.79931640625,35.014278411865234,35.412532806396484,0.6063903570175171
3222.1826171875,4862.65771484375,34.771480560302734,35.8519172668457,0.5570958256721497
3420.60205078125,5152.98388671875,35.41408157348633,35.17928695678711,0.5692956447601318
3114.779052734375,4667.64697265625,35.72575378417969,34.905582427978516,0.8418800234794617
3117.03466796875,4657.15966796875,35.299278259277344,35.257179260253906,0.6958739161491394
3110.9111328125,4633.888671875,34.90714645385742,35.61618423461914,0.5566853880882263
3022.664306640625,4485.63671875,35.12485122680664,35.435359954833984,0.5553934574127197
3173.593994140625,4700.34033203125,35.76921081542969,34.786434173583984,0.8134434223175049
2707.149658203125,3981.32958984375,36.09968185424805,34.480770111083984,0.9291676878929138
3616.358642578125,5339.08642578125,35.736934661865234,34.93992614746094,0.5285217761993408
3188.41552734375,4680.38720703125,35.20510482788086,35.49628829956055,0.5761366486549377
3662.968017578125,5376.50927734375,35.43730545043945,34.940670013427734,1.0820894241333008
3880.8935546875,5685.0986328125,35.479854583740234,34.96442794799805,1.4333990812301636
3280.416748046875,4775.4033203125,35.27479553222656,35.42906188964844,0.6419556140899658
3181.702880859375,4614.99462890625,35.306888580322266,35.23182678222656,0.6575232148170471
3318.820556640625,4804.26220703125,35.28841781616211,35.32411193847656,0.5268364548683167
3050.46923828125,4393.244140625,35.46749496459961,35.20589065551758,1.1765516996383667
3462.22607421875,4986.8720703125,35.959877014160156,34.47279357910156,0.7201870083808899
3178.33837890625,4555.888671875,35.533931732177734,35.06078338623047,0.6277182698249817
3349.01513671875,4791.62451171875,35.10755920410156,35.54623794555664,0.890106737613678
3028.080078125,4309.60986328125,35.5575065612793,34.91537094116211,1.2147492170333862
2880.352783203125,4083.121826171875,36.10068130493164,34.4940071105957,0.5702888369560242
3440.48779296875,4882.7841796875,35.7150764465332,35.10956954956055,0.5420629978179932
2768.177001953125,3897.178955078125,35.50960159301758,35.21408462524414,0.6056586503982544
3964.38916015625,5609.79248046875,36.42301559448242,33.848758697509766,0.9210513830184937
3156.390625,4432.37109375,36.05140686035156,34.313777923583984,1.0952092409133911
4083.344482421875,5747.53955078125,34.84181213378906,36.054012298583984,0.6660218834877014
3339.187744140625,4668.291015625,34.91055679321289,36.02454376220703,0.44865453243255615
4070.529296875,5696.96728515625,36.70463562011719,33.71575164794922,0.8377176523208618
4072.848876953125,5684.0322265625,37.05427169799805,33.24232482910156,0.9935731887817383
3107.38623046875,4299.57470703125,36.05988311767578,34.45396423339844,1.3729839324951172
3346.963134765625,4626.71142578125,35.01275634765625,35.779117584228516,0.459836483001709
2991.9140625,4113.5341796875,35.679325103759766,35.006996154785156,0.6183423399925232
2968.233154296875,4068.848388671875,37.12978744506836,33.39612579345703,0.687037467956543
3702.481201171875,5085.0673828125,36.9443359375,33.568302154541016,1.2303624153137207
2980.022705078125,4061.942138671875,36.27731704711914,34.268043518066406,1.1267908811569214
3184.865478515625,4336.55029296875,35.49212646484375,35.22484588623047,0.5053538084030151
3070.828125,4166.14111328125,34.96258544921875,35.73634338378906,0.5074010491371155
3228.20947265625,4372.451171875,35.0844612121582,35.60456085205078,0.6107897162437439
2650.5361328125,3562.351806640625,35.6155891418457,35.02174377441406,0.7564412951469421
3606.72216796875,4869.75830078125,35.84263610839844,34.7603645324707,0.6748035550117493
3385.607421875,4552.7119140625,35.79592514038086,34.75857925415039,0.6787415742874146
2874.744873046875,3839.59375,35.69529342651367,35.008426666259766,1.137453556060791
3093.66552734375,4128.49658203125,35.56204605102539,35.16824722290039,0.875639021396637
2853.26904296875,3790.189697265625,35.27388381958008,35.36784362792969,0.6278597712516785
3420.259521484375,4550.41455078125,34.97158432006836,35.61079788208008,0.5718791484832764
2937.311279296875,3883.60546875,34.87138366699219,35.817562103271484,0.5214452147483826
3222.884033203125,4259.0205078125,35.31614685058594,35.31144714355469,0.5810630917549133
2814.78173828125,3697.30615234375,35.689598083496094,35.01814270019531,0.6727498173713684
3700.33056640625,4877.078125,35.648765563964844,35.03730773925781,1.0984801054000854
3597.737060546875,4726.87939453125,35.4890251159668,35.142173767089844,0.8538984060287476
3171.142822265625,4144.291015625,35.393550872802734,35.293907165527344,0.5256605744361877
3343.364990234375,4362.83154296875,35.458106994628906,35.209686279296875,0.5737701058387756
3242.39990234375,4216.77294921875,35.42167282104492,35.25501251220703,0.7100548148155212
3017.367431640625,3906.831787109375,35.28181457519531,35.41535568237305,0.9192503094673157
3195.295654296875,4132.4560546875,35.48139572143555,35.100807189941406,0.5765759944915771
2670.06103515625,3428.488037109375,35.57847595214844,35.1088752746582,0.5797620415687561
3883.41064453125,5015.73095703125,35.984561920166016,34.78645324707031,0.6840720772743225
3499.6240234375,4498.45361328125,35.91537857055664,34.901039123535156,0.9857505559921265
3713.182861328125,4766.9521484375,35.37986755371094,35.25267028808594,0.5988463759422302
4386.9208984375,5634.1298828125,35.063602447509766,35.47895431518555,0.6353129744529724
3129.807861328125,3982.570068359375,34.95079040527344,35.76188659667969,0.48153212666511536
4155.48876953125,5303.341796875,35.35615158081055,35.503196716308594,1.0559449195861816
4242.05419921875,5401.607421875,35.62226486206055,35.174522399902344,1.216978669166565
3896.60009765625,4942.39306640625,35.569068908691406,35.06315612792969,0.5556504726409912
3555.674560546875,4490.14208984375,35.43998718261719,35.16815948486328,0.7161345481872559
4686.03759765625,5931.63037109375,35.438838958740234,35.27220153808594,0.5179752707481384
3880.289306640625,4883.310546875,35.35042190551758,35.43244552612305,0.5244646072387695
4701.47607421875,5920.888671875,35.33784484863281,35.425392150878906,0.5780720710754395
4522.0302734375,5676.85595703125,35.292720794677734,35.46345901489258,0.6197143197059631
3568.964111328125,4449.7421875,35.36886215209961,35.37082290649414,0.7271097302436829
3317.39453125,4119.27001953125,35.853607177734375,34.785335540771484,0.7709961533546448
4176.41552734375,5196.44677734375,36.22850036621094,34.39151382446289,0.6024551391601562
3466.83935546875,4287.318359375,36.273921966552734,34.42080307006836,0.5884183645248413
4528.46435546875,5613.53466796875,36.07835388183594,34.729496002197266,0.5101590156555176
4550.724609375,5627.388671875,35.777305603027344,35.10627746582031,0.439686119556427
3386.295654296875,4154.15625,35.58033752441406,35.29171371459961,0.4069603681564331
3152.162353515625,3851.07275390625,35.771240234375,34.91844177246094,0.6145455241203308
3963.074951171875,4852.2890625,35.97941970825195,34.621368408203125,0.9385125637054443
3503.828369140625,4269.12890625,35.812808990478516,34.795047760009766,0.8409118056297302
4441.78369140625,5422.462890625,35.13337707519531,35.5508918762207,0.5945037007331848
4233.14990234375,5150.8134765625,34.48289489746094,36.34788513183594,0.46197283267974854
3586.364990234375,4339.52734375,34.47385025024414,36.49078369140625,0.3832639753818512
3305.021484375,3982.4189453125,35.88851547241211,34.963130950927734,0.44585341215133667
3434.934326171875,4132.17529296875,36.89144515991211,33.811500549316406,0.6406220197677612
3066.158203125,3669.841552734375,36.92481231689453,33.74494552612305,0.8978472352027893
4987.5185546875,6009.90771484375,36.14775466918945,34.64921188354492,0.6164842247962952
4666.54052734375,5603.84375,35.09196090698242,35.82901382446289,0.4677921235561371
3374.296142578125,4018.175537109375,34.11585998535156,36.832035064697266,0.4076884984970093
3412.795654296875,4055.19775390625,34.728336334228516,35.96493911743164,0.6196175217628479
3294.43310546875,3902.0498046875,36.15670394897461,34.51633071899414,0.6671110987663269
3068.060791015625,3619.158447265625,36.819095611572266,33.97333908081055,0.6050652861595154
4113.447265625,4869.49365234375,35.80113983154297,34.93146896362305,1.0352344512939453
3721.0419921875,4386.14453125,35.2044563293457,35.59403991699219,0.9715316295623779
3948.893798828125,4649.16650390625,35.64768981933594,35.330078125,0.5113052725791931
3677.451904296875,4313.09814453125,35.73417663574219,35.23544692993164,0.7321641445159912
3645.258056640625,4264.87939453125,35.42971420288086,35.26183319091797,0.5977637767791748
3755.597412109375,4385.56298828125,35.15872573852539,35.38154602050781,1.1842572689056396
3509.889404296875,4083.810302734375,35.31684875488281,35.397071838378906,0.6072426438331604
3955.49267578125,4601.9609375,35.99706268310547,34.923397064208984,0.5172695517539978
3113.201904296875,3595.6533203125,36.64289093017578,34.145931243896484,0.49023911356925964
3616.148681640625,4179.9150390625,36.48131561279297,34.1685791015625,0.9308779239654541
3130.302734375,3598.5947265625,36.07656478881836,34.644100189208984,0.7763616442680359
3444.380126953125,3958.906982421875,35.63334655761719,35.2728271484375,0.48508235812187195
3351.56298828125,3840.890869140625,35.227943420410156,35.668766021728516,0.5456988215446472
3373.612548828125,3857.8603515625,35.39590835571289,35.34489822387695,0.5432500243186951
2743.757080078125,3114.6064453125,35.22759246826172,35.4874382019043,0.7097259163856506
4171.01416015625,4766.3330078125,35.330657958984375,35.522457122802734,1.114660620689392
4048.5048828125,4613.046875,35.515106201171875,35.41630554199219,1.12721586227417
3488.149169921875,3954.61572265625,35.141197204589844,35.687461853027344,0.5324390530586243
3781.869384765625,4284.798828125,34.6092414855957,36.13851547241211,0.48606976866722107
3267.346435546875,3682.133056640625,34.93318176269531,35.85227584838867,0.4697831869125366
3256.668701171875,3661.271240234375,35.70931625366211,35.13609313964844,0.5175244808197021
3396.9189453125,3813.57275390625,35.96812438964844,34.89702606201172,0.6185953617095947
2925.130859375,3264.678955078125,36.057064056396484,34.78229904174805,0.9622195959091187
3072.330078125,3425.36572265625,35.59233474731445,35.21833801269531,0.899143397808075
3324.02587890625,3704.711181640625,35.224491119384766,35.5422248840332,0.5224967002868652
3047.938720703125,3382.53125,35.651424407958984,35.19327163696289,0.4665355980396271
3184.92822265625,3529.8916015625,35.254249572753906,35.64044189453125,0.6690746545791626
3005.4501953125,3319.043212890625,35.86128234863281,35.05999755859375,0.49456968903541565
2862.05126953125,3149.0537109375,36.435218811035156,34.445533752441406,1.1088303327560425
2898.31884765625,3182.9609375,36.26898956298828,34.640438079833984,0.940080463886261
3076.079345703125,3375.996337890625,35.797054290771484,35.042964935302734,0.6025571227073669
2725.703857421875,2975.66845703125,35.959774017333984,34.8753776550293,0.5723199248313904
2867.232177734375,3127.333740234375,35.60524368286133,35.273258209228516,0.5172469615936279
2825.693359375,3073.9013671875,35.554290771484375,35.41148376464844,0.5120835900306702
3047.23193359375,3313.819580078125,35.537322998046875,35.375328063964844,0.5093045830726624
2613.677001953125,2824.72607421875,35.45054626464844,35.463871002197266,0.509214460849762
3102.101318359375,3359.74609375,35.74409484863281,35.15809631347656,0.7079513669013977
2699.272705078125,2906.54248046875,35.82081985473633,35.120933532714844,0.8165716528892517
3278.510009765625,3539.83203125,35.5115852355957,35.36308670043945,0.5475392937660217
3026.958251953125,3254.963134765625,35.36289978027344,35.50768280029297,0.581348717212677
3044.14501953125,3266.593994140625,35.59901428222656,35.29352569580078,0.6518697142601013
3002.962646484375,3214.09130859375,35.47026062011719,35.50210189819336,0.7391193509101868
2904.836181640625,3099.885986328125,35.024940490722656,35.99236297607422,0.5231369137763977
2805.496337890625,2984.723388671875,35.105682373046875,35.819393157958984,0.5646007657051086
2933.700927734375,3117.831298828125,35.859840393066406,35.01188278198242,0.659971296787262
3012.31689453125,3196.31103515625,36.145652770996094,34.751163482666016,0.8137500882148743
2497.73974609375,2631.4267578125,35.8449592590332,35.127288818359375,0.59213787317276
3149.531005859375,3331.202392578125,35.43393325805664,35.4666862487793,0.5993768572807312
2819.802490234375,2967.954833984375,35.405025482177734,35.53093338012695,0.5402073860168457
2707.998046875,2840.7470703125,35.52151870727539,35.49081039428711,0.7726624011993408
2762.272705078125,2893.015380859375,35.65328598022461,35.334903717041016,0.7799813747406006
2924.255126953125,3060.94287109375,35.58333969116211,35.31398010253906,0.5593823194503784
2539.761474609375,2642.7333984375,35.486080169677734,35.428382873535156,0.5339071154594421
2872.72265625,2992.7294921875,35.3798828125,35.616641998291016,0.5312595367431641
2879.977783203125,2993.9052734375,35.473297119140625,35.590694427490234,0.6306933760643005
2652.160888671875,2745.232666015625,35.61131286621094,35.4177360534668,0.613047182559967
2617.8505859375,2703.11279296875,35.567649841308594,35.39784240722656,0.5527066588401794
2880.95751953125,2976.148681640625,35.52469253540039,35.42060089111328,0.5277218222618103
2594.46142578125,2666.9453125,35.50033187866211,35.48359680175781,0.5473846793174744
2699.071044921875,2771.6591796875,35.6319580078125,35.35581588745117,0.5503843426704407
2849.448486328125,2924.014892578125,35.44831466674805,35.577579498291016,0.6084933876991272
2488.518798828125,2538.732666015625,35.29464340209961,35.75922393798828,0.5912081003189087
2900.529296875,2965.262939453125,35.60356140136719,35.39971923828125,0.6653094291687012
2607.75341796875,2652.930419921875,35.71845626831055,35.276161193847656,0.5573371648788452
2747.68017578125,2793.4462890625,35.45311737060547,35.584022521972656,0.5215826034545898
2627.109375,2662.01953125,35.39858627319336,35.658077239990234,0.514222264289856
2780.123291015625,2815.257568359375,35.39418029785156,35.658382415771484,0.7928297519683838
2607.70263671875,2630.62548828125,35.487552642822266,35.56542205810547,0.7268235087394714
2643.818359375,2662.80517578125,35.565765380859375,35.438114166259766,0.5447862148284912
2809.52392578125,2828.458740234375,35.850379943847656,35.18736267089844,0.5383947491645813
2393.369873046875,2393.57861328125,35.7442512512207,35.33040237426758,0.5242844223976135
2988.868408203125,3001.154052734375,35.72456359863281,35.373741149902344,0.6480806469917297
2358.498779296875,2347.8818359375,35.42586898803711,35.634883880615234,0.6013818979263306
3010.510498046875,3011.1767578125,35.6428337097168,35.39405822753906,0.5651959180831909
2948.802734375,2941.935791015625,35.595882415771484,35.464786529541016,0.5287979245185852
2373.20654296875,2348.424560546875,35.56963348388672,35.564334869384766,0.6163666844367981
3070.185791015625,3053.5859375,35.59303283691406,35.41340637207031,0.5580451488494873
2610.0068359375,2579.757568359375,35.58063507080078,35.39432144165039,0.550483763217926
2819.077880859375,2786.468994140625,35.3062629699707,35.78939437866211,0.5238913893699646
2869.599365234375,2831.800048828125,35.38870620727539,35.83146286010742,0.5608079433441162
2732.62890625,2687.831298828125,35.588050842285156,35.52985763549805,0.5578552484512329
2576.93505859375,2525.542724609375,35.91439437866211,35.108158111572266,0.5741583108901978
2850.900146484375,2796.093994140625,35.670169830322266,35.400081634521484,0.5124503970146179
2635.5224609375,2574.17578125,35.540348052978516,35.606624603271484,0.49645230174064636
2484.283935546875,2417.456787109375,35.536766052246094,35.542842864990234,0.5824963450431824
2877.22216796875,2805.517822265625,35.71365737915039,35.39427185058594,0.5964624285697937
2392.903076171875,2321.233154296875,35.64039611816406,35.491886138916016,0.5376779437065125
2717.818359375,2646.166748046875,35.7851676940918,35.34178924560547,0.5245699286460876
2574.41064453125,2502.761474609375,35.681861877441406,35.43808364868164,0.5291872620582581
2489.143310546875,2417.368408203125,35.72247314453125,35.4467887878418,0.6057773232460022
2706.885009765625,2635.214111328125,35.60694122314453,35.522403717041016,0.541431188583374
2355.8583984375,2284.19775390625,35.53913497924805,35.60303497314453,0.5184686183929443
2781.81494140625,2710.13427734375,35.46107482910156,35.68705749511719,0.5323996543884277
2353.693359375,2281.933837890625,35.561275482177734,35.61391830444336,0.5841147303581238
2884.317626953125,2812.64208984375,35.71780014038086,35.42658615112305,0.5312570333480835
2518.626953125,2446.927490234375,35.799591064453125,35.38127517700195,0.5186076760292053
2732.244140625,2660.543212890625,35.6519889831543,35.51303482055664,0.5357987880706787
2547.500244140625,2475.7861328125,35.420658111572266,35.755802154541016,0.5376410484313965
2657.105712890625,2585.399169921875,35.29053497314453,35.896060943603516,0.519986629486084
2546.060546875,2474.322509765625,35.60019302368164,35.57681655883789,0.5610921382904053
2654.716552734375,2583.04736328125,35.86052322387695,35.26199722290039,0.5466676354408264
2494.47314453125,2422.82568359375,35.72577667236328,35.432987213134766,0.48843830823898315
2653.896484375,2582.1748046875,35.558685302734375,35.66299057006836,0.5001017451286316
2480.200927734375,2408.3955078125,35.50535583496094,35.72531509399414,0.5746984481811523
2528.68701171875,2456.867919921875,35.714778900146484,35.474552154541016,0.6295355558395386
2397.096923828125,2325.4150390625,35.6837158203125,35.47877502441406,0.5195201635360718
2397.955078125,2326.25927734375,35.779911041259766,35.421775817871094,0.49398133158683777
2524.966552734375,2453.2412109375,35.66622543334961,35.5507926940918,0.5082964897155762
2276.2421875,2204.4052734375,35.59821319580078,35.64242172241211,0.5963355302810669
2484.533447265625,2412.806396484375,35.59678649902344,35.60498046875,0.5254673361778259
2288.97119140625,2217.232177734375,35.75160598754883,35.46295166015625,0.5243053436279297
2490.779541015625,2419.017333984375,35.60077667236328,35.66579818725586,0.49570608139038086
2304.29541015625,2232.467041015625,35.51673889160156,35.767948150634766,0.5433878302574158
2356.371337890625,2284.595703125,35.564273834228516,35.6657829284668,0.5456112623214722
2397.60302734375,2325.87158203125,35.628604888916016,35.580684661865234,0.5222439169883728
2210.755859375,2138.995849609375,35.521785736083984,35.74481964111328,0.4935276210308075
2436.14501953125,2364.351318359375,35.51156997680664,35.76655197143555,0.51551753282547
2190.2119140625,2118.38916015625,35.57149124145508,35.71514892578125,0.5361020565032959
2328.8447265625,2257.060791015625,35.65129470825195,35.620906829833984,0.5116003155708313
2282.417724609375,2210.6533203125,35.642295837402344,35.62643814086914,0.4956430494785309
2217.29296875,2145.4990234375,35.654212951660156,35.6119384765625,0.5279134511947632
2375.811279296875,2303.99755859375,35.617374420166016,35.67422866821289,0.5220891833305359
2075.80029296875,2003.9644775390625,35.622276306152344,35.69949722290039,0.5138304233551025
2581.07080078125,2509.302490234375,35.668880462646484,35.61406707763672,0.4853838086128235
1979.830078125,1908.0421142578125,35.768531799316406,35.51246643066406,0.5069764852523804
2786.861328125,2715.00341796875,35.74543380737305,35.554725646972656,0.5578930974006653
2188.25341796875,2116.312255859375,35.677268981933594,35.6796989440918,0.5842943787574768
2782.279541015625,2710.523681640625,35.531455993652344,35.77178192138672,0.45273083448410034
2634.0224609375,2562.300048828125,35.63544464111328,35.635311126708984,0.4516708552837372
2502.031982421875,2430.267333984375,35.6519889831543,35.566226959228516,0.5462973117828369
2692.085693359375,2620.206298828125,35.56282424926758,35.707889556884766,0.6086204648017883
2298.57275390625,2226.787841796875,35.36919021606445,35.935272216796875,0.48035427927970886
2713.0556640625,2641.33984375,35.81144714355469,35.436771392822266,0.4674748480319977
2666.42724609375,2594.756103515625,35.98529815673828,35.21875762939453,0.46692225337028503
2293.034423828125,2221.295166015625,35.99101257324219,35.27662658691406,0.4717193841934204
2980.466796875,2908.5966796875,36.08627700805664,35.251426696777344,0.5324985980987549
2541.2265625,2469.349365234375,35.9627685546875,35.35946273803711,0.5552335977554321
2378.908447265625,2307.16796875,35.511314392089844,35.71511459350586,0.5141990184783936
2555.76318359375,2484.104736328125,35.495811462402344,35.701316833496094,0.4611069858074188
2599.52392578125,2527.822265625,35.88874053955078,35.344234466552734,0.46884867548942566
2254.397216796875,2182.676025390625,36.129215240478516,35.13998031616211,0.4522082507610321
2651.1103515625,2579.264404296875,36.211524963378906,35.11532211303711,0.5192504525184631
2337.1044921875,2265.20556640625,35.7063102722168,35.63233947753906,0.560218095779419
2811.443603515625,2739.589111328125,35.33847427368164,35.98308563232422,0.5330421924591064
2256.251953125,2184.51171875,35.096290588378906,36.19904708862305,0.44515717029571533
4174.48193359375,4102.6923828125,35.92306137084961,35.3543815612793,0.5120163559913635
4569.4599609375,4497.591796875,36.392234802246094,34.935585021972656,0.5404940247535706
3130.630859375,3058.806884765625,36.10523986816406,35.24602508544922,0.472659707069397
3552.46044921875,3480.781005859375,35.510345458984375,35.78997802734375,0.3790750205516815
3161.82958984375,3090.22509765625,35.16401672363281,36.0909309387207,0.34948837757110596
3028.476318359375,2956.804443359375,35.53611755371094,35.6413459777832,0.4943118989467621
3464.387939453125,3392.589111328125,35.915096282958984,35.24808883666992,0.6358202695846558
2593.416748046875,2521.550537109375,36.08896255493164,35.185062408447266,0.5923401713371277
3279.601318359375,3207.7802734375,35.92758560180664,35.50273513793945,0.3908582925796509
3724.44140625,3652.644287109375,35.75588607788086,35.699676513671875,0.3414362967014313
2538.999755859375,2467.2998046875,35.90301513671875,35.43714904785156,0.35964035987854004
3895.074462890625,3823.418701171875,36.30935287475586,34.841793060302734,0.5045324563980103
4220.81982421875,4149.13623046875,36.339576721191406,34.694156646728516,0.6499846577644348
4056.293212890625,3984.560791015625,35.8526496887207,35.228172302246094,0.6515193581581116
3654.3173828125,3582.554931640625,35.43283462524414,35.81587600708008,0.513641357421875
4587.5009765625,4515.744140625,35.51662826538086,35.907073974609375,0.3330031931400299
4135.0322265625,4063.29296875,35.91205978393555,35.53036880493164,0.2970896363258362
3857.42041015625,3785.771240234375,36.63197326660156,34.68464279174805,0.3326070010662079
3500.1787109375,3428.554931640625,37.16740798950195,34.06550216674805,0.39095738530158997
4144.779296875,4073.109130859375,37.229225158691406,34.0118408203125,0.4291146397590637
3780.392578125,3708.668701171875,36.79505157470703,34.4847297668457,0.4440031945705414
3387.73193359375,3315.9951171875,36.085044860839844,35.21723556518555,0.4345138370990753
3222.250244140625,3150.506103515625,35.747074127197266,35.53898620605469,0.4579329788684845
3199.223876953125,3127.451416015625,35.75517272949219,35.515480041503906,0.5020651817321777
2883.869384765625,2812.1259765625,35.70243835449219,35.58255386352539,0.4584137797355652
3483.462646484375,3411.770263671875,35.966896057128906,35.316707611083984,0.40882161259651184
3233.961181640625,3162.274169921875,36.53384780883789,34.75050354003906,0.402502179145813
3045.50390625,2973.78076171875,36.969520568847656,34.34386444091797,0.4099239110946655
2896.392578125,2824.6416015625,36.67529296875,34.672550201416016,0.403058797121048
3088.131103515625,3016.351318359375,36.07749938964844,35.309383392333984,0.3930043876171112
2749.297119140625,2677.4814453125,35.77642059326172,35.63486862182617,0.4045017957687378
3152.15869140625,3080.353759765625,35.80986785888672,35.57691955566406,0.41827771067619324
2929.563720703125,2857.78857421875,35.86819839477539,35.489078521728516,0.41805168986320496
2811.572509765625,2739.769287109375,35.93913650512695,35.415767669677734,0.4481496810913086
2676.5068359375,2604.677734375,35.926231384277344,35.461875915527344,0.4409482181072235
2861.681396484375,2789.91552734375,35.852333068847656,35.52375793457031,0.38984349370002747
2616.2763671875,2544.5634765625,35.82048034667969,35.494529724121094,0.3978133201599121
3057.2421875,2985.52099609375,35.738956451416016,35.567169189453125,0.41508787870407104
2905.7080078125,2833.900634765625,35.4354248046875,35.96773910522461,0.4043184220790863
2698.5341796875,2626.649169921875,35.2098388671875,36.300926208496094,0.3742869198322296
2594.08837890625,2522.2275390625,35.50181579589844,35.96921157836914,0.3899514973163605
2800.689453125,2728.851806640625,35.9454345703125,35.437782287597656,0.454228013753891
2490.462158203125,2418.63427734375,36.02027893066406,35.36855697631836,0.4388788938522339
3039.01123046875,2967.1650390625,35.94230651855469,35.503379821777344,0.40029093623161316
2809.63525390625,2737.78564453125,35.88187789916992,35.57326889038086,0.39456692337989807
2580.203857421875,2508.375244140625,35.753658294677734,35.6642951965332,0.41067326068878174
2408.733154296875,2336.93505859375,35.50860595703125,35.892574310302734,0.3970433175563812
2830.4619140625,2758.667236328125,35.399776458740234,36.01082992553711,0.3842259347438812
2532.23681640625,2460.40380859375,35.422218322753906,36.0154914855957,0.395565003156662
2782.82080078125,2710.8720703125,35.543697357177734,35.927371978759766,0.4775867462158203
2603.944091796875,2531.9990234375,35.657264709472656,35.83232498168945,0.45564043521881104
2584.39306640625,2512.520751953125,35.75633239746094,35.725215911865234,0.3908132314682007
2401.47705078125,2329.614501953125,35.74483871459961,35.723724365234375,0.39405184984207153
2821.123291015625,2749.21240234375,35.764530181884766,35.70735549926758,0.4389338493347168
2667.142822265625,2595.183349609375,35.82133102416992,35.66275405883789,0.47539055347442627
2485.21728515625,2413.3388671875,35.79341125488281,35.68215560913086,0.40274113416671753
2351.515869140625,2279.678955078125,35.59132766723633,35.862548828125,0.383012980222702
2753.163330078125,2681.2919921875,35.56458282470703,35.89999008178711,0.4068578779697418
2511.463134765625,2439.5029296875,35.73997116088867,35.77690505981445,0.44342949986457825
2627.219482421875,2555.22412109375,35.91366195678711,35.65133285522461,0.4304004907608032
2453.623046875,2381.685791015625,35.82536315917969,35.71638107299805,0.3955661654472351
2582.441162109375,2510.562744140625,35.71723937988281,35.759307861328125,0.4017823040485382
2366.42822265625,2294.554931640625,35.74626541137695,35.71775817871094,0.4092581868171692
2685.709228515625,2613.779541015625,35.81617736816406,35.71188735961914,0.4016869366168976
2526.526611328125,2454.540771484375,35.798587799072266,35.78822326660156,0.3988398611545563
2447.200439453125,2375.2255859375,35.81155776977539,35.75282287597656,0.41028907895088196
2283.877197265625,2211.984619140625,35.80262756347656,35.682861328125,0.407006174325943
2693.595458984375,2621.70849609375,35.782012939453125,35.70394515991211,0.40118443965911865
2461.1357421875,2389.161376953125,35.8306999206543,35.74308776855469,0.40035030245780945
2535.71240234375,2463.6181640625,35.965003967285156,35.6637077331543,0.46535399556159973
2350.953125,2278.97900390625,35.87391662597656,35.676490783691406,0.42361781001091003
2581.637939453125,2509.7578125,35.68082046508789,35.797584533691406,0.40149882435798645
2337.566162109375,2265.6416015625,35.685367584228516,35.846744537353516,0.39267370104789734
2617.9423828125,2545.879638671875,35.92479705810547,35.69875717163086,0.4391789734363556
2441.830322265625,2369.745849609375,35.991817474365234,35.62672424316406,0.46615731716156006
2427.58251953125,2355.627197265625,35.87459182739258,35.679744720458984,0.4011407196521759
2267.90869140625,2195.98291015625,35.74536895751953,35.79104995727539,0.38933056592941284
2570.534912109375,2498.552734375,35.768733978271484,35.80573654174805,0.4077821671962738
2387.3251953125,2315.26220703125,35.82432556152344,35.798892974853516,0.4400588274002075
2411.968017578125,2339.914794921875,35.839412689208984,35.79705810546875,0.4166416823863983
2237.576171875,2165.595947265625,35.7130012512207,35.876094818115234,0.391244113445282
2508.562744140625,2436.612548828125,35.649959564208984,35.89433288574219,0.4060991406440735
2284.523193359375,2212.525146484375,35.725406646728516,35.857154846191406,0.4154537320137024
2448.147705078125,2376.0859375,35.8497200012207,35.81435775756836,0.39779919385910034
2264.8603515625,2192.7919921875,35.814327239990234,35.86043930053711,0.3938834071159363
2418.24755859375,2346.22265625,35.76658630371094,35.841007232666016,0.41720330715179443
2202.73193359375,2130.74609375,35.7801513671875,35.7931022644043,0.41226717829704285
2498.705322265625,2426.697998046875,35.822750091552734,35.79533386230469,0.3892582952976227
2296.151123046875,2224.086669921875,35.78284454345703,35.89846420288086,0.38294556736946106
2344.365234375,2272.255615234375,35.78385925292969,35.90141296386719,0.42424115538597107
2120.125732421875,2048.068603515625,35.83147048950195,35.79637145996094,0.4292910695075989
2543.546630859375,2471.541259765625,35.89621353149414,35.710269927978516,0.39891183376312256
2326.4345703125,2254.390625,35.854183197021484,35.802005767822266,0.3875778913497925
2277.241943359375,2205.13134765625,35.83799362182617,35.873409271240234,0.3993050456047058
2123.16943359375,2051.06201171875,35.8901481628418,35.79424285888672,0.4230695068836212
2466.70849609375,2394.6669921875,35.927852630615234,35.709476470947266,0.4043203294277191
2296.760009765625,2224.717041015625,35.87196731567383,35.775203704833984,0.39565151929855347
2265.69091796875,2193.593505859375,35.85915756225586,35.83146286010742,0.4066912531852722
2153.765380859375,2081.64990234375,35.87153244018555,35.83313751220703,0.4105978012084961
2339.773193359375,2267.690185546875,35.849525451660156,35.84133529663086,0.3921649158000946
2166.772705078125,2094.6982421875,35.82292175292969,35.857940673828125,0.39347487688064575
2342.326171875,2270.2216796875,35.881752014160156,35.80168914794922,0.4207932651042938
2210.61865234375,2138.503662109375,35.86021423339844,35.841182708740234,0.4138698875904083
2214.201171875,2142.098388671875,35.789432525634766,35.929622650146484,0.3835131824016571
2063.1796875,1991.078857421875,35.789363861083984,35.92380142211914,0.3876914083957672
2378.494140625,2306.371337890625,35.886512756347656,35.81241226196289,0.423749715089798
2221.326904296875,2149.19775390625,35.88330078125,35.830543518066406,0.4152434170246124
2168.37744140625,2096.258056640625,35.818119049072266,35.91911315917969,0.3821035623550415
2030.039794921875,1957.9217529296875,35.804420471191406,35.929832458496094,0.38377758860588074
2352.478759765625,2280.332763671875,35.90184020996094,35.82293701171875,0.4211606979370117
2173.560791015625,2101.402099609375,35.9094123840332,35.831939697265625,0.41722533106803894
2186.9130859375,2114.7763671875,35.84213638305664,35.912208557128906,0.38257896900177
2048.793212890625,1976.667236328125,35.807655334472656,35.936912536621094,0.3812575340270996
2270.636474609375,2198.476318359375,35.898441314697266,35.84341812133789,0.41817113757133484
2096.40869140625,2024.2249755859375,35.93083190917969,35.832359313964844,0.4205646514892578
2220.74267578125,2148.581787109375,35.896156311035156,35.880496978759766,0.38411834836006165
2082.70458984375,2010.5511474609375,35.8424186706543,35.93107604980469,0.3797735869884491
2183.892333984375,2111.718505859375,35.8661994934082,35.89820861816406,0.40932759642601013
2031.6473388671875,1959.46337890625,35.90681457519531,35.86174392700195,0.4154546558856964
2236.865234375,2164.691162109375,35.94622039794922,35.841285705566406,0.3864399790763855
2098.439697265625,2026.2540283203125,35.89155578613281,35.9149169921875,0.3791870176792145
2126.13232421875,2053.934814453125,35.84225082397461,35.95377731323242,0.4014877378940582
1987.1251220703125,1914.94140625,35.879371643066406,35.89454650878906,0.4097369909286499
2238.7060546875,2166.526123046875,35.96608352661133,35.82688903808594,0.387001633644104
2093.48681640625,2021.2733154296875,35.921199798583984,35.915340423583984,0.3770133852958679
2099.12060546875,2026.8890380859375,35.866615295410156,35.967498779296875,0.39753589034080505
1962.4495849609375,1890.2557373046875,35.890953063964844,35.89433288574219,0.408528596162796
2224.860107421875,2152.681884765625,35.94334411621094,35.8486328125,0.3863452076911926
2066.76416015625,1994.5360107421875,35.916351318359375,35.93637466430664,0.37539416551589966
2098.497802734375,2026.232421875,35.92697525024414,35.93997573852539,0.3984961211681366
1956.03564453125,1883.8204345703125,35.932369232177734,35.875457763671875,0.40733930468559265
2193.407470703125,2121.22265625,35.921573638916016,35.87885284423828,0.38419148325920105
2025.1083984375,1952.872314453125,35.89971923828125,35.961181640625,0.3753051459789276
2112.2490234375,2039.9617919921875,35.96419906616211,35.92068862915039,0.40236082673072815
1964.1588134765625,1891.91748046875,35.962459564208984,35.87364196777344,0.40525445342063904
2145.59423828125,2073.39306640625,35.91316223144531,35.908103942871094,0.37982404232025146
1976.5111083984375,1904.2713623046875,35.893306732177734,35.97200012207031,0.37441492080688477
2130.046875,2057.750732421875,35.97861862182617,35.91022491455078,0.40747639536857605
1980.0030517578125,1907.7344970703125,35.971431732177734,35.891239166259766,0.4059015214443207
2087.68505859375,2015.4588623046875,35.91743850708008,35.93390655517578,0.37490805983543396
1928.3077392578125,1856.05859375,35.90312576293945,35.973453521728516,0.37252941727638245
2141.19189453125,2068.8916015625,35.97614669799805,35.91539001464844,0.40905657410621643
1994.0906982421875,1921.8016357421875,35.957008361816406,35.92628479003906,0.4058215916156769
2031.3623046875,1959.1104736328125,35.91550827026367,35.96455383300781,0.37172403931617737
1889.1002197265625,1816.8363037109375,35.91936111450195,35.97418212890625,0.37047940492630005
2136.1796875,2063.871826171875,35.98086929321289,35.92070007324219,0.4063386619091034
1993.3897705078125,1921.08203125,35.95229721069336,35.949825286865234,0.40564653277397156
1991.494140625,1919.2208251953125,35.90926742553711,35.99250793457031,0.3714103400707245
1865.5240478515625,1793.24267578125,35.92597961425781,35.986778259277344,0.36856937408447266
2109.509765625,2037.18505859375,36.01298522949219,35.910423278808594,0.4014422595500946
1968.16748046875,1895.8394775390625,35.987789154052734,35.93648910522461,0.4036664068698883
1977.6285400390625,1905.339111328125,35.911460876464844,36.006019592285156,0.37198588252067566
1860.18310546875,1787.8856201171875,35.915096282958984,36.01554870605469,0.3669963777065277
2064.68408203125,1992.33984375,36.03403091430664,35.914955139160156,0.3953206241130829
1925.6439208984375,1853.29638671875,36.03601837158203,35.91184997558594,0.3996528387069702
1984.07958984375,1911.774169921875,35.95133972167969,35.981285095214844,0.3727739453315735
1864.52197265625,1792.20849609375,35.91600036621094,36.03097915649414,0.3665153384208679
2021.7884521484375,1949.42578125,36.01626205444336,35.95600509643555,0.3903883695602417
1883.5767822265625,1811.2120361328125,36.04876708984375,35.921695709228516,0.3942987620830536
1996.37548828125,1924.052734375,36.00399398803711,35.94664001464844,0.3720979392528534
1862.20947265625,1789.8790283203125,35.9443244934082,36.01899337768555,0.3670690655708313
2002.0843505859375,1929.7047119140625,35.98796463012695,36.00273513793945,0.3890298008918762
1861.7012939453125,1789.3218994140625,36.02336883544922,35.96641159057617,0.3895888328552246
1990.3021240234375,1917.9617919921875,36.0364875793457,35.934322357177734,0.3695671260356903
1845.722900390625,1773.3751220703125,35.99127960205078,35.9886360168457,0.36782026290893555
2001.420166015625,1929.02392578125,35.988704681396484,36.016353607177734,0.3912288546562195
1869.2308349609375,1796.836669921875,35.98728942871094,36.019744873046875,0.3870697021484375
1951.260498046875,1878.905517578125,36.01762390136719,35.972171783447266,0.36523112654685974
1820.06201171875,1747.6983642578125,36.028297424316406,35.968421936035156,0.3669538199901581
2006.34130859375,1933.9249267578125,36.048484802246094,35.972900390625,0.3949730098247528
1892.9498291015625,1820.5355224609375,35.98659896850586,36.04048156738281,0.3871673345565796
1898.754150390625,1826.38671875,35.946876525878906,36.05952453613281,0.3609524071216583
1792.4051513671875,1720.0303955078125,36.020389556884766,35.99013900756836,0.3643057942390442
2004.669189453125,1932.22998046875,36.133785247802734,35.90853500366211,0.39684078097343445
1898.9864501953125,1826.5426025390625,36.045310974121094,36.00938034057617,0.3891189694404602
1862.3253173828125,1789.940673828125,35.902774810791016,36.12345886230469,0.35838747024536133
1768.422607421875,1696.04052734375,35.97884750366211,36.041954040527344,0.3612539768218994
1982.2789306640625,1909.8238525390625,36.171470642089844,35.89126968383789,0.39231541752815247
1872.3863525390625,1799.9100341796875,36.11558151245117,35.97233200073242,0.3884684443473816
1846.4942626953125,1774.0823974609375,35.93716049194336,36.116641998291016,0.35807836055755615
1753.483154296875,1681.09228515625,35.94972229003906,36.08104705810547,0.36011531949043274
1946.581787109375,1874.1226806640625,36.12483215332031,35.94967269897461,0.3845564126968384
1834.934326171875,1762.434814453125,36.13412094116211,35.984249114990234,0.38105055689811707
1846.0296630859375,1773.5821533203125,36.02677917480469,36.062591552734375,0.35813960433006287
1741.9287109375,1669.5203857421875,35.97116470336914,36.07516098022461,0.3619783818721771
1932.2125244140625,1859.7535400390625,36.05067825317383,36.02585220336914,0.3824838697910309
1808.274169921875,1735.7672119140625,36.097965240478516,36.036842346191406,0.37203696370124817
1853.17822265625,1780.700439453125,36.09657287597656,36.02742004394531,0.3538186550140381
1723.6240234375,1651.188720703125,36.02724838256836,36.0438117980957,0.36430245637893677
1940.760986328125,1868.292236328125,36.02897262573242,36.051124572753906,0.3886871635913849
1797.6666259765625,1725.1640625,36.04515075683594,36.08837890625,0.36901217699050903
1846.451904296875,1773.96533203125,36.08488464355469,36.05467224121094,0.3470272719860077
1709.8648681640625,1637.400390625,36.08218765258789,36.02109146118164,0.3612540662288666
1940.372314453125,1867.869140625,36.103416442871094,35.999996185302734,0.39979857206344604
1804.58544921875,1732.0843505859375,36.027183532714844,36.098995208740234,0.37486717104911804
1831.9710693359375,1759.50244140625,35.98904800415039,36.13420104980469,0.34544965624809265
1722.339111328125,1649.853515625,36.09113311767578,36.04283142089844,0.3516075909137726
1925.4964599609375,1852.9366455078125,36.23677444458008,35.91877365112305,0.4041314423084259
1806.36083984375,1733.83740234375,36.09039306640625,36.041507720947266,0.39155274629592896
1845.7930908203125,1773.35546875,35.91103744506836,36.17863464355469,0.3479912579059601
1747.5191650390625,1675.0284423828125,36.025875091552734,36.12104797363281,0.34373438358306885
1896.233642578125,1823.635986328125,36.295536041259766,35.92095947265625,0.38111382722854614
1771.209228515625,1698.6417236328125,36.19386291503906,35.96866989135742,0.4049924910068512
1867.065673828125,1794.634765625,35.97438430786133,36.10060501098633,0.35601404309272766
1752.87158203125,1680.39111328125,35.97649002075195,36.16325759887695,0.3408252000808716
1856.2586669921875,1783.65869140625,36.20664978027344,36.0433349609375,0.34992149472236633
1734.16455078125,1661.56982421875,36.22227478027344,35.987308502197266,0.38508424162864685
1856.259033203125,1783.7794189453125,36.13566589355469,35.96592712402344,0.3780037760734558
1726.61962890625,1654.1397705078125,36.020626068115234,36.11050033569336,0.3487960696220398
1866.100341796875,1793.5167236328125,36.09287643432617,36.1475715637207,0.34309104084968567
1756.4510498046875,1683.84814453125,36.1445198059082,36.10829544067383,0.35011860728263855
1811.538330078125,1739.0028076171875,36.220802307128906,35.941951751708984,0.3727935552597046
1688.80859375,1616.292236328125,36.06044006347656,36.07085418701172,0.38516342639923096
1927.501708984375,1854.95556640625,36.10226058959961,36.091426849365234,0.35237953066825867
1864.923583984375,1792.3201904296875,36.05392074584961,36.209110260009766,0.34034669399261475
1632.91943359375,1560.35595703125,36.157108306884766,36.07040786743164,0.33588075637817383
1576.3525390625,1503.8046875,36.077388763427734,36.06155014038086,0.4088858366012573
2303.137939453125,2230.56982421875,36.30669021606445,35.86037826538086,0.4011371433734894
1951.1455078125,1878.5428466796875,36.09407043457031,36.16117858886719,0.3473818004131317
1541.643798828125,1469.0753173828125,35.922386169433594,36.31806564331055,0.3279958665370941
3091.5537109375,3019.0703125,36.2979621887207,35.82403564453125,0.361467570066452
1454.20166015625,1381.670166015625,36.194541931152344,35.908470153808594,0.4284256100654602
8157.8916015625,8085.15576171875,36.01045227050781,36.36220932006836,0.36326920986175537
9971.5947265625,9898.78125,35.658836364746094,36.88361358642578,0.2707770764827728
4769.32470703125,4696.60400390625,35.12141036987305,37.390621185302734,0.20849032700061798
6179.09033203125,6106.91552734375,35.54062271118164,36.320579528808594,0.3133501708507538
8970.6767578125,8898.912109375,35.9090461730957,35.468387603759766,0.386348158121109
5015.49658203125,4944.01904296875,35.96919250488281,35.120670318603516,0.3878697454929352
6950.28857421875,6878.52294921875,36.439453125,34.914005279541016,0.41219422221183777
7128.3388671875,7056.0107421875,37.117103576660156,34.820072174072266,0.3905339539051056
6205.32958984375,6132.5908203125,37.8702392578125,34.63666534423828,0.2320152372121811
3775.281494140625,3702.89208984375,38.515625,33.578208923339844,0.29573753476142883
4375.15625,4303.00146484375,38.45119857788086,33.162601470947266,0.5410367250442505
4094.0625,4021.923583984375,36.629207611083984,34.99537658691406,0.5144477486610413
3323.5,3251.20166015625,34.222782135009766,37.700782775878906,0.3748140037059784
2950.3876953125,2877.931640625,33.08198547363281,39.04261779785156,0.3313375413417816
4085.203369140625,4012.928955078125,34.505184173583984,37.36532211303711,0.4040144979953766
3764.966064453125,3692.76025390625,35.66440963745117,36.10771179199219,0.4338003396987915
4152.091796875,4079.75,36.60301208496094,35.24006271362305,0.4986860156059265
4309.14990234375,4236.498046875,37.377098083496094,34.60209655761719,0.6729941964149475
3701.44580078125,3628.885986328125,37.852821350097656,34.246089935302734,0.46082285046577454
2963.123779296875,2890.666259765625,37.791419982910156,34.3227424621582,0.34321823716163635
3712.235107421875,3639.771240234375,36.97905731201172,35.03896713256836,0.44591522216796875
2834.942138671875,2762.6708984375,35.9196662902832,35.990272521972656,0.3612562417984009
3976.197265625,3903.7939453125,35.36722183227539,36.5387077331543,0.4973444640636444
3462.416748046875,3390.020263671875,35.361019134521484,36.656436920166016,0.37891340255737305
3342.492431640625,3270.09375,35.88334274291992,36.246665954589844,0.26870810985565186
3111.264404296875,3038.881103515625,36.5542106628418,35.55960464477539,0.26963210105895996
2908.005859375,2835.61181640625,37.65471649169922,34.42305374145508,0.3161012530326843
2450.014404296875,2377.50048828125,39.163055419921875,32.9810905456543,0.3697008192539215
3548.409423828125,3475.883544921875,39.91831970214844,32.253944396972656,0.35368025302886963
3194.306396484375,3121.84912109375,39.62583923339844,32.48065185546875,0.35073286294937134
2548.049072265625,2475.671142578125,38.863136291503906,33.18353271484375,0.331227570772171
2352.083251953125,2279.620849609375,38.76254653930664,33.414878845214844,0.2852221131324768
2762.14892578125,2689.579833984375,38.773563385009766,33.498592376708984,0.2967636287212372
2137.782470703125,2065.34716796875,38.15364456176758,33.96717071533203,0.31439316272735596
3400.7783203125,3328.357666015625,37.30952835083008,34.699180603027344,0.411886602640152
3147.478515625,3074.9794921875,36.679656982421875,35.3974609375,0.4217829406261444
2538.316162109375,2465.75341796875,36.4344596862793,35.76240539550781,0.3657539188861847
2369.477783203125,2297.0048828125,36.850521087646484,35.276145935058594,0.3462793529033661
2639.889892578125,2567.541015625,37.06658935546875,34.93775939941406,0.3445111811161041
2142.1220703125,2069.79150390625,36.09443664550781,35.923954010009766,0.3119613826274872
2890.301025390625,2817.798583984375,34.798072814941406,37.39558410644531,0.3088182210922241
2743.13037109375,2670.552978515625,34.52753829956055,37.745689392089844,0.3042154908180237
1981.42919921875,1908.925048828125,35.055076599121094,37.142513275146484,0.30662229657173157
1976.3074951171875,1903.8787841796875,35.521881103515625,36.56916809082031,0.3376891613006592
2198.077880859375,2125.656005859375,35.78329086303711,36.32095718383789,0.31760796904563904
1806.3084716796875,1733.7769775390625,35.740962982177734,36.4818000793457,0.3087124526500702
3020.128662109375,2947.443115234375,35.52553939819336,36.77334976196289,0.3863581717014313
2915.286865234375,2842.572021484375,35.539730072021484,36.73439407348633,0.4406411349773407
2161.703857421875,2089.19873046875,35.853702545166016,36.32710266113281,0.3241613209247589
2040.1903076171875,1967.6864013671875,36.010101318359375,36.176204681396484,0.3175787627696991
2411.63330078125,2339.043212890625,35.90227508544922,36.32344436645508,0.3642348051071167
1828.4478759765625,1755.9317626953125,35.95173645019531,36.22914123535156,0.33523911237716675
2995.454833984375,2922.891845703125,36.26906967163086,35.87843322753906,0.415536105632782
2564.728271484375,2492.070068359375,36.412960052490234,35.7942008972168,0.4512432813644409
2315.241455078125,2242.599365234375,36.31533432006836,35.98836898803711,0.3384644687175751
2080.904541015625,2008.3377685546875,35.97395324707031,36.29494857788086,0.2978495657444
2336.662841796875,2264.1728515625,35.75978088378906,36.400115966796875,0.3300302028656006
2063.992431640625,1991.5445556640625,36.00709533691406,36.127960205078125,0.31274670362472534
2470.6845703125,2398.050537109375,36.58010482788086,35.649658203125,0.4042251408100128
2399.220458984375,2326.520263671875,36.897987365722656,35.42768859863281,0.3744606077671051
2041.8033447265625,1969.1617431640625,36.87460708618164,35.468692779541016,0.2981872856616974
1920.7926025390625,1848.2073974609375,36.59170150756836,35.700950622558594,0.2925509214401245
2258.8681640625,2186.287353515625,36.247371673583984,36.017555236816406,0.31590530276298523
2018.5106201171875,1945.938720703125,36.226322174072266,36.0169677734375,0.3286347985267639
2304.46533203125,2231.898193359375,36.56337356567383,35.67491149902344,0.3289260268211365
2201.1494140625,2128.529541015625,36.663917541503906,35.63546371459961,0.32055097818374634
1902.84423828125,1830.141357421875,36.42586898803711,35.977596282958984,0.29948389530181885
1769.7508544921875,1697.0347900390625,36.228267669677734,36.191383361816406,0.2963811755180359
2200.057861328125,2127.44140625,36.31551742553711,35.981075286865234,0.31998348236083984
1982.1768798828125,1909.603515625,36.36954116821289,35.85969543457031,0.3440572917461395
2195.780517578125,2123.118896484375,36.35068130493164,35.966243743896484,0.3447466790676117
2096.56201171875,2023.78564453125,36.28797149658203,36.17420959472656,0.31387460231781006
1919.7796630859375,1847.01318359375,36.25544738769531,36.232177734375,0.27877143025398254
1707.686767578125,1635.0765380859375,36.351810455322266,35.952362060546875,0.30600881576538086
2265.71484375,2193.112548828125,36.5125846862793,35.74065399169922,0.34876763820648193
1934.0396728515625,1861.35205078125,36.482948303222656,35.866336822509766,0.3383667767047882
2200.994384765625,2128.213134765625,36.24313735961914,36.21894454956055,0.31907546520233154
2152.542724609375,2079.765380859375,35.9471549987793,36.51174545288086,0.3183099329471588
1759.9683837890625,1687.2462158203125,35.797122955322266,36.60993957519531,0.3150870203971863
1646.3895263671875,1573.64794921875,36.13066101074219,36.29375076293945,0.31726646423339844
2110.067138671875,2037.30078125,36.60115051269531,35.8339958190918,0.3312295079231262
1797.474365234375,1724.70166015625,36.628173828125,35.78327560424805,0.36121734976768494
2275.147705078125,2202.2919921875,36.182865142822266,36.23670959472656,0.43591734766960144
2312.517578125,2239.70166015625,35.74571228027344,36.72024917602539,0.3500007390975952
1608.0501708984375,1535.3045654296875,35.594139099121094,36.87508773803711,0.2763836979866028
1773.04150390625,1700.3660888671875,36.26131057739258,36.09796905517578,0.31608137488365173
1705.3804931640625,1632.6072998046875,36.770137786865234,35.62491989135742,0.3781985938549042
1371.4969482421875,1298.6114501953125,36.582061767578125,35.93349838256836,0.37002742290496826
2874.323486328125,2801.563720703125,36.137290954589844,36.31521224975586,0.3073570430278778
2592.04296875,2519.3193359375,35.65854263305664,36.79466247558594,0.2704850435256958
2131.39697265625,2058.628662109375,35.514583587646484,36.996089935302734,0.25767064094543457
1866.6373291015625,1793.903564453125,36.204063415527344,36.20872116088867,0.32097312808036804
2190.903564453125,2118.217041015625,36.913856506347656,35.393348693847656,0.3793337643146515
1874.4154052734375,1801.7078857421875,37.00259780883789,35.33273696899414,0.37216222286224365
2297.224365234375,2224.457275390625,36.60340881347656,35.82522964477539,0.3384108245372772
2227.35107421875,2154.581787109375,36.19112777709961,36.28926467895508,0.28879034519195557
2109.15966796875,2036.44873046875,36.046173095703125,36.403831481933594,0.2609448730945587
1815.707275390625,1742.98681640625,36.24472427368164,36.183719635009766,0.29198041558265686
2139.022705078125,2066.2177734375,36.59114456176758,35.843936920166016,0.36987096071243286
2078.05224609375,2005.23876953125,36.73757553100586,35.68195724487305,0.39415043592453003
2069.678466796875,1996.947998046875,36.65888595581055,35.73162841796875,0.3398149609565735
2029.8948974609375,1957.1473388671875,36.36167907714844,36.09159851074219,0.294368714094162
1988.254638671875,1915.4229736328125,35.81477737426758,36.7530632019043,0.26378893852233887
1875.656982421875,1802.8419189453125,35.58156204223633,36.93550109863281,0.2979866564273834
1959.4847412109375,1886.7069091796875,35.88864517211914,36.538658142089844,0.350472092628479
1791.244384765625,1718.36865234375,36.10285949707031,36.37449645996094,0.39825695753097534
2261.0654296875,2188.062744140625,36.069053649902344,36.51792907714844,0.41569745540618896
1996.99560546875,1924.1268310546875,36.115596771240234,36.42036056518555,0.33279985189437866
2154.16943359375,2081.514892578125,36.37906265258789,35.99745178222656,0.2778721749782562
2020.2288818359375,1947.56787109375,36.425357818603516,35.93690490722656,0.2987510859966278
1940.4703369140625,1867.6668701171875,36.187965393066406,36.31013870239258,0.3052980303764343
1790.5660400390625,1717.6485595703125,36.12263870239258,36.46479797363281,0.3299366533756256
2164.059814453125,2091.14453125,36.33720016479492,36.226844787597656,0.35125666856765747
1936.390625,1863.5467529296875,36.4798469543457,36.02879333496094,0.3352144658565521
1968.565673828125,1895.764892578125,36.48213195800781,36.02078628540039,0.297883540391922
1783.736083984375,1710.944580078125,36.42068862915039,36.09242248535156,0.2783920466899872
2002.331787109375,1929.4945068359375,36.453067779541016,36.0827522277832,0.30140140652656555
1789.886474609375,1717.0081787109375,36.506996154785156,36.03434753417969,0.3370743989944458
2067.25439453125,1994.35791015625,36.33464813232422,36.21495819091797,0.34689199924468994
1961.7227783203125,1888.853515625,36.249881744384766,36.312564849853516,0.30678123235702515
1848.060791015625,1775.2117919921875,36.43337631225586,36.135169982910156,0.28051212430000305
1842.8548583984375,1770.0164794921875,36.51286315917969,36.02865219116211,0.29690122604370117
1874.698974609375,1801.858154296875,36.33070755004883,36.187252044677734,0.3229081928730011
1821.014892578125,1748.149658203125,36.191532135009766,36.34940719604492,0.32429251074790955
1871.961181640625,1799.0367431640625,36.52197265625,36.095027923583984,0.3074833154678345
1838.6851806640625,1765.7421875,36.70864486694336,35.93224334716797,0.3020877242088318
1819.137451171875,1746.2457275390625,36.306129455566406,36.281593322753906,0.3039189279079437
1854.9368896484375,1782.0999755859375,35.95968246459961,36.572200775146484,0.3050230145454407
1747.3416748046875,1674.516357421875,36.18752670288086,36.339149475097656,0.2986879348754883
1790.9722900390625,1718.07861328125,36.65422058105469,35.935829162597656,0.30371835827827454
1761.4720458984375,1688.5001220703125,36.56113052368164,36.103607177734375,0.3071396052837372
1782.2138671875,1709.2237548828125,36.07126998901367,36.60603332519531,0.3127698004245758
1768.3936767578125,1695.50048828125,36.04536056518555,36.53073501586914,0.3169918656349182
1773.2437744140625,1700.4359130859375,36.45985412597656,36.03318786621094,0.314826101064682
1799.813232421875,1726.940673828125,36.67264175415039,35.895442962646484,0.30451592803001404
1685.879638671875,1612.8865966796875,36.366050720214844,36.32036590576172,0.3066750466823578
1848.34765625,1775.326171875,36.157230377197266,36.546932220458984,0.3174123466014862
1640.2071533203125,1567.2711181640625,36.33200454711914,36.28334045410156,0.3206943869590759
1851.5855712890625,1778.6700439453125,36.432979583740234,36.167327880859375,0.3152197301387787
1707.3236083984375,1634.4005126953125,36.29991912841797,36.32500457763672,0.29819029569625854
1774.4541015625,1701.53759765625,36.254695892333984,36.37556457519531,0.2862742245197296
1712.382080078125,1639.434814453125,36.380374908447266,36.26191711425781,0.304913729429245
1753.813232421875,1680.77392578125,36.345340728759766,36.36307907104492,0.3309365212917328
1704.8680419921875,1631.846435546875,36.14967346191406,36.55414962768555,0.317693829536438
1804.778564453125,1731.8577880859375,36.15886306762695,36.46720886230469,0.29476141929626465
1761.267822265625,1688.3648681640625,36.46597671508789,36.146297454833984,0.2908056974411011
1809.3150634765625,1736.3145751953125,36.7646598815918,35.932830810546875,0.3030318021774292
1737.755859375,1664.7303466796875,36.66474151611328,36.05414962768555,0.30651968717575073
1711.5262451171875,1638.5328369140625,36.477943420410156,36.19155502319336,0.32401785254478455
1707.7933349609375,1634.836669921875,36.51573944091797,36.103458404541016,0.33741509914398193
1636.196044921875,1563.166748046875,36.62379455566406,36.092247009277344,0.31326016783714294
1621.171875,1548.0828857421875,36.53860092163086,36.25457763671875,0.2958647310733795
1708.7640380859375,1635.7891845703125,36.61076354980469,36.06584167480469,0.2983825206756592
1600.634521484375,1527.673828125,36.5682373046875,36.00116729736328,0.39122769236564636
1691.406005859375,1618.3048095703125,36.5079345703125,36.23843002319336,0.35488200187683105
1628.803466796875,1555.62890625,36.365875244140625,36.510459899902344,0.2981582283973694
1566.741943359375,1493.649169921875,36.5446662902832,36.24470138549805,0.30329635739326477
1595.2445068359375,1522.319091796875,36.382328033447266,36.230796813964844,0.31223365664482117
1459.6763916015625,1386.6417236328125,36.37821960449219,36.282470703125,0.37405556440353394
1599.731689453125,1526.64990234375,36.12379455566406,36.645538330078125,0.31249964237213135
1369.001220703125,1295.82568359375,36.376468658447266,36.50004959106445,0.29910808801651
1531.7783203125,1458.68115234375,36.50218200683594,36.28738021850586,0.3075573146343231
1434.2347412109375,1361.1865234375,36.58644485473633,36.1371955871582,0.3245469033718109
1529.2769775390625,1456.317626953125,36.28700256347656,36.35828399658203,0.3140663504600525
1421.1292724609375,1348.0616455078125,36.186031341552734,36.57608413696289,0.3055691123008728
1555.25537109375,1482.015625,36.169334411621094,36.747684478759766,0.32274818420410156
1387.1737060546875,1313.9285888671875,36.26654815673828,36.64126205444336,0.33730027079582214
1647.0537109375,1574.08984375,36.56768798828125,36.09079360961914,0.3054333031177521
1411.6051025390625,1338.6591796875,36.760311126708984,35.87665939331055,0.30901047587394714
1810.941650390625,1737.7147216796875,36.627811431884766,36.271339416503906,0.32781118154525757
1603.7803955078125,1530.4202880859375,36.30061721801758,36.69870376586914,0.3606892228126526
1694.768798828125,1621.6968994140625,36.162532806396484,36.615718841552734,0.29365605115890503
1527.26171875,1454.307373046875,36.568599700927734,36.080448150634766,0.30530139803886414
1935.741455078125,1862.6612548828125,36.965946197509766,35.80972671508789,0.30452099442481995
1705.23486328125,1632.0390625,36.927772521972656,35.903053283691406,0.36504361033439636
1585.136474609375,1512.0391845703125,36.38301086425781,36.40134048461914,0.31283852458000183
1502.8934326171875,1429.812255859375,36.35780334472656,36.421630859375,0.3017982244491577
1880.6951904296875,1807.56591796875,36.545433044433594,36.28499984741211,0.2988739311695099
1433.096923828125,1359.9212646484375,36.5814208984375,36.27201843261719,0.32228949666023254
2269.7294921875,2196.72802734375,36.52043533325195,36.169376373291016,0.3115382492542267
2895.810546875,2822.90966796875,36.580379486083984,36.02573013305664,0.2949260175228119
1361.2120361328125,1288.3212890625,36.62545394897461,35.98849868774414,0.27673086524009705
3048.61865234375,2975.490234375,36.54530334472656,36.261104583740234,0.3220095932483673
2841.155029296875,2767.90673828125,36.42205047607422,36.37568664550781,0.45047271251678467
2733.607666015625,2660.677001953125,36.27914810180664,36.268211364746094,0.3833906054496765
2958.192138671875,2885.494873046875,36.374271392822266,36.0584831237793,0.2643287181854248
2917.889404296875,2845.097900390625,36.79608917236328,35.670387268066406,0.3250088691711426
2444.258544921875,2371.38671875,37.15758514404297,35.40565490722656,0.3085325062274933
2507.650146484375,2434.7138671875,37.161678314208984,35.48239517211914,0.29228031635284424
2274.986083984375,2201.907470703125,37.011165618896484,35.639251708984375,0.4281178414821625
2334.10107421875,2261.104248046875,36.820438385009766,35.79768371582031,0.37857362627983093
2083.103759765625,2010.1331787109375,36.474544525146484,36.175968170166016,0.32012924551963806
2535.019287109375,2461.972412109375,36.04462432861328,36.708473205566406,0.29381927847862244
2251.07080078125,2178.017578125,35.86147689819336,36.931819915771484,0.2598060071468353
2292.702880859375,2219.681884765625,35.88923645019531,36.87324523925781,0.2585590183734894
1964.8619384765625,1891.8492431640625,35.85470962524414,36.88814926147461,0.2697652578353882
1863.1424560546875,1790.10546875,35.88899612426758,36.86712646484375,0.2809044122695923
1685.5928955078125,1612.518798828125,36.185646057128906,36.571468353271484,0.31696653366088867
2372.10888671875,2299.02587890625,36.57474136352539,36.17799758911133,0.3303563892841339
2166.163818359375,2093.0947265625,36.90717315673828,35.86039352416992,0.30140385031700134
1976.3958740234375,1903.3074951171875,37.09847640991211,35.69178771972656,0.2980823814868927
1735.486083984375,1662.3851318359375,36.78504943847656,36.00269317626953,0.31323960423469543
2218.10595703125,2145.030029296875,36.15358352661133,36.60888671875,0.3134545087814331
1841.7159423828125,1768.692138671875,36.008262634277344,36.71125411987305,0.30425140261650085
1981.6943359375,1908.69921875,36.39973068237305,36.29890060424805,0.29633820056915283
1883.162353515625,1810.1187744140625,36.83299255371094,35.90946578979492,0.3011378049850464
1765.761474609375,1692.6539306640625,37.09909439086914,35.72206115722656,0.2864074409008026
1564.1927490234375,1491.053466796875,37.063232421875,35.80372619628906,0.2723345458507538
1994.6370849609375,1921.4296875,36.850101470947266,36.055397033691406,0.30185452103614807
1768.2086181640625,1694.9547119140625,36.73482894897461,36.219337463378906,0.299693763256073
1662.247802734375,1589.006591796875,36.64015197753906,36.32935333251953,0.2716946303844452
1490.5003662109375,1417.329345703125,36.353050231933594,36.54222869873047,0.27572348713874817
1950.6832275390625,1877.560546875,36.148353576660156,36.677555084228516,0.2967940866947174
1728.6771240234375,1655.5479736328125,36.334903717041016,36.49748611450195,0.29678621888160706
1689.190185546875,1616.0069580078125,36.83024215698242,36.073577880859375,0.2794492244720459
1576.16357421875,1502.952392578125,37.137088775634766,35.79025650024414,0.28387153148651123
1783.010986328125,1709.8104248046875,36.981204986572266,35.898536682128906,0.32078030705451965
1566.453857421875,1493.29296875,36.55841827392578,36.29951858520508,0.30287161469459534
1847.0936279296875,1773.89990234375,36.22652816772461,36.68783187866211,0.2793078124523163
1632.1856689453125,1558.9171142578125,36.37907409667969,36.61595916748047,0.273550808429718
1662.6292724609375,1589.3074951171875,36.773433685302734,36.27314758300781,0.275098592042923
1472.7216796875,1399.4073486328125,36.6845703125,36.312808990478516,0.3168789744377136
1738.05859375,1664.83203125,36.27510070800781,36.656219482421875,0.29520347714424133
1552.1400146484375,1478.923095703125,36.207618713378906,36.72779083251953,0.2815011143684387
1669.9891357421875,1596.7022705078125,36.46588134765625,36.52659225463867,0.29426419734954834
1544.3544921875,1471.057861328125,36.60073471069336,36.40242004394531,0.29351741075515747
1611.6220703125,1538.3406982421875,36.47732925415039,36.49282455444336,0.31128960847854614
1383.82421875,1310.54296875,36.23762512207031,36.724761962890625,0.31889650225639343
1821.7882080078125,1748.492919921875,36.13378143310547,36.87029266357422,0.2913082540035248
1573.7261962890625,1500.4100341796875,36.2264404296875,36.8039665222168,0.28579723834991455
1591.419189453125,1518.0921630859375,36.37979507446289,36.670291900634766,0.27703356742858887
1417.500732421875,1344.17333984375,36.37684631347656,36.66644287109375,0.2841733694076538
1682.721923828125,1609.3829345703125,36.367469787597656,36.643470764160156,0.32816168665885925
1497.9595947265625,1424.6602783203125,36.462886810302734,36.53103256225586,0.3054714500904083
1621.3941650390625,1548.088623046875,36.52092361450195,36.50493621826172,0.27979716658592224
1552.5418701171875,1479.2127685546875,36.46346664428711,36.58747863769531,0.278110146522522
1454.894775390625,1381.5638427734375,36.44997787475586,36.587215423583984,0.2938500642776489
1335.0960693359375,1261.7315673828125,36.59568405151367,36.47099304199219,0.2978464365005493
1701.9525146484375,1628.5401611328125,36.700164794921875,36.43519592285156,0.2770170271396637
1542.78662109375,1469.3739013671875,36.660030364990234,36.47590637207031,0.27668318152427673
1471.4560546875,1398.0965576171875,36.584991455078125,36.48052978515625,0.29389920830726624
1345.5322265625,1272.161865234375,36.616920471191406,36.43051528930664,0.3228633999824524
1588.051025390625,1514.6507568359375,36.69083023071289,36.4214973449707,0.2879491150379181
1390.4599609375,1317.03271484375,36.72073745727539,36.429683685302734,0.2768641710281372
1550.8216552734375,1477.3902587890625,36.706092834472656,36.4338493347168,0.2914942502975464
1423.659423828125,1350.2149658203125,36.629207611083984,36.50218200683594,0.31311774253845215
1428.4849853515625,1355.03857421875,36.537261962890625,36.60783386230469,0.301387220621109
1279.9666748046875,1206.5333251953125,36.57431411743164,36.57463836669922,0.28439491987228394
1594.75,1521.3096923828125,36.71072769165039,36.435176849365234,0.29440826177597046
1421.97607421875,1348.533935546875,36.685546875,36.459720611572266,0.2968463897705078
1445.8548583984375,1372.4031982421875,36.50521469116211,36.66044998168945,0.28601548075675964
1301.3055419921875,1227.8365478515625,36.4362678527832,36.748878479003906,0.2838323414325714
1535.638427734375,1462.1551513671875,36.58052062988281,36.60685729980469,0.29595866799354553
1341.65966796875,1268.1915283203125,36.67524719238281,36.49801254272461,0.2947643995285034
1511.279541015625,1437.803466796875,36.58503723144531,36.6048583984375,0.2861441969871521
1379.4903564453125,1305.984130859375,36.44593811035156,36.76958084106445,0.2908147871494293
1410.551025390625,1337.037353515625,36.46989440917969,36.738319396972656,0.30558332800865173
1281.7198486328125,1208.2515869140625,36.658817291259766,36.51948165893555,0.28987762331962585
1510.246826171875,1436.7628173828125,36.7093391418457,36.49287414550781,0.2817370593547821
1373.629638671875,1300.09375,36.5599365234375,36.686519622802734,0.28945860266685486
1404.28466796875,1330.70849609375,36.50401306152344,36.75200271606445,0.3202430307865143
1280.6456298828125,1207.1165771484375,36.70852279663086,36.525028228759766,0.29554352164268494
1468.4788818359375,1394.9532470703125,36.79898452758789,36.44291687011719,0.28383371233940125
1304.0206298828125,1230.47900390625,36.62045669555664,36.63642883300781,0.2846546769142151
1444.1224365234375,1370.53076171875,36.52033996582031,36.73834991455078,0.33293673396110535
1299.8863525390625,1226.3096923828125,36.682308197021484,36.57544708251953,0.3189730644226074
1400.6800537109375,1327.1239013671875,36.79312515258789,36.48064422607422,0.2824549674987793
1252.7119140625,1179.15576171875,36.68083572387695,36.5901985168457,0.28520214557647705
1432.381591796875,1358.7869873046875,36.602237701416016,36.67125701904297,0.3210446834564209
1289.388671875,1215.7509765625,36.648231506347656,36.65010452270508,0.33936426043510437
1376.092041015625,1302.4898681640625,36.682132720947266,36.63652801513672,0.28350967168807983
1248.658935546875,1175.08251953125,36.67745590209961,36.61124801635742,0.2877568006515503
1410.9412841796875,1337.344970703125,36.684814453125,36.59943771362305,0.3119956851005554
1280.29296875,1206.6207275390625,36.63235092163086,36.69540786743164,0.3445224463939667
1383.57080078125,1309.93212890625,36.58437728881836,36.766029357910156,0.2883308529853821
1271.288818359375,1197.6961669921875,36.67485427856445,36.62896728515625,0.28878265619277954
1381.17822265625,1307.58154296875,36.77186584472656,36.519893646240234,0.3049881160259247
1268.501708984375,1194.820556640625,36.67290115356445,36.67283248901367,0.33550170063972473
1377.859619140625,1304.1962890625,36.571903228759766,36.79897689819336,0.2924964129924774
1269.9619140625,1196.3492431640625,36.674137115478516,36.65092849731445,0.2876349091529846
1366.709716796875,1293.0888671875,36.78537368774414,36.530433654785156,0.30507877469062805
1266.3671875,1192.678955078125,36.69612121582031,36.671775817871094,0.32030805945396423
1353.9100341796875,1280.23193359375,36.6180419921875,36.7683219909668,0.29174816608428955
1262.6693115234375,1189.0313720703125,36.69959259033203,36.65121078491211,0.28711792826652527
1345.551513671875,1271.8988037109375,36.76652908325195,36.58072280883789,0.30549877882003784
1268.30712890625,1194.6146240234375,36.70285415649414,36.67971420288086,0.3099650740623474
1323.2991943359375,1249.622314453125,36.669029235839844,36.71609878540039,0.291703462600708
1261.690673828125,1188.024658203125,36.714881896972656,36.659385681152344,0.2916945219039917
1315.033203125,1241.3309326171875,36.73476791381836,36.65638732910156,0.3111523389816284
1267.5299072265625,1193.8134765625,36.70711135864258,36.70419692993164,0.3050507605075836
1297.2138671875,1223.53173828125,36.708614349365234,36.68239974975586,0.29109999537467957
1256.431640625,1182.7420654296875,36.71845245361328,36.67618179321289,0.29495489597320557
1304.613037109375,1230.8690185546875,36.71505355834961,36.70996856689453,0.3189220428466797
1273.9775390625,1200.24072265625,36.72098159790039,36.71066665649414,0.3051300346851349
1280.8760986328125,1207.18798828125,36.7259407043457,36.671077728271484,0.29117774963378906
1243.273681640625,1169.5684814453125,36.7020263671875,36.70750427246094,0.29560554027557373
1327.3067626953125,1253.5352783203125,36.7065544128418,36.740234375,0.32464835047721863
1288.84814453125,1215.09619140625,36.74198532104492,36.70098114013672,0.30913931131362915
1281.3277587890625,1207.636474609375,36.73422622680664,36.665489196777344,0.29145577549934387
1228.7447509765625,1155.0364990234375,36.69609069824219,36.717369079589844,0.2947861850261688
1369.556396484375,1295.779052734375,36.73666763305664,36.717586517333984,0.32314661145210266
1298.2841796875,1224.52783203125,36.79350662231445,36.64995574951172,0.3130375146865845
1308.0030517578125,1234.3160400390625,36.76313781738281,36.631744384765625,0.29206982254981995
1229.5966796875,1155.8973388671875,36.71895980834961,36.686302185058594,0.2940618693828583
1395.5107421875,1321.7467041015625,36.78628158569336,36.66304016113281,0.3147270679473877
1291.484375,1217.73876953125,36.841617584228516,36.5914421081543,0.31252995133399963
1346.2327880859375,1272.5579833984375,36.77995300292969,36.5992431640625,0.2956032156944275
1249.74072265625,1176.05615234375,36.73173904418945,36.65766906738281,0.2951611876487732
1390.98291015625,1317.23291015625,36.815162658691406,36.62669372558594,0.3080656826496124
1278.303955078125,1204.5743408203125,36.856040954589844,36.56553268432617,0.307965487241745
1375.418701171875,1301.7618408203125,36.75786209106445,36.59865188598633,0.30045267939567566
1280.8447265625,1207.1778564453125,36.703006744384766,36.66457748413086,0.29936739802360535
1369.3626708984375,1295.6258544921875,36.80162048339844,36.6296272277832,0.3055686950683594
1277.4560546875,1203.742431640625,36.83584976196289,36.57509231567383,0.302776038646698
1380.3580322265625,1306.725341796875,36.712554931640625,36.619258880615234,0.30084341764450073
1306.6669921875,1233.0194091796875,36.648868560791016,36.693260192871094,0.3054346442222595
1352.3883056640625,1278.6671142578125,36.75452423095703,36.65802001953125,0.3087146580219269
1297.921630859375,1224.225341796875,36.79990768432617,36.596012115478516,0.300302654504776
1360.668212890625,1287.063232421875,36.68985366821289,36.61779022216797,0.2973076105117798
1316.3118896484375,1242.686767578125,36.62508773803711,36.69233703613281,0.3075781762599945
1355.137451171875,1281.43408203125,36.71525573730469,36.67086410522461,0.3172219395637512
1332.2291259765625,1258.5577392578125,36.7696647644043,36.60139465332031,0.30033451318740845
1339.38671875,1265.8135986328125,36.69794464111328,36.58000183105469,0.29518014192581177
1326.9029541015625,1253.31005859375,36.642066955566406,36.64635467529297,0.30442750453948975
1361.08740234375,1287.4112548828125,36.705814361572266,36.64569091796875,0.3246667683124542
1364.18212890625,1290.5423583984375,36.75368881225586,36.5834846496582,0.302573561668396
1337.72216796875,1264.1912841796875,36.70168685913086,36.5347785949707,0.2944134473800659
1368.9151611328125,1295.369140625,36.65861511230469,36.587894439697266,0.29953479766845703
1345.228515625,1271.600830078125,36.722347259521484,36.58514404296875,0.3203584849834442
1396.651611328125,1323.046630859375,36.76424789428711,36.53599548339844,0.3046836853027344
1355.26611328125,1281.7899169921875,36.69108963012695,36.489952087402344,0.29519569873809814
1437.6318359375,1364.1492919921875,36.63994216918945,36.54425048828125,0.2983609735965729
1332.3568115234375,1258.796630859375,36.71453094482422,36.53681945800781,0.308883935213089
1436.314453125,1362.7481689453125,36.7775993347168,36.48673629760742,0.30203884840011597
1378.57470703125,1305.1534423828125,36.704586029052734,36.41656494140625,0.3000735938549042
1455.9022216796875,1382.4942626953125,36.61663055419922,36.48894500732422,0.3024349510669708
1394.1405029296875,1320.648681640625,36.62644958496094,36.564395904541016,0.30085068941116333
1482.72705078125,1409.2044677734375,36.708091735839844,36.519561767578125,0.29495537281036377
1394.1314697265625,1320.7640380859375,36.724971771240234,36.34109115600586,0.3013894855976105
1399.2799072265625,1325.952392578125,36.62912368774414,36.39130401611328,0.3070085346698761
1534.65771484375,1461.2235107421875,36.539493560791016,36.59495544433594,0.29969242215156555
1580.20458984375,1506.72314453125,36.570003509521484,36.61985778808594,0.29164862632751465
1365.60693359375,1292.3072509765625,36.608280181884766,36.39560317993164,0.2957189083099365
1359.0574951171875,1285.8211669921875,36.60439682006836,36.325443267822266,0.30649998784065247
1581.10302734375,1507.7244873046875,36.62192153930664,36.452640533447266,0.3039639890193939
1643.461669921875,1569.9788818359375,36.57414245605469,36.60279846191406,0.305907279253006
1348.5546875,1275.29931640625,36.369117736816406,36.5933837890625,0.2928868532180786
1426.001953125,1352.865234375,36.38714599609375,36.44660568237305,0.30281633138656616
1416.8841552734375,1343.624755859375,36.63862609863281,36.3119010925293,0.30888044834136963
1525.1319580078125,1451.6505126953125,36.7729606628418,36.381046295166016,0.32739636301994324
1385.9744873046875,1312.6942138671875,36.51610565185547,36.4598388671875,0.30432891845703125
1490.559326171875,1417.464111328125,36.24303436279297,36.561649322509766,0.29053762555122375
1309.4100341796875,1236.2860107421875,36.1676139831543,36.66032409667969,0.29613298177719116
1477.2413330078125,1403.8370361328125,36.56123352050781,36.51682662963867,0.3261456787586212
1323.7255859375,1250.4129638671875,36.91792678833008,36.08372497558594,0.31091979146003723
1370.837890625,1297.66748046875,36.716548919677734,36.156124114990234,0.29778310656547546
1362.1796875,1289.00341796875,36.22697448730469,36.64501953125,0.3043052852153778
1350.7027587890625,1277.36083984375,36.259944915771484,36.77720642089844,0.30485236644744873
1515.30517578125,1442.029541015625,36.51810073852539,36.43813705444336,0.3194882571697235
1450.2421875,1377.06298828125,36.618309020996094,36.22830581665039,0.33260080218315125
1340.4586181640625,1267.2720947265625,36.67097091674805,36.16227340698242,0.35332244634628296
1342.8057861328125,1269.4671630859375,36.63467025756836,36.353477478027344,0.35045599937438965
1444.2254638671875,1370.911865234375,36.21743392944336,36.7895393371582,0.3066650629043579
1429.69677734375,1356.373291015625,36.06550598144531,36.863834381103516,0.3940597474575043
1435.801513671875,1362.5955810546875,36.35252380371094,36.50109100341797,0.3523119390010834
1440.5927734375,1367.2021484375,36.5777587890625,36.2738037109375,0.5390707850456238
1452.4820556640625,1379.3662109375,36.62424087524414,36.20941925048828,0.2821098864078522
1288.8463134765625,1215.4581298828125,36.80614471435547,36.12034606933594,0.46170368790626526
1448.47509765625,1375.00634765625,36.727508544921875,36.359493255615234,0.38174858689308167
1218.6163330078125,1145.070068359375,36.31596755981445,36.750946044921875,0.4794011414051056
1454.3812255859375,1381.1881103515625,36.07935333251953,36.71507263183594,0.39871588349342346
1276.7353515625,1203.73583984375,36.41773986816406,36.30562210083008,0.27610471844673157
1434.207275390625,1360.8907470703125,37.05290222167969,35.9221076965332,0.34155306220054626
1320.837158203125,1247.30810546875,37.24916076660156,35.89952087402344,0.38036879897117615
1263.860107421875,1190.49169921875,36.906944274902344,36.14585876464844,0.3156004250049591
1181.44921875,1108.3001708984375,36.43307113647461,36.44158935546875,0.27438977360725403
1254.81640625,1181.634521484375,36.20448303222656,36.691165924072266,0.28627726435661316
1028.140869140625,954.6642456054688,36.58415603637695,36.495487213134766,0.3969907760620117
1550.2108154296875,1476.7530517578125,37.19813537597656,35.940128326416016,0.3195168972015381
1383.87744140625,1310.5838623046875,37.288150787353516,35.71061706542969,0.2948020100593567
1156.2757568359375,1083.1463623046875,36.836002349853516,35.994747161865234,0.2985823452472687
1112.8175048828125,1039.545654296875,36.54228973388672,36.409786224365234,0.31984856724739075
1183.00732421875,1109.5050048828125,36.71677780151367,36.446834564208984,0.3387438952922821
1017.3630981445312,943.802978515625,36.91282653808594,36.351131439208984,0.2961219251155853
1449.72998046875,1376.4232177734375,36.86225891113281,36.1186408996582,0.32585206627845764
1458.200439453125,1385.1156005859375,36.651405334472656,36.15329360961914,0.28012749552726746
982.083251953125,908.9210815429688,36.594722747802734,36.24750900268555,0.31995418667793274
992.836669921875,919.2744140625,37.06005096435547,36.202178955078125,0.3000345826148987
1377.7132568359375,1303.8262939453125,37.12310791015625,36.264644622802734,0.49911871552467346
1262.463623046875,1188.6639404296875,37.16383361816406,36.10519790649414,0.5305922627449036
988.7801513671875,915.4364624023438,36.86190414428711,36.195823669433594,0.28600218892097473
1269.8572998046875,1196.587890625,36.623924255371094,36.350242614746094,0.29523470997810364
834.364501953125,761.0790405273438,36.6285514831543,36.36137390136719,0.2955329418182373
1792.418701171875,1718.819091796875,36.5876579284668,36.654991149902344,0.3569280803203583
1449.5919189453125,1375.9393310546875,36.91276550292969,36.417236328125,0.32266852259635925
2310.212890625,2236.212646484375,37.42640686035156,35.82632064819336,0.7473544478416443
2727.876220703125,2653.900634765625,37.46841049194336,35.69183349609375,0.8151914477348328
1848.677978515625,1775.4071044921875,37.19764709472656,35.74484634399414,0.3283294439315796
1392.0999755859375,1319.012451171875,37.11931228637695,35.656978607177734,0.3112182915210724
1845.7459716796875,1772.399169921875,36.817447662353516,36.091739654541016,0.437537282705307
1227.43798828125,1153.8292236328125,36.33083724975586,36.957881927490234,0.3200375735759735
1851.8101806640625,1777.9464111328125,36.11723709106445,37.4260368347168,0.3205588161945343
1565.6295166015625,1491.99853515625,36.268890380859375,37.04159927368164,0.32041189074516296
1972.08642578125,1898.9659423828125,37.044593811035156,35.72358322143555,0.35225075483322144
2253.691162109375,2180.802734375,37.800289154052734,34.73220443725586,0.35599449276924133
1921.9952392578125,1848.9874267578125,38.146060943603516,34.565425872802734,0.296205073595047
1588.5157470703125,1514.9644775390625,37.7812614440918,35.39090347290039,0.3791327476501465
1754.126220703125,1680.2628173828125,37.12991714477539,36.35576248168945,0.3778260350227356
1469.946533203125,1396.2213134765625,37.0745735168457,36.27190017700195,0.3787275552749634
1441.409912109375,1367.9110107421875,37.519405364990234,35.5494384765625,0.43009671568870544
1310.6668701171875,1237.281982421875,37.81754684448242,35.13365173339844,0.43374359607696533
1332.688232421875,1259.1259765625,37.62398910522461,35.413394927978516,0.5248000621795654
1104.4676513671875,1031.0311279296875,37.14439392089844,36.02138137817383,0.2707369923591614
1236.6778564453125,1163.06103515625,36.51033401489258,36.72039794921875,0.38604822754859924
933.93896484375,860.4509887695312,35.884483337402344,37.31013488769531,0.29337459802627563
1529.84716796875,1456.10546875,35.559898376464844,37.634544372558594,0.5472010970115662
1289.8377685546875,1216.241943359375,35.63276672363281,37.60562515258789,0.35743728280067444
1509.688232421875,1436.167236328125,36.032798767089844,37.215084075927734,0.2731211483478546
1844.478759765625,1771.031982421875,36.43486022949219,36.741878509521484,0.27015018463134766
1070.8856201171875,997.5404663085938,36.81083679199219,36.26353073120117,0.2706977128982544
1408.2818603515625,1334.843017578125,36.74488830566406,36.41361618041992,0.2804323434829712
1098.0233154296875,1024.4737548828125,36.32717514038086,36.91560363769531,0.30670687556266785
1185.840576171875,1112.2794189453125,36.284996032714844,36.94871520996094,0.3274051249027252
1013.9375,940.3402709960938,36.64028549194336,36.665672302246094,0.291334867477417
1116.5223388671875,1042.9210205078125,36.81193161010742,36.52383804321289,0.26561734080314636
850.3165893554688,776.8136596679688,36.76964569091797,36.45341873168945,0.27984026074409485
1118.1617431640625,1044.6322021484375,36.51522445678711,36.67311096191406,0.34115898609161377
840.2763671875,766.7518920898438,36.54566955566406,36.6485481262207,0.3302629888057709
1434.2861328125,1360.705322265625,36.502464294433594,36.777870178222656,0.3005058169364929
1044.112548828125,970.5468139648438,36.457035064697266,36.830299377441406,0.2784426212310791
1849.578369140625,1776.0408935546875,36.39816665649414,36.8568000793457,0.2825014591217041
2282.9541015625,2209.382080078125,36.4453239440918,36.79465866088867,0.3321007788181305
1391.6094970703125,1318.165771484375,36.71976089477539,36.42546463012695,0.29861676692962646
1485.6336669921875,1412.30224609375,37.12928771972656,35.92101287841797,0.2811090648174286
1549.0699462890625,1475.69970703125,37.358882904052734,35.72074890136719,0.2906971275806427
1224.6905517578125,1151.160400390625,37.409767150878906,35.81363296508789,0.30682238936424255
1346.1810302734375,1272.510498046875,37.40093994140625,35.95039367675781,0.3192726969718933
1194.1429443359375,1120.5264892578125,37.35075378417969,36.00065612792969,0.26519453525543213
1260.3544921875,1186.7618408203125,37.22353744506836,36.08833312988281,0.2808053195476532
964.2703247070312,890.7435302734375,36.80360794067383,36.395816802978516,0.3273988664150238
1359.239990234375,1285.7598876953125,36.34507751464844,36.86054992675781,0.274422824382782
1090.396240234375,1016.8093872070312,36.375789642333984,36.947566986083984,0.26359081268310547
1649.862548828125,1576.1488037109375,36.904964447021484,36.44858169555664,0.36028093099594116
1933.4725341796875,1859.7811279296875,37.07135009765625,36.23506546020508,0.3848526179790497
1290.6114501953125,1217.10791015625,36.932315826416016,36.291725158691406,0.2793891727924347
1552.066650390625,1478.6053466796875,36.81024169921875,36.3953857421875,0.2556891143321991
1247.2747802734375,1173.8555908203125,36.58993911743164,36.58384323120117,0.245387464761734
1382.34423828125,1308.9224853515625,36.290584564208984,36.86845779418945,0.26287582516670227
1165.8443603515625,1092.313720703125,36.355125427246094,36.899654388427734,0.275924414396286
1327.623779296875,1253.9005126953125,36.87115478515625,36.55006408691406,0.30204442143440247
1370.4637451171875,1296.6978759765625,37.158653259277344,36.30339050292969,0.3038504123687744
1223.828369140625,1150.2606201171875,36.725772857666016,36.56486892700195,0.27710679173469543
1443.2701416015625,1369.7960205078125,36.21416091918945,36.978084564208984,0.2819768190383911
935.59423828125,862.0053100585938,36.226314544677734,37.05653381347656,0.3061002790927887
1580.485595703125,1506.82666015625,36.73802185058594,36.64102554321289,0.2799549400806427
1134.5618896484375,1060.901123046875,37.04728698730469,36.33450698852539,0.2790285050868988
1772.0516357421875,1698.4366455078125,36.97849655151367,36.35685729980469,0.2796718180179596
2108.881591796875,2035.3046875,36.92332458496094,36.381534576416016,0.2719956040382385
1457.7928466796875,1384.2767333984375,36.867156982421875,36.395973205566406,0.2528802156448364
1279.8443603515625,1206.345703125,36.84538650512695,36.40163803100586,0.2517363727092743
1562.90771484375,1489.2684326171875,37.079402923583984,36.26182556152344,0.29811662435531616
1122.7127685546875,1048.990478515625,37.26228713989258,36.14167404174805,0.31820419430732727
1610.87939453125,1537.256591796875,36.86136245727539,36.44761657714844,0.3138164281845093
1491.9005126953125,1418.3504638671875,36.518611907958984,36.713348388671875,0.3181127607822418
1526.321044921875,1452.8165283203125,36.546058654785156,36.69734573364258,0.2610585689544678
1458.773193359375,1385.2000732421875,36.95492935180664,36.364959716796875,0.2532087564468384
1306.4993896484375,1232.82958984375,37.575138092041016,35.83345031738281,0.26107853651046753
1197.8798828125,1124.135498046875,37.69255828857422,35.752037048339844,0.2998332679271698
1281.8740234375,1208.12841796875,37.0200309753418,36.37565231323242,0.34991908073425293
1083.426025390625,1009.7988891601562,36.3848991394043,36.92730712890625,0.3149133026599884
1228.718017578125,1155.1761474609375,36.34129333496094,36.92536544799805,0.27508994936943054
1123.38037109375,1049.7667236328125,36.51245880126953,36.830039978027344,0.27106010913848877
1265.487548828125,1191.6939697265625,36.54050827026367,36.980831146240234,0.27226150035858154
1173.40673828125,1099.5804443359375,36.51335525512695,37.04762268066406,0.2654259502887726
1200.62060546875,1126.98046875,36.5373649597168,36.81898498535156,0.2838744521141052
1163.62353515625,1090.1136474609375,36.691062927246094,36.51003646850586,0.3088218569755554
1132.7322998046875,1059.1551513671875,36.94956970214844,36.32065200805664,0.3069310486316681
1050.0245361328125,976.291259765625,37.01045608520508,36.45720672607422,0.2655826807022095
1082.5323486328125,1008.7202758789062,36.66733169555664,36.87932205200195,0.26553094387054443
955.364501953125,881.62109375,36.396305084228516,37.057308197021484,0.2897956073284149
1103.677001953125,1029.970458984375,36.50425720214844,36.89154815673828,0.3107014298439026
929.277099609375,855.5392456054688,36.688499450683594,36.76154708862305,0.2878211438655853
1160.4498291015625,1086.6610107421875,36.70100402832031,36.807212829589844,0.2805764079093933
988.84375,915.0908813476562,36.66453170776367,36.79636001586914,0.2919430732727051
1083.5465087890625,1009.8397827148438,36.72612380981445,36.68972396850586,0.2908932864665985
979.2454223632812,905.4972534179688,36.912391662597656,36.55696105957031,0.27882063388824463
1034.7423095703125,960.9237670898438,37.02186584472656,36.521480560302734,0.27524515986442566
922.008544921875,848.2140502929688,36.84501266479492,36.66917037963867,0.2803037166595459
1095.439697265625,1021.650390625,36.60115051269531,36.849205017089844,0.3388383984565735
929.917236328125,856.1203002929688,36.625423431396484,36.840457916259766,0.33104559779167175
1107.332275390625,1033.505859375,36.796051025390625,36.753414154052734,0.27699315547943115
983.1981201171875,909.3595581054688,36.8624267578125,36.69960021972656,0.2765679657459259
1027.0401611328125,953.2579956054688,36.817787170410156,36.681785583496094,0.2826097905635834
931.298828125,857.5391235351562,36.75209426879883,36.709346771240234,0.298258900642395
1050.8524169921875,977.0550537109375,36.710567474365234,36.79811096191406,0.28870224952697754
965.9981079101562,892.1396484375,36.82185363769531,36.74953842163086,0.2871083915233612
1053.6026611328125,979.7298583984375,36.97035598754883,36.60112380981445,0.30138665437698364
1008.1097412109375,934.2638549804688,36.931121826171875,36.607627868652344,0.30717185139656067
965.1511840820312,891.3636474609375,36.76510238647461,36.7439079284668,0.2785389721393585
902.3828735351562,828.5765380859375,36.75101852416992,36.77409744262695,0.28119707107543945
982.9766845703125,909.1282958984375,36.82510757446289,36.73606872558594,0.28714677691459656
846.7071533203125,772.8031616210938,36.814762115478516,36.77388000488281,0.3153545558452606
1011.0643920898438,937.1463012695312,36.7200927734375,36.881866455078125,0.3160991668701172
872.7454833984375,798.8530883789062,36.66690444946289,36.93643569946289,0.2889794111251831
941.38818359375,867.4910278320312,36.6522216796875,36.954254150390625,0.29062244296073914
816.7779541015625,742.895263671875,36.711490631103516,36.884666442871094,0.2865867018699646
975.0576171875,901.1703491210938,36.77469253540039,36.80111312866211,0.3114490211009979
842.46435546875,768.5718994140625,36.77707290649414,36.78971481323242,0.3256034255027771
969.837158203125,895.9249877929688,36.711856842041016,36.904788970947266,0.2955193817615509
868.2431640625,794.271484375,36.717769622802734,36.95280075073242,0.30106276273727417
935.7081909179688,861.7583618164062,36.82127380371094,36.839263916015625,0.2892289459705353
803.7689819335938,729.8333129882812,36.913414001464844,36.67901611328125,0.34328123927116394
1029.22021484375,955.3107299804688,36.86097717285156,36.729759216308594,0.31875675916671753
877.21435546875,803.2703247070312,36.76992416381836,36.87443542480469,0.2997042238712311
966.6067504882812,892.6275634765625,36.78074645996094,36.89918518066406,0.2992352843284607
837.314453125,763.369873046875,36.938961029052734,36.68881607055664,0.3167990446090698
985.0285034179688,911.0845336914062,37.04273986816406,36.549983978271484,0.3512625992298126
859.3367919921875,785.4103393554688,36.98974609375,36.63933181762695,0.2973399758338928
983.2627563476562,909.2882690429688,36.906246185302734,36.7703857421875,0.29786232113838196
909.5192260742188,835.5638427734375,36.941410064697266,36.719200134277344,0.29482871294021606
911.8832397460938,837.9275512695312,36.97333526611328,36.6663703918457,0.31598004698753357
835.4821166992188,761.5119018554688,36.9069709777832,36.75960159301758,0.30365753173828125
993.3579711914062,919.381591796875,36.85435485839844,36.824214935302734,0.2978112995624542
887.2527465820312,813.2996215820312,36.90460205078125,36.74699783325195,0.3015349805355072
946.59423828125,872.6358032226562,36.907039642333984,36.74794006347656,0.3034471571445465
839.3367919921875,765.3388061523438,36.802520751953125,36.896968841552734,0.2984353005886078
964.7333984375,890.7122802734375,36.72262954711914,36.99301528930664,0.30543282628059387
839.0142211914062,765.021728515625,36.792171478271484,36.880558013916016,0.3197815716266632
959.2568969726562,885.2944946289062,36.866310119628906,36.792381286621094,0.3036907911300659
861.8651123046875,787.863525390625,36.860782623291016,36.83965301513672,0.3011346757411957
919.409423828125,845.3666381835938,36.78731918334961,36.95686340332031,0.2986712157726288
826.073486328125,752.015869140625,36.728515625,36.988975524902344,0.34016910195350647
960.4840698242188,886.48828125,36.75338363647461,36.92146301269531,0.32100096344947815
845.9227905273438,771.9408569335938,36.88883972167969,36.79069137573242,0.3023976981639862
962.3236694335938,888.2948608398438,36.93840026855469,36.79447937011719,0.2958906888961792
840.654052734375,766.5849609375,36.80501937866211,36.9373893737793,0.32672208547592163
958.3110961914062,884.259765625,36.70658874511719,37.01356887817383,0.3311596214771271
823.049560546875,749.0443725585938,36.87548828125,36.824119567871094,0.3056126832962036
971.0797119140625,897.0618896484375,37.0615234375,36.656368255615234,0.29991400241851807
854.4500732421875,780.4114990234375,37.02103042602539,36.7010383605957,0.31644177436828613
925.9205932617188,851.8595581054688,36.86119842529297,36.87024688720703,0.32957592606544495
837.2446899414062,763.1957397460938,36.84738540649414,36.893653869628906,0.3078729808330536
943.473388671875,869.4201049804688,36.947669982910156,36.7994270324707,0.30615827441215515
856.945068359375,782.9100952148438,37.04525375366211,36.67443084716797,0.3153272867202759
943.909912109375,869.8661499023438,37.024898529052734,36.68780517578125,0.331056147813797
853.3277587890625,779.2726440429688,36.90835189819336,36.83962631225586,0.3071911334991455
953.7103881835938,879.6090087890625,36.82112503051758,36.96906661987305,0.3112395703792572
863.0543212890625,788.982666015625,36.90513610839844,36.8504524230957,0.31604644656181335
934.33251953125,860.2974853515625,37.00420379638672,36.696083068847656,0.33470419049263
861.626220703125,787.6082153320312,36.97523498535156,36.73588562011719,0.3068813681602478
916.9842529296875,842.8905639648438,36.888816833496094,36.89617156982422,0.30872178077697754
863.6692504882812,789.548828125,36.843997955322266,36.95829772949219,0.31809642910957336
905.0833740234375,830.994873046875,36.80526351928711,36.94508361816406,0.3382185697555542
858.2042846679688,784.1820678710938,36.87443161010742,36.83837890625,0.30936145782470703
898.1473388671875,824.098388671875,37.01651382446289,36.7281608581543,0.3042542636394501
836.693603515625,762.5953369140625,36.9763069152832,36.808528900146484,0.3133937120437622
904.3735961914062,830.239990234375,36.74150848388672,37.04829788208008,0.343788206577301
824.5326538085938,750.4517211914062,36.711204528808594,37.051429748535156,0.318325012922287
896.0267333984375,821.9624633789062,36.92721939086914,36.826324462890625,0.31067416071891785
818.0005493164062,743.9342041015625,37.05418014526367,36.70372009277344,0.308439165353775
885.1637573242188,811.039794921875,36.928524017333984,36.84840393066406,0.3470340967178345
803.1846923828125,729.0643920898438,36.7684440612793,37.027732849121094,0.32418107986450195
896.9017944335938,822.7728271484375,36.76679992675781,37.039485931396484,0.32271984219551086
811.94970703125,737.866455078125,36.960723876953125,36.811363220214844,0.3112483620643616
895.8817749023438,821.7788696289062,37.096378326416016,36.65180969238281,0.35476154088974
809.3719482421875,735.2520751953125,36.977725982666016,36.804508209228516,0.3376752436161041
888.5008544921875,814.336181640625,36.787254333496094,37.05288314819336,0.32457390427589417
800.7449340820312,726.6070556640625,36.84725570678711,36.9671745300293,0.32350608706474304
898.6221923828125,824.5146484375,36.99629211425781,36.76029968261719,0.35093456506729126
830.2394409179688,756.1182250976562,37.039493560791016,36.72010040283203,0.3616170287132263
855.4916381835938,781.359375,37.016239166259766,36.803253173828125,0.3127857446670532
796.2721557617188,722.1137084960938,36.9541130065918,36.878273010253906,0.3260784447193146
883.4988403320312,809.363525390625,36.81228256225586,36.98719024658203,0.3358781635761261
808.8900146484375,734.7573852539062,36.86076354980469,36.91061782836914,0.36119726300239563
872.64404296875,798.5466918945312,37.095516204833984,36.689884185791016,0.3119751811027527
801.6954956054688,727.5743408203125,37.10398864746094,36.70240783691406,0.3147714138031006
856.7881469726562,782.6383056640625,36.807403564453125,37.01437759399414,0.32805222272872925
767.0913696289062,692.9358520507812,36.74076843261719,37.068565368652344,0.34616419672966003
887.1655883789062,813.0537109375,36.975669860839844,36.818660736083984,0.3175399899482727
805.9755249023438,731.8787231445312,37.09779357910156,36.68537139892578,0.3136598765850067
839.9337768554688,765.807861328125,36.94606018066406,36.85252380371094,0.32731354236602783
768.0950927734375,693.927490234375,36.80964660644531,37.01522445678711,0.342759907245636
866.2125244140625,792.0560913085938,36.8253288269043,37.00877380371094,0.32234930992126465
781.5232543945312,707.4046630859375,36.94258117675781,36.85348892211914,0.3225048780441284
868.5537109375,794.4437866210938,37.00150680541992,36.77475357055664,0.3336465060710907
802.8865356445312,728.7210693359375,36.94075393676758,36.873294830322266,0.35143089294433594
832.5770263671875,758.4013061523438,36.84599685668945,37.008270263671875,0.3214341402053833
757.5045166015625,683.3661499023438,36.88323974609375,36.92532730102539,0.32978686690330505
882.2996826171875,808.1962890625,36.94988250732422,36.81764221191406,0.335877388715744
813.6871948242188,739.5220947265625,36.94590759277344,36.85934829711914,0.35978618264198303
821.0388793945312,746.861572265625,36.941993713378906,36.91426086425781,0.3210373520851135
761.192626953125,687.0540771484375,36.97563171386719,36.835670471191406,0.327210396528244
848.919189453125,774.8253784179688,36.9204216003418,36.842323303222656,0.3310377597808838
775.3799438476562,701.2229614257812,36.852291107177734,36.95179748535156,0.35289689898490906
846.0783081054688,771.8895874023438,36.934837341308594,36.9271240234375,0.32680559158325195
790.8485717773438,716.7068481445312,37.056392669677734,36.7637825012207,0.3215043246746063
805.0641479492188,730.9829711914062,36.99073791503906,36.7639045715332,0.32656529545783997
743.1210327148438,668.9886474609375,36.83066177368164,36.96141052246094,0.34029820561408997
863.3202514648438,789.1199340820312,36.851417541503906,37.016178131103516,0.332694947719574
803.1229248046875,728.9551391601562,37.003849029541016,36.84035110473633,0.32361292839050293
796.7717895507812,722.6837158203125,37.03090286254883,36.73125076293945,0.3259425759315491
754.6695556640625,680.5673217773438,36.8924446105957,36.87796401977539,0.331790953874588
824.3224487304688,750.1421508789062,36.82359313964844,37.023685455322266,0.3330170810222626
776.12841796875,701.9395751953125,36.89920425415039,36.95999526977539,0.3296067416667938
806.8448486328125,732.7250366210938,36.96104049682617,36.82847595214844,0.33023741841316223
788.0272216796875,713.9323120117188,36.95476150512695,36.810916900634766,0.3292079269886017
764.3057861328125,690.1669311523438,36.921836853027344,36.887271881103516,0.32979562878608704
749.9996337890625,675.8170166015625,36.86477279663086,36.98484802246094,0.3329985439777374
805.9025268554688,731.750732421875,36.843082427978516,36.97325897216797,0.33543670177459717
791.2578125,717.14306640625,36.94668960571289,36.837135314941406,0.33084914088249207
763.2950439453125,689.174072265625,37.02653121948242,36.76426696777344,0.3301165699958801
762.0338745117188,687.8731079101562,36.90715408325195,36.91847610473633,0.3351161479949951
779.5419311523438,705.3936767578125,36.806175231933594,37.00752258300781,0.33462393283843994
751.4798583984375,677.3516845703125,36.93478012084961,36.862388610839844,0.33107614517211914
806.00244140625,731.8612060546875,37.03639221191406,36.76939392089844,0.3354571759700775
782.4873657226562,708.32421875,36.93527603149414,36.88482666015625,0.34298789501190186
762.3387451171875,688.2137451171875,36.85484313964844,36.938724517822266,0.3313944339752197
732.326171875,658.2050170898438,36.955078125,36.83656311035156,0.3295433819293976
810.8804321289062,736.7138061523438,36.98751449584961,36.83816909790039,0.34096619486808777
769.0499267578125,694.8599853515625,36.90962219238281,36.923702239990234,0.35665464401245117
782.2312622070312,708.1153564453125,36.89694595336914,36.88645935058594,0.3324351906776428
766.5574340820312,692.4482421875,36.96573257446289,36.812862396240234,0.3305853009223938
768.1392211914062,693.976318359375,36.95997619628906,36.863197326660156,0.33969584107398987
748.1927490234375,673.9893188476562,36.894527435302734,36.942481994628906,0.366422176361084
803.3911743164062,729.2708740234375,36.8865966796875,36.89719009399414,0.33646437525749207
804.0274658203125,729.9190063476562,36.92106246948242,36.851436614990234,0.335922509431839
739.353759765625,665.215087890625,36.951141357421875,36.85378646850586,0.33375459909439087
755.2942504882812,681.1021728515625,36.928489685058594,36.8966064453125,0.36703169345855713
787.0657958984375,712.943115234375,36.88140106201172,36.90194320678711,0.3393417000770569
798.3914794921875,724.276611328125,36.85633087158203,36.919307708740234,0.3392137587070465
752.5654296875,678.43896484375,36.908119201660156,36.88603210449219,0.3323011100292206
792.3333740234375,718.163818359375,36.95768737792969,36.85260009765625,0.35926368832588196
741.0838012695312,666.970947265625,36.9411735534668,36.83152389526367,0.3401643931865692
769.7282104492188,695.612548828125,36.854286193847656,36.92472457885742,0.3366020619869232
773.2872314453125,699.147216796875,36.83163833618164,36.971412658691406,0.3369016945362091
810.8032836914062,736.6390991210938,36.915653228759766,36.896156311035156,0.35237598419189453
723.4625244140625,649.3623657226562,37.00801086425781,36.75535583496094,0.3367820382118225
763.2880249023438,689.1807250976562,36.92733383178711,36.84845733642578,0.33153027296066284
755.2315063476562,681.0773315429688,36.80335998535156,37.008888244628906,0.34189173579216003
773.8129272460938,699.6399536132812,36.85346984863281,36.966888427734375,0.35260507464408875
748.4443969726562,674.341796875,37.008689880371094,36.75943374633789,0.334501713514328
782.1436767578125,708.0384521484375,37.00276184082031,36.77389907836914,0.32852956652641296
707.5288696289062,633.3736572265625,36.88106918334961,36.92610168457031,0.3481121361255646
717.5076293945312,643.3347778320312,36.85824203491211,36.95832061767578,0.356352835893631
776.0155639648438,701.8890991210938,36.94020080566406,36.84504699707031,0.3412623703479767
789.1954345703125,715.067138671875,36.98825454711914,36.80744552612305,0.3325677216053009
684.0259399414062,609.8729248046875,36.98466110229492,36.81708908081055,0.35124388337135315
696.8982543945312,622.7352905273438,36.92158508300781,36.88007736206055,0.36135774850845337
762.0742797851562,687.9326782226562,36.864349365234375,36.93254089355469,0.34473225474357605
755.2775268554688,681.116455078125,36.90644836425781,36.91273498535156,0.3419250249862671
709.6939697265625,635.5361938476562,37.00373840332031,36.807186126708984,0.3468800187110901
724.6214599609375,650.4566650390625,36.96836853027344,36.83102798461914,0.3653552234172821
710.2548828125,636.1201171875,36.86101150512695,36.93436050415039,0.33933737874031067
698.7205810546875,624.5519409179688,36.86880111694336,36.95451354980469,0.3453409671783447
754.4209594726562,680.2465209960938,36.93574905395508,36.89329528808594,0.3454150855541229
749.2236328125,675.032470703125,36.930419921875,36.89635467529297,0.36440619826316833
686.5529174804688,612.4076538085938,36.90800857543945,36.90030288696289,0.33689260482788086
679.3397216796875,605.1851196289062,36.9252815246582,36.88814163208008,0.3411911725997925
747.47021484375,673.292236328125,36.8851318359375,36.944480895996094,0.3484075963497162
716.708740234375,642.4923095703125,36.852359771728516,37.002132415771484,0.36196744441986084
720.4005737304688,646.218017578125,36.93388366699219,36.912166595458984,0.33647069334983826
717.083251953125,642.9292602539062,37.02762985229492,36.79133224487305,0.33501654863357544
693.2066650390625,619.0531616210938,36.94648361206055,36.85696029663086,0.35008978843688965
658.5787353515625,584.372314453125,36.83658981323242,37.00892639160156,0.360912561416626
776.56005859375,702.3306884765625,36.9243278503418,36.96491241455078,0.34014174342155457
748.4585571289062,674.2605590820312,37.07606506347656,36.78766632080078,0.33429276943206787
683.906494140625,609.7611694335938,37.04219436645508,36.74937057495117,0.35377806425094604
643.3342895507812,569.1688842773438,36.888248443603516,36.915462493896484,0.3617229461669922
782.5568237304688,708.3060913085938,36.92206954956055,36.98215866088867,0.3464806377887726
723.2662963867188,649.0055541992188,37.0521240234375,36.869239807128906,0.33937856554985046
731.8467407226562,657.6762084960938,37.0315055847168,36.78322219848633,0.35581329464912415
690.6802368164062,616.5459594726562,36.94084167480469,36.82632827758789,0.36704543232917786
732.2083740234375,657.9896850585938,36.9670295715332,36.90727996826172,0.34436050057411194
690.362060546875,616.063720703125,37.010005950927734,36.9444580078125,0.34387490153312683
775.7332763671875,701.51904296875,36.89304733276367,36.969581604003906,0.3515382409095764
736.2544555664062,662.1065063476562,36.884220123291016,36.89129638671875,0.3724322021007538
726.8005981445312,652.6084594726562,37.0261344909668,36.82186508178711,0.3441935181617737
707.594482421875,633.2970581054688,37.00798034667969,36.94691848754883,0.342519074678421
766.0850219726562,691.8356323242188,36.75506591796875,37.14712142944336,0.3472523093223572
717.296875,643.121337890625,36.752174377441406,37.05635070800781,0.36700811982154846
784.4608764648438,710.2551879882812,37.00674819946289,36.849857330322266,0.34903809428215027
765.8363037109375,691.5585327148438,37.05279541015625,36.887657165527344,0.3373689353466034
727.5142822265625,653.2715454101562,36.76279830932617,37.13678741455078,0.34313952922821045
688.3595581054688,614.1795654296875,36.66909408569336,37.15505599975586,0.35587939620018005
846.4908447265625,772.2513427734375,36.895511627197266,36.99562072753906,0.34837234020233154
834.4627685546875,760.179931640625,37.067588806152344,36.87641906738281,0.33888041973114014
734.3077392578125,660.10693359375,36.87385559082031,36.98613357543945,0.34080299735069275
708.8475341796875,634.6904907226562,36.674827575683594,37.13371276855469,0.3484870195388794
881.79541015625,807.518798828125,36.76523971557617,37.16584777832031,0.34551185369491577
860.7385864257812,786.4088134765625,37.01145553588867,36.97370910644531,0.34463319182395935
817.1063842773438,742.935546875,36.90988540649414,36.91897964477539,0.3419104516506195
771.701171875,697.5902709960938,36.75449752807617,37.012611389160156,0.34373173117637634
886.2285766601562,811.950439453125,36.77426528930664,37.16029357910156,0.343580037355423
825.4545288085938,751.0701293945312,36.94240951538086,37.09729766845703,0.34470921754837036
912.3826293945312,838.1929931640625,36.809329986572266,37.04086685180664,0.339432030916214
854.2523193359375,780.1720581054688,36.832847595214844,36.90846252441406,0.33900225162506104
830.2752685546875,756.0398559570312,36.981658935546875,36.910457611083984,0.34332889318466187
803.3782958984375,728.9698486328125,36.99928283691406,37.06911087036133,0.3400857448577881
932.9501342773438,858.706298828125,36.72331237792969,37.18855285644531,0.33198082447052
867.8889770507812,793.779052734375,36.873443603515625,36.89842224121094,0.3380681276321411
880.9278564453125,806.698486328125,37.185707092285156,36.690181732177734,0.3534705340862274
833.096923828125,758.723388671875,37.17177200317383,36.865360260009766,0.3364426791667938
915.412841796875,841.1510009765625,36.84364318847656,37.094547271728516,0.3236463665962219
742.7671508789062,668.6123046875,36.95119857788086,36.86656188964844,0.33711859583854675
1034.7119140625,960.412353515625,37.22883605957031,36.691871643066406,0.37885570526123047
858.5084838867188,784.1680297851562,37.32487487792969,36.67082214355469,0.34474655985832214
900.1744995117188,825.9628295898438,37.154178619384766,36.731632232666016,0.3258519172668457
782.346435546875,708.1967163085938,37.02543258666992,36.79790496826172,0.32637831568717957
946.3448486328125,871.984130859375,37.125057220458984,36.833797454833984,0.40184926986694336
838.8890991210938,764.5185546875,37.22272872924805,36.77725601196289,0.37057235836982727
922.8208618164062,848.587646484375,37.21382522583008,36.65483474731445,0.3645802438259125
875.1802978515625,801.0243530273438,37.09425735473633,36.71741485595703,0.3443063199520111
932.5713500976562,858.2433471679688,37.19150161743164,36.7399787902832,0.3964809477329254
910.412109375,835.9728393554688,37.25590515136719,36.728370666503906,0.45493945479393005
897.9757690429688,823.771484375,37.11740493774414,36.74947738647461,0.3373839557170868
906.517578125,832.2650756835938,37.04495620727539,36.808231353759766,0.3993028402328491
837.4203491210938,763.1349487304688,37.181968688964844,36.760337829589844,0.3431206941604614
857.8132934570312,783.4373168945312,37.364322662353516,36.60212707519531,0.40956106781959534
906.90625,832.7619018554688,37.209228515625,36.60319137573242,0.33189865946769714
874.02978515625,799.8577880859375,37.10527420043945,36.743995666503906,0.3226974606513977
802.410400390625,728.061767578125,36.942718505859375,37.059566497802734,0.3462989628314972
735.9691162109375,661.6073608398438,37.195945739746094,36.81538391113281,0.3504829406738281
819.3381958007812,745.2060546875,37.297096252441406,36.50114822387695,0.33387795090675354
727.1740112304688,653.0623168945312,37.435264587402344,36.35393524169922,0.3224835693836212
695.7361450195312,621.400146484375,37.06201171875,36.8883171081543,0.38569915294647217
667.6517333984375,593.2053833007812,36.79246520996094,37.29304504394531,0.36084210872650146
686.0399780273438,611.7045288085938,36.571903228759766,37.37800216674805,0.3855476379394531
631.8158569335938,557.5805053710938,37.11211013793945,36.747867584228516,0.3753499984741211
641.0108032226562,566.7757568359375,37.49110412597656,36.374610900878906,0.36929795145988464
560.448486328125,486.02276611328125,37.31391525268555,36.65428161621094,0.45750877261161804
680.832275390625,606.4532470703125,36.504695892333984,37.51609802246094,0.35823675990104675
604.9493408203125,530.4491577148438,36.331016540527344,37.717010498046875,0.45212364196777344
594.3275756835938,520.0086059570312,36.880775451660156,37.09843444824219,0.3397175371646881
570.4708251953125,496.1480407714844,37.25442123413086,36.693572998046875,0.37476032972335815
683.3954467773438,609.072509765625,37.156375885009766,36.79014587402344,0.37641286849975586
571.6620483398438,497.3561706542969,36.97132873535156,36.980979919433594,0.3535843789577484
603.5822143554688,529.2041625976562,36.95271682739258,37.07986068725586,0.3455071747303009
611.5474243164062,537.1697387695312,36.771400451660156,37.26725769042969,0.33901897072792053
557.155517578125,482.7641906738281,36.73733901977539,37.29731369018555,0.3566948175430298
477.06695556640625,402.7282409667969,36.930023193359375,37.04512023925781,0.3635717034339905
711.8447265625,637.4077758789062,37.312156677246094,36.76291275024414,0.3618791103363037
612.6516723632812,538.2376098632812,37.4367790222168,36.629276275634766,0.34804269671440125
514.3948974609375,440.0815124511719,37.220947265625,36.75308609008789,0.33935433626174927
396.4141540527344,322.0624084472656,37.03257369995117,36.936161041259766,0.38301989436149597
1412.9217529296875,1338.2755126953125,36.9723014831543,37.29941177368164,0.3744966685771942
1292.059326171875,1217.4051513671875,37.08180236816406,37.22294616699219,0.3494766056537628
1355.0181884765625,1280.7672119140625,37.451290130615234,36.42180633544922,0.3778964877128601
1610.6785888671875,1536.7703857421875,37.68392562866211,35.88198471069336,0.34223097562789917
1946.8128662109375,1872.903564453125,37.51194763183594,36.01842498779297,0.3789421021938324
1477.5635986328125,1403.3984375,37.17102813720703,36.48848342895508,0.5056365728378296
1276.0977783203125,1201.7479248046875,36.725074768066406,37.20553970336914,0.4192502200603485
1222.0201416015625,1147.4810791015625,36.75825119018555,37.4489631652832,0.33177876472473145
958.0350952148438,883.2660522460938,37.214473724365234,37.104331970214844,0.45026567578315735
737.2088012695312,662.6209106445312,37.25336837768555,36.97309875488281,0.36145085096359253
1638.987548828125,1564.5899658203125,37.1416015625,36.88254165649414,0.3734058141708374
1408.6373291015625,1334.409912109375,37.36899948120117,36.457008361816406,0.4013853073120117
1197.590576171875,1123.4862060546875,37.67347717285156,36.04156494140625,0.3893471658229828
985.5073852539062,911.3668212890625,37.17948532104492,36.57949447631836,0.38160526752471924
1116.9588623046875,1042.6151123046875,36.39375686645508,37.59931182861328,0.350525826215744
799.11279296875,724.51953125,36.30194854736328,37.92594909667969,0.36536967754364014
1539.677734375,1464.9764404296875,36.669246673583984,37.669315338134766,0.36278030276298523
1543.902099609375,1469.28662109375,37.02151870727539,37.237422943115234,0.35662534832954407
872.9091186523438,798.493896484375,37.35737609863281,36.67897033691406,0.378908634185791
714.3365478515625,640.047119140625,37.42015075683594,36.56277847290039,0.3064453601837158
1294.6494140625,1220.19873046875,37.4354362487793,36.63998031616211,0.37519213557243347
1086.6748046875,1012.2433471679688,37.73553466796875,36.33059310913086,0.36541348695755005
1058.8358154296875,984.46875,38.088218688964844,35.89289474487305,0.38597697019577026
922.3173828125,847.953857421875,37.97913360595703,35.99810028076172,0.3862845301628113
966.17626953125,891.7559204101562,37.611934661865234,36.47418975830078,0.3341997563838959
788.3373413085938,713.8678588867188,37.52932357788086,36.60621643066406,0.3339824974536896
1178.5577392578125,1104.0989990234375,37.60126876831055,36.52084732055664,0.3364928662776947
1085.9754638671875,1011.5210571289062,37.618446350097656,36.49435043334961,0.3416028320789337
807.9989013671875,733.5370483398438,37.55080032348633,36.56432342529297,0.34673863649368286
690.335205078125,615.82763671875,37.13434982299805,37.020835876464844,0.35241952538490295
1096.882080078125,1022.3681030273438,36.667625427246094,37.508243560791016,0.3380129635334015
903.1357421875,828.6513061523438,36.783565521240234,37.325679779052734,0.37517836689949036
927.3239135742188,852.9022827148438,37.28678512573242,36.74256896972656,0.3922782242298126
761.967041015625,687.5917358398438,37.3421630859375,36.69607925415039,0.33704206347465515
982.06591796875,907.5209350585938,37.0069465637207,37.165138244628906,0.3728711009025574
834.4586181640625,759.8056640625,36.89823913574219,37.376094818115234,0.37859848141670227
943.9305419921875,869.3297119140625,36.97557067871094,37.27073669433594,0.35446327924728394
853.51171875,779.0462646484375,37.04476547241211,37.063270568847656,0.3573932349681854
833.8930053710938,759.5426025390625,37.04232406616211,36.95656967163086,0.3515874147415161
708.5962524414062,634.1723022460938,36.920169830322266,37.164188385009766,0.33960282802581787
950.653076171875,876.0166015625,36.822933197021484,37.46507263183594,0.3484783172607422
834.6561279296875,759.9759521484375,36.92245101928711,37.40568542480469,0.352031409740448
820.0217895507812,745.4918212890625,37.10197067260742,37.08236312866211,0.3456718921661377
691.5006103515625,617.0775756835938,37.25234603881836,36.82419967651367,0.34647586941719055
953.2867431640625,878.7982788085938,37.335960388183594,36.800418853759766,0.3521166443824768
829.4754028320312,754.9169921875,37.262107849121094,36.94559860229492,0.35070958733558655
778.3411254882812,703.7706298828125,37.04579162597656,37.173580169677734,0.3511617183685303
682.464111328125,607.9109497070312,37.04085922241211,37.163021087646484,0.3492763042449951
881.4236450195312,806.8621215820312,37.25979995727539,36.94377517700195,0.3579358756542206
767.2981567382812,692.739501953125,37.289588928222656,36.91336441040039,0.3556375801563263
785.0796508789062,710.526611328125,37.08339309692383,37.124629974365234,0.3450334668159485
661.7168579101562,587.1395263671875,36.998165130615234,37.23501968383789,0.34414446353912354
900.8842163085938,826.2564086914062,36.998714447021484,37.27113342285156,0.3579654395580292
742.3170166015625,667.7055053710938,36.92732620239258,37.31620788574219,0.36798742413520813
825.832763671875,751.2772827148438,36.91737365722656,37.27549362182617,0.36259448528289795
725.8501586914062,651.3042602539062,37.19350814819336,37.00456237792969,0.34784290194511414
795.1771850585938,720.5584106445312,37.47051239013672,36.796775817871094,0.35151374340057373
659.89794921875,585.2510986328125,37.36075973510742,36.92501449584961,0.3610791563987732
888.9395751953125,814.3168334960938,37.12094497680664,37.13626480102539,0.36548832058906555
779.2755737304688,704.6730346679688,37.17666244506836,37.07130432128906,0.35460346937179565
726.7587890625,652.1380004882812,37.375640869140625,36.899600982666016,0.345514178276062
599.1102905273438,524.4746704101562,37.32962417602539,36.946475982666016,0.3594769239425659
944.4083862304688,869.7568359375,37.146915435791016,37.13206481933594,0.37254637479782104
811.1947021484375,736.531494140625,37.14442443847656,37.15035629272461,0.3684799075126648
701.0430908203125,626.375,37.264286041259766,37.03959655761719,0.3641776740550995
626.757568359375,552.1355590820312,37.27735137939453,36.98977279663086,0.35492783784866333
847.7328491210938,773.097900390625,37.15320587158203,37.111167907714844,0.37058335542678833
714.8626708984375,640.1762084960938,37.097129821777344,37.211238861083984,0.3781333267688751
788.209228515625,713.4871826171875,37.15481185913086,37.194114685058594,0.3731653094291687
695.9496459960938,621.2638549804688,37.21670913696289,37.10071563720703,0.3683551549911499
761.4940795898438,686.8540649414062,37.152137756347656,37.13449478149414,0.3533042371273041
628.43212890625,553.750732421875,37.03828430175781,37.27558135986328,0.3675292730331421
854.9168090820312,780.1856079101562,37.016788482666016,37.330665588378906,0.38374918699264526
728.7385864257812,654.0541381835938,37.100563049316406,37.209720611572266,0.3741571307182312
717.0955810546875,642.4656372070312,37.17610168457031,37.094913482666016,0.3589484691619873
612.5277709960938,537.8441162109375,37.21705627441406,37.10078430175781,0.3658201992511749
832.5906372070312,757.8197021484375,37.287109375,37.101261138916016,0.3825579583644867
700.7709350585938,626.032958984375,37.30141830444336,37.05996322631836,0.3766600787639618
745.0599365234375,670.3804321289062,37.19340515136719,37.11403274536133,0.37204888463020325
636.6239013671875,561.9324340820312,37.164546966552734,37.16352844238281,0.36342158913612366
802.6180419921875,727.8541870117188,37.275672912597656,37.111968994140625,0.37620365619659424
670.2637329101562,595.5259399414062,37.28794860839844,37.072757720947266,0.3770473599433899
768.6214599609375,693.9347534179688,37.15782928466797,37.15550994873047,0.3733423948287964
653.6792602539062,578.9744873046875,37.194087982177734,37.14128112792969,0.3694123327732086
763.37939453125,688.6110229492188,37.38484191894531,37.01321029663086,0.3703683614730835
653.5865478515625,578.8259887695312,37.3604736328125,37.0282096862793,0.37187373638153076
751.8501586914062,677.1271362304688,37.12998580932617,37.220699310302734,0.37229296565055847
648.8135986328125,574.080322265625,37.112754821777344,37.247432708740234,0.3731060028076172
753.5671997070312,678.781982421875,37.274471282958984,37.13166427612305,0.3790684640407562
661.8598022460938,587.0894165039062,37.267906188964844,37.12746810913086,0.37508687376976013
737.32763671875,662.5990600585938,37.115638732910156,37.241092681884766,0.3718414604663849
649.4248657226562,574.6845092773438,37.12016296386719,37.24776077270508,0.37242209911346436
737.750244140625,662.943359375,37.22854232788086,37.190765380859375,0.38759228587150574
640.0481567382812,565.2518310546875,37.23196792602539,37.1807861328125,0.383548378944397
737.5264282226562,662.7787475585938,37.16433334350586,37.209964752197266,0.3734429180622101
639.9391479492188,565.1749877929688,37.19124984741211,37.19979476928711,0.37316760420799255
714.8831787109375,640.0526123046875,37.25408935546875,37.19233703613281,0.3841804265975952
610.797119140625,535.9810180664062,37.23861312866211,37.190269470214844,0.38726919889450073
741.9794921875,667.21630859375,37.17652130126953,37.208919525146484,0.37775707244873047
645.6048583984375,570.8245849609375,37.19432067871094,37.21065902709961,0.3752879202365875
695.81103515625,620.96728515625,37.25532531738281,37.20646286010742,0.381938636302948
598.814453125,523.984619140625,37.25815200805664,37.18317794799805,0.38850948214530945
747.92041015625,673.137939453125,37.20674133300781,37.19300842285156,0.3827368915081024
639.56201171875,564.7650756835938,37.221012115478516,37.19810485839844,0.3777838945388794
704.367919921875,629.508056640625,37.2823371887207,37.194149017333984,0.3833429217338562
594.1302490234375,519.2810668945312,37.27415466308594,37.187660217285156,0.3873460590839386
744.6358642578125,669.8320922851562,37.19548416137695,37.225799560546875,0.38243892788887024
624.3982543945312,549.5940551757812,37.21180725097656,37.213375091552734,0.3790253698825836
709.5814208984375,634.716796875,37.29975891113281,37.174251556396484,0.39061975479125977
602.32861328125,527.4618530273438,37.294132232666016,37.180870056152344,0.39179956912994385
723.520751953125,648.6846923828125,37.207454681396484,37.24284744262695,0.3857158422470093
621.0675659179688,546.2362060546875,37.25453186035156,37.195106506347656,0.3816837966442108
703.8248291015625,628.9451904296875,37.3720703125,37.10811996459961,0.3994884490966797
609.3734741210938,534.4955444335938,37.32979965209961,37.14899444580078,0.39919108152389526
714.5496826171875,639.69775390625,37.19694137573242,37.26857376098633,0.3864246606826782
618.1268310546875,543.2637939453125,37.268428802490234,37.20810317993164,0.38645365834236145
700.8400268554688,625.939697265625,37.42121887207031,37.08034896850586,0.39877891540527344
602.7684936523438,527.879638671875,37.347251892089844,37.13622283935547,0.4054209589958191
709.2747802734375,634.420654296875,37.16071701049805,37.30776596069336,0.38569438457489014
611.3052368164062,536.4195556640625,37.21231460571289,37.28532409667969,0.38801613450050354
687.7877197265625,612.8563842773438,37.37271499633789,37.162437438964844,0.39619338512420654
593.484375,518.582275390625,37.333152770996094,37.16755676269531,0.40143775939941406
698.8986206054688,624.0445556640625,37.177879333496094,37.28927230834961,0.3869839608669281
609.0537109375,534.1636352539062,37.17963409423828,37.32426834106445,0.38618069887161255
674.3838500976562,599.4234619140625,37.27225112915039,37.28961181640625,0.39852750301361084
583.613037109375,508.6871337890625,37.28879165649414,37.238162994384766,0.39894258975982666
699.8394775390625,624.9732055664062,37.244232177734375,37.23240661621094,0.3896732032299042
608.9595947265625,534.0681762695312,37.235042572021484,37.26936340332031,0.3870193362236023
666.3904418945312,591.4096069335938,37.251930236816406,37.31966781616211,0.40923210978507996
568.9577026367188,494.0042724609375,37.27452087402344,37.27668380737305,0.40222981572151184
706.3335571289062,631.4241333007812,37.29035949707031,37.21828079223633,0.4008132815361023
608.577880859375,533.667724609375,37.32001495361328,37.20277404785156,0.3874143362045288
655.8060913085938,580.8135375976562,37.34296798706055,37.224979400634766,0.42459115386009216
556.8421630859375,481.88262939453125,37.31965255737305,37.232540130615234,0.40735265612602234
709.6962890625,634.7449340820312,37.281837463378906,37.2590217590332,0.4104905426502228
614.7667236328125,539.8128662109375,37.35549545288086,37.20704650878906,0.3913542926311493
643.389404296875,568.387451171875,37.45329666137695,37.12311935424805,0.4255586862564087
556.8184814453125,481.8608093261719,37.36518478393555,37.1781120300293,0.41436880826950073
704.8941650390625,629.931884765625,37.20863342285156,37.347564697265625,0.40609824657440186
621.0661010742188,546.0698852539062,37.29096603393555,37.309513092041016,0.39576151967048645
634.9949340820312,559.9819946289062,37.468414306640625,37.13134002685547,0.41314801573753357
563.6629028320312,488.7070007324219,37.3760871887207,37.164939880371094,0.4149334132671356
689.462158203125,614.508544921875,37.16416931152344,37.39060974121094,0.3988341987133026
613.4600219726562,538.4437255859375,37.21815872192383,37.4036979675293,0.39447957277297974
636.7001342773438,561.6614379882812,37.399375915527344,37.232181549072266,0.4071955382823944
572.2447509765625,497.2765808105469,37.35368347167969,37.20542526245117,0.40905487537384033
670.33447265625,595.3834228515625,37.18868637084961,37.36445236206055,0.39797887206077576
606.0094604492188,530.9881591796875,37.21134567260742,37.413902282714844,0.39603936672210693
635.9453735351562,560.8848266601562,37.33795166015625,37.31401824951172,0.4085616171360016
582.1304931640625,507.13201904296875,37.34502029418945,37.24186325073242,0.41158321499824524
657.82421875,582.8569946289062,37.27299880981445,37.29490661621094,0.39929187297821045
618.7034301757812,543.666259765625,37.28559875488281,37.3441162109375,0.4074465036392212
620.665283203125,545.6013793945312,37.35152816772461,37.30233383178711,0.4100901484489441
585.91552734375,510.8897705078125,37.3696403503418,37.232574462890625,0.4235837757587433
665.5674438476562,590.5697631835938,37.34687423706055,37.24984359741211,0.4010044038295746
653.5164794921875,578.4448852539062,37.36709976196289,37.28441619873047,0.4200262129306793
596.0068359375,520.9501953125,37.403682708740234,37.24310302734375,0.4098721742630005
584.7794799804688,509.7523498535156,37.3909797668457,37.20291519165039,0.4332159757614136
687.3833618164062,612.3565673828125,37.351722717285156,37.27212905883789,0.4028856158256531
697.9559936523438,622.841064453125,37.38285827636719,37.30691909790039,0.4251229465007782
579.1319580078125,504.0790100097656,37.42473220825195,37.2193603515625,0.4088842272758484
600.2929077148438,525.2886352539062,37.374691009521484,37.1959114074707,0.4336276948451996
696.7299194335938,621.6913452148438,37.29928207397461,37.33627700805664,0.40304097533226013
736.25537109375,661.1083984375,37.33985900878906,37.38624954223633,0.4209081828594208
583.8659057617188,508.8167724609375,37.39608383178711,37.24706268310547,0.4060361087322235
644.9310302734375,569.961181640625,37.328914642333984,37.21614456176758,0.42480728030204773
684.125732421875,609.101318359375,37.24104309082031,37.38449478149414,0.39889290928840637
770.2880859375,695.1339721679688,37.29182052612305,37.450828552246094,0.41152751445770264
597.3955078125,522.3564453125,37.347381591796875,37.29122543334961,0.40046578645706177
702.052001953125,627.109130859375,37.27664566040039,37.251075744628906,0.41509655117988586
677.8138427734375,602.8150634765625,37.21204376220703,37.394718170166016,0.3920121490955353
829.75830078125,754.6209106445312,37.28554153442383,37.44950866699219,0.4023599922657013
596.0538330078125,521.0444946289062,37.32539367675781,37.29096603393555,0.39302653074264526
755.1182250976562,680.1966552734375,37.23448181152344,37.27633285522461,0.410770446062088
698.5883178710938,623.6013793945312,37.216644287109375,37.37810516357422,0.3922034502029419
909.1124877929688,833.9999389648438,37.31308364868164,37.39853286743164,0.40088826417922974
614.7164306640625,539.7664184570312,37.291656494140625,37.26926040649414,0.38901787996292114
816.7847900390625,741.8920288085938,37.172332763671875,37.30593490600586,0.41457799077033997
731.9470825195312,656.9757080078125,37.249576568603516,37.325721740722656,0.3960299491882324
953.9248657226562,878.8380737304688,37.34431457519531,37.32363510131836,0.4188708961009979
690.0313110351562,615.1580810546875,37.178348541259766,37.3118896484375,0.3829924464225769
887.6304931640625,812.758056640625,37.02518081665039,37.41273498535156,0.4345168173313141
747.3497924804688,672.4522094726562,37.172420501708984,37.34912872314453,0.37605607509613037
999.2174682617188,924.147216796875,37.30573654174805,37.30482864379883,0.45972269773483276
684.1939697265625,609.3844604492188,37.1368522644043,37.3077392578125,0.3649384677410126
922.2725830078125,847.4168090820312,36.880367279052734,37.52503967285156,0.4503987431526184
651.2523193359375,576.435791015625,36.84261703491211,37.62232971191406,0.3516099154949188
898.2986450195312,823.2300415039062,37.08132553100586,37.53786849975586,0.4494655430316925
695.8565673828125,621.0443725585938,37.23904037475586,37.203800201416016,0.3693900406360626
838.3154907226562,763.5523071289062,37.15858840942383,37.18134307861328,0.42328426241874695
673.3463745117188,598.561279296875,36.967403411865234,37.4624137878418,0.35527676343917847
787.3634033203125,712.3292236328125,36.94746398925781,37.67496109008789,0.4117683470249176
689.0491333007812,614.2652587890625,36.979583740234375,37.44601058959961,0.3582742214202881
624.1071166992188,549.3115234375,37.541175842285156,36.84190368652344,0.41248825192451477
581.0715942382812,506.2239074707031,37.86152648925781,36.62080383300781,0.36536434292793274
497.5881652832031,422.6314697265625,37.28009033203125,37.280967712402344,0.39561983942985535
1202.8031005859375,1127.909912109375,36.660789489746094,37.74308776855469,0.48940613865852356
992.3235473632812,917.3640747070312,37.017555236816406,37.412681579589844,0.529209554195404
939.0576171875,864.1294555664062,38.20667266845703,36.31264877319336,0.40887364745140076
1071.9422607421875,997.1676025390625,38.714786529541016,35.6403923034668,0.41945886611938477
725.1183471679688,650.4409790039062,38.17327880859375,36.135101318359375,0.36893221735954285
937.73486328125,862.6246337890625,37.1234016418457,37.574092864990234,0.4127488434314728
716.9867553710938,641.7750244140625,36.842857360839844,37.95174789428711,0.4171922504901886
927.6378784179688,852.8427124023438,37.77763366699219,36.599178314208984,0.41835200786590576
995.3040161132812,920.6800537109375,37.73703384399414,36.57282257080078,0.3140663206577301
877.4615478515625,802.3441162109375,36.907264709472656,37.606483459472656,0.6036303043365479
1081.0322265625,1006.0443115234375,37.14338684082031,37.39321517944336,0.45130011439323425
840.2655029296875,765.143798828125,37.83198165893555,36.793128967285156,0.49658310413360596
1008.3641357421875,933.528564453125,37.6468620300293,36.87833023071289,0.3103606104850769
805.447509765625,730.8309936523438,37.19015884399414,37.03762435913086,0.3887232840061188
989.1694946289062,914.3447875976562,36.98409652709961,37.43125915527344,0.40934839844703674
676.310302734375,601.178955078125,36.77226257324219,37.97907638549805,0.3799874484539032
796.70556640625,721.7235107421875,36.75998306274414,37.848243713378906,0.3737674951553345
590.1515502929688,515.5562133789062,36.81290817260742,37.44539260864258,0.3370306193828583
945.5679931640625,870.6968383789062,37.28958511352539,37.156639099121094,0.4249282777309418
842.6546630859375,767.273681640625,37.378787994384766,37.44270706176758,0.5595015287399292
1027.107666015625,952.2333374023438,37.52418518066406,37.01325988769531,0.3369165360927582
1251.2052001953125,1176.6138916015625,37.68601989746094,36.439327239990234,0.4659022092819214
733.3828125,658.6456909179688,37.37701416015625,36.96342849731445,0.3966929614543915
1113.9398193359375,1038.8309326171875,37.480106353759766,37.20830154418945,0.42047783732414246
791.70263671875,716.5493774414062,37.99661636352539,36.62307357788086,0.5335797667503357
837.7098388671875,762.8551025390625,38.59013366699219,35.88560485839844,0.37897855043411255
935.072509765625,860.289794921875,38.5101318359375,35.92445755004883,0.34812256693840027
823.8291015625,748.7299194335938,37.091617584228516,37.54656982421875,0.4610042870044708
1051.0098876953125,975.8707275390625,35.984561920166016,38.757747650146484,0.3968691825866699
860.364990234375,785.4765625,36.43534851074219,38.02389144897461,0.4291827976703644
788.996337890625,714.3272094726562,37.97119903564453,36.34883117675781,0.3491239845752716
893.2807006835938,818.3685302734375,38.245540618896484,36.31869888305664,0.3478755056858063
682.6162719726562,607.6777954101562,37.484840393066406,37.077919006347656,0.37564513087272644
1051.91748046875,976.983642578125,37.28174591064453,37.24435806274414,0.40766093134880066
1160.620361328125,1085.7257080078125,36.90700912475586,37.60356903076172,0.38411131501197815
821.28125,746.4124755859375,36.91585922241211,37.60554122924805,0.34743109345436096
1002.4691772460938,927.5211181640625,37.92024230957031,36.63202667236328,0.3957921266555786
689.6724243164062,614.8499145507812,38.4381217956543,35.9797477722168,0.40463942289352417
711.2633056640625,636.3810424804688,38.0871467590332,36.432437896728516,0.3626616299152374
891.5802001953125,816.3477172851562,38.98054122924805,35.88597106933594,0.3659746050834656
600.9910278320312,525.7416381835938,38.57609939575195,36.19625473022461,0.4770655333995819
970.33544921875,895.5191650390625,37.478797912597656,36.9476318359375,0.3898313641548157
903.0319213867188,828.202880859375,37.8525276184082,36.46629333496094,0.5102062821388245
788.0137329101562,713.356689453125,38.2383918762207,36.08612823486328,0.33249908685684204
645.37451171875,570.5014038085938,38.609352111816406,35.923927307128906,0.3398117423057556
884.9083862304688,809.6498413085938,38.85672378540039,35.998451232910156,0.4033300280570984
793.27978515625,718.03466796875,38.6609992980957,36.19949722290039,0.38456106185913086
890.0826416015625,815.0571899414062,38.609981536865234,36.0517692565918,0.3637201488018036
921.628662109375,846.7589721679688,38.74030685424805,35.7568473815918,0.37252920866012573
758.4966430664062,683.6817016601562,38.69015884399414,35.76757049560547,0.35717928409576416
765.2341918945312,690.285888671875,38.08831787109375,36.45347213745117,0.4065227806568146
685.4119262695312,610.4346313476562,37.236637115478516,37.37498474121094,0.36564674973487854
676.349853515625,601.318603515625,36.84504318237305,37.82809829711914,0.35807645320892334
747.1513061523438,672.1802368164062,37.22239685058594,37.38872146606445,0.359938383102417
629.660888671875,554.4931030273438,37.21192932128906,37.58454513549805,0.3713412582874298
722.8593139648438,647.9815063476562,37.44806671142578,37.0857048034668,0.3440852463245392
592.9337768554688,518.1030883789062,37.315486907958984,37.165836334228516,0.34938740730285645
731.2310791015625,656.2579956054688,37.423580169677734,37.189842224121094,0.35970067977905273
697.8128051757812,622.726318359375,37.66835021972656,37.042396545410156,0.3757023513317108
567.0674438476562,491.9151611328125,37.836666107177734,36.91250228881836,0.4031479060649872
543.3423461914062,468.4053039550781,37.68981170654297,36.8521728515625,0.3950570225715637
572.2787475585938,497.3871154785156,37.39787673950195,37.133358001708984,0.36044004559516907
548.8438110351562,473.7777404785156,37.12807083129883,37.54045104980469,0.39752864837646484
585.340576171875,510.17755126953125,36.876739501953125,37.904273986816406,0.3819831907749176
476.46142578125,401.3181457519531,36.9716796875,37.75,0.4216003715991974
543.4053344726562,468.3919982910156,36.949825286865234,37.71757888793945,0.34597358107566833
481.62139892578125,406.53936767578125,36.871639251708984,37.811729431152344,0.39866122603416443
585.0048828125,510.0340576171875,37.43408966064453,37.17318344116211,0.363616019487381
518.30419921875,443.3153991699219,37.80396270751953,36.80146789550781,0.3833678066730499
502.3662414550781,427.2884826660156,37.69754409790039,37.034019470214844,0.3461976647377014
500.2303771972656,425.1451416015625,37.70761489868164,37.032073974609375,0.3455468416213989
507.69970703125,432.6638488769531,37.83216857910156,36.83761978149414,0.3660605549812317
490.88238525390625,415.9255065917969,37.52517318725586,37.062862396240234,0.3688335716724396
420.7817687988281,345.7121276855469,36.92312240600586,37.77687072753906,0.36965540051460266
479.6734924316406,404.4998779296875,36.98633575439453,37.827735900878906,0.359565794467926
418.3003845214844,343.2179870605469,37.339012145996094,37.391822814941406,0.3515666723251343
371.1585998535156,296.11383056640625,37.45064926147461,37.23751449584961,0.35660454630851746
526.0570678710938,451.01055908203125,37.4212532043457,37.25098419189453,0.37429773807525635
338.0150451660156,262.99609375,37.31854248046875,37.335289001464844,0.365110844373703
721.87890625,646.697998046875,37.50672149658203,37.28203201293945,0.39215365052223206
537.5928955078125,462.552734375,37.81016159057617,36.86478805541992,0.3652060627937317
534.4444580078125,459.3819274902344,37.63609313964844,37.06509780883789,0.3613167405128479
552.9227905273438,477.79296875,36.793270111083984,37.967803955078125,0.3687150776386261
429.0762023925781,353.969970703125,37.127220153808594,37.61260986328125,0.3664073646068573
675.5175170898438,600.5304565429688,37.72391128540039,36.90827941894531,0.3548676669597626
435.57159423828125,360.54339599609375,37.92262268066406,36.72035598754883,0.38520821928977966
957.7144775390625,882.3502197265625,36.98923873901367,37.98509216308594,0.3899116516113281
784.5537109375,709.274658203125,36.751827239990234,38.11240005493164,0.41482317447662354
965.8419189453125,891.1250610351562,37.29983901977539,37.07878112792969,0.3381718695163727
1017.8726806640625,943.310791015625,37.50468444824219,36.748294830322266,0.3088856339454651
929.2501831054688,854.0957641601562,37.503883361816406,37.257686614990234,0.39283865690231323
985.893798828125,910.3869018554688,37.702537536621094,37.394927978515625,0.409415066242218
962.7730102539062,887.5809936523438,37.77952194213867,37.02884292602539,0.3835976719856262
693.5342407226562,618.6631469726562,37.39179992675781,37.14198684692383,0.3373684883117676
1196.480712890625,1121.40087890625,36.74755859375,37.994686126708984,0.33765098452568054
878.8751220703125,803.6453247070312,36.623634338378906,38.21958923339844,0.386563777923584
1250.792724609375,1175.7432861328125,37.42635726928711,37.234928131103516,0.38811251521110535
1125.14892578125,1050.2696533203125,38.17686080932617,36.31998062133789,0.3824109733104706
798.1123046875,723.0484008789062,38.15406799316406,36.35441970825195,0.5554472208023071
819.7916259765625,744.6956176757812,37.0861930847168,37.67300796508789,0.33681291341781616
768.1390380859375,692.7959594726562,36.64638900756836,38.160648345947266,0.536098062992096
665.2111206054688,590.0344848632812,37.56340026855469,37.24427795410156,0.3689654469490051
860.5255126953125,785.1665649414062,38.830650329589844,36.045738220214844,0.4825800061225891
611.7184448242188,536.609375,38.121158599853516,36.63458251953125,0.35334086418151855
937.80419921875,862.6449584960938,37.226436614990234,37.51670455932617,0.4161069989204407
833.2273559570312,758.0916137695312,37.104557037353516,37.62409973144531,0.40710124373435974
930.55615234375,855.5218505859375,37.33635711669922,37.31005096435547,0.3878880441188812
887.3514404296875,812.3045043945312,37.6347770690918,36.97970199584961,0.4325052499771118
870.9994506835938,795.8858032226562,38.93186950683594,35.82925033569336,0.3525499999523163
827.96484375,752.537353515625,39.741119384765625,35.20819854736328,0.4782293140888214
793.1002807617188,717.8411865234375,38.77018737792969,36.15118408203125,0.33769094944000244
745.14990234375,669.9990234375,37.00053405761719,37.75953674316406,0.3908109664916992
833.83544921875,758.8159790039062,36.33223342895508,38.3279914855957,0.3592235743999481
752.00244140625,676.9777221679688,36.704345703125,37.95905685424805,0.36130625009536743
871.0391845703125,795.9564819335938,37.04983901977539,37.701236724853516,0.3316170275211334
908.3961791992188,833.2192993164062,37.63462448120117,37.21609878540039,0.32610514760017395
764.8867797851562,689.6172485351562,38.67132568359375,36.28006362915039,0.31808680295944214
775.687255859375,700.5003662109375,38.8285026550293,36.03056335449219,0.32784268260002136
734.681640625,659.802978515625,37.55372619628906,36.969913482666016,0.355042427778244
754.7389526367188,679.8090209960938,36.65640640258789,37.927425384521484,0.34604451060295105
714.8867797851562,639.770263671875,36.827213287353516,37.96882629394531,0.32048121094703674
837.7047119140625,762.4693603515625,37.05259704589844,37.822059631347656,0.3606795072555542
577.0241088867188,501.91326904296875,37.29378128051758,37.443359375,0.3736886978149414
696.2674560546875,620.9903564453125,37.437984466552734,37.48001480102539,0.3590641915798187
567.7510986328125,492.3995361328125,37.30839157104492,37.644866943359375,0.39831599593162537
551.4364013671875,476.3056640625,37.06166076660156,37.754215240478516,0.3148893415927887
512.423828125,437.4735107421875,37.48302459716797,37.15338134765625,0.31388404965400696
633.2833862304688,558.1555786132812,37.852272033691406,36.926692962646484,0.3488391637802124
462.7095642089844,387.5625,37.74427795410156,37.057682037353516,0.34511128067970276
636.4810180664062,561.339111328125,37.143856048583984,37.65789794921875,0.3401668965816498
664.1052856445312,588.9617309570312,37.160701751708984,37.66396713256836,0.3189326226711273
611.7618408203125,536.5416870117188,37.48189163208008,37.396419525146484,0.3418375253677368
711.03125,635.764892578125,37.68516159057617,37.23617172241211,0.3450179100036621
557.2056884765625,482.1257019042969,37.84736633300781,36.90247344970703,0.3301554322242737
570.1925659179688,495.0754699707031,37.574859619140625,37.174495697021484,0.3677434027194977
603.5059814453125,528.219970703125,37.18624496459961,37.70473861694336,0.3951089680194855
409.5633544921875,334.2715759277344,37.21076583862305,37.70673751831055,0.37430402636528015
698.604736328125,623.44970703125,37.687744140625,37.12895584106445,0.33831876516342163
615.85693359375,540.6979370117188,38.420589447021484,36.35417175292969,0.38420096039772034
652.9088134765625,577.6576538085938,38.32292175292969,36.590415954589844,0.3378189206123352
727.9921264648438,652.7227172851562,37.46708297729492,37.43178939819336,0.370528906583786
583.56103515625,508.4310302734375,37.135318756103516,37.608707427978516,0.3859719932079315
674.6314697265625,599.4773559570312,37.01399230957031,37.781707763671875,0.3583860993385315
579.048095703125,503.6833190917969,37.07106018066406,37.938167572021484,0.35550835728645325
581.597412109375,506.2853698730469,37.38205337524414,37.55997085571289,0.37001684308052063
574.5867919921875,499.4375,38.261871337890625,36.5068244934082,0.38059625029563904
524.462890625,449.3630065917969,38.65791702270508,36.100341796875,0.3415980339050293
531.1475830078125,455.8909912109375,37.690582275390625,37.23388671875,0.33217334747314453
521.61669921875,446.1781311035156,37.024559020996094,38.076026916503906,0.337934285402298
525.3086547851562,450.0526428222656,36.307373046875,38.59065246582031,0.3579864501953125
410.56329345703125,335.3465881347656,36.52396011352539,38.3455810546875,0.347164511680603
584.459716796875,509.1648254394531,37.376590728759766,37.58586120605469,0.3324204087257385
464.4430236816406,389.19219970703125,37.85892105102539,37.05500793457031,0.33689191937446594
637.8884887695312,562.85546875,37.21995162963867,37.4679069519043,0.345149427652359
519.90966796875,444.7142639160156,37.12186050415039,37.72157287597656,0.35201823711395264
614.9571533203125,539.4988403320312,37.704566955566406,37.415802001953125,0.3378983736038208
535.1547241210938,459.80938720703125,38.05268859863281,36.957340240478516,0.33529773354530334
634.433837890625,559.2621459960938,37.832706451416016,36.993717193603516,0.34529560804367065
642.458740234375,567.4066772460938,37.406517028808594,37.298973083496094,0.3466412425041199
494.9233093261719,419.5572509765625,37.234920501708984,37.766536712646484,0.3645857870578766
434.3726806640625,358.93194580078125,37.507511138916016,37.57582092285156,0.35742756724357605
795.8336181640625,720.7158813476562,37.95962142944336,36.78592300415039,0.3721691370010376
760.5700073242188,685.635009765625,37.77168273925781,36.77712631225586,0.38624608516693115
560.6700439453125,485.3798522949219,36.89071273803711,38.060733795166016,0.33872780203819275
657.5125732421875,581.7919921875,37.153709411621094,38.13087463378906,0.43606358766555786
510.74920654296875,435.4642639160156,38.13716125488281,36.812767028808594,0.3349909484386444
612.4683837890625,537.4439086914062,38.46012878417969,36.22338104248047,0.3409353196620941
506.3006286621094,431.1939697265625,38.04827117919922,36.65657043457031,0.4018203616142273
523.9259033203125,448.60369873046875,37.61037063598633,37.361637115478516,0.350171834230423
446.0536193847656,370.6047058105469,37.340816497802734,37.762630462646484,0.34544622898101807
532.9358520507812,457.7072448730469,37.07965850830078,37.756229400634766,0.3927166163921356
427.8626708984375,352.61102294921875,37.37619400024414,37.530113220214844,0.3453240692615509
451.8262939453125,376.42156982421875,37.458126068115234,37.60441589355469,0.3421570062637329
466.8586120605469,391.39569091796875,37.93269348144531,37.1429443359375,0.3872867822647095
392.5362548828125,317.3921203613281,37.449153900146484,37.360477447509766,0.33450090885162354
424.28564453125,349.1768798828125,37.54851150512695,37.22151184082031,0.3387452960014343
375.4320068359375,300.1734619140625,37.78599166870117,37.10152053833008,0.37103158235549927
351.0514221191406,275.6882019042969,37.816280364990234,37.203834533691406,0.34310296177864075
424.92987060546875,349.562744140625,37.64339065551758,37.35775375366211,0.36595821380615234
308.89178466796875,233.4735870361328,37.39622497558594,37.6301383972168,0.39184972643852234
457.2421875,381.8433837890625,37.216556549072266,37.82328414916992,0.35898101329803467
373.4944763183594,298.18017578125,37.3231086730957,37.63801956176758,0.3531530201435089
483.1089782714844,407.9551086425781,37.325469970703125,37.48265075683594,0.34573793411254883
467.473876953125,392.2144775390625,37.53520202636719,37.37033462524414,0.35386061668395996
363.5795593261719,288.25115966796875,37.679080963134766,37.28830337524414,0.3610178232192993
419.2743225097656,343.9783020019531,37.781471252441406,37.169822692871094,0.3447326719760895
385.94207763671875,310.62384033203125,37.27757263183594,37.69748306274414,0.34317460656166077
451.11187744140625,375.69091796875,37.2744026184082,37.77519989013672,0.3713393211364746
320.585205078125,245.221435546875,37.43519973754883,37.55827713012695,0.37027308344841003
441.7249450683594,366.3083801269531,37.58533477783203,37.433956146240234,0.3972768485546112
401.3665466308594,326.0423583984375,37.7916259765625,37.149757385253906,0.38280391693115234
513.0203247070312,437.7894287109375,37.90022277832031,36.97624588012695,0.3544177711009979
464.32330322265625,389.0811462402344,37.74610900878906,37.147525787353516,0.3485105037689209
404.8271179199219,329.36236572265625,37.614505767822266,37.50326156616211,0.34697863459587097
408.55615234375,333.1433410644531,37.294246673583984,37.75283432006836,0.3657335042953491
519.9027099609375,444.6356201171875,37.41164016723633,37.50668716430664,0.3487337827682495
415.97564697265625,340.8250732421875,37.5589714050293,37.24538040161133,0.3462240993976593
472.2012634277344,396.7175598144531,37.51642990112305,37.6102294921875,0.3570536673069
408.8994140625,333.3483581542969,37.58030319213867,37.60242462158203,0.36834317445755005
645.0211791992188,569.961181640625,37.69868469238281,37.037105560302734,0.3242313861846924
518.81884765625,443.7176513671875,37.68352127075195,37.05776596069336,0.3599025309085846
558.4559326171875,482.85919189453125,36.292999267578125,38.93039321899414,0.37327128648757935
643.218994140625,567.4771118164062,36.63187789916992,38.62590026855469,0.4840841293334961
420.3395080566406,345.0176696777344,38.167503356933594,36.80323791503906,0.35110920667648315
745.88525390625,670.9380493164062,37.902164459228516,36.7221565246582,0.3228655159473419
444.0417785644531,369.0177917480469,37.975772857666016,36.716468811035156,0.3317478895187378
1180.6683349609375,1104.7030029296875,37.540794372558594,37.93027114868164,0.49428635835647583
1326.914306640625,1250.820068359375,36.989532470703125,38.69160079956055,0.4130804240703583
908.1585693359375,832.6094360351562,36.51614761352539,38.51206588745117,0.520876944065094
930.5032958984375,855.6822509765625,36.563228607177734,37.89348602294922,0.36434289813041687
1052.2530517578125,977.4154052734375,37.309627532958984,37.16138458251953,0.36662378907203674
837.2421875,762.0509643554688,38.34772491455078,36.46739196777344,0.37609246373176575
925.9561767578125,850.2454833984375,38.874080657958984,36.34659957885742,0.4899880588054657
805.3377075195312,729.6910400390625,38.29488754272461,36.985416412353516,0.36637842655181885
743.4882202148438,668.1306762695312,37.33392333984375,37.581687927246094,0.4419257342815399
764.530517578125,689.4717407226562,36.78165817260742,37.90279769897461,0.3743119537830353
805.5565185546875,730.0559692382812,36.09866714477539,38.95978546142578,0.44209182262420654
778.5241088867188,702.6629028320312,35.701019287109375,39.638755798339844,0.521484911441803
864.5791015625,789.2719116210938,36.26074981689453,38.71211624145508,0.33435338735580444
863.7066650390625,788.5656127929688,37.25232696533203,37.404903411865234,0.483795166015625
807.5155639648438,732.42333984375,38.53982162475586,36.195064544677734,0.35737344622612
841.8164672851562,766.4701538085938,39.52217102050781,35.5227165222168,0.30146524310112
752.7152709960938,677.2432250976562,39.71165466308594,35.456241607666016,0.30415329337120056
651.2642822265625,575.898193359375,39.12088394165039,35.933753967285156,0.3113805651664734
897.408203125,822.0936889648438,37.6573486328125,37.282535552978516,0.3746074438095093
761.3969116210938,686.105712890625,36.49543762207031,38.438594818115234,0.3571591079235077
808.5408935546875,733.2128295898438,36.507904052734375,38.491172790527344,0.32901766896247864
848.9859008789062,773.5352172851562,37.65554428100586,37.45098876953125,0.3441585600376129
697.5086669921875,622.0896606445312,38.781063079833984,36.32979965209961,0.30817481875419617
603.3095092773438,528.1161499023438,38.279361724853516,36.593624114990234,0.32039326429367065
798.8911743164062,723.817626953125,37.44705581665039,37.318389892578125,0.30805590748786926
586.4490356445312,511.2686767578125,37.65037536621094,37.230350494384766,0.29959139227867126
847.7030029296875,772.3045043945312,38.31346130371094,36.76633834838867,0.31863903999328613
841.470703125,765.9839477539062,38.592838287353516,36.56206130981445,0.3318693935871124
667.0267333984375,591.5906982421875,38.305908203125,36.818668365478516,0.31144121289253235
593.7274780273438,518.3239135742188,37.6984748840332,37.359046936035156,0.34602826833724976
698.5921630859375,623.344482421875,37.52223205566406,37.40921401977539,0.31619593501091003
596.671142578125,521.3968505859375,37.78916931152344,37.070858001708984,0.41426217555999756
725.4719848632812,650.1592407226562,37.799930572509766,37.20880126953125,0.30403244495391846
675.1802978515625,599.565185546875,37.370361328125,37.78485107421875,0.4599195718765259
659.9765014648438,584.489013671875,36.840999603271484,38.30785369873047,0.3385973274707794
630.6732788085938,555.268798828125,37.01224136352539,37.99759292602539,0.3945847451686859
679.3970336914062,604.14208984375,37.68581008911133,37.1937255859375,0.3754488229751587
606.5440673828125,531.3046875,38.0015754699707,36.929771423339844,0.3080282211303711
736.1235961914062,660.6322021484375,37.90922546386719,37.219329833984375,0.36286577582359314
649.5830688476562,574.0975952148438,37.78561019897461,37.40028381347656,0.2996427118778229
592.5211791992188,517.148193359375,37.557376861572266,37.49704360961914,0.318519651889801
618.5794067382812,543.2570190429688,37.26092529296875,37.748233795166016,0.3132162094116211
514.4085693359375,439.0024719238281,36.991607666015625,38.10456848144531,0.30993252992630005
524.8560180664062,449.3359069824219,37.02680969238281,38.1667594909668,0.32652023434638977
534.3190307617188,458.9097595214844,37.714054107666016,37.372615814208984,0.322602242231369
510.68896484375,435.4248962402344,38.16655731201172,36.80633544921875,0.2911721169948578
590.3679809570312,514.9010009765625,37.34418869018555,37.802791595458984,0.31999143958091736
535.1583251953125,459.5993347167969,36.67270278930664,38.56142044067383,0.32491204142570496
603.298828125,527.8942260742188,37.04525375366211,38.04355239868164,0.3158079981803894
572.3118286132812,497.0545654296875,38.02541732788086,36.93528747558594,0.2965866029262543
582.6148071289062,507.13134765625,38.42234802246094,36.69607925415039,0.36499252915382385
558.9443359375,483.33575439453125,37.88149642944336,37.3888053894043,0.33833047747612
605.1968994140625,529.6543579101562,37.50965881347656,37.626590728759766,0.40630167722702026
534.8886108398438,459.4339904785156,37.974918365478516,37.152584075927734,0.3271704912185669
615.9081420898438,540.3629760742188,37.81393814086914,37.36312484741211,0.3680839538574219
542.3185424804688,466.8493347167969,37.49648666381836,37.61222839355469,0.3604961633682251
674.7543334960938,599.3849487304688,37.72884750366211,37.29210662841797,0.3484537899494171
521.7132568359375,446.1936340332031,38.26206588745117,36.9433479309082,0.3141936659812927
676.4393920898438,600.8388671875,38.047847747802734,37.24711990356445,0.3055166006088257
591.6947631835938,516.1871948242188,37.4532585144043,37.73419189453125,0.3201189935207367
661.7239379882812,586.395751953125,37.02293395996094,37.96846008300781,0.336770623922348
587.3634033203125,512.0409545898438,37.60409927368164,37.370574951171875,0.3477770686149597
650.7783203125,575.204833984375,38.73309326171875,36.53334045410156,0.3070930540561676
584.1576538085938,508.5280456542969,38.402366638183594,36.93098068237305,0.296284943819046
581.1913452148438,505.6736145019531,37.23737716674805,37.93789291381836,0.3424861431121826
613.9163208007812,538.569091796875,36.951698303222656,38.06086349487305,0.3346812427043915
490.8293762207031,415.3969421386719,37.508365631103516,37.61286926269531,0.311193585395813
542.335693359375,466.8174743652344,37.58853530883789,37.607608795166016,0.32206451892852783
461.96539306640625,386.3466491699219,37.784610748291016,37.50442123413086,0.329707533121109
540.7388916015625,465.3190612792969,37.844276428222656,37.26994323730469,0.3056028485298157
424.5177001953125,349.04901123046875,37.965084075927734,37.202903747558594,0.3006874918937683
413.5122985839844,338.03240966796875,37.45624923706055,37.706485748291016,0.31718382239341736
448.3831787109375,372.7843017578125,37.35860824584961,37.91281509399414,0.327455073595047
435.80596923828125,360.3582763671875,37.44207000732422,37.67879867553711,0.3268195688724518
362.3635559082031,286.91790771484375,38.05002212524414,37.053768157958984,0.3418503999710083
403.2120361328125,327.6499938964844,37.860591888427734,37.38893508911133,0.3124883770942688
557.5853881835938,482.1538391113281,37.92477035522461,37.20832443237305,0.2984369099140167
362.73065185546875,287.23480224609375,37.378902435302734,37.81369400024414,0.30325233936309814
480.77703857421875,405.2901611328125,37.51707458496094,37.63652038574219,0.3332608640193939
496.0650634765625,420.4225769042969,37.21312713623047,38.082088470458984,0.3472605347633362
319.38531494140625,244.0192413330078,37.445716857910156,37.589759826660156,0.330595999956131
451.1156311035156,375.8092041015625,37.547386169433594,37.44629669189453,0.31275269389152527
302.2647705078125,226.7600555419922,37.70060729980469,37.48991012573242,0.3142063319683075
443.40447998046875,367.9888610839844,37.91445541381836,37.179134368896484,0.3220307528972626
294.2916564941406,218.78013610839844,37.7618522644043,37.4202995300293,0.3293806314468384
373.2451171875,297.74505615234375,37.659236907958984,37.51146697998047,0.32935234904289246
367.0421447753906,291.5693664550781,37.46002197265625,37.668785095214844,0.34397092461586
295.5465087890625,220.11737060546875,37.711551666259766,37.38763427734375,0.3299506902694702
383.3959045410156,307.9356384277344,37.70053482055664,37.43148422241211,0.3282613456249237
300.8200988769531,225.27618408203125,37.724124908447266,37.4921875,0.32761335372924805
370.2769775390625,294.8059997558594,37.6130256652832,37.53532409667969,0.322643518447876
348.6694030761719,273.220947265625,37.41843032836914,37.703006744384766,0.3270142674446106
326.7142333984375,251.19557189941406,37.54238510131836,37.63090515136719,0.345392644405365
342.71075439453125,267.27642822265625,37.357975006103516,37.73371887207031,0.34266144037246704
338.8808288574219,263.37939453125,37.73215103149414,37.44343185424805,0.3258608877658844
300.09771728515625,224.56976318359375,37.72288513183594,37.481204986572266,0.323853999376297
292.4103088378906,216.93243408203125,37.502899169921875,37.64850997924805,0.3264847695827484
322.2359619140625,246.78309631347656,37.46675491333008,37.64994812011719,0.33619654178619385
255.79483032226562,180.42604064941406,37.50330352783203,37.537845611572266,0.3276304006576538
346.4079895019531,270.7742004394531,37.70618438720703,37.586551666259766,0.341076135635376
235.99227905273438,160.3727569580078,37.624542236328125,37.65544128417969,0.3395388126373291
432.1771240234375,356.8405456542969,37.48250961303711,37.51174545288086,0.34231603145599365
330.7243347167969,255.45469665527344,37.493431091308594,37.43634033203125,0.33987751603126526
528.9545288085938,453.2065124511719,37.584068298339844,37.792484283447266,0.3714664578437805
388.8905029296875,313.1649169921875,37.838401794433594,37.53645324707031,0.3507208526134491
704.7813110351562,629.547119140625,38.031532287597656,36.88993835449219,0.3126862049102783
723.4618530273438,648.4248046875,38.00008010864258,36.72834777832031,0.30865371227264404
601.5162963867188,526.0183715820312,37.58783721923828,37.55028533935547,0.359824001789093
785.7648315429688,709.9495239257812,37.32820510864258,38.12150573730469,0.36561119556427
514.4596557617188,439.00457763671875,37.36943435668945,37.768455505371094,0.31722772121429443
505.50799560546875,430.3734436035156,37.695125579833984,37.147823333740234,0.29159015417099
562.812744140625,487.2666015625,37.64498519897461,37.5677375793457,0.33341890573501587
468.1118469238281,392.365234375,37.5507926940918,37.83355712890625,0.36226412653923035
556.7398071289062,481.35272216796875,37.47065353393555,37.576847076416016,0.33958932757377625
541.0601196289062,465.90362548828125,37.899147033691406,36.96240234375,0.2949676811695099
514.2651977539062,438.71728515625,37.67155075073242,37.551082611083984,0.32532045245170593
500.6665954589844,424.9468994140625,37.03585433959961,38.315711975097656,0.3681410849094391
492.405517578125,416.9800720214844,37.44405746459961,37.65904235839844,0.3223212957382202
552.1986083984375,476.95440673828125,38.27583694458008,36.61945724487305,0.3489338755607605
366.7471618652344,291.24212646484375,38.03329086303711,37.14612579345703,0.3256152868270874
525.3482666015625,449.6590576171875,36.453128814697266,38.840335845947266,0.39572980999946594
446.6767272949219,371.111328125,36.433624267578125,38.79651641845703,0.3352724611759186
356.700439453125,281.30841064453125,38.00881576538086,37.052616119384766,0.3306114673614502
420.1427307128906,344.6670227050781,38.3058967590332,36.85501480102539,0.3147973120212555
385.78729248046875,310.22247314453125,38.03380584716797,37.16913986206055,0.36187031865119934
356.3280944824219,280.8458557128906,37.8408203125,37.298221588134766,0.34321534633636475
298.0023193359375,222.587890625,37.9454231262207,37.131221771240234,0.3377838134765625
374.7725524902344,299.26287841796875,37.95505142211914,37.243160247802734,0.31147342920303345
301.4764709472656,225.94793701171875,37.902523040771484,37.3082275390625,0.3177852928638458
408.9998779296875,333.5148010253906,37.830257415771484,37.31617736816406,0.3386078178882599
324.4994812011719,249.1377410888672,37.471336364746094,37.55733871459961,0.33305689692497253
352.9167175292969,277.34027099609375,37.21763610839844,38.01310729980469,0.34567776322364807
354.8986511230469,279.3042907714844,37.441688537597656,37.83302688598633,0.3196372389793396
328.8959655761719,253.42877197265625,37.76997375488281,37.370967864990234,0.3262777626514435
344.99517822265625,269.5729675292969,37.60610580444336,37.4849739074707,0.33111992478370667
310.223876953125,234.7963409423828,37.47724914550781,37.62469482421875,0.3255924880504608
289.0730895996094,213.63345336914062,37.63015365600586,37.49118423461914,0.31828421354293823
306.2488708496094,230.695068359375,37.477989196777344,37.752906799316406,0.32291650772094727
290.8822937011719,215.298583984375,37.39236831665039,37.86262512207031,0.3286909759044647
273.9159851074219,198.30621337890625,37.61063003540039,37.64952850341797,0.3496001958847046
280.6155090332031,205.14688110351562,37.7063102722168,37.43387222290039,0.328431636095047
264.4835205078125,189.05877685546875,37.77978515625,37.31237030029297,0.33257678151130676
267.41796875,191.9314422607422,37.69110870361328,37.46643829345703,0.3289784789085388
258.2735290527344,182.645751953125,37.505165100097656,37.783939361572266,0.3386708199977875
270.80511474609375,195.22616577148438,37.437644958496094,37.803714752197266,0.33759090304374695
235.6710968017578,160.11843872070312,37.72003173828125,37.50069808959961,0.33192986249923706
264.39837646484375,188.89295959472656,37.79888153076172,37.376487731933594,0.3300440013408661
239.5043487548828,163.96438598632812,37.7906608581543,37.40951919555664,0.33978506922721863
235.0986785888672,159.58120727539062,37.71420669555664,37.46408462524414,0.339193731546402
250.15802001953125,174.61056518554688,37.63174819946289,37.57432556152344,0.34138965606689453
230.3638916015625,154.81590270996094,37.56099319458008,37.651405334472656,0.3356039226055145
245.38671875,169.76597595214844,37.710693359375,37.569435119628906,0.34060561656951904
224.2657928466797,148.69802856445312,37.67118835449219,37.551490783691406,0.34508123993873596
244.76507568359375,169.21067810058594,37.69561767578125,37.515193939208984,0.34358179569244385
209.8582763671875,134.3226776123047,37.71287155151367,37.48036575317383,0.3423585593700409
258.88812255859375,183.27069091796875,37.796199798583984,37.476078033447266,0.3451453447341919
212.306396484375,136.72389221191406,37.63247299194336,37.60194396972656,0.34808972477912903
237.85287475585938,162.29168701171875,37.69533920288086,37.52024841308594,0.3455958962440491
211.61827087402344,136.09820556640625,37.69780731201172,37.480140686035156,0.34211134910583496
257.712646484375,182.08424377441406,37.69552993774414,37.58202362060547,0.35085704922676086
196.76918029785156,121.1394271850586,37.545475006103516,37.73442840576172,0.3498448133468628
252.14474487304688,176.5576629638672,37.632362365722656,37.595481872558594,0.3592154383659363
197.4515838623047,121.9252700805664,37.709537506103516,37.47031784057617,0.34645384550094604
284.2922058105469,208.66009521484375,37.76483154296875,37.51219177246094,0.3550686538219452
185.70620727539062,110.08320617675781,37.60251235961914,37.66165542602539,0.3588431179523468
291.9934387207031,216.4126434326172,37.57636642456055,37.642051696777344,0.36235103011131287
214.7273712158203,139.1923828125,37.65435791015625,37.52330017089844,0.3573250472545624
345.6783752441406,269.95751953125,37.83681106567383,37.51145935058594,0.37257492542266846
243.63194274902344,167.97396850585938,37.696590423583984,37.57445526123047,0.3869169056415558
323.7713928222656,248.25689697265625,37.57785415649414,37.55817794799805,0.37848615646362305
254.61752319335938,179.11529541015625,37.66387939453125,37.4746208190918,0.3637205958366394
446.9604797363281,371.1986999511719,37.80219650268555,37.572933197021484,0.38664427399635315
344.7451171875,268.9798583984375,37.714359283447266,37.612548828125,0.43836772441864014
487.0643310546875,411.59930419921875,37.64725112915039,37.409976959228516,0.40779802203178406
420.96624755859375,345.4537048339844,37.76813888549805,37.31682586669922,0.4275815188884735
345.5320739746094,269.9385070800781,37.708011627197266,37.540950775146484,0.34461867809295654
368.6205139160156,292.8094482421875,37.52102279663086,37.845340728759766,0.4446927309036255
421.124755859375,345.6997375488281,37.46116638183594,37.61041259765625,0.35344332456588745
386.353271484375,310.8135070800781,37.73099136352539,37.400028228759766,0.4087477922439575
336.8350524902344,261.1904602050781,37.64625549316406,37.66238021850586,0.3359333574771881
349.8763122558594,274.1321105957031,37.26765060424805,38.08418273925781,0.392363578081131
349.4420471191406,273.9431457519531,37.28845977783203,37.87602615356445,0.3344234228134155
385.6732482910156,310.21563720703125,37.74092483520508,37.349159240722656,0.3675176799297333
257.2102355957031,181.63624572753906,37.800743103027344,37.436832427978516,0.33641475439071655
372.96923828125,297.2239074707031,37.32570266723633,38.05130386352539,0.3683196008205414
316.8729248046875,241.18740844726562,37.168907165527344,38.14894485473633,0.3676466643810272
260.1912536621094,184.62387084960938,37.745147705078125,37.478973388671875,0.34325119853019714
349.6116027832031,274.0984191894531,37.879940032958984,37.29353332519531,0.3396993577480316
214.70425415039062,139.1576385498047,37.92972183227539,37.281246185302734,0.33564266562461853
332.08013916015625,256.3697509765625,37.73233413696289,37.61459732055664,0.3634778559207916
308.8131103515625,233.10105895996094,37.62411880493164,37.732234954833984,0.35568708181381226
229.80819702148438,154.29888916015625,37.45889663696289,37.715328216552734,0.3350883722305298
351.2733459472656,275.63372802734375,37.81709289550781,37.46184158325195,0.3606872260570526
204.44464111328125,128.8590850830078,38.071903228759766,37.174110412597656,0.3395334482192993
344.9992980957031,269.3498840332031,37.81617736816406,37.47703170776367,0.3561955392360687
307.92718505859375,232.30859375,37.50045394897461,37.76675796508789,0.3513917624950409
301.70098876953125,226.06582641601562,37.5080680847168,37.76908874511719,0.35804712772369385
383.3868103027344,307.8927917480469,37.73076629638672,37.409446716308594,0.3537750542163849
222.9757843017578,147.3725128173828,38.10383224487305,37.1521110534668,0.34732410311698914
420.2559814453125,344.5728454589844,37.6124153137207,37.697261810302734,0.37345752120018005
388.3131103515625,312.6961669921875,37.224971771240234,38.05039978027344,0.34153857827186584
256.8216857910156,181.38027954101562,37.38019561767578,37.71660232543945,0.3445945680141449
395.9640808105469,320.1917419433594,38.12843704223633,37.28169631958008,0.36219608783721924
294.3983459472656,218.7409210205078,38.10856628417969,37.185325622558594,0.36353492736816406
327.3533020019531,251.86343383789062,37.77533721923828,37.375667572021484,0.33886420726776123
261.8064270019531,186.3258819580078,37.621116638183594,37.530860900878906,0.32859131693840027
416.0660400390625,340.26361083984375,37.62196350097656,37.81106185913086,0.36941081285476685
417.618896484375,341.7896423339844,37.490291595458984,37.95240783691406,0.3865257203578949
278.1919860839844,202.7178192138672,37.66625213623047,37.46075439453125,0.3471604287624359
403.46429443359375,327.8615417480469,37.91757583618164,37.30476379394531,0.380433052778244
315.3298034667969,239.80404663085938,37.43924331665039,37.71407699584961,0.3724426031112671
571.9202880859375,496.23016357421875,37.304073333740234,38.03376770019531,0.35227999091148376
394.262939453125,318.6666564941406,37.410404205322266,37.84498596191406,0.34086859226226807
577.5869140625,502.0950012207031,37.747989654541016,37.411949157714844,0.3319835960865021
610.8916625976562,535.3915405273438,38.06352233886719,37.099239349365234,0.33737075328826904
412.2651062011719,336.8422546386719,38.00741958618164,37.06074142456055,0.3547072112560272
568.39501953125,492.9571533203125,37.49732971191406,37.591758728027344,0.34880533814430237
462.933837890625,387.2050476074219,37.32175064086914,37.99012756347656,0.41693270206451416
476.7812194824219,401.1509704589844,37.53033447265625,37.759456634521484,0.3404488265514374
426.34417724609375,350.83154296875,37.406856536865234,37.736427307128906,0.3693515956401825
854.7448120117188,779.0759887695312,37.55389404296875,37.74298858642578,0.3719443082809448
753.7743530273438,678.1865844726562,37.92979431152344,37.248199462890625,0.40971678495407104
932.0306396484375,856.833984375,38.292152404785156,36.591243743896484,0.3132544457912445
975.7691650390625,900.6400146484375,38.334716796875,36.48809814453125,0.30632513761520386
730.3948974609375,655.059814453125,37.9257926940918,37.11524963378906,0.29406997561454773
677.4664306640625,601.9415893554688,37.35148239135742,37.84743118286133,0.3259531855583191
753.976806640625,678.4678344726562,36.947174072265625,38.21841049194336,0.34335657954216003
559.061279296875,483.46759033203125,36.88425064086914,38.27815246582031,0.4312487542629242
707.4286499023438,631.856689453125,37.241458892822266,38.004085540771484,0.32640159130096436
569.2493896484375,493.76708984375,37.744773864746094,37.31578826904297,0.42173004150390625
648.975830078125,573.7671508789062,37.93130874633789,36.95425796508789,0.3230704963207245
548.9056396484375,473.6377258300781,37.88298034667969,37.048851013183594,0.33613693714141846
637.7810668945312,562.2893676757812,37.790409088134766,37.343624114990234,0.35768836736679077
535.9248046875,460.47137451171875,37.75614929199219,37.37802505493164,0.3192148506641388
550.6278076171875,475.2916259765625,37.641014099121094,37.38213348388672,0.3130289316177368
533.1773681640625,457.8280944824219,37.48860168457031,37.53812789916992,0.3225046396255493
454.72552490234375,379.29510498046875,37.442378997802734,37.666770935058594,0.3212500512599945
505.0232849121094,429.5792236328125,37.636898040771484,37.47330093383789,0.33386585116386414
354.95550537109375,279.4462890625,37.89109802246094,37.25611877441406,0.3619930148124695
950.0816040039062,874.619140625,37.79574966430664,37.33393859863281,0.33277377486228943
883.92919921875,808.6605834960938,37.7240104675293,37.16254806518555,0.3821033239364624
694.0560302734375,619.1392822265625,37.753807067871094,36.85466384887695,0.30826887488365173
828.57080078125,753.5291137695312,37.75875473022461,36.979190826416016,0.3038018047809601
551.9494018554688,476.4681701660156,37.636348724365234,37.47993850708008,0.3649700880050659
558.5910034179688,482.9454040527344,37.266197204589844,38.027706146240234,0.3516772985458374
683.5283813476562,608.1989135742188,37.086708068847656,37.9201545715332,0.3225471079349518
545.373291015625,470.3084716796875,37.33505630493164,37.43479919433594,0.29501184821128845
687.641845703125,612.4615478515625,37.81686782836914,37.06153869628906,0.30187737941741943
702.2623291015625,626.9315795898438,38.03956604003906,36.986324310302734,0.30487579107284546
481.5570373535156,406.2183837890625,37.91438293457031,37.10974884033203,0.3145570456981659
460.0307922363281,384.7029113769531,37.61074447631836,37.38284683227539,0.3343029022216797
634.505615234375,559.162841796875,37.27632522583008,37.725460052490234,0.3409895598888397
566.0057373046875,490.7314758300781,37.00632095336914,37.92841720581055,0.33955204486846924
567.6475219726562,492.5258483886719,37.025611877441406,37.782894134521484,0.31316685676574707
645.8661499023438,570.71533203125,37.415653228759766,37.432804107666016,0.3023481070995331
372.84478759765625,297.5346374511719,37.87868881225586,37.12109375,0.310376912355423
375.11126708984375,299.7615966796875,37.821781158447266,37.201656341552734,0.3262384235858917
587.5330200195312,512.36181640625,37.48623275756836,37.350135803222656,0.33481091260910034
551.666015625,476.5267639160156,37.27224349975586,37.5272331237793,0.33977195620536804
522.2678833007812,446.9700012207031,37.265140533447266,37.707828521728516,0.32486504316329956
607.4652709960938,532.1576538085938,37.5014762878418,37.49393081665039,0.3122037947177887
505.9987487792969,430.88018798828125,37.82469940185547,36.97416305541992,0.3196994364261627
487.3076171875,412.1903991699219,37.74234390258789,37.056758880615234,0.3181202709674835
552.9815673828125,477.6100769042969,37.26152420043945,37.725440979003906,0.384499192237854
559.5720825195312,484.21875,37.03487777709961,37.96646499633789,0.3520050048828125
486.14862060546875,411.06219482421875,37.3275032043457,37.42971420288086,0.3291924297809601
545.1387939453125,470.1396789550781,37.65530776977539,37.03733825683594,0.3064391314983368
456.81781005859375,381.6348571777344,37.6474494934082,37.214359283447266,0.3211503326892853
506.1568298339844,430.85662841796875,37.384212493896484,37.58677673339844,0.3291916847229004
464.7496032714844,389.5770263671875,37.2172966003418,37.620418548583984,0.3348821997642517
531.4922485351562,456.3861083984375,37.298770904541016,37.483001708984375,0.3243803381919861
453.1614685058594,377.9478454589844,37.51863098144531,37.34852600097656,0.3464564085006714
554.0440673828125,478.7640686035156,37.60557556152344,37.31425857543945,0.36017629504203796
424.4368896484375,349.3277587890625,37.561885833740234,37.22943878173828,0.3178061246871948
507.33575439453125,432.2080383300781,37.57066345214844,37.19474792480469,0.36229923367500305
432.2173767089844,357.0147705078125,37.54465103149414,37.32614517211914,0.3318128287792206
475.95831298828125,400.66552734375,37.35990524291992,37.579463958740234,0.35341697931289673
426.5597839355469,351.3483581542969,37.22614669799805,37.596439361572266,0.38886746764183044
428.0858154296875,353.0142517089844,37.375762939453125,37.37174987792969,0.32402145862579346
402.7127990722656,327.5373229980469,37.593589782714844,37.232418060302734,0.3494446873664856
402.7856140136719,327.5255432128906,37.52305603027344,37.392799377441406,0.34425124526023865
396.8367004394531,321.6377258300781,37.343387603759766,37.52223205566406,0.3333408534526825
407.6298522949219,332.4337158203125,37.37375259399414,37.44675827026367,0.37565353512763977
373.1696472167969,297.9741516113281,37.50680160522461,37.35247802734375,0.3362085223197937
367.1617736816406,291.9177551269531,37.50014877319336,37.402748107910156,0.34111288189888
383.0921936035156,307.904296875,37.42493438720703,37.42559814453125,0.33737418055534363
351.4144287109375,276.2770690917969,37.4381103515625,37.375823974609375,0.3234303295612335
391.56585693359375,316.341796875,37.50150680541992,37.3756103515625,0.34693989157676697
354.7440490722656,279.4699401855469,37.51240921020508,37.42233657836914,0.33935651183128357
376.3900146484375,301.15191650390625,37.43198013305664,37.468971252441406,0.3371571898460388
341.7703857421875,266.5888366699219,37.338905334472656,37.51102066040039,0.33164912462234497
381.0821533203125,305.88580322265625,37.36091613769531,37.504127502441406,0.33134424686431885
346.5691223144531,271.33416748046875,37.530784606933594,37.36631774902344,0.3378630578517914
376.8907470703125,301.6607666015625,37.636146545410156,37.25872039794922,0.33510175347328186
345.3055419921875,270.0798645019531,37.54117202758789,37.34909439086914,0.33541929721832275
364.957275390625,289.7087097167969,37.39379119873047,37.519344329833984,0.3354124128818512
333.3957214355469,258.13525390625,37.4427604675293,37.47908020019531,0.338655561208725
365.27154541015625,290.04119873046875,37.57012939453125,37.32127380371094,0.3389275372028351
336.3246765136719,261.1088562011719,37.57585525512695,37.30196762084961,0.3379966914653778
344.1583251953125,268.90521240234375,37.48866271972656,37.426761627197266,0.33769381046295166
312.7029113769531,237.41519165039062,37.472904205322266,37.47496032714844,0.33986666798591614
359.9557189941406,284.6820983886719,37.502559661865234,37.4279899597168,0.34307539463043213
324.1318664550781,248.8839874267578,37.5206413269043,37.38449478149414,0.34274962544441223
340.07855224609375,264.8153991699219,37.52493667602539,37.39512634277344,0.34307488799095154
301.8173522949219,226.53013610839844,37.52695846557617,37.41831588745117,0.3419603407382965
360.3970947265625,285.09698486328125,37.52607727050781,37.428443908691406,0.34560632705688477
318.0132751464844,242.7238311767578,37.552371978759766,37.39175796508789,0.3452969193458557
339.80462646484375,264.52459716796875,37.572669982910156,37.36217498779297,0.34517619013786316
300.1794128417969,224.9077606201172,37.54264831542969,37.38473892211914,0.34426382184028625
352.37841796875,277.0829772949219,37.50503921508789,37.44397735595703,0.3464469611644745
306.7035827636719,231.37828063964844,37.53559875488281,37.44100570678711,0.3487021028995514
344.2293395996094,268.9010925292969,37.55789566040039,37.421512603759766,0.34885746240615845
299.3926696777344,224.1029815673828,37.51981735229492,37.424198150634766,0.3456633388996124
348.3540954589844,273.0656433105469,37.49191665649414,37.45005798339844,0.3464771509170532
298.5950012207031,223.26719665527344,37.53815460205078,37.440059661865234,0.34958407282829285
350.9884948730469,275.6332092285156,37.55025863647461,37.45228958129883,0.35273340344429016
298.6044616699219,223.28839111328125,37.51685333251953,37.44924545288086,0.3499755859375
348.453857421875,273.1569519042969,37.51915740966797,37.43019485473633,0.3475395143032074
293.0659484863281,217.73326110839844,37.57082748413086,37.4113883972168,0.3504504859447479
355.93316650390625,280.5623779296875,37.560604095458984,37.45720291137695,0.35295653343200684
300.934814453125,225.59823608398438,37.52720642089844,37.457149505615234,0.3522414565086365
343.09136962890625,267.7846374511719,37.53175735473633,37.425987243652344,0.34897950291633606
289.0993957519531,213.76356506347656,37.55600357055664,37.42911911010742,0.35069358348846436
356.52313232421875,281.1404113769531,37.54057693481445,37.48782730102539,0.354312926530838
302.7597351074219,227.4032745361328,37.5533561706543,37.44974136352539,0.3533645272254944
338.1079406738281,262.78472900390625,37.583248138427734,37.38911437988281,0.3508701026439667
285.9975891113281,210.65687561035156,37.558963775634766,37.429908752441406,0.35183921456336975
356.02972412109375,280.6443786621094,37.49691390991211,37.533199310302734,0.3552291691303253
302.4015808105469,227.03236389160156,37.52695083618164,37.48670959472656,0.3555506765842438
335.7406921386719,260.3978576660156,37.59449768066406,37.39478302001953,0.3535517454147339
285.7456359863281,210.3928680419922,37.571556091308594,37.427425384521484,0.3537965416908264
350.2030334472656,274.8170166015625,37.48863220214844,37.541988372802734,0.35538962483406067
297.0513000488281,221.677734375,37.50343322753906,37.51488494873047,0.3552573323249817
336.9842224121094,261.62152099609375,37.575199127197266,37.43201446533203,0.3554956614971161
288.443603515625,213.07144165039062,37.593387603759766,37.422977447509766,0.3558059632778168
340.1058654785156,264.7165222167969,37.550045013427734,37.4825553894043,0.3567591905593872
288.1347351074219,212.7638702392578,37.54147720336914,37.473934173583984,0.35547593235969543
340.9734191894531,265.5971374511719,37.556392669677734,37.46256637573242,0.357316792011261
292.099365234375,216.7058563232422,37.58106994628906,37.45436096191406,0.3580947518348694
331.69329833984375,256.29461669921875,37.589908599853516,37.45063781738281,0.35816583037376404
282.62982177734375,207.25863647460938,37.58332824707031,37.43147277832031,0.3563772141933441
341.0970764160156,265.7109069824219,37.5532341003418,37.47407531738281,0.3588501214981079
292.6322021484375,217.22035217285156,37.56303405761719,37.488521575927734,0.36028483510017395
327.195068359375,251.78530883789062,37.58939743041992,37.460960388183594,0.359390527009964
281.3842468261719,206.00880432128906,37.589691162109375,37.428871154785156,0.3568744361400604
336.18353271484375,260.78753662109375,37.555049896240234,37.480899810791016,0.3600582480430603
289.26788330078125,213.84051513671875,37.55821228027344,37.50675964355469,0.3623889982700348
326.7272033691406,251.30703735351562,37.574920654296875,37.483768463134766,0.3614944815635681
284.190673828125,208.80784606933594,37.57740783691406,37.447391510009766,0.3580473065376282
328.1145935058594,252.7074737548828,37.56181335449219,37.483829498291016,0.3614828884601593
285.5182800292969,210.07821655273438,37.56611633300781,37.5098991394043,0.36404696106910706
326.58538818359375,251.15809631347656,37.565948486328125,37.49794006347656,0.3633882999420166
288.6033020019531,213.21005249023438,37.5733642578125,37.4599723815918,0.3599344491958618
319.7620544433594,244.3376007080078,37.58087921142578,37.48012161254883,0.3634302020072937
283.95599365234375,208.5009765625,37.57961654663086,37.50978088378906,0.3656024932861328
323.8565368652344,248.42684936523438,37.55979919433594,37.505714416503906,0.36419394612312317
291.189208984375,215.78895568847656,37.57823944091797,37.460514068603516,0.36151358485221863
314.4886169433594,239.04469299316406,37.6075325012207,37.470760345458984,0.36562594771385193
285.4422912597656,209.9694366455078,37.59111404418945,37.514102935791016,0.3676512539386749
318.9833679199219,243.55087280273438,37.54671859741211,37.520965576171875,0.36480340361595154
291.1607666015625,215.75311279296875,37.57575607299805,37.469032287597656,0.36285310983657837
313.32049560546875,237.85552978515625,37.62870788574219,37.468265533447266,0.367990106344223
288.8436584472656,213.35440063476562,37.60651779174805,37.51310729980469,0.36961987614631653
314.0231018066406,238.5896453857422,37.543453216552734,37.52470779418945,0.36530378460884094
289.2932434082031,213.87753295898438,37.572593688964844,37.47908020019531,0.3640463948249817
315.2584228515625,239.76986694335938,37.63723373413086,37.48069763183594,0.37061795592308044
291.89984130859375,216.3944854736328,37.62194061279297,37.511714935302734,0.3717038035392761
311.07867431640625,235.64535522460938,37.560298919677734,37.507240295410156,0.36579322814941406
286.5740661621094,211.1513671875,37.582340240478516,37.47545623779297,0.3648873269557953
318.88330078125,243.37188720703125,37.636417388916016,37.50204086303711,0.37295836210250854
293.1872253417969,217.66583251953125,37.62894058227539,37.5186653137207,0.37377500534057617
310.59942626953125,235.16421508789062,37.583194732666016,37.485408782958984,0.36660709977149963
283.2580871582031,207.8288116455078,37.59498596191406,37.46855163574219,0.3657621443271637
323.0526123046875,247.52210998535156,37.626155853271484,37.52947235107422,0.37487220764160156
292.498779296875,216.96343994140625,37.62657165527344,37.5330810546875,0.3756674826145172
311.4212341308594,235.98095703125,37.601016998291016,37.47157287597656,0.3677127957344055
279.2471923828125,203.809814453125,37.60163497924805,37.468833923339844,0.3669017553329468
326.4842834472656,250.93881225585938,37.611629486083984,37.55735397338867,0.3764992952346802
290.13653564453125,214.5903778076172,37.6214599609375,37.547359466552734,0.3773423433303833
311.9425048828125,236.49478149414062,37.612422943115234,37.466339111328125,0.36896955966949463
274.7343444824219,199.28700256347656,37.605525970458984,37.47359085083008,0.3682332932949066
327.933837890625,252.3756866455078,37.60566329956055,37.574466705322266,0.3780325651168823
286.6491394042969,211.09320068359375,37.62228012084961,37.55459213256836,0.37905293703079224
311.1631164550781,235.705810546875,37.61839294433594,37.46842956542969,0.3704521954059601
270.5671081542969,195.10894775390625,37.610137939453125,37.478328704833984,0.3696986138820648
326.4136047363281,250.8451690673828,37.61405944824219,37.57498550415039,0.3794088661670685
282.5373229980469,206.97206115722656,37.630210876464844,37.554420471191406,0.3806495666503906
309.0669860839844,233.59815979003906,37.616695404052734,37.48002624511719,0.3721120059490204
267.564208984375,192.09442138671875,37.612430572509766,37.48604965209961,0.37129297852516174
322.21966552734375,246.64242553710938,37.63225173950195,37.56424331665039,0.3807393014431
278.4999694824219,202.92538452148438,37.64303207397461,37.54953384399414,0.3820324242115021
306.2139587402344,230.732421875,37.60962677001953,37.4981575012207,0.37374991178512573
265.8880920410156,190.40623474121094,37.61117172241211,37.497745513916016,0.3729184865951538
316.79248046875,241.206787109375,37.652339935302734,37.551246643066406,0.3821250796318054
275.13006591796875,199.5458984375,37.657047271728516,37.54383850097656,0.3832954466342926
303.2692565917969,227.7751922607422,37.60187911987305,37.516944885253906,0.37525302171707153
265.01043701171875,189.5168914794922,37.607547760009766,37.51151657104492,0.37448063492774963
311.92279052734375,236.3279266357422,37.66751480102539,37.54374694824219,0.38360822200775146
272.872802734375,197.27821350097656,37.669063568115234,37.540950775146484,0.3845806121826172
300.5712890625,225.06541442871094,37.598758697509766,37.53049087524414,0.37662866711616516
264.323974609375,188.81944274902344,37.60563659667969,37.52295684814453,0.3759317398071289
308.5096740722656,232.90460205078125,37.67656326293945,37.54332733154297,0.3851480484008789
271.6444396972656,196.03883361816406,37.67945861816406,37.5402717590332,0.38587188720703125
298.1711730957031,222.6544952392578,37.604278564453125,37.53449249267578,0.3778996467590332
263.3412780761719,187.82635498046875,37.60776138305664,37.52988815307617,0.3772951066493988
306.6328430175781,231.0165557861328,37.67794418334961,37.55164337158203,0.3867327868938446
271.04541015625,195.42857360839844,37.68503189086914,37.54464340209961,0.38716447353363037
295.97406005859375,220.44769287109375,37.61508560180664,37.53221130371094,0.37908414006233215
261.8074035644531,186.2822723388672,37.613162994384766,37.53336715698242,0.378603458404541
305.8614196777344,230.23275756835938,37.67424392700195,37.566070556640625,0.3883485496044159
270.5546569824219,194.92649841308594,37.6862678527832,37.553375244140625,0.3885047733783722
293.9776611328125,218.44236755371094,37.627540588378906,37.52751159667969,0.38024675846099854
259.8892517089844,184.35414123535156,37.62124252319336,37.53396987915039,0.37986841797828674
305.3883056640625,229.7470245361328,37.67104721069336,37.58036804199219,0.389902800321579
269.7691955566406,194.12977600097656,37.6866569519043,37.56289291381836,0.38986653089523315
292.0973815917969,216.55323791503906,37.63846206665039,37.52425765991211,0.3814455270767212
257.9049072265625,182.35992431640625,37.629920959472656,37.5339241027832,0.38113272190093994
304.4920349121094,228.83848571777344,37.67193603515625,37.59024429321289,0.39136984944343567
268.54888916015625,192.8983917236328,37.68882751464844,37.57041931152344,0.39124003052711487
290.2762145996094,214.72288513183594,37.6455078125,37.52513122558594,0.38269278407096863
256.2059326171875,180.65103149414062,37.637046813964844,37.53543472290039,0.38240891695022583
302.8441467285156,227.1790008544922,37.67812728881836,37.59426498413086,0.39275285601615906
266.9536437988281,191.29229736328125,37.694129943847656,37.574623107910156,0.3926035165786743
288.64276123046875,213.08016967773438,37.64790725708008,37.53073501586914,0.38395318388938904
255.01513671875,179.45057678222656,37.64100646972656,37.53987121582031,0.3836771249771118
300.6195983886719,224.94334411621094,37.688236236572266,37.593929290771484,0.39408162236213684
265.1518249511719,189.47972106933594,37.70216369628906,37.57597351074219,0.3939397931098938
287.3723449707031,211.80068969726562,37.646610260009766,37.53986740112305,0.3851839303970337
254.26943969726562,178.69554138183594,37.641387939453125,37.54759216308594,0.3849157392978668
298.2735900878906,222.58644104003906,37.69960021972656,37.592185974121094,0.3953652083873749
263.29400634765625,187.61151123046875,37.71208190917969,37.5751953125,0.39521166682243347
286.5009765625,210.92076110839844,37.64414978027344,37.54972839355469,0.3863598108291626
253.67633056640625,178.09327697753906,37.639137268066406,37.55777359008789,0.38613173365592957
296.2167663574219,220.51869201660156,37.70936584472656,37.592098236083984,0.3966093361377716
261.4859619140625,185.79359436035156,37.722496032714844,37.5734977722168,0.3963920772075653
285.8451232910156,210.25685119628906,37.643280029296875,37.5574951171875,0.3874804377555847
252.91017150878906,177.31800842285156,37.636234283447266,37.568599700927734,0.3873360753059387
294.6160888671875,218.90713500976562,37.716064453125,37.595088958740234,0.3977963626384735
259.8087463378906,184.1070098876953,37.732215881347656,37.57200622558594,0.3974839448928833
285.10052490234375,209.50454711914062,37.64555358886719,37.56184768676758,0.3885820209980011
251.7978973388672,176.19650268554688,37.634578704833984,37.57828140258789,0.38853684067726135
293.37841796875,217.65878295898438,37.71969223022461,37.60101318359375,0.3989205062389374
258.3117370605469,182.60107421875,37.7403564453125,37.5717658996582,0.3985268473625183
284.0550537109375,208.45135498046875,37.651004791259766,37.56300354003906,0.38970744609832764
250.39198303222656,174.78143310546875,37.63545608520508,37.585391998291016,0.38971441984176636
292.320068359375,216.59019470214844,37.721397399902344,37.60849380493164,0.39998331665992737
257.0177917480469,181.29832458496094,37.74632263183594,37.57359313964844,0.39956435561180115
282.7231140136719,207.11143493652344,37.65811538696289,37.562686920166016,0.3908747732639313
248.8873291015625,173.267822265625,37.639034271240234,37.58962631225586,0.3908447027206421
291.3022766113281,215.56268310546875,37.72272872924805,37.61585235595703,0.40101149678230286
255.86178588867188,180.13348388671875,37.750083923339844,37.57758712768555,0.4006214141845703
281.3077392578125,205.68785095214844,37.66495895385742,37.562862396240234,0.3920571208000183
247.4540252685547,171.82583618164062,37.64482498168945,37.591461181640625,0.39191263914108276
290.2298889160156,214.48106384277344,37.72523498535156,37.62156295776367,0.4020357131958008
254.67283630371094,178.9358367919922,37.75214767456055,37.5831413269043,0.40169569849967957
280.0146484375,204.38636779785156,37.66994857788086,37.56509780883789,0.3932107985019684
246.15293884277344,170.51611328125,37.6517219543457,37.59217071533203,0.3929305374622345
288.9928894042969,213.2353057861328,37.729618072509766,37.62490463256836,0.40307000279426575
253.2702178955078,177.52490234375,37.7531852722168,37.58935546875,0.40276899933815
278.90283203125,203.26593017578125,37.67219924926758,37.57038497924805,0.39430463314056396
244.9731903076172,169.3275146484375,37.658504486083984,37.59323501586914,0.39392855763435364
287.4501647949219,211.684326171875,37.735923767089844,37.625797271728516,0.4041067063808441
251.57176208496094,175.8186492919922,37.754024505615234,37.595252990722656,0.4038248360157013
277.8790283203125,202.23313903808594,37.671974182128906,37.57858657836914,0.3953310251235962
243.886962890625,168.23204040527344,37.66444778442383,37.59555435180664,0.394934743642807
285.5248107910156,209.75131225585938,37.743595123291016,37.6247673034668,0.40513908863067627
249.63388061523438,173.87350463867188,37.75534439086914,37.60017395019531,0.4048611521720886
276.82135009765625,201.1660614013672,37.6704216003418,37.58857345581055,0.3962993919849396
242.86721801757812,167.2025604248047,37.669437408447266,37.599266052246094,0.3959605097770691
283.285400390625,207.504638671875,37.751766204833984,37.62281799316406,0.4061746895313263
247.5872802734375,171.82000732421875,37.75752258300781,37.60386657714844,0.4058866798877716
275.6643371582031,199.99935913085938,37.6689338684082,37.59882736206055,0.39722588658332825
241.86508178710938,166.19029235839844,37.67357635498047,37.60422134399414,0.39700832962989807
280.89813232421875,205.1103057861328,37.759315490722656,37.62128829956055,0.40723535418510437
245.5556182861328,169.78170776367188,37.76048278808594,37.60652160644531,0.4069107174873352
274.36968994140625,198.6948699951172,37.668731689453125,37.60795593261719,0.398127943277359
240.80555725097656,165.12030029296875,37.67720031738281,37.609989166259766,0.3980769217014313
278.5171813964844,202.7222137451172,37.765380859375,37.62124252319336,0.40834149718284607
243.6215057373047,167.84103393554688,37.763954162597656,37.608577728271484,0.4079402685165405
272.9139709472656,197.229248046875,37.67060852050781,37.61509704589844,0.3990246057510376
239.64920043945312,163.9532928466797,37.680904388427734,37.615840911865234,0.39915764331817627
276.2358093261719,200.43360900878906,37.769752502441406,37.622955322265625,0.4095000922679901
241.84608459472656,166.05892944335938,37.767581939697266,37.610595703125,0.40897858142852783
271.31097412109375,195.6162567138672,37.67460632324219,37.62018585205078,0.3999326825141907
238.416748046875,162.7102508544922,37.685115814208984,37.621131896972656,0.4002346694469452
274.1170654296875,198.30746459960938,37.772666931152344,37.62622833251953,0.4107067883014679
240.2574920654297,164.4633331298828,37.77093505859375,37.61320114135742,0.4100177586078644
269.6477966308594,193.94305419921875,37.680240631103516,37.623653411865234,0.4008570909500122
237.1638946533203,161.4470672607422,37.69024658203125,37.62529373168945,0.40128716826438904
272.1966247558594,196.37945556640625,37.774715423583984,37.630489349365234,0.4119465947151184
238.8235626220703,163.02203369140625,37.77364730834961,37.61683654785156,0.41104212403297424
268.0435485839844,192.32875061035156,37.68666458129883,37.6263427734375,0.40179651975631714
235.9422607421875,160.21539306640625,37.696311950683594,37.62824630737305,0.4023049473762512
270.45953369140625,194.6347198486328,37.77656936645508,37.63502502441406,0.4131961762905121
237.46803283691406,161.6588134765625,37.775489807128906,37.621707916259766,0.4120294749736786
266.59222412109375,190.86734008789062,37.69290542602539,37.629249572753906,0.40274858474731445
234.79937744140625,159.0627899169922,37.7032356262207,37.63007354736328,0.40328922867774963
268.8365478515625,193.00404357910156,37.77899932861328,37.63905334472656,0.414431095123291
236.11766052246094,160.3004913330078,37.77654266357422,37.62767028808594,0.41296321153640747
265.3404846191406,189.60540771484375,37.69830322265625,37.633052825927734,0.4037093222141266
233.7789306640625,158.03282165527344,37.71095275878906,37.63090133666992,0.40424680709838867
267.2532958984375,191.41314697265625,37.78267288208008,37.64186096191406,0.41563260555267334
234.7261505126953,158.90089416503906,37.77702331542969,37.634403228759766,0.4138294458389282
264.30462646484375,188.55938720703125,37.70237350463867,37.63819122314453,0.4046710729598999
232.90615844726562,157.15069580078125,37.719207763671875,37.63105773925781,0.4051908254623413
265.6496276855469,189.80177307128906,37.78781509399414,37.64327621459961,0.4167858958244324
233.25645446777344,157.423095703125,37.777103424072266,37.64162826538086,0.41462022066116333
263.47406005859375,187.71868896484375,37.70491027832031,37.64482116699219,0.4056275188922882
232.1785125732422,156.41371154785156,37.727622985839844,37.631038665771484,0.4061391055583954
263.9757385253906,188.1201171875,37.7943115234375,37.6434211730957,0.41787412762641907
231.69244384765625,155.85108947753906,37.776973724365234,37.64903259277344,0.4153377413749695
262.79827880859375,187.03285217285156,37.706050872802734,37.65278244018555,0.40657755732536316
231.57666015625,155.80242919921875,37.735958099365234,37.631168365478516,0.4071095585823059
262.2024230957031,186.3390655517578,37.80195617675781,37.642520904541016,0.418878436088562
230.05316162109375,154.20396423339844,37.77687072753906,37.65632629394531,0.41599559783935547
262.2152404785156,186.4398956298828,37.70623779296875,37.66158676147461,0.40752285718917847
231.07994079589844,155.29612731933594,37.74415588378906,37.63154602050781,0.4081137776374817
260.3368835449219,184.46572875976562,37.810264587402344,37.641075134277344,0.4197860062122345
228.3810272216797,152.52418518066406,37.77688980102539,37.663352966308594,0.4166118800640106
261.6731872558594,185.88804626464844,37.70607376098633,37.67060089111328,0.4084639847278595
230.65635681152344,154.86277770996094,37.75221252441406,37.63219451904297,0.40915757417678833
258.42523193359375,182.5463104248047,37.818721771240234,37.63959503173828,0.42059504985809326
226.727783203125,150.8634490966797,37.777015686035156,37.67011260986328,0.4172029197216034
261.12640380859375,185.33163452148438,37.706085205078125,37.679298400878906,0.4094049334526062
230.26693725585938,154.46343994140625,37.76014709472656,37.633094787597656,0.41024163365364075
256.5276184082031,180.64089965820312,37.82679748535156,37.638607025146484,0.42131146788597107
225.1487274169922,149.27706909179688,37.77718734741211,37.67668151855469,0.41777947545051575
260.53448486328125,184.73019409179688,37.706748962402344,37.68720626831055,0.41035163402557373
229.87655639648438,154.06300354003906,37.768104553222656,37.63407516479492,0.4113638699054718
254.7071075439453,178.81260681152344,37.83414077758789,37.638427734375,0.42194339632987976
223.70126342773438,147.82240295410156,37.777313232421875,37.68319320678711,0.41834887862205505
259.8658752441406,184.05213928222656,37.70830535888672,37.694122314453125,0.411312073469162
229.4611053466797,153.6374053955078,37.77621078491211,37.63496780395508,0.4125179350376129
253.01853942871094,177.11627197265625,37.84051513671875,37.639251708984375,0.4225045442581177
222.4256591796875,146.53965759277344,37.77724075317383,37.68984603881836,0.41891804337501526
259.11444091796875,183.29129028320312,37.71087646484375,37.699989318847656,0.4122920334339142
229.01634216308594,153.1824493408203,37.784645080566406,37.63554763793945,0.4136923849582672
251.49221801757812,175.58224487304688,37.84590530395508,37.64107131958008,0.4230075180530548
221.33700561523438,145.44381713867188,37.77683639526367,37.69684982299805,0.41948947310447693
258.2987365722656,182.4661407470703,37.71440887451172,37.70490646362305,0.4132966697216034
228.5617218017578,152.7176971435547,37.79347610473633,37.635684967041016,0.4148758053779602
250.12384033203125,174.20623779296875,37.850364685058594,37.643775939941406,0.423466295003891
220.4258575439453,144.52540588378906,37.776004791259766,37.70439147949219,0.42006415128707886
257.4570617675781,181.61489868164062,37.71882247924805,37.70901107788086,0.4143274426460266
228.14111328125,152.28700256347656,37.80290603637695,37.63514709472656,0.4160541594028473
248.88388061523438,172.95875549316406,37.854061126708984,37.64717102050781,0.4238855540752411
219.6608428955078,143.75294494628906,37.77457046508789,37.712684631347656,0.42064133286476135
256.6546630859375,180.80284118652344,37.72392272949219,37.7125358581543,0.41538599133491516
227.8214569091797,151.95741271972656,37.81299591064453,37.63382339477539,0.4172150492668152
247.71351623535156,171.78102111816406,37.85708236694336,37.65114212036133,0.4242638647556305
218.99452209472656,143.07896423339844,37.772377014160156,37.721946716308594,0.4212188422679901
255.96267700195312,180.1009521484375,37.72959899902344,37.71565628051758,0.41647329926490784
227.68309020996094,151.80931091308594,37.82388687133789,37.631553649902344,0.41834497451782227
246.540771484375,170.60108947753906,37.85963439941406,37.655452728271484,0.4245956242084503
218.3796844482422,142.4562530517578,37.76932144165039,37.73231506347656,0.4217933714389801
255.45321655273438,179.58139038085938,37.7357063293457,37.71853256225586,0.41758841276168823
227.80825805664062,151.92489624023438,37.83573532104492,37.62819290161133,0.4194319546222687
245.3035125732422,169.3568115234375,37.861820220947266,37.659996032714844,0.4248761236667633
217.78778076171875,141.85621643066406,37.76518249511719,37.7440185546875,0.42236092686653137
255.18690490722656,179.3047637939453,37.74215316772461,37.72127151489258,0.41872310638427734
228.27719116210938,152.38446044921875,37.84866714477539,37.62360763549805,0.4204634726047516
243.9541015625,168.0006103515625,37.8637809753418,37.664608001708984,0.42510050535202026
217.2156982421875,141.27577209472656,37.759822845458984,37.75718688964844,0.42291221022605896
255.20094299316406,179.3082733154297,37.748897552490234,37.72391128540039,0.4198620021343231
229.15606689453125,153.25411987304688,37.86284637451172,37.61765670776367,0.421425998210907
242.4812774658203,166.52117919921875,37.86558532714844,37.669254302978516,0.4252660572528839
216.7026824951172,140.7541961669922,37.753055572509766,37.77200698852539,0.42343732714653015
255.5108184814453,179.6074981689453,37.755897521972656,37.726436614990234,0.4209761321544647
230.5011444091797,154.59019470214844,37.87844467163086,37.61019515991211,0.42230626940727234
240.91197204589844,164.94541931152344,37.867210388183594,37.67397689819336,0.4253702461719513
216.33029174804688,140.37303161621094,37.74467468261719,37.78866195678711,0.42392122745513916
256.11932373046875,180.20538330078125,37.763179779052734,37.7287483215332,0.422020822763443
232.3673858642578,156.44761657714844,37.89567947387695,37.601016998291016,0.42308518290519714
239.31333923339844,163.34046936035156,37.86865234375,37.678802490234375,0.425411194562912
216.21871948242188,140.25257873535156,37.73445510864258,37.80733871459961,0.42434728145599365
257.0252990722656,181.10089111328125,37.77075958251953,37.7307243347168,0.42293766140937805
234.81422424316406,158.8858184814453,37.914730072021484,37.58993148803711,0.4237370491027832
237.7940216064453,161.81495666503906,37.86983871459961,37.683837890625,0.42538222670555115
216.52716064453125,140.55206298828125,37.72211837768555,37.82828140258789,0.42469245195388794
258.2400817871094,182.30557250976562,37.778541564941406,37.73232650756836,0.42365315556526184
237.92245483398438,161.9857177734375,37.93581771850586,37.576683044433594,0.424224853515625
236.49644470214844,160.51133728027344,37.87078094482422,37.68905258178711,0.4252701997756958
217.4458770751953,141.4618682861328,37.70732498168945,37.85176086425781,0.4249262511730194
259.79547119140625,183.85142517089844,37.78623962402344,37.73373031616211,0.4240800142288208
241.8043212890625,165.8596649169922,37.959163665771484,37.56099319458008,0.4244990646839142
235.59225463867188,159.60134887695312,37.87161636352539,37.69424057006836,0.4250544309616089
219.2146759033203,143.2218780517578,37.68960189819336,37.878196716308594,0.42500874400138855
261.7139587402344,185.76112365722656,37.79328536987305,37.735416412353516,0.4241192638874054
246.60614013671875,170.6540985107422,37.98501968383789,37.54252624511719,0.42449674010276794
235.2837371826172,159.28749084472656,37.872642517089844,37.698917388916016,0.424701988697052
222.16456604003906,146.16322326660156,37.668338775634766,37.908119201660156,0.42488688230514526
263.95208740234375,187.991455078125,37.79852294921875,37.738468170166016,0.4236581027507782
252.50048828125,176.54177856445312,38.01348876953125,37.52109146118164,0.4241396188735962
235.80650329589844,159.80567932128906,37.874332427978516,37.702335357666016,0.4241694211959839
226.78353881835938,150.7740478515625,37.64282989501953,37.94216537475586,0.4244973361492157
266.2962646484375,190.3289031982422,37.80018615722656,37.744606018066406,0.422563761472702
259.6578369140625,183.6933135986328,38.04447937011719,37.49671173095703,0.42333248257637024
237.446533203125,161.44224548339844,37.877349853515625,37.703521728515625,0.42341530323028564
233.80612182617188,157.78907775878906,37.612640380859375,37.98063659667969,0.42377081513404846
268.2454833984375,192.27281188964844,37.795562744140625,37.75642776489258,0.4206724464893341
268.1858825683594,192.2165069580078,38.07704162597656,37.47037887573242,0.4219602346420288
240.55441284179688,164.54820251464844,37.882415771484375,37.70138931274414,0.42241573333740234
244.21774291992188,168.19398498535156,37.578182220458984,38.02293014526367,0.42264240980148315
268.9953308105469,193.01914978027344,37.78079605102539,37.77761459350586,0.41779825091362
278.05908203125,202.08567810058594,38.10855484008789,37.44495391845703,0.41988256573677063
245.47518920898438,169.46885681152344,37.890167236328125,37.69495391845703,0.4212031662464142
258.9948425292969,182.9657440185547,37.541831970214844,38.06618881225586,0.42107704281806946
267.7458190917969,191.7681121826172,37.75148010253906,37.812435150146484,0.4137856662273407
289.01702880859375,213.04013061523438,38.133304595947266,37.42668151855469,0.41693222522735596
252.2663116455078,176.26202392578125,37.901214599609375,37.68315124511719,0.4199242889881134
278.3048095703125,202.27255249023438,37.50912094116211,38.10401916503906,0.41911518573760986
264.3126220703125,188.33511352539062,37.705257415771484,37.863582611083984,0.4086746871471405
300.2546691894531,224.27415466308594,38.14194107055664,37.425636291503906,0.4129241108894348
260.061279296875,184.06141662597656,37.91716003417969,37.66373062133789,0.4189746677875519
300.4512634277344,224.41909790039062,37.4892692565918,38.12593078613281,0.41697511076927185
258.3243408203125,182.34645080566406,37.64454650878906,37.93033981323242,0.4030054211616516
308.4383850097656,232.45346069335938,38.1217155456543,37.45534896850586,0.40785935521125793
266.52191162109375,190.52772521972656,37.944759368896484,37.630062103271484,0.41936177015304565
321.84185791015625,245.81459045410156,37.49728012084961,38.11485290527344,0.41516628861427307
242.16404724121094,166.1797332763672,37.57423400878906,38.011600494384766,0.39848196506500244
296.0121154785156,220.01800537109375,38.066959381103516,37.52389907836914,0.4032701253890991
285.1960144042969,209.20030212402344,37.97959899902344,37.59275817871094,0.4233848452568054
333.6592712402344,257.65155029296875,37.56424331665039,38.0296516418457,0.41382887959480286
202.3726043701172,126.37971496582031,37.54011535644531,38.05531311035156,0.39745762944221497
241.85862731933594,165.829833984375,38.0825080871582,37.53974151611328,0.40653830766677856
465.1145324707031,389.12841796875,37.72610855102539,37.83211135864258,0.42787933349609375
490.88720703125,414.9706726074219,37.42705535888672,38.08082580566406,0.40864551067352295
226.6394805908203,150.72738647460938,37.722450256347656,37.80685806274414,0.38279780745506287
699.099609375,623.0037231445312,38.1883544921875,37.505287170410156,0.40221062302589417
407.9329528808594,331.8585205078125,38.271522521972656,37.376529693603516,0.42639294266700745
1149.5941162109375,1073.7762451171875,37.555030822753906,37.87189865112305,0.3908541798591614
1694.080078125,1618.45556640625,37.178672790527344,38.0648307800293,0.38100308179855347
1158.846435546875,1083.41259765625,37.22504425048828,37.86408233642578,0.34462177753448486
586.6860961914062,511.0835876464844,37.585514068603516,37.691490173339844,0.32550838589668274
838.1372680664062,762.0880737304688,37.721920013427734,37.95865249633789,0.3685903251171112
648.4982299804688,572.4259033203125,37.44132614135742,38.22321701049805,0.4077889323234558
464.1259460449219,388.2976379394531,36.99177551269531,38.44232940673828,0.39418476819992065
636.8919067382812,561.1445922851562,36.623531341552734,38.756996154785156,0.36674320697784424
511.1979675292969,435.39422607421875,37.15395736694336,38.29086685180664,0.358906626701355
554.7625122070312,478.89630126953125,37.98215866088867,37.52511215209961,0.3589382469654083
430.9338684082031,355.1455993652344,38.13982009887695,37.276432037353516,0.3720049560070038
578.1239624023438,502.29168701171875,37.78240966796875,37.64944839477539,0.4004190266132355
282.6484680175781,206.7077178955078,37.522499084472656,38.066951751708984,0.3512749969959259
873.1415405273438,797.0439453125,37.48720932006836,38.24465560913086,0.36578309535980225
1022.609375,946.6994018554688,37.31478500366211,38.23771667480469,0.35748589038848877
723.5150146484375,648.0157470703125,37.047210693359375,38.118446350097656,0.3335592746734619
565.8192749023438,490.31365966796875,37.099464416503906,38.0351676940918,0.37095099687576294
928.2075805664062,852.271484375,37.61355972290039,37.93244552612305,0.3900473415851593
781.543212890625,705.3543090820312,38.288326263427734,37.508358001708984,0.3921854794025421
497.2898254394531,421.20947265625,38.9880256652832,36.72674560546875,0.3655751347541809
460.1508483886719,384.3564758300781,39.42121505737305,36.033790588378906,0.3393978774547577
579.287841796875,503.5753173828125,39.167110443115234,36.199073791503906,0.346305787563324
472.9266357421875,397.1845397949219,38.573936462402344,36.811466217041016,0.35669395327568054
671.325439453125,595.4404296875,38.058937072753906,37.46192932128906,0.3641291558742523
590.976318359375,514.953857421875,38.02610778808594,37.62423324584961,0.37213265895843506
476.2347106933594,400.15509033203125,38.365596771240234,37.3442268371582,0.3697839081287384
392.2564392089844,316.2797546386719,38.63638687133789,36.978878021240234,0.36140701174736023
557.6302490234375,481.77069091796875,38.562347412109375,36.90382385253906,0.3934447467327118
496.00909423828125,420.2132873535156,38.451969146728516,36.953887939453125,0.38996198773384094
491.6387634277344,415.8005065917969,38.45795440673828,37.02273941040039,0.35757195949554443
455.6287536621094,379.7324523925781,38.46567153930664,37.08111572265625,0.34950920939445496
467.85626220703125,391.9715576171875,38.39194107055664,37.141605377197266,0.3511577844619751
368.09588623046875,292.2062683105469,38.34114074707031,37.18886184692383,0.3595799207687378
527.4453125,451.4686279296875,38.26082992553711,37.343746185302734,0.3721071481704712
479.7368469238281,403.7528076171875,38.029293060302734,37.578819274902344,0.37590786814689636
394.92791748046875,319.0191345214844,37.71134948730469,37.82209777832031,0.37535974383354187
358.324951171875,282.4294738769531,37.66866683959961,37.861087799072266,0.3657287359237671
477.4316711425781,401.4216613769531,37.84361267089844,37.802337646484375,0.3640824556350708
417.8962707519531,341.86785888671875,37.84989929199219,37.81234359741211,0.3661649823188782
425.87298583984375,349.94610595703125,37.64692306518555,37.91508865356445,0.3648609220981598
375.824951171875,299.94451904296875,37.54684829711914,37.968772888183594,0.3648044764995575
411.31591796875,335.3547058105469,37.603816986083984,37.9925537109375,0.3648442327976227
342.67138671875,266.6671142578125,37.64051818847656,37.99860763549805,0.36517611145973206
462.0365905761719,386.0728454589844,37.66036605834961,37.93185043334961,0.3715357482433319
400.1595153808594,324.23114013671875,37.84315490722656,37.70560073852539,0.37964770197868347
391.3183288574219,315.38201904296875,38.05060958862305,37.510196685791016,0.37553083896636963
327.7857360839844,251.86825561523438,38.06288146972656,37.48933029174805,0.36527594923973083
450.97979736328125,375.0593566894531,37.8958740234375,37.6593132019043,0.3652505874633789
394.94696044921875,318.9588623046875,37.7760124206543,37.839046478271484,0.37305963039398193
380.6610412597656,304.5806884765625,37.76645278930664,37.9351806640625,0.3787148594856262
330.617431640625,254.5896453857422,37.85738754272461,37.8000373840332,0.37036970257759094
429.5436096191406,353.648681640625,37.955204010009766,37.5784797668457,0.36122599244117737
377.0990905761719,301.2294616699219,37.96536636352539,37.542030334472656,0.3622465431690216
378.9439697265625,302.957275390625,37.870697021484375,37.7407112121582,0.3752858340740204
332.0429992675781,255.99810791015625,37.798728942871094,37.86017990112305,0.38599327206611633
410.14794921875,334.162109375,37.80178451538086,37.80363464355469,0.3804420530796051
353.2413635253906,277.28900146484375,37.86069107055664,37.723201751708984,0.36847811937332153
392.0060729980469,315.9936828613281,37.90755844116211,37.733524322509766,0.3713081181049347
338.8283386230469,262.82440185546875,37.887813568115234,37.740150451660156,0.3759709596633911
399.17205810546875,323.2218017578125,37.80648422241211,37.758296966552734,0.3854791522026062
346.73333740234375,270.7869873046875,37.805511474609375,37.76259231567383,0.3782350718975067
382.4679260253906,306.4500732421875,37.88991928100586,37.75442886352539,0.37349167466163635
334.1595458984375,258.14532470703125,37.93501663208008,37.70614242553711,0.37304601073265076
379.5899353027344,303.6265563964844,37.91432189941406,37.67308807373047,0.37594887614250183
324.64813232421875,248.6707000732422,37.96820831298828,37.63258361816406,0.3766413629055023
389.5048522949219,313.4565124511719,38.0650520324707,37.60319519042969,0.38009169697761536
332.2021789550781,256.1880798339844,38.05069351196289,37.58338928222656,0.3800498843193054
378.2679443359375,302.31927490234375,37.93423080444336,37.63301086425781,0.38141557574272156
324.5224914550781,248.55093383789062,37.93175506591797,37.66220474243164,0.37760308384895325
385.2748107910156,309.20849609375,38.000282287597656,37.68669509887695,0.37934619188308716
333.8429870605469,257.7989807128906,37.961647033691406,37.7048454284668,0.37753409147262573
365.9808044433594,290.01678466796875,37.82778549194336,37.757015228271484,0.37919893860816956
314.02520751953125,238.052978515625,37.800228118896484,37.79237747192383,0.37961941957473755
381.5653381347656,305.5065612792969,37.8446044921875,37.83338928222656,0.3807571530342102
321.33514404296875,245.2948760986328,37.8200569152832,37.840843200683594,0.3793630301952362
373.2090759277344,297.23687744140625,37.73908615112305,37.852508544921875,0.380628764629364
315.0280456542969,239.04754638671875,37.78274154663086,37.81483459472656,0.38290947675704956
380.019775390625,303.9615478515625,37.895965576171875,37.78146743774414,0.38078439235687256
323.6453857421875,247.60267639160156,37.918235778808594,37.746253967285156,0.3782500922679901
366.68865966796875,290.70513916015625,37.844696044921875,37.75961685180664,0.3792058229446411
317.4145202636719,241.41334533691406,37.862152099609375,37.753170013427734,0.38584473729133606
364.5228271484375,288.4550476074219,37.951171875,37.733585357666016,0.3830187916755676
311.9866638183594,235.94253540039062,37.961151123046875,37.703792572021484,0.3791936933994293
366.48492431640625,290.4996337890625,37.881046295166016,37.72699737548828,0.37726038694381714
314.61041259765625,238.61090087890625,37.8829231262207,37.735748291015625,0.38083842396736145
360.1539001464844,284.0835266113281,37.94968032836914,37.738765716552734,0.3819175958633423
306.3768005371094,230.32162475585938,37.95429611206055,37.72113037109375,0.37977316975593567
368.0780029296875,292.0738830566406,37.888057708740234,37.73763656616211,0.378419429063797
317.0390930175781,241.03134155273438,37.899173736572266,37.72853088378906,0.38003483414649963
351.32623291015625,275.26434326171875,37.95362091064453,37.72714614868164,0.38114890456199646
301.04827880859375,224.99537658691406,37.93143081665039,37.74124526977539,0.3802090883255005
364.5157775878906,288.4935302734375,37.84373474121094,37.79829025268555,0.3802207112312317
313.64727783203125,237.619384765625,37.84291076660156,37.804264068603516,0.38074931502342224
346.1629638671875,270.0948486328125,37.896480560302734,37.79032516479492,0.3813219368457794
296.224609375,220.16822814941406,37.89107131958008,37.784942626953125,0.38036978244781494
362.5930480957031,286.55816650390625,37.83960723876953,37.81477355957031,0.3805307447910309
312.24761962890625,236.21038818359375,37.87583923339844,37.78133773803711,0.38002216815948486
341.6116943359375,265.5440368652344,37.94516372680664,37.741512298583984,0.380982369184494
294.1531677246094,218.09458923339844,37.93319320678711,37.74435043334961,0.3810410797595978
358.6400451660156,282.59344482421875,37.87135314941406,37.792991638183594,0.3822741210460663
310.5796813964844,234.52838134765625,37.899776458740234,37.7708740234375,0.3806459307670593
337.7799072265625,261.6999206542969,37.95875930786133,37.740196228027344,0.3810116648674011
292.3697509765625,216.29989624023438,37.94119644165039,37.747127532958984,0.38152360916137695
354.71575927734375,278.6603698730469,37.88661193847656,37.784603118896484,0.3841448724269867
307.9020690917969,231.84515380859375,37.91878890991211,37.75642395019531,0.3816738426685333
335.343505859375,259.2578125,37.966487884521484,37.73830032348633,0.38088151812553406
290.5035400390625,214.42771911621094,37.935848236083984,37.75896072387695,0.3810180425643921
351.0867004394531,275.0238037109375,37.878631591796875,37.799259185791016,0.38500452041625977
303.9620361328125,227.89353942871094,37.91060256958008,37.774959564208984,0.38294804096221924
335.0169982910156,258.9184875488281,37.95418930053711,37.76287841796875,0.3814493417739868
289.6907653808594,213.60890197753906,37.92536926269531,37.77535629272461,0.38113853335380554
346.8896179199219,270.8235168457031,37.876041412353516,37.80448913574219,0.3855772018432617
300.1146545410156,224.03741455078125,37.910797119140625,37.782798767089844,0.38364923000335693
333.60723876953125,257.4963684082031,37.95152282714844,37.77773666381836,0.3816348910331726
288.3617858886719,212.2707977294922,37.92624282836914,37.78355407714844,0.3811902105808258
341.826171875,265.75323486328125,37.88557052612305,37.80156326293945,0.38580626249313354
295.2696838378906,219.18516540527344,37.922916412353516,37.777671813964844,0.3839176893234253
332.4520568847656,256.33477783203125,37.96156311035156,37.7739372253418,0.38181552290916443
286.7581787109375,210.6604461669922,37.9390869140625,37.777103424072266,0.3815455436706543
338.1903991699219,262.1072692871094,37.89931106567383,37.79725646972656,0.3865773379802704
292.5576171875,216.4639129638672,37.92924499511719,37.78037643432617,0.38409411907196045
330.0587158203125,253.93463134765625,37.96087646484375,37.78178024291992,0.3814328908920288
285.3682861328125,209.25991821289062,37.94097900390625,37.785804748535156,0.38158801198005676
334.8550720214844,258.75958251953125,37.90481185913086,37.803375244140625,0.387287974357605
290.963623046875,214.86485290527344,37.92966079711914,37.784629821777344,0.38448473811149597
326.2422180175781,250.11798095703125,37.95542526245117,37.78770446777344,0.38114500045776367
282.67108154296875,206.5543975830078,37.93602752685547,37.798927307128906,0.38173073530197144
332.9459228515625,256.8352355957031,37.903255462646484,37.81913757324219,0.3883027136325836
289.898681640625,213.7898406982422,37.92964553833008,37.79429626464844,0.3848875164985657
322.5364074707031,246.40789794921875,37.95828628540039,37.789608001708984,0.380609393119812
279.82208251953125,203.69764709472656,37.94152069091797,37.80128479003906,0.38163769245147705
331.7109680175781,255.58831787109375,37.907405853271484,37.82575988769531,0.3895076811313629
289.2826843261719,213.16522216796875,37.93231201171875,37.79949951171875,0.3856452703475952
318.5630798339844,242.43040466308594,37.96427917480469,37.78801345825195,0.38036173582077026
276.6344909667969,200.50376892089844,37.9497184753418,37.79951095581055,0.3814854919910431
330.6906433105469,254.5561065673828,37.91279602050781,37.8309211730957,0.3908110558986664
288.4811706542969,212.35243225097656,37.93680191040039,37.8053092956543,0.38661715388298035
314.9979248046875,238.85887145996094,37.97389221191406,37.784889221191406,0.38026705384254456
273.70556640625,197.56927490234375,37.9623908996582,37.792659759521484,0.38126394152641296
329.57427978515625,253.42953491210938,37.92146301269531,37.83155822753906,0.39171695709228516
287.8254699707031,211.68621826171875,37.94131088256836,37.810482025146484,0.3874558210372925
311.2720642089844,235.1264190673828,37.978492736816406,37.786827087402344,0.3803209364414215
270.87762451171875,194.73446655273438,37.96707534790039,37.79488754272461,0.3811802864074707
328.06805419921875,251.91273498535156,37.923282623291016,37.83956527709961,0.39244306087493896
286.7984924316406,210.64976501464844,37.94000244140625,37.82072448730469,0.38798797130584717
307.7374267578125,231.5854949951172,37.97686004638672,37.794620513916016,0.38047412037849426
267.8219909667969,191.67147827148438,37.968101501464844,37.80116271972656,0.3812437057495117
327.08563232421875,250.92015075683594,37.92646408081055,37.84604263305664,0.39298534393310547
286.0455017089844,209.88818359375,37.94239044189453,37.8267707824707,0.3881646990776062
304.21661376953125,228.05799865722656,37.97776794433594,37.800270080566406,0.380578875541687
264.65924072265625,188.50067138671875,37.97089767456055,37.80624008178711,0.3814355134963989
326.4712829589844,250.29547119140625,37.932071685791016,37.85020446777344,0.39352303743362427
285.55706787109375,209.391357421875,37.9483528137207,37.829345703125,0.3879976272583008
300.3767395019531,224.21221923828125,37.983646392822266,37.80036544799805,0.3805354833602905
260.9519348144531,184.78634643554688,37.97799301147461,37.80594253540039,0.3816421627998352
326.5850830078125,250.39828491210938,37.93844985961914,37.85409164428711,0.39424237608909607
285.4726257324219,209.2975616455078,37.95290756225586,37.834327697753906,0.38782694935798645
296.35626220703125,220.18637084960938,37.98828125,37.80126953125,0.38034942746162415
257.0533447265625,180.88145446777344,37.98323059082031,37.80690002441406,0.38177090883255005
327.27264404296875,251.0739288330078,37.941532135009766,37.86213302612305,0.39505434036254883
286.0470886230469,209.86166381835938,37.9553108215332,37.842288970947266,0.38782504200935364
291.9045715332031,215.72996520996094,37.99375915527344,37.80082321166992,0.38003066182136536
253.00387573242188,176.82640075683594,37.989341735839844,37.806461334228516,0.3816875219345093
328.3370056152344,252.12652587890625,37.94314193725586,37.871639251708984,0.395689457654953
287.0365905761719,210.84017944335938,37.95505142211914,37.8532829284668,0.38809511065483093
287.30035400390625,211.1206512451172,37.99728012084961,37.802642822265625,0.3797488510608673
248.91476440429688,172.7322540283203,37.99496841430664,37.8060417175293,0.38150036334991455
329.7527160644531,253.5315399169922,37.9460563659668,37.879146575927734,0.39596036076545715
288.3777770996094,212.16993713378906,37.95740509033203,37.86204147338867,0.3884044587612152
282.6756896972656,206.49000549316406,38.00352478027344,37.80263900756836,0.3795244097709656
244.94638061523438,168.75909423828125,38.002685546875,37.803340911865234,0.3812497854232788
331.2315673828125,255.00057983398438,37.950130462646484,37.884986877441406,0.39586544036865234
289.85626220703125,213.63685607910156,37.95962142944336,37.87105941772461,0.38872674107551575
278.1204833984375,201.92837524414062,38.008384704589844,37.8043327331543,0.37940657138824463
241.1787109375,164.98683166503906,38.009273529052734,37.80158615112305,0.3810194730758667
332.55560302734375,256.3155212402344,37.95453643798828,37.890140533447266,0.39542654156684875
291.2425842285156,215.011962890625,37.96221923828125,37.87953186035156,0.38889560103416443
273.797607421875,197.5986328125,38.0117301940918,37.80784225463867,0.37938404083251953
237.6907958984375,161.49391174316406,38.013301849365234,37.80269241333008,0.3808857202529907
333.60382080078125,257.35498046875,37.95761489868164,37.896324157714844,0.3948903977870941
292.35076904296875,216.10926818847656,37.96489334106445,37.88764953613281,0.3889637291431427
269.85528564453125,193.64907836914062,38.01564025878906,37.811161041259766,0.37940436601638794
234.50755310058594,158.3054962158203,38.017791748046875,37.803466796875,0.3807932138442993
334.3100891113281,258.05291748046875,37.96104431152344,37.90178298950195,0.39430859684944153
293.05194091796875,216.8000030517578,37.968257904052734,37.89472961425781,0.3889608085155487
266.38214111328125,190.168701171875,38.02043533325195,37.81356430053711,0.3794618546962738
231.6457977294922,155.4385986328125,38.022579193115234,37.803871154785156,0.38074496388435364
334.6676940917969,258.402099609375,37.964168548583984,37.90764236450195,0.39378273487091064
293.3487548828125,217.0863800048828,37.971805572509766,37.90166091918945,0.3889142870903015
263.3807067871094,187.16001892089844,38.02593231201172,37.815250396728516,0.37952515482902527
229.1318817138672,152.91949462890625,38.02742004394531,37.80427169799805,0.38069114089012146
334.6756896972656,258.40167236328125,37.96646499633789,37.91424560546875,0.39331480860710144
293.27117919921875,216.99851989746094,37.97435760498047,37.909420013427734,0.3888857960700989
260.8181457519531,184.59017944335938,38.030738830566406,37.817623138427734,0.3796031177043915
226.92710876464844,150.70977783203125,38.031944274902344,37.8047981262207,0.380588173866272
334.39404296875,258.1117858886719,37.968605041503906,37.920814514160156,0.39285919070243835
292.89654541015625,216.6134796142578,37.97677230834961,37.917396545410156,0.38889166712760925
258.61175537109375,182.37637329101562,38.035614013671875,37.82002639770508,0.37972795963287354
225.02017211914062,148.79815673828125,38.037357330322266,37.80421447753906,0.3804399371147156
333.7720031738281,257.48150634765625,37.971702575683594,37.926429748535156,0.3923693895339966
292.2513122558594,215.95774841308594,37.979286193847656,37.925376892089844,0.3888873755931854
256.6446533203125,180.40196228027344,38.039981842041016,37.82281494140625,0.37988024950027466
223.350341796875,147.12379455566406,38.043033599853516,37.80323028564453,0.3802790343761444
332.77960205078125,256.4808044433594,37.97549057006836,37.931396484375,0.39190685749053955
291.2765808105469,214.97247314453125,37.98196792602539,37.93327331542969,0.38887786865234375
254.9445343017578,178.69459533691406,38.044002532958984,37.82589340209961,0.3800341784954071
221.9533233642578,145.72239685058594,38.048805236816406,37.801998138427734,0.38010847568511963
331.3125,255.00518798828125,37.97943878173828,37.93637466430664,0.3915080726146698
289.8874206542969,213.5725555419922,37.984413146972656,37.941585540771484,0.38886067271232605
253.55987548828125,177.30308532714844,38.04762268066406,37.82901382446289,0.38015854358673096
220.919677734375,144.68467712402344,38.05455017089844,37.80049133300781,0.37995681166648865
329.18408203125,252.86781311035156,37.98349380493164,37.94155502319336,0.3912178874015808
287.92486572265625,211.59893798828125,37.98674774169922,37.9503059387207,0.3888431489467621
252.6219940185547,176.35870361328125,38.05079650878906,37.8322639465332,0.38023898005485535
220.3841552734375,144.14537048339844,38.06004333496094,37.79892349243164,0.3798241913318634
326.2392578125,249.91383361816406,37.98798751831055,37.9463996887207,0.39101168513298035
285.2724914550781,208.935302734375,37.98938751220703,37.958980560302734,0.38882753252983093
252.27297973632812,176.00335693359375,38.053524017333984,37.83578109741211,0.38030746579170227
220.4927978515625,144.25057983398438,38.065494537353516,37.79701614379883,0.3797178268432617
322.3450012207031,246.01058959960938,37.99365997314453,37.949947357177734,0.39079874753952026
281.8650207519531,205.51634216308594,37.99276351928711,37.96711730957031,0.3887852430343628
252.60533142089844,176.3294219970703,38.05538558959961,37.84010314941406,0.38042011857032776
221.3470916748047,145.1016082763672,38.0705451965332,37.7952766418457,0.3796635866165161
317.4612121582031,241.11842346191406,38.000858306884766,37.95144271850586,0.3904639184474945
277.7158203125,201.3559112548828,37.99714279174805,37.97410583496094,0.3886668384075165
253.65785217285156,177.37535095214844,38.05611038208008,37.84575271606445,0.380641371011734
222.97109985351562,146.72222900390625,38.07479476928711,37.79435729980469,0.3797149360179901
311.6674499511719,235.31727600097656,38.00967788696289,37.95058822631836,0.3899076581001282
272.9319763183594,196.56137084960938,38.00266647338867,37.979522705078125,0.38840922713279724
255.38490295410156,179.09544372558594,38.05562973022461,37.85281753540039,0.3810126483440399
225.296630859375,149.0437774658203,38.0778923034668,37.79499816894531,0.37995806336402893
305.1808166503906,228.8242645263672,38.019691467285156,37.9477424621582,0.38909292221069336
267.71551513671875,191.33529663085938,38.00923156738281,37.98303985595703,0.3879518508911133
257.6534118652344,181.35679626464844,38.054203033447266,37.860897064208984,0.38153189420700073
228.1429443359375,151.88502502441406,38.079681396484375,37.79774475097656,0.3804912865161896
298.36151123046875,221.99932861328125,38.03036117553711,37.943748474121094,0.38806188106536865
262.3615417480469,185.97303771972656,38.01663589477539,37.984615325927734,0.38726186752319336
260.2339782714844,183.93028259277344,38.052249908447266,37.86927795410156,0.38215920329093933
231.2220458984375,154.9575653076172,38.080074310302734,37.80301284790039,0.381399929523468
291.6921691894531,215.324462890625,38.04073715209961,37.9400634765625,0.3869161605834961
257.25830078125,180.863037109375,38.02448272705078,37.98445129394531,0.3863452076911926
262.79205322265625,186.48191833496094,38.05020523071289,37.87709045410156,0.3828297555446625
234.15399169921875,157.8812713623047,38.07919692993164,37.8108024597168,0.3827270567417145
285.7270812988281,209.35308837890625,38.05035400390625,37.9378662109375,0.38576966524124146
252.83985900878906,176.43927001953125,38.032737731933594,37.98261260986328,0.3852417767047882
264.93145751953125,188.615966796875,38.0484619140625,37.88352966308594,0.38347625732421875
236.51611328125,160.23353576660156,38.077274322509766,37.82084274291992,0.3844587504863739
281.0072021484375,204.62547302246094,38.05904769897461,37.93798828125,0.3847160041332245
249.49893188476562,173.09429931640625,38.0414924621582,37.9791259765625,0.3840194046497345
266.28912353515625,189.96981811523438,38.04720687866211,37.88803482055664,0.38405096530914307
237.94125366210938,161.64749145507812,38.07455825805664,37.83268737792969,0.38651373982429504
277.935791015625,201.54425048828125,38.06687927246094,37.940860748291016,0.38379713892936707
247.47476196289062,171.06703186035156,38.05070495605469,37.974281311035156,0.38275375962257385
266.6504821777344,190.32904052734375,38.046470642089844,37.890419006347656,0.38454198837280273
238.2123565673828,161.90646362304688,38.07139587402344,37.84573745727539,0.3887639343738556
276.68609619140625,200.28260803222656,38.07394027709961,37.94651794433594,0.38302257657051086
246.78451538085938,170.37420654296875,38.06018829345703,37.96860885620117,0.38152170181274414
266.02325439453125,189.70130920410156,38.04636001586914,37.890621185302734,0.3849731683731079
237.3255157470703,161.00694274902344,38.068355560302734,37.85915756225586,0.3910583555698395
277.1625061035156,200.74513244628906,38.08032989501953,37.954654693603516,0.38239118456840515
247.229248046875,170.81640625,38.06956481933594,37.962894439697266,0.38039037585258484
264.6265563964844,188.30535888671875,38.04733657836914,37.88850021362305,0.38538703322410583
235.4842071533203,159.15277099609375,38.066368103027344,37.871788024902344,0.39326512813568115
279.0213317871094,202.58860778808594,38.085941314697266,37.964847564697266,0.3819188177585602
248.44056701660156,172.02479553222656,38.07809829711914,37.958251953125,0.37941819429397583
262.8286437988281,186.50888061523438,38.049842834472656,37.88410186767578,0.38582146167755127
233.0604248046875,156.71629333496094,38.06633377075195,37.88249969482422,0.395297646522522
281.7041320800781,205.25537109375,38.090431213378906,37.97670364379883,0.3816266357898712
249.92958068847656,173.51019287109375,38.08494567871094,37.95579528808594,0.37865057587623596
261.063232421875,184.74493408203125,38.05421447753906,37.87779235839844,0.38628682494163513
230.54176330566406,154.18531799316406,38.06905746459961,37.89024353027344,0.39713460206985474
284.4723205566406,208.00762939453125,38.0936164855957,37.989566802978516,0.38150691986083984
251.14593505859375,174.72203063964844,38.08942794799805,37.95636749267578,0.3781174421310425
259.7532958984375,183.43568420410156,38.06036376953125,37.87045669555664,0.38676878809928894
228.4847869873047,152.11676025390625,38.07478713989258,37.89444351196289,0.39880821108818054
286.4751892089844,209.99571228027344,38.09548568725586,38.00250244140625,0.3814854323863983
251.55685424804688,175.1274871826172,38.09113311767578,37.96038818359375,0.3778323233127594
259.23883056640625,182.92030334472656,38.06752014160156,37.86375427246094,0.38726308941841125
227.43209838867188,151.053466796875,38.08321762084961,37.895015716552734,0.400387167930603
286.9258117675781,210.43374633789062,38.09671401977539,38.013946533203125,0.3814176619052887
250.78736877441406,174.3517303466797,38.09030532836914,37.96754455566406,0.37779033184051514
259.7145080566406,183.39244079589844,38.074527740478516,37.85971450805664,0.38780924677848816
227.79051208496094,151.4026336669922,38.09355163574219,37.89238357543945,0.4019455909729004
285.3628845214844,208.861328125,38.09828567504883,38.02212905883789,0.38113048672676086
248.7874298095703,172.3446807861328,38.08761978149414,37.97715377807617,0.37797433137893677
261.1506652832031,184.82179260253906,38.080196380615234,37.860172271728516,0.38849636912345886
229.66847229003906,153.27267456054688,38.104793548583984,37.887454986572266,0.40354910492897034
281.89739990234375,205.39004516601562,38.10136413574219,38.02549362182617,0.3804844617843628
245.9322052001953,169.48159790039062,38.0841178894043,37.988128662109375,0.3783573806285858
263.2563171386719,186.91697692871094,38.08382034301758,37.866085052490234,0.3894340395927429
232.7827911376953,156.37997436523438,38.11606979370117,37.88148498535156,0.4052526354789734
277.243408203125,200.7339324951172,38.10665512084961,38.02339172363281,0.3794277012348175
242.94729614257812,166.4882354736328,38.08074951171875,37.999412536621094,0.37890633940696716
265.514892578125,189.16156005859375,38.08542251586914,37.87721252441406,0.3906950056552887
236.50791931152344,160.0980987548828,38.126773834228516,37.87596130371094,0.40708455443382263
272.4751892089844,195.966552734375,38.11399459838867,38.016632080078125,0.3780074119567871
240.66075134277344,164.19285583496094,38.078025817871094,38.01029586791992,0.37957438826560974
267.3434753417969,190.97337341308594,38.08562469482422,37.892208099365234,0.3922804892063141
240.1048583984375,163.68711853027344,38.136695861816406,37.872005462646484,0.40902388095855713
268.61981201171875,192.11378479003906,38.12245559692383,38.00724792480469,0.37635529041290283
239.70823669433594,163.23146057128906,38.07597351074219,38.020503997802734,0.38029515743255615
268.3188171386719,191.93023681640625,38.08543395996094,37.90904998779297,0.3941177427768707
243.04241943359375,166.61537170410156,38.14607238769531,37.869991302490234,0.4109806716442108
266.2740478515625,189.77084350585938,38.13089370727539,37.9976806640625,0.37463608384132385
240.31785583496094,163.83242797851562,38.07439041137695,38.03005599975586,0.38098669052124023
268.37957763671875,191.9719696044922,38.08573532104492,37.925777435302734,0.3960926830768585
245.22813415527344,168.79042053222656,38.155242919921875,37.8696403503418,0.4128274619579315
265.4366760253906,188.9353485107422,38.13846206665039,37.989871978759766,0.37299013137817383
242.27728271484375,165.7834930419922,38.07292556762695,38.0392951965332,0.3815726041793823
267.8635559082031,191.43731689453125,38.086849212646484,37.9412956237793,0.39811381697654724
247.01559448242188,170.5662841796875,38.16440200805664,37.87043380737305,0.41447991132736206
265.6293640136719,189.12831115722656,38.14499282836914,37.984561920166016,0.3714812994003296
245.1185302734375,168.6165008544922,38.07143020629883,38.048583984375,0.3820200264453888
267.3229064941406,190.87872314453125,38.088714599609375,37.955318450927734,0.4001408517360687
248.98622131347656,172.52490234375,38.173614501953125,37.87174987792969,0.4159597158432007
266.2326965332031,189.73020935058594,38.151004791259766,37.981388092041016,0.3700888454914093
248.4141082763672,171.90353393554688,38.07004928588867,38.05816650390625,0.3823539614677429
267.2556457519531,190.79420471191406,38.09098815917969,37.96826934814453,0.4021810293197632
251.67491149902344,175.2016143798828,38.1828498840332,37.873043060302734,0.4173983633518219
266.80517578125,190.2996063232422,38.15733337402344,37.97949981689453,0.3687435984611511
252.00294494628906,175.48304748535156,38.06904602050781,38.06819152832031,0.38265448808670044
267.922607421875,191.44432067871094,38.09336471557617,37.98068618774414,0.40425005555152893
255.41041564941406,178.92547607421875,38.1922721862793,37.87369155883789,0.41898098587989807
267.237060546875,190.72665405273438,38.16456604003906,37.97843933105469,0.3673863112926483
256.065185546875,179.53480529785156,38.0686149597168,38.078739166259766,0.3830343186855316
269.3375549316406,192.84254455566406,38.09585952758789,37.9928092956543,0.4063413739204407
260.3012390136719,183.80517578125,38.202239990234375,37.8729133605957,0.4208974838256836
267.71051025390625,191.19302368164062,38.1723747253418,37.97907638549805,0.3660183250904083
261.05682373046875,184.51478576660156,38.06833267211914,38.09010314941406,0.3836146295070648
271.4774475097656,194.96559143066406,38.098812103271484,38.004638671875,0.40841934084892273
266.4261779785156,189.920166015625,38.21376037597656,37.868896484375,0.4233630299568176
268.4598693847656,191.931640625,38.17965316772461,37.98387145996094,0.3647070825099945
267.6026306152344,191.04869079589844,38.06727981567383,38.10215759277344,0.3844967186450958
275.0008850097656,198.47085571289062,38.102298736572266,38.017311096191406,0.410431832075119
274.59112548828125,198.07862854003906,38.22873306274414,37.85700988769531,0.4267556965351105
269.64056396484375,193.09487915039062,38.184913635253906,37.99728012084961,0.3635016679763794
277.4742736816406,200.9125518798828,38.06429672241211,38.111778259277344,0.3856498599052429
284.4669189453125,207.91322326660156,38.10407638549805,38.03756332397461,0.4120436906814575
291.5910339355469,215.08700561523438,38.251033782958984,37.82109069824219,0.4319254159927368
273.97332763671875,197.39999389648438,38.18758773803711,38.0241584777832,0.36157771944999695
305.18927001953125,228.64312744140625,38.05600357055664,38.103851318359375,0.3862874209880829
330.1480407714844,253.56195068359375,38.08879470825195,38.08823013305664,0.40905067324638367
373.6506652832031,297.2240295410156,38.28295135498047,37.70427703857422,0.43939751386642456
254.78024291992188,178.23951721191406,38.20653533935547,37.98259353637695,0.3516030013561249
348.1286926269531,271.6282958984375,37.968406677246094,38.147518157958984,0.3844572901725769
591.3601684570312,514.738037109375,37.99836730957031,38.217987060546875,0.4058237075805664
460.7757873535156,384.6107177734375,38.30563735961914,37.43281555175781,0.42659157514572144
164.83497619628906,88.52936553955078,38.22991943359375,37.7294807434082,0.3462063670158386
1146.9737548828125,1069.864990234375,37.462379455566406,39.21495056152344,0.431377112865448
295.4181213378906,218.8739776611328,37.41661071777344,38.73090362548828,0.3966495394706726
566.05810546875,490.08074951171875,38.5263671875,37.0833740234375,0.3676367700099945
624.1990966796875,548.0777587890625,38.8521728515625,36.93685531616211,0.33231523633003235
326.11077880859375,249.7768096923828,38.07636642456055,37.871273040771484,0.38631513714790344
353.1100158691406,276.4028015136719,37.49204635620117,38.78464126586914,0.4305337965488434
475.14605712890625,398.83984375,37.55348205566406,38.375465393066406,0.3772953152656555
572.194580078125,496.33282470703125,37.90257263183594,37.65872573852539,0.30041205883026123
338.7801513671875,262.3300476074219,38.09799575805664,37.9660758972168,0.3860357403755188
571.8991088867188,495.1259765625,38.295982360839844,38.040687561035156,0.4364776313304901
301.9369201660156,225.5036163330078,38.95756530761719,37.07221984863281,0.40352413058280945
432.606689453125,356.5790710449219,39.094703674316406,36.60659408569336,0.3263244330883026
460.3755798339844,384.1273193359375,37.9134407043457,37.968055725097656,0.3667716085910797
390.7989807128906,314.10052490234375,37.481876373291016,38.80510711669922,0.41147974133491516
348.95977783203125,272.5870056152344,38.35067367553711,37.666194915771484,0.3558923602104187
402.76849365234375,326.8124694824219,39.02156448364258,36.60573196411133,0.3287091553211212
576.0076904296875,499.5219421386719,38.70175552368164,37.36539077758789,0.41857802867889404
440.64471435546875,364.2279357910156,38.3494873046875,37.65443420410156,0.4128502905368805
464.4339294433594,388.2052917480469,37.80451583862305,38.066986083984375,0.35715988278388977
631.9910888671875,555.696044921875,37.511775970458984,38.42921829223633,0.35404860973358154
248.50582885742188,172.41339111328125,37.900386810302734,37.829036712646484,0.3630063235759735
586.182373046875,509.64727783203125,37.91978454589844,38.21182632446289,0.4034413993358612
499.3939208984375,422.7879638671875,38.00349807739258,38.18082046508789,0.42163506150245667
651.1731567382812,575.3953247070312,38.3847541809082,37.029151916503906,0.3638947308063507
764.0010375976562,688.1422729492188,38.087005615234375,37.40406036376953,0.3677636981010437
406.8318176269531,330.16583251953125,36.92934799194336,39.37850570678711,0.358122318983078
710.1969604492188,633.5650024414062,36.570247650146484,39.674678802490234,0.38702380657196045
416.4386291503906,340.2208557128906,37.3107795715332,38.529457092285156,0.3775230348110199
466.4798278808594,390.3583068847656,39.05096435546875,36.729793548583984,0.3407466411590576
433.3363037109375,356.974609375,40.222835540771484,35.74625015258789,0.39260274171829224
368.1926574707031,291.96380615234375,39.680816650390625,36.18069076538086,0.36734530329704285
350.4394836425781,274.0360107421875,38.46818542480469,37.433841705322266,0.501447856426239
421.6961975097656,345.4221496582031,38.32723617553711,37.59495162963867,0.3518768548965454
358.09820556640625,281.8088073730469,37.91686248779297,38.01308822631836,0.3594403564929962
606.8433837890625,530.3099365234375,37.664466857910156,38.48758316040039,0.3813648223876953
562.1719360351562,486.11456298828125,37.8674430847168,37.85019302368164,0.33969762921333313
370.8993835449219,294.8260498046875,39.34376525878906,36.40434265136719,0.32521891593933105
481.0744323730469,404.7480773925781,39.41427230834961,36.548240661621094,0.36382389068603516
411.731201171875,335.3825988769531,38.73414611816406,37.195228576660156,0.41921523213386536
475.7330322265625,399.3403625488281,38.744388580322266,37.28981018066406,0.3584442436695099
471.3267822265625,395.4532470703125,38.207481384277344,37.352684020996094,0.31334763765335083
316.14923095703125,240.04417419433594,37.80048370361328,37.96925354003906,0.33531486988067627
409.1705627441406,332.7339172363281,36.7233772277832,39.344242095947266,0.3690195381641388
362.4346923828125,285.80657958984375,36.12830352783203,40.093502044677734,0.4063226878643036
357.244384765625,280.8992919921875,36.00270462036133,39.95950698852539,0.3828640282154083
361.1681823730469,285.22003173828125,37.025569915771484,38.55617904663086,0.3663794696331024
631.8330078125,555.468994140625,38.000221252441406,38.011634826660156,0.35210853815078735
420.40252685546875,344.03558349609375,38.89982223510742,37.104793548583984,0.3623325526714325
671.997802734375,596.0496215820312,39.13555145263672,36.48025894165039,0.3323594033718109
667.3841552734375,591.5323486328125,39.27006530761719,36.24978256225586,0.3319627344608307
437.4853515625,361.233642578125,39.63093185424805,36.2818489074707,0.3389357328414917
838.1396484375,761.822021484375,39.529754638671875,36.42349624633789,0.3643319308757782
409.43963623046875,333.247802734375,38.274112701416016,37.5668830871582,0.35081911087036133
1054.4774169921875,978.3474731445312,36.921043395996094,38.87919616699219,0.32970499992370605
807.7940673828125,732.1161499023438,36.44314956665039,38.914859771728516,0.3199006915092468
969.9501342773438,894.0413818359375,36.60660171508789,38.94381332397461,0.35836365818977356
555.0393676757812,478.77911376953125,37.26532745361328,38.59555435180664,0.3993765115737915
816.7427368164062,740.9553833007812,37.877010345458984,37.58872985839844,0.3216042220592499
699.405029296875,623.829345703125,38.45112609863281,36.77102279663086,0.35359126329421997
768.8825073242188,692.5310668945312,38.87468338012695,36.993568420410156,0.48313599824905396
905.508056640625,828.896240234375,39.25358200073242,36.99411392211914,0.3640974164009094
773.6915893554688,697.4306030273438,39.56740951538086,36.214481353759766,0.47911500930786133
799.1487426757812,723.3301391601562,40.10512924194336,35.44221115112305,0.27132508158683777
669.2697143554688,592.9593505859375,40.035579681396484,35.72896957397461,0.5458284020423889
561.1115112304688,484.7731628417969,39.258644104003906,36.58338928222656,0.4963180422782898
687.5894775390625,611.4497680664062,38.18446350097656,37.54206466674805,0.413205623626709
561.9312744140625,485.8804016113281,37.34625244140625,38.27517318725586,0.4294627010822296
539.1394653320312,463.2651672363281,37.08589172363281,38.47563934326172,0.31272628903388977
495.42205810546875,419.3515625,37.83991622924805,37.754154205322266,0.47643184661865234
378.09649658203125,301.9640808105469,39.27141189575195,36.51762390136719,0.3433907628059387
411.7251892089844,335.3723449707031,40.33111572265625,35.627689361572266,0.39402902126312256
342.4681091308594,266.3908996582031,40.133487701416016,35.63226318359375,0.3114511966705322
335.6676940917969,259.5264892578125,39.92373275756836,35.831626892089844,0.3858260214328766
395.6190490722656,319.6395263671875,39.27272033691406,36.37886047363281,0.3279864490032196
318.33917236328125,242.16317749023438,38.747806549072266,37.089256286621094,0.3389434218406677
529.4195556640625,453.5307922363281,37.067996978759766,38.444828033447266,0.37593144178390503
535.7129516601562,459.7167053222656,36.378841400146484,39.206817626953125,0.41060134768486023
406.2627258300781,330.0467224121094,36.86019515991211,39.044132232666016,0.31166985630989075
419.9360046386719,343.7246398925781,37.52106857299805,38.359779357910156,0.33053526282310486
418.9688720703125,342.9638671875,37.88042068481445,37.81977462768555,0.304816871881485
308.3262634277344,232.3408660888672,37.61228942871094,38.059871673583984,0.3132292926311493
355.7542724609375,279.3607482910156,37.711368560791016,38.330806732177734,0.351335734128952
320.5125732421875,244.64002990722656,37.71322250366211,37.85149002075195,0.3078189194202423
507.2602844238281,431.109375,38.291099548339844,37.50721740722656,0.35257232189178467
326.7527770996094,250.7001495361328,38.16166687011719,37.554691314697266,0.3362828493118286
524.7346801757812,448.6400451660156,38.0228385925293,37.76338195800781,0.30838826298713684
468.6672058105469,392.46807861328125,38.31001663208008,37.58578109741211,0.30332404375076294
396.6687927246094,320.4517822265625,38.365386962890625,37.53854751586914,0.3130932152271271
422.9761962890625,347.1297302246094,37.727691650390625,37.800357818603516,0.31841278076171875
316.3779296875,240.66465759277344,37.013938903808594,38.36281967163086,0.3365180492401123
420.88934326171875,344.4473876953125,36.62772750854492,39.426002502441406,0.38823336362838745
309.2598876953125,232.8359832763672,36.766929626464844,39.30049514770508,0.356474906206131
464.775634765625,389.0256042480469,37.6679573059082,37.76704025268555,0.3150379955768585
487.8164367675781,412.1121826171875,37.97683334350586,37.343387603759766,0.3840455114841461
477.3408203125,401.0308837890625,37.8443489074707,38.124874114990234,0.3406977355480194
610.6549072265625,534.0668334960938,38.05312728881836,38.188133239746094,0.34684643149375916
383.2524108886719,307.28314208984375,37.992530822753906,37.65803527832031,0.31870168447494507
493.9835205078125,418.3388977050781,37.642112731933594,37.70225143432617,0.3002592921257019
349.24615478515625,273.1598815917969,37.53141784667969,38.23740005493164,0.3174591362476349
358.9119567871094,282.50592041015625,37.58191680908203,38.47749710083008,0.34661853313446045
353.5019226074219,277.3695983886719,37.747554779052734,38.04035568237305,0.3444085121154785
297.85498046875,221.91351318359375,38.2172966003418,37.41460037231445,0.309578537940979
278.2801208496094,202.20033264160156,38.453285217285156,37.320003509521484,0.30649319291114807
256.8753662109375,180.70787048339844,38.27605056762695,37.571449279785156,0.3199925124645233
365.07489013671875,288.8507995605469,37.96928787231445,37.8903923034668,0.3644063174724579
255.8516387939453,179.8877410888672,37.423892974853516,38.22291564941406,0.31709539890289307
425.03900146484375,348.8553771972656,37.379512786865234,38.47703170776367,0.32707932591438293
398.5921325683594,322.3659973144531,38.152809143066406,37.753299713134766,0.3200400471687317
423.5862731933594,347.5878601074219,38.8550910949707,36.83510208129883,0.3081837594509125
571.8110961914062,495.8817443847656,38.67440414428711,36.941368103027344,0.3136281669139862
321.86474609375,245.78265380859375,38.16398620605469,37.60953903198242,0.3085556626319885
448.92742919921875,372.6605529785156,37.797786712646484,38.15299987792969,0.3161157965660095
304.3475036621094,228.21099853515625,37.258480072021484,38.55270767211914,0.3253326117992401
369.6197204589844,293.5657653808594,37.6192626953125,38.090797424316406,0.34389564394950867
327.8252258300781,251.70091247558594,38.129024505615234,37.68765640258789,0.30765649676322937
328.8991394042969,252.75982666015625,37.768943786621094,37.999732971191406,0.3706298768520355
343.7958679199219,267.4924621582031,38.46491241455078,37.487369537353516,0.351149320602417
492.9960632324219,416.9382019042969,38.063053131103516,37.62040710449219,0.3744211494922638
245.8399658203125,169.66172790527344,38.46974182128906,37.380523681640625,0.3279750645160675
464.0601501464844,387.7253723144531,39.33925247192383,36.65286636352539,0.3426414728164673
383.0320739746094,306.97967529296875,38.77338790893555,36.953975677490234,0.3250466585159302
509.80224609375,434.0052795410156,37.54182434082031,37.90144348144531,0.35370877385139465
525.4164428710938,449.4621887207031,37.57777786254883,37.9859619140625,0.39053240418434143
418.0477600097656,341.693359375,38.594329833984375,37.44645690917969,0.3136271834373474
427.29107666015625,350.7696838378906,38.764156341552734,37.442317962646484,0.31489795446395874
405.4328918457031,329.40081787109375,37.87491226196289,37.859378814697266,0.29779717326164246
414.36676025390625,338.58837890625,37.15327453613281,38.326786041259766,0.29834404587745667
391.2817077636719,315.21124267578125,36.780216217041016,38.95309829711914,0.33715125918388367
406.0462646484375,329.7376403808594,36.87789535522461,39.08014678955078,0.3505849838256836
323.6282653808594,247.38453674316406,37.37277603149414,38.53032684326172,0.34061121940612793
309.4765930175781,233.31715393066406,37.777931213378906,38.073909759521484,0.3075762093067169
317.8917236328125,241.778076171875,37.89802169799805,37.923030853271484,0.2926155626773834
270.2197570800781,194.21157836914062,37.99770736694336,37.71815490722656,0.29234054684638977
347.8212585449219,271.7006530761719,38.13137435913086,37.65385818481445,0.3353670537471771
373.2580871582031,296.8645324707031,38.08221435546875,37.901981353759766,0.4093514680862427
281.0933532714844,204.67791748046875,37.97947692871094,38.09843444824219,0.3375268578529358
266.6744689941406,190.50576782226562,38.18164825439453,37.66835021972656,0.31868070363998413
326.4063415527344,250.48153686523438,38.52446365356445,37.10781478881836,0.292525976896286
244.0447998046875,167.9937286376953,38.43960952758789,37.30728530883789,0.30418503284454346
362.69610595703125,286.3132019042969,37.92231750488281,38.13609313964844,0.32447516918182373
346.3883972167969,270.00506591796875,37.706485748291016,38.33943176269531,0.3374306857585907
263.1189270019531,187.0517120361328,38.032196044921875,37.70924758911133,0.325773149728775
255.0852508544922,179.11827087402344,38.44796371459961,37.221431732177734,0.2975773811340332
288.4043273925781,212.170654296875,38.20854568481445,37.70891189575195,0.31621602177619934
229.12380981445312,152.764404296875,37.73413848876953,38.300533294677734,0.32473424077033997
318.11627197265625,241.90350341796875,37.697818756103516,38.167484283447266,0.34746551513671875
304.8514099121094,228.76271057128906,37.909523010253906,37.85719680786133,0.3219496011734009
233.0682830810547,156.91204833984375,38.05312728881836,37.794979095458984,0.3081248104572296
220.98727416992188,144.75575256347656,37.9404182434082,37.97633361816406,0.314774751663208
255.3993682861328,179.22222900390625,38.024314880371094,37.831443786621094,0.3213684558868408
185.25994873046875,109.06489562988281,38.261329650878906,37.621429443359375,0.3122788369655609
367.9880676269531,291.67974853515625,38.106929779052734,37.8801155090332,0.32127001881599426
377.30816650390625,301.0528259277344,37.906227111816406,38.018680572509766,0.33045652508735657
182.5511932373047,106.45230102539062,37.856082916259766,37.91510772705078,0.3277122974395752
231.6705780029297,155.42098999023438,38.28047180175781,37.64764404296875,0.321478933095932
255.77737426757812,179.42437744140625,38.37173843383789,37.65303039550781,0.3282323181629181
182.70028686523438,106.47509765625,38.21809005737305,37.69305419921875,0.31404736638069153
342.7247619628906,266.69512939453125,38.08236312866211,37.63765335083008,0.30959683656692505
304.3962097167969,228.30210876464844,38.20309829711914,37.56673049926758,0.3242570459842682
272.03033447265625,195.69972229003906,38.37320327758789,37.61427688598633,0.3431345522403717
261.9468078613281,185.652099609375,38.07807922363281,37.888301849365234,0.32833603024482727
231.4050750732422,155.2767791748047,37.68465805053711,38.137210845947266,0.3064277172088623
217.3552703857422,141.17791748046875,37.73475646972656,38.136104583740234,0.3064925968647003
270.5823059082031,194.2658233642578,37.9677619934082,38.013431549072266,0.33528828620910645
241.6833953857422,165.34347534179688,38.12197494506836,37.86451721191406,0.353423148393631
311.1666564941406,235.03025817871094,38.00282669067383,37.812191009521484,0.32137277722358704
339.1129455566406,263.0870666503906,37.850948333740234,37.87188720703125,0.30305126309394836
185.9065399169922,109.74456024169922,37.844032287597656,38.0076789855957,0.3102782964706421
270.52740478515625,194.09840393066406,38.004478454589844,38.0916862487793,0.3328636586666107
204.13406372070312,127.8807601928711,38.010250091552734,37.91496276855469,0.328093022108078
186.1434783935547,109.99130249023438,38.16257095336914,37.669490814208984,0.3201158940792084
299.55047607421875,223.26536560058594,38.02975845336914,37.8983154296875,0.3570377230644226
243.8953094482422,167.60862731933594,37.99538803100586,37.95868682861328,0.33260124921798706
356.7289733886719,280.5646057128906,38.116336822509766,37.720890045166016,0.32716184854507446
412.90606689453125,336.8140869140625,38.17561340332031,37.60219192504883,0.31418874859809875
177.19802856445312,100.99650573730469,38.18044662475586,37.68408203125,0.3369913697242737
347.531005859375,271.0863037109375,38.06988525390625,38.01216125488281,0.36267268657684326
170.052734375,93.75834655761719,37.87388610839844,38.0922966003418,0.3282060921192169
320.5387268066406,244.43409729003906,37.87809371948242,37.914649963378906,0.3118957281112671
195.4699249267578,119.34612274169922,37.99645233154297,37.806880950927734,0.3204597532749176
504.8700866699219,428.3875732421875,38.16904067993164,37.978633880615234,0.33484435081481934
484.1660461425781,407.7074890136719,38.0535888671875,38.06962585449219,0.33534476161003113
316.22686767578125,240.19325256347656,37.81650161743164,37.89991760253906,0.31718841195106506
464.1488037109375,388.2051696777344,38.041709899902344,37.57270431518555,0.3292176425457001
267.7880859375,191.5435028076172,38.477787017822266,37.428409576416016,0.3383769690990448
399.4832458496094,322.96942138671875,38.357601165771484,37.82549285888672,0.33070939779281616
291.4180908203125,214.99208068847656,37.968509674072266,38.11916732788086,0.3383624255657196
342.4830322265625,266.4085693359375,37.71403503417969,38.01347351074219,0.34692323207855225
389.6092224121094,313.5516357421875,37.830020904541016,37.80723571777344,0.4203251004219055
235.79205322265625,159.47427368164062,38.165889739990234,37.8248405456543,0.3270456790924072
357.688232421875,281.13714599609375,37.66249084472656,38.55788040161133,0.33071818947792053
282.50079345703125,206.13925170898438,37.073692321777344,38.95874786376953,0.32909175753593445
261.8645324707031,185.8037567138672,37.772544860839844,37.98799133300781,0.30026528239250183
354.2223205566406,277.95672607421875,38.66115188598633,37.21620559692383,0.38820549845695496
191.91400146484375,115.5767593383789,38.60379409790039,37.353023529052734,0.38041409850120544
370.9788818359375,294.6247863769531,37.52153015136719,38.478572845458984,0.3539959192276001
317.6733703613281,241.31593322753906,38.06086730957031,37.975074768066406,0.3214939534664154
249.6670379638672,173.45013427734375,38.19353103637695,37.7264518737793,0.29691436886787415
293.0828857421875,216.96498107910156,37.489356994628906,38.3189582824707,0.30957889556884766
220.85086059570312,144.562744140625,37.39698028564453,38.540557861328125,0.3505796790122986
346.76531982421875,270.4388122558594,37.93315124511719,38.089176177978516,0.30420973896980286
317.01898193359375,240.72804260253906,38.433284759521484,37.55373764038086,0.3039182722568512
520.3536987304688,443.9654235839844,38.65632247924805,37.408592224121094,0.32334983348846436
480.1549072265625,403.9745178222656,38.77010726928711,37.08612060546875,0.3241468667984009
416.6423034667969,340.5679016113281,38.55122756958008,37.21538162231445,0.307766318321228
535.7442626953125,459.54229736328125,38.22829818725586,37.670936584472656,0.3027306795120239
394.6754150390625,318.5476989746094,37.61030197143555,38.21795654296875,0.2994583249092102
434.7791442871094,358.51971435546875,37.04997253417969,38.87913131713867,0.3303191363811493
359.9004211425781,283.4529113769531,37.506690979003906,38.620628356933594,0.32018595933914185
390.2742919921875,313.8476867675781,38.28786087036133,37.82033920288086,0.31840309500694275
354.7686462402344,278.62591552734375,38.42870330810547,37.409263610839844,0.3047496974468231
324.85595703125,248.94891357421875,38.459842681884766,37.1585578918457,0.2886349558830261
387.546142578125,311.0876159667969,38.372127532958984,37.76973342895508,0.316663920879364
339.4328918457031,262.96624755859375,38.03937911987305,38.10247039794922,0.324810653924942
326.0758361816406,250.01446533203125,37.58485412597656,38.165218353271484,0.3113015294075012
283.2332458496094,207.1790008544922,37.89413833618164,37.85530090332031,0.30481529235839844
380.72119140625,304.4621276855469,38.54437255859375,37.40780258178711,0.30688098073005676
322.1348876953125,245.76162719726562,38.817344665527344,37.24626159667969,0.30961769819259644
328.3143310546875,252.32598876953125,38.047367095947266,37.64439010620117,0.296602338552475
309.2042541503906,233.1282196044922,37.77224349975586,37.99293518066406,0.31089019775390625
359.1405944824219,282.64837646484375,37.920494079589844,38.24168395996094,0.33005592226982117
301.0616149902344,224.61131286621094,38.061058044433594,38.0489387512207,0.3403065800666809
393.3186950683594,317.3409118652344,38.07658386230469,37.60076904296875,0.3004336655139923
363.80633544921875,287.9074401855469,37.76416015625,37.852725982666016,0.2820254862308502
324.1072082519531,247.71914672851562,37.37184143066406,38.69384002685547,0.3223513662815094
367.51837158203125,290.9944763183594,37.510765075683594,38.66655349731445,0.3465556502342224
290.17340087890625,214.11993408203125,38.16769027709961,37.56412124633789,0.3216452896595001
286.2486877441406,210.1689453125,38.79194259643555,36.98422622680664,0.3035597801208496
317.77252197265625,241.35101318359375,38.644100189208984,37.445152282714844,0.33225488662719727
270.8836975097656,194.51840209960938,38.383975982666016,37.63261413574219,0.3487212657928467
350.71539306640625,274.6928405761719,38.43364334106445,37.284400939941406,0.30451300740242004
336.9792175292969,260.8914489746094,38.37324523925781,37.43030548095703,0.28421223163604736
299.1556396484375,222.6438446044922,37.85391616821289,38.33406066894531,0.32378947734832764
319.5460205078125,243.09693908691406,37.361412048339844,38.73189926147461,0.35577109456062317
280.4333190917969,204.49276733398438,37.50565719604492,38.12677001953125,0.3081362843513489
279.6304931640625,203.59814453125,38.241493225097656,37.50539779663086,0.28544890880584717
303.7160339355469,227.125732421875,38.5814323425293,37.68635559082031,0.3225283920764923
271.84002685546875,195.34461975097656,38.34754943847656,37.81278610229492,0.3350893557071686
324.37030029296875,248.4387664794922,38.05961227416992,37.57618713378906,0.29571083188056946
308.11712646484375,232.146728515625,38.14176940917969,37.53989791870117,0.288737952709198
286.559814453125,210.03240966796875,38.225704193115234,37.96742248535156,0.33428266644477844
300.4940490722656,223.91241455078125,38.156944274902344,38.08393478393555,0.3407691419124603
274.6910095214844,198.66275024414062,38.17756652832031,37.55891418457031,0.29176437854766846
295.8023681640625,219.8369598388672,38.4682502746582,37.215274810791016,0.28189098834991455
258.713623046875,182.25497436523438,38.304725646972656,37.822593688964844,0.33133748173713684
292.8839416503906,216.2568359375,37.9664421081543,38.31161117553711,0.34907209873199463
251.45228576660156,175.29859924316406,37.560176849365234,38.27727127075195,0.31624042987823486
297.1680603027344,221.2055206298828,37.81367492675781,37.86591339111328,0.28294822573661804
184.04852294921875,107.75981140136719,38.02632141113281,37.955745697021484,0.3066433072090149
289.67608642578125,213.03091430664062,37.75339126586914,38.545188903808594,0.3466031849384308
243.29193115234375,166.9307861328125,37.351253509521484,38.66950988769531,0.34038516879081726
209.49740600585938,133.40887451171875,37.82167053222656,37.967960357666016,0.298904687166214
188.21299743652344,112.0106201171875,38.613521575927734,37.294654846191406,0.2942112684249878
261.71923828125,185.18092346191406,38.31577682495117,37.88264465332031,0.3398939371109009
222.56536865234375,146.0956573486328,37.76938247680664,38.3458366394043,0.35448724031448364
171.39614868164062,95.22559356689453,38.08555603027344,37.776676177978516,0.30832144618034363
212.9423370361328,136.66343688964844,38.18063735961914,37.779964447021484,0.318304181098938
223.88375854492188,147.47763061523438,38.47721481323242,37.59505081176758,0.33385512232780457
162.00343322753906,85.68111419677734,38.14263916015625,37.857295989990234,0.3223859965801239
265.5176696777344,189.152099609375,37.655208587646484,38.39507293701172,0.31527867913246155
191.1685791015625,114.98377227783203,37.809505462646484,38.06178283691406,0.313528448343277
222.0817413330078,145.81309509277344,38.216026306152344,37.72889709472656,0.3237258195877075
197.03497314453125,120.609130859375,37.89487075805664,38.152706146240234,0.37826964259147644
232.0163116455078,155.74388122558594,38.079872131347656,37.881126403808594,0.31141769886016846
260.78900146484375,184.61631774902344,38.19132995605469,37.685203552246094,0.29613712430000305
169.77301025390625,93.46131134033203,38.128971099853516,37.85176086425781,0.3309670686721802
248.23597717285156,171.85418701171875,37.96885681152344,38.074588775634766,0.33834338188171387
172.7425079345703,96.39701843261719,38.21440124511719,37.8224983215332,0.3085905909538269
313.57757568359375,237.394775390625,37.9008903503418,37.97377014160156,0.3081701099872589
262.14990234375,186.03433227539062,37.662899017333984,38.1502799987793,0.30241212248802185
288.9081726074219,212.55491638183594,37.8624382019043,38.18230056762695,0.3084946870803833
275.3809509277344,198.91119384765625,38.228580474853516,37.92074966430664,0.3204478919506073
302.94049072265625,226.71107482910156,37.92525100708008,37.97671127319336,0.3274413049221039
319.62835693359375,243.56455993652344,37.69993209838867,38.05393981933594,0.3099287748336792
252.2023162841797,175.87518310546875,38.418827056884766,37.609561920166016,0.29875290393829346
296.91143798828125,220.4780731201172,38.63314437866211,37.50265884399414,0.29757121205329895
273.1092529296875,196.87782287597656,37.887916564941406,38.03083801269531,0.31267186999320984
319.16455078125,242.92764282226562,37.659236907958984,38.24613571166992,0.3315567672252655
209.88824462890625,133.66419982910156,37.82083511352539,38.08558654785156,0.317627876996994
308.9972839355469,232.65859985351562,38.54458999633789,37.497066497802734,0.2970406115055084
288.57916259765625,212.1619110107422,38.367515563964844,37.756256103515625,0.2934934198856354
261.69110107421875,185.4166259765625,37.78467559814453,38.17513656616211,0.3146686851978302
329.0841369628906,252.87994384765625,37.86751937866211,38.00043487548828,0.3362564444541931
199.95933532714844,123.7508544921875,38.19742202758789,37.69963073730469,0.31143757700920105
313.28253173828125,236.7919921875,38.094947814941406,38.08443832397461,0.311170756816864
238.70660400390625,162.4705352783203,37.563133239746094,38.380859375,0.29208704829216003
225.96096801757812,149.69650268554688,38.22532272338867,37.744178771972656,0.2949497401714325
208.86289978027344,132.45623779296875,38.82447052001953,37.248470306396484,0.3337234854698181
239.3335418701172,163.03302001953125,38.13016891479492,37.848751068115234,0.3215942084789276
273.15399169921875,196.99827575683594,37.81817626953125,38.03716278076172,0.3003734350204468
151.43215942382812,75.1524429321289,38.45326614379883,37.52790832519531,0.2985362112522125
367.55316162109375,291.1872253417969,38.331233978271484,37.697391510009766,0.33729901909828186
355.44561767578125,278.98468017578125,37.85219955444336,38.23999786376953,0.3687455356121063
225.90232849121094,149.59095764160156,37.502017974853516,38.50632858276367,0.3030305802822113
301.3007507324219,225.07081604003906,38.13410568237305,37.78630065917969,0.3095414340496063
198.27627563476562,122.0260009765625,38.302284240722656,37.64246368408203,0.3055422604084015
349.05242919921875,272.7129211425781,38.09238815307617,37.92698669433594,0.3201332688331604
340.1478576660156,263.6779479980469,38.0084342956543,38.099082946777344,0.3623935878276825
203.78106689453125,127.39189147949219,37.977352142333984,38.082096099853516,0.32972803711891174
358.84564208984375,282.5445251464844,38.121280670166016,37.86455154418945,0.31527721881866455
286.68756103515625,210.40675354003906,38.333675384521484,37.56550598144531,0.38162267208099365
283.1700744628906,206.9871063232422,38.40884017944336,37.47947311401367,0.2946394681930542
374.9415588378906,298.4083251953125,38.441551208496094,37.67739486694336,0.41428878903388977
241.8747100830078,165.35089111328125,38.235958099365234,37.943363189697266,0.3445034623146057
327.892333984375,251.759521484375,37.90585708618164,37.935672760009766,0.2913048565387726
349.9922790527344,273.7834777832031,38.00019836425781,37.88144302368164,0.3271629810333252
255.35589599609375,178.93646240234375,38.06912612915039,38.029781341552734,0.32052361965179443
320.20916748046875,244.0316925048828,37.651371002197266,38.231632232666016,0.29446035623550415
349.1571350097656,272.8641357421875,37.716007232666016,38.26454162597656,0.3124561011791229
181.69622802734375,105.1973876953125,37.98173522949219,38.19837951660156,0.31872156262397766
382.77484130859375,306.6614074707031,37.851078033447266,37.972190856933594,0.2901749312877655
410.85211181640625,334.8173522949219,38.031490325927734,37.669246673583984,0.33401918411254883
461.3373718261719,384.94744873046875,38.44212341308594,37.61482238769531,0.3329765796661377
460.5804748535156,384.0315246582031,38.432090759277344,37.790809631347656,0.3260613679885864
446.909423828125,370.5398254394531,38.021358489990234,38.02143859863281,0.32677823305130005
421.9808654785156,345.7885437011719,37.90859603881836,37.97775650024414,0.3059580624103546
309.1397399902344,232.91595458984375,38.21809768676758,37.71870040893555,0.2869797348976135
342.7970886230469,266.4792175292969,38.426448822021484,37.60232925415039,0.28908824920654297
380.5545959472656,304.2708435058594,38.25319290161133,37.726131439208984,0.3044143319129944
326.89483642578125,250.62249755859375,38.1724853515625,37.76448059082031,0.3354021906852722
374.9924621582031,298.679931640625,38.411766052246094,37.58926773071289,0.31148454546928406
414.9192810058594,338.55291748046875,38.58816146850586,37.484859466552734,0.29333093762397766
290.165771484375,213.80909729003906,38.493995666503906,37.57809829711914,0.2845647931098938
250.04408264160156,173.72686767578125,38.01511001586914,37.99784469604492,0.3042607605457306
281.8065185546875,205.53668212890625,37.6246452331543,38.33526611328125,0.3099442422389984
231.97134399414062,155.71563720703125,37.649085998535156,38.307411193847656,0.2992180585861206
362.07379150390625,285.7333679199219,38.090087890625,37.95230484008789,0.29802405834198
295.85565185546875,219.5234375,38.444942474365234,37.59756088256836,0.2896929085254669
296.16864013671875,219.92083740234375,38.576847076416016,37.37862777709961,0.29232800006866455
283.5511474609375,207.320556640625,38.63981628417969,37.298316955566406,0.2924482822418213
253.65740966796875,177.31520080566406,38.65949630737305,37.37751770019531,0.3051970899105072
225.09947204589844,148.67507934570312,38.54103469848633,37.56610870361328,0.3172408640384674
304.86590576171875,228.54898071289062,38.33096694946289,37.6826286315918,0.3033392131328583
261.5164794921875,185.30540466308594,38.18278121948242,37.742889404296875,0.28539398312568665
291.58734130859375,215.30630493164062,38.11590576171875,37.877750396728516,0.2873723804950714
262.2742004394531,185.88270568847656,38.04552459716797,38.050514221191406,0.2954680621623993
269.6058349609375,193.20669555664062,37.95071029663086,38.14496612548828,0.3034791648387909
219.4829864501953,143.19911193847656,37.924678802490234,38.060791015625,0.29840418696403503
300.6747741699219,224.44252014160156,37.952144622802734,37.97884750366211,0.3012841045856476
231.065673828125,154.7900848388672,37.95923614501953,38.00987243652344,0.3064700961112976
297.9005432128906,221.53042602539062,37.97279357910156,38.08624267578125,0.31106364727020264
245.8395233154297,169.47332763671875,37.99154281616211,38.07472610473633,0.2999325096607208
261.84307861328125,185.52928161621094,37.95719909667969,38.062259674072266,0.2943356931209564
206.98106384277344,130.67393493652344,37.90617370605469,38.10517501831055,0.2957803010940552
299.5770263671875,223.21490478515625,37.92820358276367,38.12761688232422,0.30629250407218933
251.228271484375,174.89662170410156,37.958805084228516,38.07003402709961,0.30280497670173645
254.57411193847656,178.30641174316406,37.955482482910156,38.012046813964844,0.30015894770622253
232.78221130371094,156.48721313476562,38.05953598022461,37.93413162231445,0.3013232946395874
254.97579956054688,178.57188415527344,38.33064270019531,37.76447677612305,0.3087935149669647
227.8639373779297,151.4552001953125,38.48287582397461,37.62205505371094,0.30380702018737793
269.8751525878906,193.58262634277344,38.354732513427734,37.64149475097656,0.2963072955608368
250.32847595214844,174.09080505371094,38.21232986450195,37.730648040771484,0.2946988344192505
242.05905151367188,165.73379516601562,38.19654846191406,37.81877136230469,0.30993539094924927
224.4148712158203,148.0231475830078,38.160648345947266,37.916629791259766,0.3144555687904358
261.61724853515625,185.27139282226562,38.02116394042969,38.020118713378906,0.3045598864555359
238.1304473876953,161.81768798828125,37.97170639038086,38.04078674316406,0.30025702714920044
242.3076171875,165.95941162109375,38.0556755065918,37.99063491821289,0.30189135670661926
219.3155975341797,142.94659423828125,38.038230895996094,38.02447509765625,0.30628296732902527
249.6160430908203,173.28662109375,37.88705825805664,38.13949203491211,0.30286577343940735
216.2261505126953,139.90843200683594,37.855960845947266,38.1601676940918,0.3015860915184021
255.84237670898438,179.47219848632812,38.01785659790039,38.04573059082031,0.30658966302871704
226.94342041015625,150.5618438720703,38.156497955322266,37.913700103759766,0.31138452887535095
236.0703125,159.7355194091797,38.180538177490234,37.8489875793457,0.3052655756473541
210.30288696289062,133.97866821289062,38.17423629760742,37.84798049926758,0.30200451612472534
250.37673950195312,174.0066680908203,38.191802978515625,37.874107360839844,0.3041636645793915
222.35633850097656,145.9779815673828,38.19586944580078,37.87812805175781,0.30435359477996826
233.03347778320312,156.68362426757812,38.17692184448242,37.86891174316406,0.30400893092155457
205.16090393066406,128.81378173828125,38.14462661743164,37.897132873535156,0.3053795099258423
248.52420043945312,172.14608764648438,38.13401794433594,37.93233108520508,0.31176474690437317
215.3802947998047,139.01251220703125,38.16693878173828,37.89091491699219,0.30993902683258057
239.91273498535156,163.56468200683594,38.2095947265625,37.833675384521484,0.3047792613506317
209.88209533691406,133.52056884765625,38.182308197021484,37.87405014038086,0.3051677644252777
242.4130096435547,166.02635192871094,38.10853576660156,37.96920394897461,0.308920681476593
210.2448272705078,133.88291931152344,38.08976745605469,37.965999603271484,0.30614256858825684
243.33547973632812,166.99952697753906,38.123985290527344,37.90846252441406,0.3035145401954651
213.38491821289062,137.03025817871094,38.116153717041016,37.93223190307617,0.3062676191329956
237.1234130859375,160.72320556640625,38.06764221191406,38.01810073852539,0.3144717216491699
206.2476348876953,129.85980224609375,38.06318664550781,38.01369094848633,0.3109554052352905
247.1475067138672,170.7910919189453,38.11143112182617,37.93937683105469,0.3056001365184784
217.5423126220703,141.18411254882812,38.141902923583984,37.9105110168457,0.30578792095184326
232.02682495117188,155.63461303710938,38.137332916259766,37.94200134277344,0.31288832426071167
203.3320770263672,126.95242309570312,38.12652587890625,37.94343566894531,0.30969175696372986
247.77159118652344,171.41885375976562,38.126094818115234,37.92169952392578,0.3049461245536804
218.3378143310547,141.9738311767578,38.13755798339844,37.919837951660156,0.3065881133079529
228.76890563964844,152.36012268066406,38.14395523071289,37.94929122924805,0.315538614988327
200.55038452148438,124.15625762939453,38.12158203125,37.960147857666016,0.3124062716960907
248.6678924560547,172.31475830078125,38.100101470947266,37.94765853881836,0.30536872148513794
219.58802795410156,143.22885131835938,38.12828063964844,37.92527770996094,0.3056238889694214
225.55360412597656,149.13941955566406,38.174922943115234,37.92428207397461,0.31496986746788025
198.84930419921875,122.43928527832031,38.1549072265625,37.94097900390625,0.3141288459300995
248.10238647460938,171.74012756347656,38.102725982666016,37.95350646972656,0.30603766441345215
220.4102020263672,144.0506591796875,38.12263107299805,37.93124771118164,0.3056706190109253
221.82461547851562,145.41419982910156,38.18524169921875,37.91128158569336,0.31389132142066956
196.2658233642578,119.85430145263672,38.161293029785156,37.93611145019531,0.3141232430934906
248.18157958984375,171.81028747558594,38.08309555053711,37.98100280761719,0.30718669295310974
220.7064971923828,144.33636474609375,38.088539123535156,37.974891662597656,0.30671486258506775
219.0172119140625,142.60108947753906,38.162349700927734,37.93989181518555,0.3138704299926758
193.95611572265625,117.54119110107422,38.16359329223633,37.93704605102539,0.31429100036621094
248.39869689941406,172.0221405029297,38.10209655761719,37.96712112426758,0.3073400557041168
220.9586944580078,144.58189392089844,38.105289459228516,37.9643669128418,0.30714619159698486
216.4588165283203,140.03839111328125,38.1668586730957,37.939605712890625,0.31396836042404175
191.60093688964844,115.1829605102539,38.166046142578125,37.93746566772461,0.3144678771495819
248.621826171875,172.2422332763672,38.1097412109375,37.962059020996094,0.3078056871891022
220.8050079345703,144.426025390625,38.108402252197266,37.963199615478516,0.3073922395706177
214.6059112548828,138.1826171875,38.162452697753906,37.94697189331055,0.3138788938522339
189.78770446777344,113.36322784423828,38.16897201538086,37.94081115722656,0.31469565629959106
248.4757537841797,172.08782958984375,38.12027359008789,37.959171295166016,0.30848556756973267
220.47178649902344,144.08648681640625,38.10771942138672,37.96952819824219,0.30804526805877686
212.86434936523438,136.43780517578125,38.14503860473633,37.96706771850586,0.31443560123443604
187.99891662597656,111.57194519042969,38.15827560424805,37.95396423339844,0.3147221803665161
248.51449584960938,172.1211700439453,38.128990173339844,37.955352783203125,0.30899423360824585
220.12095642089844,143.72915649414062,38.12174987792969,37.96126937866211,0.3087749779224396
211.50668334960938,135.0755157470703,38.152767181396484,37.963356018066406,0.315036803483963
186.5397491455078,110.11083221435547,38.166954040527344,37.94751739501953,0.3144453763961792
248.60435485839844,172.20716857910156,38.142860412597656,37.94524002075195,0.3090837299823761
220.20558166503906,143.80783081054688,38.133094787597656,37.95538330078125,0.3092755973339081
209.80978393554688,133.37232971191406,38.154869079589844,37.966434478759766,0.3161686956882477
184.9932403564453,108.55944061279297,38.16292953491211,37.95582962036133,0.3150421380996704
248.73223876953125,172.33026123046875,38.138729095458984,37.953857421875,0.3093816637992859
220.30889892578125,143.90708923339844,38.13128662109375,37.96104049682617,0.30948135256767273
208.1816864013672,131.741455078125,38.154666900634766,37.96905517578125,0.3165075480937958
183.6076202392578,107.17089080810547,38.1617546081543,37.959716796875,0.31525808572769165
248.8348846435547,172.42724609375,38.138118743896484,37.95979309082031,0.3097168207168579
220.6700897216797,144.26116943359375,38.135440826416016,37.96352767944336,0.30994752049446106
206.16847229003906,129.7221221923828,38.16246795654297,37.9666748046875,0.31721121072769165
181.9059600830078,105.46503448486328,38.165897369384766,37.959259033203125,0.31576138734817505
249.197265625,172.78604125976562,38.13905334472656,37.96214294433594,0.31003206968307495
221.05093383789062,144.63833618164062,38.1395378112793,37.96287536621094,0.3101799786090851
204.31155395507812,127.86137390136719,38.16965103149414,37.963138580322266,0.3173964321613312
180.39013671875,103.94509887695312,38.16674041748047,37.96229934692383,0.3159959614276886
249.31463623046875,172.89840698242188,38.13311767578125,37.972816467285156,0.31029775738716125
221.1876220703125,144.76905822753906,38.13746643066406,37.970577239990234,0.3105188310146332
202.6925811767578,126.23640441894531,38.17782974243164,37.960445404052734,0.3179060220718384
179.0310821533203,102.5816421508789,38.1768913269043,37.956111907958984,0.316435307264328
249.15252685546875,172.73280334472656,38.1363525390625,37.97275161743164,0.31062114238739014
220.90866088867188,144.48626708984375,38.13661193847656,37.974979400634766,0.3108031451702118
201.573974609375,125.11328125,38.177467346191406,37.96507263183594,0.3181586265563965
178.15072631835938,101.69683074951172,38.17576217651367,37.961402893066406,0.31673911213874817
248.36575317382812,171.94175720214844,38.132652282714844,37.98051452636719,0.3108420670032501
220.03897094726562,143.6117401123047,38.134037017822266,37.982154846191406,0.3110390901565552
201.06491088867188,124.59858703613281,38.18022155761719,37.967586517333984,0.31850939989089966
177.83871459960938,101.37985229492188,38.18189239501953,37.959835052490234,0.3171335756778717
246.84310913085938,170.41567993164062,38.13642883300781,37.979854583740234,0.31114837527275085
218.5183868408203,142.08761596679688,38.135353088378906,37.984073638916016,0.3113611340522766
201.1840057373047,124.71247100830078,38.18231964111328,37.97027587890625,0.3189345598220825
178.06842041015625,101.60440063476562,38.18540954589844,37.9611701965332,0.3174435794353485
244.63645935058594,168.20570373535156,38.13796615600586,37.981544494628906,0.3112376928329468
216.3228302001953,139.88856506347656,38.13515853881836,37.98759841918945,0.31150153279304504
202.0414581298828,125.56421661376953,38.18439865112305,37.97342300415039,0.3194248378276825
178.9190673828125,102.4494857788086,38.1915397644043,37.96017837524414,0.31787818670272827
241.84591674804688,165.4119415283203,38.143428802490234,37.97911834716797,0.31143003702163696
213.7365264892578,137.29904174804688,38.13724899291992,37.988521575927734,0.31170156598091125
203.31344604492188,126.8305435180664,38.18522262573242,37.97773742675781,0.31994256377220154
180.20266723632812,103.72734069824219,38.193843841552734,37.96318435668945,0.31830084323883057
238.5452117919922,162.1081085205078,38.145877838134766,37.979740142822266,0.3114939332008362
210.7352294921875,134.2947235107422,38.13833999633789,37.9903678894043,0.31179529428482056
204.97662353515625,128.4879913330078,38.18663024902344,37.98153305053711,0.32046476006507874
181.76878356933594,105.28756713867188,38.1970100402832,37.96540451049805,0.3187962770462036
235.05419921875,158.61407470703125,38.14910125732422,37.97940444946289,0.3116133213043213
207.6287841796875,131.18548583984375,38.13975143432617,37.991641998291016,0.3118975758552551
206.80886840820312,130.31446838378906,38.18743896484375,37.98599624633789,0.32097384333610535
183.48684692382812,106.99939727783203,38.19895935058594,37.96918487548828,0.3192979395389557
231.51922607421875,155.07594299316406,38.152095794677734,37.97950744628906,0.31166964769363403
204.5653533935547,128.1192626953125,38.142433166503906,37.991722106933594,0.31193506717681885
208.61221313476562,132.1121063232422,38.19035339355469,37.988319396972656,0.32144561409950256
185.1473846435547,108.65390014648438,38.20246124267578,37.9712028503418,0.31982412934303284
228.1802520751953,151.73397827148438,38.15560531616211,37.97888946533203,0.31177645921707153
201.73324584960938,125.2845687866211,38.14491271972656,37.99179458618164,0.31198009848594666
210.20083618164062,133.69520568847656,38.192684173583984,37.99106979370117,0.32187020778656006
186.61248779296875,110.11282348632812,38.20502471923828,37.974281311035156,0.32036641240119934
225.14735412597656,148.69769287109375,38.15825271606445,37.979515075683594,0.311904639005661
199.20089721679688,122.7493896484375,38.14723587036133,37.992244720458984,0.31202781200408936
211.48040771484375,134.96961975097656,38.1956672668457,37.99294662475586,0.3221777677536011
187.76190185546875,111.25652313232422,38.207942962646484,37.97663879394531,0.3208071291446686
222.55836486816406,146.10537719726562,38.15993881225586,37.980995178222656,0.31205418705940247
197.06629943847656,120.61193084716797,38.14797592163086,37.994285583496094,0.31211304664611816
212.37950134277344,135.8636016845703,38.197532653808594,37.99587631225586,0.322489470243454
188.56468200683594,112.0536880493164,38.21034240722656,37.97943115234375,0.321212500333786
220.4123992919922,143.9560089111328,38.16120529174805,37.982975006103516,0.3122136890888214
195.3248291015625,118.86750030517578,38.14876937866211,37.996341705322266,0.3122178614139557
212.8687744140625,136.34800720214844,38.20054626464844,37.997459411621094,0.32274919748306274
188.96810913085938,112.45189666748047,38.21443176269531,37.980262756347656,0.3215281367301941
218.75302124023438,142.29322814941406,38.163272857666016,37.984153747558594,0.3123723864555359
193.9822540283203,117.52191925048828,38.14933395385742,37.998661041259766,0.3123442232608795
212.98501586914062,136.45956420898438,38.20283508300781,37.99958801269531,0.3230243921279907
189.0393829345703,112.51818084716797,38.21787643432617,37.98152542114258,0.32180771231651306
217.50994873046875,141.04676818847656,38.16497802734375,37.98567581176758,0.3125234842300415
193.00604248046875,116.54264831542969,38.14988708496094,38.00102996826172,0.31247198581695557
212.74635314941406,136.21636962890625,38.20541000366211,38.00129699707031,0.3232749104499817
188.81146240234375,112.28549194335938,38.221534729003906,37.98238754272461,0.32204532623291016
216.6012725830078,140.13478088378906,38.1663818359375,37.9874382019043,0.312665194272995
192.2907257080078,115.82427215576172,38.149723052978516,38.00412368774414,0.3126085102558136
212.28013610839844,135.7456817626953,38.20726013183594,38.003662109375,0.323539137840271
188.3842010498047,111.85369110107422,38.22494125366211,37.98332595825195,0.32225191593170166
215.9447784423828,139.47515869140625,38.167972564697266,37.98886489868164,0.3127833604812622
191.77716064453125,115.30768585205078,38.14992904663086,38.006797790527344,0.31273701786994934
211.67233276367188,135.1333770751953,38.209266662597656,38.005859375,0.32382071018218994
187.86732482910156,111.33232879638672,38.22830581665039,37.98422622680664,0.32246503233909607
215.4000701904297,138.92747497558594,38.169673919677734,37.99004364013672,0.31287887692451477
191.3527069091797,114.88036346435547,38.150394439697266,38.00911331176758,0.31283923983573914
211.02304077148438,134.47962951660156,38.21141815185547,38.00790786743164,0.3240998685359955
187.34286499023438,110.80339050292969,38.231693267822266,37.98509979248047,0.3226873576641083
214.8741455078125,138.39874267578125,38.17135238647461,37.9910888671875,0.312959223985672
190.934326171875,114.4592056274414,38.15092468261719,38.01125717163086,0.3129254877567291
210.42233276367188,133.8743896484375,38.21352005004883,38.01004409790039,0.3243798017501831
186.8902130126953,110.34626007080078,38.23471450805664,37.986305236816406,0.32292282581329346
214.2812042236328,137.80320739746094,38.17259216308594,37.99238204956055,0.31301748752593994
190.45877075195312,113.98107147216797,38.151309967041016,38.013404846191406,0.31298285722732544
209.9179229736328,133.36538696289062,38.21585464477539,38.01204299926758,0.3246515095233917
186.5366973876953,109.98823547363281,38.23781204223633,37.98748016357422,0.3231709599494934
213.59400939941406,137.1136474609375,38.17363739013672,37.993656158447266,0.3130616843700409
189.89981079101562,113.41972351074219,38.151573181152344,38.0155029296875,0.31302115321159363
209.53097534179688,132.97377014160156,38.218257904052734,38.0140380859375,0.32491156458854675
186.28721618652344,109.73417663574219,38.24079132080078,37.98881912231445,0.3234250545501709
212.82424926757812,136.34170532226562,38.1743278503418,37.995113372802734,0.31309178471565247
189.27725219726562,112.79492950439453,38.15174865722656,38.01752853393555,0.31303903460502625
209.23593139648438,132.67405700683594,38.221073150634766,38.01564025878906,0.3251590430736542
186.11163330078125,109.55402374267578,38.24400329589844,37.989925384521484,0.3236770033836365
212.0137481689453,135.52923583984375,38.17478942871094,37.99661636352539,0.31310975551605225
188.63084411621094,112.14649200439453,38.15175247192383,38.01955795288086,0.31304147839546204
208.98313903808594,132.41659545898438,38.224063873291016,38.017093658447266,0.3253903388977051
185.95513916015625,109.39299011230469,38.24728012084961,37.990943908691406,0.32391759753227234
211.2294921875,134.74317932128906,38.17490005493164,37.99830627441406,0.31311729550361633
188.01052856445312,111.52429962158203,38.15145492553711,38.0217399597168,0.3130340576171875
208.72703552246094,132.15589904785156,38.22716522216797,38.018375396728516,0.32560721039772034
185.7747344970703,109.20818328857422,38.25062561035156,37.99180603027344,0.32413390278816223
210.52438354492188,134.03643798828125,38.174747467041016,38.00008773803711,0.31311270594596863
187.45973205566406,110.97174835205078,38.15096664428711,38.02399826049805,0.3130206763744354
208.4310302734375,131.85533142089844,38.2303352355957,38.0195426940918,0.3258151412010193
185.54241943359375,108.9715805053711,38.2540168762207,37.99249267578125,0.32432204484939575
209.92724609375,133.43788146972656,38.17446517944336,38.00180435180664,0.3130911588668823
186.99319458007812,110.50359344482422,38.150394439697266,38.02619552612305,0.31300029158592224
208.09483337402344,131.51466369628906,38.23357009887695,38.02058410644531,0.32601848244667053
185.26126098632812,108.68635559082031,38.257415771484375,37.99301528930664,0.3244800567626953
209.43545532226562,132.94491577148438,38.17399597167969,38.00348663330078,0.3130508065223694
186.60256958007812,110.11149597167969,38.14970779418945,38.02839660644531,0.31297406554222107
207.73890686035156,131.15431213378906,38.23678207397461,38.02159881591797,0.32622331380844116
184.95626831054688,108.3774642944336,38.26069259643555,37.99349594116211,0.32461056113243103
209.02029418945312,132.5288543701172,38.173336029052734,38.0051155090332,0.3129861652851105
186.25979614257812,109.76736450195312,38.14894104003906,38.03054428100586,0.31293776631355286
207.39952087402344,130.81048583984375,38.239959716796875,38.022640228271484,0.32643261551856995
184.65867614746094,108.07617950439453,38.2638053894043,37.99397659301758,0.3247171938419342
208.6484375,132.1564178466797,38.17247009277344,38.006649017333984,0.3128950297832489
185.93280029296875,109.4391860961914,38.14813232421875,38.032588958740234,0.3128894865512848
207.11224365234375,130.51878356933594,38.243133544921875,38.023685455322266,0.3266507387161255
184.39346313476562,107.80741882324219,38.2667236328125,37.9945182800293,0.32480496168136597
208.29661560058594,131.80433654785156,38.17141342163086,38.00808334350586,0.3127760887145996
185.6031494140625,109.1085433959961,38.147335052490234,38.03445053100586,0.3128252923488617
206.89260864257812,130.29469299316406,38.246315002441406,38.02471923828125,0.3268739581108093
184.16561889648438,107.5761947631836,38.26937484741211,37.995182037353516,0.32487767934799194
207.96360778808594,131.4713897705078,38.17009353637695,38.00949478149414,0.31263089179992676
185.2687530517578,108.7733383178711,38.14655303955078,38.03611755371094,0.31274285912513733
206.73516845703125,130.1328582763672,38.24956130981445,38.02565383911133,0.3270978331565857
183.95875549316406,107.36611938476562,38.27183532714844,37.99585723876953,0.32493433356285095
207.6696014404297,131.17771911621094,38.16856002807617,38.01084899902344,0.3124622404575348
184.94174194335938,108.44572448730469,38.14584732055664,38.03753662109375,0.31264254450798035
206.62278747558594,130.01617431640625,38.252872467041016,38.02642822265625,0.32731539011001587
183.74777221679688,107.15219116210938,38.273990631103516,37.99662780761719,0.32497283816337585
207.43836975097656,130.94711303710938,38.166683197021484,38.01229476928711,0.3122742176055908
184.6352996826172,108.13882446289062,38.145145416259766,38.03880310058594,0.3125268220901489
206.53762817382812,129.92686462402344,38.2562255859375,38.02702331542969,0.3275192081928253
183.5111846923828,106.9129409790039,38.27585983276367,37.99740982055664,0.32498636841773987
207.28485107421875,130.79443359375,38.16456604003906,38.01377487182617,0.31206944584846497
184.34986877441406,107.85307312011719,38.144554138183594,38.03986358642578,0.31239908933639526
206.47825622558594,129.863525390625,38.25962829589844,38.02739334106445,0.3277059495449066
183.2421112060547,106.64157104492188,38.277408599853516,37.998172760009766,0.32496899366378784
207.20489501953125,130.71554565429688,38.162193298339844,38.01530838012695,0.31184959411621094
184.06869506835938,107.57160949707031,38.144046783447266,38.040775299072266,0.3122650682926178
206.45664978027344,129.83816528320312,38.26303482055664,38.02756881713867,0.32787761092185974
182.94496154785156,106.34252166748047,38.27861785888672,37.998897552490234,0.3249172866344452
207.1826171875,130.6945343017578,38.15962219238281,38.016841888427734,0.3116135001182556
183.77183532714844,107.27448272705078,38.14372634887695,38.04148483276367,0.31212642788887024
206.483154296875,129.86111450195312,38.26647186279297,38.027523040771484,0.32803434133529663
182.62179565429688,106.0179443359375,38.27949905395508,37.999534606933594,0.32482823729515076
207.20079040527344,130.71417236328125,38.156944274902344,38.018310546875,0.31136128306388855
183.44065856933594,106.94306945800781,38.143638610839844,38.0419807434082,0.31198644638061523
206.55738830566406,129.93202209472656,38.26984786987305,38.02732467651367,0.32817894220352173
182.26690673828125,105.6620864868164,38.27996826171875,38.00014877319336,0.3247005045413971
207.24563598632812,130.76063537597656,38.15419006347656,38.01971435546875,0.31109410524368286
183.06199645996094,106.56407928466797,38.143798828125,38.04226303100586,0.31184542179107666
206.66546630859375,130.03704833984375,38.273109436035156,38.02700424194336,0.3283102214336395
181.8626251220703,105.25733184814453,38.280029296875,38.000728607177734,0.3245334327220917
207.30996704101562,130.82667541503906,38.151432037353516,38.02104568481445,0.31081560254096985
182.62887573242188,106.13058471679688,38.14427185058594,38.04231262207031,0.31170669198036194
206.78402709960938,130.15283203125,38.2762565612793,38.0265007019043,0.328424334526062
181.38841247558594,104.78315734863281,38.27969741821289,38.0012321472168,0.3243238031864166
207.38067626953125,130.89907836914062,38.148799896240234,38.02225875854492,0.3105319142341614
182.13119506835938,105.63239288330078,38.1451416015625,38.04209899902344,0.31157511472702026
206.8861541748047,130.25257873535156,38.27925109863281,38.02580261230469,0.328518271446228
180.82470703125,104.22004699707031,38.27891159057617,38.00168228149414,0.3240675926208496
207.4377899169922,130.95782470703125,38.14626693725586,38.02345275878906,0.31024929881095886
181.5511932373047,105.05164337158203,38.14638900756836,38.04170608520508,0.3114577531814575
206.95021057128906,130.314697265625,38.28202819824219,38.02490234375,0.3285891115665436
180.16305541992188,103.55956268310547,38.277767181396484,38.001976013183594,0.3237607479095459
207.44325256347656,130.96469116210938,38.14399719238281,38.024593353271484,0.30997440218925476
180.86392211914062,104.3633041381836,38.148075103759766,38.04116439819336,0.3113633096218109
206.9555206298828,130.3185272216797,38.28457260131836,38.02378845214844,0.3286336660385132
179.39810180664062,102.79635620117188,38.27626419067383,38.0020866394043,0.32339856028556824
207.35772705078125,130.8802490234375,38.14206314086914,38.02570724487305,0.3097141981124878
180.05223083496094,103.5501708984375,38.15021896362305,38.04054260253906,0.31130167841911316
206.86709594726562,130.2291717529297,38.28679275512695,38.022499084472656,0.3286498188972473
178.5198211669922,101.92041015625,38.274452209472656,38.00197982788086,0.32297542691230774
207.14219665527344,130.6653289794922,38.140602111816406,38.02677917480469,0.30947718024253845
179.10699462890625,102.60295867919922,38.15283203125,38.03990936279297,0.3112831115722656
206.63848876953125,130.00018310546875,38.2886848449707,38.020992279052734,0.328628808259964
177.51930236816406,100.9228286743164,38.27241897583008,38.00157165527344,0.3224848806858063
206.75384521484375,130.27699279785156,38.13974380493164,38.027828216552734,0.30927348136901855
178.02552795410156,101.51892852783203,38.15595245361328,38.039329528808594,0.31132152676582336
206.21507263183594,129.5770721435547,38.29010009765625,38.019344329833984,0.3285597562789917
176.39169311523438,99.79873657226562,38.27018737792969,38.000858306884766,0.32191988825798035
206.14784240722656,129.6702117919922,38.13959503173828,38.02891540527344,0.30911681056022644
176.81201171875,100.3021240234375,38.159549713134766,38.03891372680664,0.3114337921142578
205.5426025390625,128.90562438964844,38.29103469848633,38.017520904541016,0.32842379808425903
175.1449737548828,98.55602264404297,38.267887115478516,37.99978256225586,0.3212723731994629
205.27276611328125,128.79339599609375,38.140316009521484,38.030033111572266,0.309022456407547
175.4775390625,98.96353149414062,38.16358947753906,38.03877258300781,0.3116396963596344
204.5686492919922,127.93352508544922,38.291378021240234,38.01554870605469,0.3281969428062439
173.79966735839844,97.2151870727539,38.26554870605469,37.99837875366211,0.3205406367778778
204.08209228515625,127.59982299804688,38.14189147949219,38.031368255615234,0.30900928378105164
174.05148315429688,97.53251647949219,38.16794204711914,38.039066314697266,0.31195974349975586
203.23855590820312,126.6061782836914,38.29104995727539,38.01347351074219,0.3278456926345825
172.3834686279297,95.80376434326172,38.26333236694336,37.99664306640625,0.31972554326057434
202.54776000976562,126.06127166748047,38.1444206237793,38.03297805786133,0.30909961462020874
172.58349609375,96.05870819091797,38.172489166259766,38.03988265991211,0.3124159574508667
201.5099639892578,124.88137817382812,38.29010772705078,38.01115798950195,0.32733309268951416
170.93463134765625,94.35981750488281,38.26140213012695,37.99457550048828,0.3188413977622986
200.6629180908203,124.17068481445312,38.14789962768555,38.03499984741211,0.30932027101516724
171.13958740234375,94.60820007324219,38.17701721191406,38.04135513305664,0.3130260109901428
199.35995483398438,122.73619842529297,38.28848648071289,38.0086555480957,0.32661673426628113
169.49290466308594,92.9228286743164,38.259857177734375,37.992305755615234,0.31790992617607117
198.45985412597656,121.96031951904297,38.1522331237793,38.037601470947266,0.30970147252082825
169.7987518310547,93.26007843017578,38.18132019042969,38.043540954589844,0.31380268931388855
196.7989959716797,120.18115234375,38.28630065917969,38.00587844848633,0.3256624639034271
168.09542846679688,91.52971649169922,38.25883102416992,37.98991012573242,0.3169640898704529
196.01100158691406,119.5025405883789,38.15726089477539,38.04092025756836,0.3102759122848511
168.6344757080078,92.0881118774414,38.1851806640625,38.046443939208984,0.31474751234054565
193.8859405517578,117.2750244140625,38.28364944458008,38.00281524658203,0.32445475459098816
166.76666259765625,90.20466613769531,38.258358001708984,37.98759460449219,0.31604650616645813
193.4375762939453,116.918701171875,38.16279602050781,38.045005798339844,0.31107592582702637
167.7068328857422,91.15257263183594,38.188541412353516,38.04987716674805,0.3158431649208069
190.72616577148438,114.1229476928711,38.2807502746582,37.999473571777344,0.3230041265487671
165.51058959960938,88.95138549804688,38.258358001708984,37.98564147949219,0.31520146131515503
190.9012451171875,114.3707046508789,38.16845703125,38.04996109008789,0.3121318519115448
167.05252075195312,90.49050903320312,38.19132995605469,38.05363845825195,0.31705185770988464
187.4604949951172,110.8653793334961,38.277896881103516,37.995845794677734,0.32136115431785583
164.30848693847656,87.75098419189453,38.25871276855469,37.98432922363281,0.3144706189632416
188.5846710205078,112.04157257080078,38.17391586303711,38.055728912353516,0.3134599030017853
166.6801300048828,90.11080932617188,38.19363784790039,38.05736541748047,0.3183082044124603
184.24240112304688,107.65540313720703,38.275306701660156,37.9920768737793,0.3196091651916504
163.12510681152344,86.5680160522461,38.259193420410156,37.9840087890625,0.3138860762119293
186.6591033935547,110.10301971435547,38.1788330078125,38.062198638916016,0.31505540013313293
166.5695343017578,89.99371337890625,38.195613861083984,38.060665130615234,0.31953009963035583
181.21109008789062,104.6317138671875,38.27324295043945,37.988285064697266,0.317855566740036
161.92454528808594,85.36654663085938,38.259578704833984,37.984962463378906,0.3134631812572479
185.24081420898438,108.671875,38.1829948425293,38.06906509399414,0.31687337160110474
166.67860412597656,90.09728240966797,38.197479248046875,38.06319808959961,0.3206334114074707
178.46035766601562,101.88756561279297,38.271881103515625,37.98469924926758,0.31621310114860535
160.6821746826172,84.12195587158203,38.259761810302734,37.98725891113281,0.3131982386112213
184.35743713378906,107.77637481689453,38.186363220214844,38.07588577270508,0.31881970167160034
166.94505310058594,90.35936737060547,38.19950866699219,38.06462860107422,0.32155001163482666
176.03382873535156,99.4661865234375,38.27130126953125,37.981563568115234,0.31477630138397217
159.41159057617188,82.84799194335938,38.25968933105469,37.990840911865234,0.3130708336830139
183.9209442138672,107.32903289794922,38.18894958496094,38.082210540771484,0.32075536251068115
167.28280639648438,90.69383239746094,38.20176315307617,38.06495666503906,0.32224729657173157
173.94769287109375,97.38347625732422,38.27158737182617,37.97903060913086,0.3136049807071686
158.1812286376953,81.61333465576172,38.259544372558594,37.995304107666016,0.3130472004413605
183.7344207763672,107.13341522216797,38.190826416015625,38.087642669677734,0.322522908449173
167.5706787109375,90.97937774658203,38.204139709472656,38.06442642211914,0.32273590564727783
172.23391723632812,95.67117309570312,38.27279281616211,37.977237701416016,0.31271955370903015
157.1183319091797,80.54557037353516,38.259620666503906,38.00006103515625,0.31308361887931824
183.53128051757812,106.92334747314453,38.192020416259766,38.091922760009766,0.3239850401878357
167.6548309326172,91.0619125366211,38.20651626586914,38.0633430480957,0.32305556535720825
170.9627227783203,94.39944458007812,38.275020599365234,37.97615051269531,0.31210896372795105
156.3737030029297,79.79589080810547,38.26021957397461,38.004459381103516,0.3131369650363922
183.0594024658203,106.4468002319336,38.19249725341797,38.095035552978516,0.3250688314437866
167.3890838623047,90.79501342773438,38.2086181640625,38.062191009521484,0.3232583701610565
170.21377563476562,93.64801788330078,38.27818298339844,37.975826263427734,0.3117399215698242
156.05630493164062,79.47354125976562,38.261505126953125,38.00808334350586,0.31317490339279175
182.1771240234375,105.56196594238281,38.192115783691406,38.09724044799805,0.325783908367157
166.70863342285156,90.11370086669922,38.21015930175781,38.06139373779297,0.32338592410087585
170.00247192382812,93.43254089355469,38.28215026855469,37.97621154785156,0.31156501173973083
156.17002868652344,79.58258819580078,38.26353454589844,38.01072692871094,0.3131917715072632
180.90939331054688,104.29348754882812,38.191043853759766,38.098655700683594,0.3262099027633667
165.67596435546875,89.08032989501953,38.211177825927734,38.06100082397461,0.32345083355903625
170.2352294921875,93.65983581542969,38.28660583496094,37.97726821899414,0.31152766942977905
156.6044464111328,80.01245880126953,38.266056060791016,38.01271057128906,0.31321418285369873
179.42396545410156,102.80846405029297,38.189605712890625,38.09944152832031,0.3264540433883667
164.46559143066406,87.86946868896484,38.21177673339844,38.060916900634766,0.32343289256095886
170.71893310546875,94.1373291015625,38.290992736816406,37.97905349731445,0.3115733861923218
157.18008422851562,80.58349609375,38.26873779296875,38.01456069946289,0.31328824162483215
177.9450225830078,101.33049011230469,38.188350677490234,38.09955978393555,0.3266107141971588
163.2902069091797,86.69389343261719,38.21235275268555,38.0606689453125,0.323286235332489
171.228271484375,94.64022827148438,38.29469680786133,37.981685638427734,0.31166115403175354
157.7166290283203,81.11516571044922,38.27109909057617,38.01691436767578,0.31345805525779724
176.66232299804688,100.048828125,38.18790054321289,38.0988655090332,0.32672902941703796
162.322998046875,85.72693634033203,38.21329116821289,38.05979919433594,0.32296988368034363
171.57672119140625,94.98253631591797,38.29720687866211,37.9852180480957,0.3117678761482239
158.0886688232422,81.48194122314453,38.272605895996094,38.0203742980957,0.3137492835521698
175.67330932617188,99.06057739257812,38.1884765625,38.09745788574219,0.3268006145954132
161.65394592285156,85.05857849121094,38.21491622924805,38.057979583740234,0.3224656581878662
171.657958984375,95.05815124511719,38.298423767089844,37.98950958251953,0.31188857555389404
158.2517852783203,81.63947296142578,38.273075103759766,38.02507019042969,0.31416308879852295
174.97242736816406,98.3601303100586,38.19004821777344,38.09547805786133,0.3267771303653717
161.2846221923828,84.69029998779297,38.2172966003418,38.05523681640625,0.3217965066432953
171.4573974609375,94.8525161743164,38.298561096191406,37.99429702758789,0.3120310604572296
158.24331665039062,81.62528991699219,38.272491455078125,38.03084945678711,0.31467950344085693
174.4705810546875,97.8584976196289,38.192134857177734,38.09335708618164,0.32659533619880676
161.148681640625,84.55552673339844,38.2202262878418,38.05190658569336,0.3210163414478302
171.03976440429688,94.43022155761719,38.29824447631836,37.99908447265625,0.3122144937515259
158.165283203125,81.54164123535156,38.27122497558594,38.03715515136719,0.315266877412796
174.03060913085938,97.41877746582031,38.194156646728516,38.091468811035156,0.32620760798454285
161.14340209960938,84.55133819580078,38.223453521728516,38.04841613769531,0.32018911838531494
170.5233612060547,93.90930938720703,38.29823303222656,38.00334167480469,0.3124651610851288
158.15164184570312,81.52265167236328,38.2697639465332,38.043331146240234,0.31589075922966003
173.51766967773438,96.9063949584961,38.19552230834961,38.09016799926758,0.3255992531776428
161.17030334472656,84.57905578613281,38.226531982421875,38.045345306396484,0.3193735182285309
170.03848266601562,93.41984558105469,38.29899597167969,38.006832122802734,0.3128109872341156
158.32728576660156,81.69335174560547,38.26852035522461,38.048912048339844,0.3165203928947449
172.8421630859375,96.23188018798828,38.19577407836914,38.0897216796875,0.32478901743888855
161.1673583984375,84.57655334472656,38.22904968261719,38.043148040771484,0.3186098337173462
169.68894958496094,93.06538391113281,38.3007926940918,38.009483337402344,0.3132708668708801
158.77110290527344,82.13253784179688,38.26791763305664,38.05351638793945,0.31713584065437317
171.9906005859375,95.38186645507812,38.19486618041992,38.09004592895508,0.323819637298584
161.13087463378906,84.54014587402344,38.23067092895508,38.04214096069336,0.3179156184196472
169.5222930908203,92.89344787597656,38.303619384765625,38.011383056640625,0.31384655833244324
159.4961395263672,82.85320281982422,38.26814270019531,38.05706787109375,0.31773054599761963
171.02732849121094,94.42073059082031,38.19276428222656,38.091087341308594,0.32274606823921204
161.1146697998047,84.52371215820312,38.23109436035156,38.042572021484375,0.3172891438007355
169.52708435058594,92.89258575439453,38.307369232177734,38.01261901855469,0.3145146071910858
160.4611053466797,83.81380462646484,38.26922607421875,38.05976867675781,0.31831467151641846
170.0670166015625,93.46314239501953,38.18966293334961,38.09259033203125,0.32162001729011536
161.2063446044922,84.61486053466797,38.23015213012695,38.044612884521484,0.3167150318622589
169.66189575195312,93.02167510986328,38.31190490722656,38.01307678222656,0.3152257800102234
161.6143798828125,84.96243286132812,38.27095031738281,38.06209182739258,0.3189140558242798
169.22085571289062,92.62046813964844,38.1859016418457,38.09402847290039,0.3204718232154846
161.4837188720703,84.89109802246094,38.22764205932617,38.04877853393555,0.31618601083755493
169.94735717773438,93.30207824707031,38.317325592041016,38.01205062866211,0.31589701771736145
163.00933837890625,86.3518295288086,38.27263641357422,38.06529998779297,0.319581538438797
168.564208984375,91.9688720703125,38.18226623535156,38.093788146972656,0.3192707300186157
162.05831909179688,85.46270751953125,38.223026275634766,38.05683517456055,0.3157512843608856
170.80130004882812,94.1539077758789,38.32455825805664,38.006465911865234,0.3163623511791229
165.38938903808594,88.72342681884766,38.27190017700195,38.07358169555664,0.32047322392463684
168.5713348388672,91.98650360107422,38.18089294433594,38.08614730834961,0.3177974820137024
164.4564208984375,87.85144805908203,38.213218688964844,38.0760612487793,0.31568610668182373
176.11962890625,99.4828872680664,38.336212158203125,37.984458923339844,0.31607186794281006
176.5142822265625,99.83142852783203,38.2579345703125,38.102813720703125,0.3221147954463959
174.78762817382812,98.23408508300781,38.18476867675781,38.05342102050781,0.3153568506240845
187.38302612304688,110.75314331054688,38.181983947753906,38.13094711303711,0.31695806980133057
215.9231414794922,139.3493194580078,38.34125518798828,37.919254302978516,0.3133089542388916
234.8102264404297,158.1227569580078,38.18271255493164,38.1801872253418,0.3245772123336792
155.90342712402344,79.40824127197266,38.14248275756836,38.038700103759766,0.31401363015174866
241.47694396972656,164.78736877441406,38.14183807373047,38.22475814819336,0.3229825794696808
441.42950439453125,364.9963684082031,38.30781173706055,37.815826416015625,0.30949604511260986
161.32217407226562,84.87833404541016,38.04712677001953,38.0828971862793,0.3138159513473511
236.0569305419922,159.40673828125,38.01197814941406,38.308040618896484,0.33016467094421387
449.6687927246094,373.2245178222656,38.178367614746094,37.94922637939453,0.3166917860507965
102.01334381103516,25.624021530151367,38.11750030517578,37.962703704833984,0.30912259221076965
684.6128540039062,607.493408203125,38.42295837402344,38.31728744506836,0.37923648953437805
250.22508239746094,173.56219482421875,38.2023811340332,38.116477966308594,0.34404709935188293
335.5152587890625,259.484130859375,37.70709991455078,38.0406608581543,0.2833709716796875
314.568359375,238.29981994628906,37.946678161621094,38.030029296875,0.2918466627597809
344.96136474609375,268.32171630859375,38.35306167602539,37.94963073730469,0.33697929978370667
277.4880065917969,200.801025390625,38.1441764831543,38.18324279785156,0.3595665395259857
425.1003723144531,348.8290100097656,37.59353256225586,38.373226165771484,0.30458125472068787
394.0016174316406,318.0567626953125,37.52292251586914,38.136192321777344,0.2857242524623871
331.3486022949219,255.10679626464844,37.9903564453125,37.94694900512695,0.3044694662094116
359.2656555175781,282.515869140625,38.42539978027344,37.96047592163086,0.36389797925949097
228.58396911621094,152.0908660888672,38.28714370727539,37.87984085083008,0.32612156867980957
459.60784912109375,383.6136474609375,38.00422286987305,37.70096206665039,0.28902512788772583
282.0787658691406,206.07493591308594,37.924964904785156,37.79612731933594,0.28274163603782654
500.6693420410156,424.0776672363281,38.19936752319336,38.06239700317383,0.32988670468330383
394.9907531738281,318.3576354980469,38.350772857666016,37.929962158203125,0.3523757755756378
372.766357421875,296.5101013183594,38.3465690612793,37.601898193359375,0.3078112304210663
406.4624328613281,330.3879699707031,38.19932556152344,37.58869934082031,0.2864701747894287
345.56207275390625,269.5419616699219,37.80415725708008,37.929161071777344,0.28676876425743103
685.9533081054688,609.7412719726562,37.538475036621094,38.3539924621582,0.31959637999534607
643.076171875,566.6563110351562,37.8089714050293,38.26153564453125,0.3493369519710541
495.4002380371094,418.9834289550781,38.19406509399414,37.89778518676758,0.32495832443237305
358.36749267578125,282.4377746582031,37.941104888916016,37.707271575927734,0.28135594725608826
584.2777099609375,508.5875244140625,37.800209045410156,37.61587905883789,0.2740226089954376
273.9595642089844,197.9792938232422,38.071231842041016,37.604679107666016,0.3043663203716278
791.7239379882812,715.190673828125,38.34958267211914,37.83610153198242,0.34751102328300476
497.86199951171875,421.47821044921875,38.44425964355469,37.61742401123047,0.3220718204975128
613.6380615234375,537.8148803710938,38.50150680541992,37.0484733581543,0.2731935679912567
483.2236633300781,407.5600891113281,38.08940124511719,37.306522369384766,0.26767513155937195
625.02392578125,548.943115234375,37.50361633300781,38.27568054199219,0.30153945088386536
452.8525085449219,376.7182312011719,37.40769958496094,38.403282165527344,0.32328808307647705
673.9760131835938,598.2161254882812,37.508140563964844,37.94895935058594,0.3027664124965668
634.0064697265625,558.41015625,37.68599319458008,37.61976623535156,0.29058364033699036
426.1582336425781,350.4158935546875,38.07418441772461,37.36747741699219,0.30068978667259216
441.68804931640625,365.8456726074219,38.376277923583984,37.16312789916992,0.3029862642288208
522.7625122070312,447.0675964355469,38.27927017211914,37.12199783325195,0.2936496436595917
521.7730102539062,446.05096435546875,38.090824127197266,37.33562469482422,0.2955666482448578
500.2778015136719,424.3770751953125,37.998268127441406,37.60536193847656,0.2970818281173706
638.503173828125,562.6882934570312,38.0456428527832,37.4754524230957,0.29374048113822937
312.4846496582031,237.01815795898438,38.04562759399414,37.13010025024414,0.29075881838798523
418.49139404296875,342.8472595214844,38.02256393432617,37.305721282958984,0.3158676326274872
367.8390808105469,291.84918212890625,37.89274978637695,37.774227142333984,0.3229053020477295
392.3358459472656,316.4134826660156,37.66816711425781,37.945919036865234,0.30825698375701904
348.45623779296875,272.9641418457031,37.580448150634766,37.631126403808594,0.2805195748806
394.23291015625,318.8079833984375,37.86803436279297,37.266998291015625,0.2898763120174408
277.6131286621094,201.86614990234375,38.191654205322266,37.220027923583984,0.3353094756603241
289.5501403808594,213.6598663330078,38.013431549072266,37.554203033447266,0.3226279318332672
406.5666809082031,330.9079284667969,37.47926712036133,37.87881851196289,0.3006732761859894
347.5167541503906,271.9951477050781,37.27376937866211,37.9549560546875,0.29287007451057434
364.48309326171875,288.8306579589844,37.534969329833984,37.807151794433594,0.310294508934021
336.44140625,260.7404479980469,37.99736785888672,37.40108871459961,0.302477091550827
318.0046081542969,242.40550231933594,38.214847564697266,37.0981559753418,0.28609615564346313
284.11614990234375,208.47988891601562,37.79484558105469,37.5389289855957,0.3024902641773224
372.5273742675781,296.78717041015625,37.29938888549805,38.11323547363281,0.32759806513786316
355.0726013183594,279.47076416015625,37.54336929321289,37.75296401977539,0.305512934923172
298.07025146484375,222.6542510986328,38.362632751464844,36.76612091064453,0.287246972322464
303.81170654296875,228.245361328125,38.48893737792969,36.78544998168945,0.2919429838657379
290.44976806640625,214.60691833496094,37.68339538574219,37.815853118896484,0.34358638525009155
297.3479309082031,221.58863830566406,37.086822509765625,38.35060119628906,0.32186949253082275
300.8206787109375,225.37631225585938,37.22282791137695,37.93241500854492,0.28912562131881714
313.8403625488281,238.4066925048828,37.8861083984375,37.25978088378906,0.2878241539001465
265.6445007324219,189.95181274414062,38.45801544189453,36.91714859008789,0.3175353705883026
255.21408081054688,179.46511840820312,38.044898986816406,37.39308166503906,0.3109823763370514
292.9095153808594,217.33677673339844,37.13588333129883,38.13723373413086,0.299635648727417
276.037841796875,200.52581787109375,37.14215087890625,38.07447814941406,0.29540106654167175
270.36688232421875,194.67691040039062,38.051544189453125,37.31290054321289,0.3255353569984436
255.51593017578125,179.80508422851562,38.37115478515625,37.030696868896484,0.3089945614337921
266.726318359375,191.18978881835938,37.821327209472656,37.414188385009766,0.3010333180427551
244.9191436767578,169.46014404296875,37.37265396118164,37.796566009521484,0.2897825837135315
270.7994079589844,195.12525939941406,37.644317626953125,37.705013275146484,0.32484006881713867
247.48460388183594,171.69400024414062,38.04059982299805,37.42165756225586,0.3283344805240631
263.3002624511719,187.68048095703125,38.0026969909668,37.32122802734375,0.29586443305015564
230.41098022460938,154.9441375732422,37.60043716430664,37.574729919433594,0.2916853725910187
266.26373291015625,190.72274780273438,37.2882194519043,37.946929931640625,0.3058326542377472
230.69113159179688,155.02471923828125,37.389461517333984,37.96116638183594,0.3157755136489868
257.0512390136719,181.37010192871094,37.75313949584961,37.62948226928711,0.2985174357891083
223.29205322265625,147.63272094726562,37.937442779541016,37.42219543457031,0.2996940016746521
251.50152587890625,175.88967895507812,37.820980072021484,37.4810905456543,0.3097623586654663
228.62156677246094,153.13938903808594,37.68564224243164,37.49825668334961,0.2982793152332306
259.2291259765625,183.74322509765625,37.72580337524414,37.46644592285156,0.2936296761035919
237.6752166748047,161.9696807861328,37.811119079589844,37.58237075805664,0.3120552897453308
257.89862060546875,182.04563903808594,37.78927230834961,37.71890640258789,0.34478041529655457
219.77978515625,144.19151306152344,37.79216003417969,37.49495315551758,0.30116093158721924
259.9945068359375,184.64804077148438,37.917701721191406,37.140838623046875,0.2879190146923065
225.32772827148438,149.81234741210938,37.90907669067383,37.308528900146484,0.29777148365974426
239.44361877441406,163.59014892578125,37.65660095214844,37.85240936279297,0.3444690406322479
204.09449768066406,128.32627868652344,37.50445556640625,37.9316291809082,0.3321353495121002
240.6002960205078,165.1409454345703,37.6264762878418,37.54759216308594,0.28528454899787903
206.11773681640625,130.66099548339844,37.7052001953125,37.46749496459961,0.2840370535850525
239.87771606445312,164.1591796875,37.628868103027344,37.77101135253906,0.31864243745803833
210.19813537597656,134.4402618408203,37.61728286743164,37.811973571777344,0.3286248445510864
234.52210998535156,158.9680633544922,37.71298599243164,37.54161071777344,0.2994554340839386
210.4632568359375,134.99195861816406,37.794315338134766,37.38895034790039,0.2880347967147827
241.53109741210938,165.90040588378906,37.807376861572266,37.514198303222656,0.3091154396533966
214.60690307617188,138.89248657226562,37.722782135009766,37.672672271728516,0.318968266248703
233.12062072753906,157.5082244873047,37.556697845458984,37.75255584716797,0.3031456172466278
210.50234985351562,134.97576904296875,37.559326171875,37.67104721069336,0.2962069809436798
227.26797485351562,151.68714904785156,37.796051025390625,37.479244232177734,0.30552032589912415
211.97842407226562,136.34788513183594,37.950191497802734,37.372867584228516,0.3074864149093628
220.20367431640625,144.60121154785156,37.80189895629883,37.50075912475586,0.29981014132499695
208.14743041992188,132.54908752441406,37.568172454833984,37.72716522216797,0.3030073046684265
217.44752502441406,141.80950927734375,37.53316879272461,37.788536071777344,0.3163028657436371
204.0289764404297,128.43421936035156,37.670650482177734,37.61982345581055,0.304281622171402
218.3659210205078,142.83924865722656,37.76351547241211,37.46870803833008,0.2944497764110565
201.93113708496094,126.35758972167969,37.68818283081055,37.58477020263672,0.30059006810188293
215.1411895751953,139.4424285888672,37.5847282409668,37.786399841308594,0.3276287913322449
196.02255249023438,120.36363983154297,37.600830078125,37.74041748046875,0.31765538454055786
217.48231506347656,141.97117614746094,37.67072296142578,37.547874450683594,0.29252904653549194
199.13739013671875,123.61743927001953,37.703983306884766,37.52070617675781,0.2952614724636078
210.19357299804688,134.52085876464844,37.729454040527344,37.621925354003906,0.32134315371513367
194.16519165039062,118.47793579101562,37.78015899658203,37.578941345214844,0.3281555473804474
215.016845703125,139.48313903808594,37.801979064941406,37.435447692871094,0.29626572132110596
198.66912841796875,123.1533203125,37.750675201416016,37.47020721435547,0.2949165105819702
208.69424438476562,133.04795837402344,37.68414306640625,37.64923095703125,0.312909334897995
189.9685516357422,114.3032455444336,37.731937408447266,37.61064910888672,0.32270652055740356
217.2423858642578,141.70704650878906,37.85504913330078,37.3822135925293,0.29806530475616455
199.75990295410156,124.2393798828125,37.829498291015625,37.396018981933594,0.29500502347946167
206.50331115722656,130.8611297607422,37.645538330078125,37.684051513671875,0.31258609890937805
186.70608520507812,111.05880737304688,37.59028244018555,37.74113845825195,0.31585022807121277
218.7920684814453,143.26177978515625,37.72555923461914,37.50658416748047,0.2981397807598114
199.92955017089844,124.409423828125,37.7723388671875,37.45203399658203,0.2957597076892853
204.95230102539062,129.31077575683594,37.656742095947266,37.66849899291992,0.3162902593612671
183.2610321044922,107.61772918701172,37.58946990966797,37.738121032714844,0.3157249689102173
220.12208557128906,144.591064453125,37.664310455322266,37.566383361816406,0.3003450334072113
197.51016235351562,121.9979476928711,37.741127014160156,37.4743537902832,0.296730637550354
204.35421752929688,128.73016357421875,37.75077819824219,37.5578498840332,0.3154233992099762
183.2627410888672,107.62450408935547,37.69864273071289,37.62256622314453,0.31702929735183716
217.5888214111328,142.0502166748047,37.62702560424805,37.61025619506836,0.3013201951980591
195.77194213867188,120.25503540039062,37.64856719970703,37.569435119628906,0.29891419410705566
204.73135375976562,129.12562561035156,37.769325256347656,37.524070739746094,0.31232142448425293
188.022216796875,112.4040298461914,37.794002532958984,37.50749588012695,0.316699743270874
213.22915649414062,137.69627380371094,37.632102966308594,37.59956741333008,0.30122217535972595
193.3222198486328,117.79259490966797,37.536128997802734,37.691795349121094,0.3017190098762512
208.93756103515625,133.330322265625,37.62972640991211,37.666141510009766,0.3113771677017212
192.4228973388672,116.82825469970703,37.730194091796875,37.55240249633789,0.31206014752388
209.34434509277344,133.83819580078125,37.66831970214844,37.53974533081055,0.29808077216148376
188.13783264160156,112.6046371459961,37.57046890258789,37.659446716308594,0.3032752275466919
214.3025360107422,138.671875,37.57482147216797,37.73912048339844,0.3167151212692261
194.42698669433594,118.83796691894531,37.66667938232422,37.61378479003906,0.30856359004974365
204.62991333007812,129.15835571289062,37.73336410522461,37.44498062133789,0.2932155728340149
183.95887756347656,108.44155883789062,37.69510269165039,37.519935607910156,0.3022904694080353
214.9871826171875,139.32748413085938,37.60710144042969,37.725406646728516,0.32719719409942627
194.18356323242188,118.57262420654297,37.64044189453125,37.65863037109375,0.31185251474380493
201.0157012939453,125.55925750732422,37.782386779785156,37.3821907043457,0.29187747836112976
184.1820526123047,108.69914245605469,37.805198669433594,37.3798828125,0.29784202575683594
211.19027709960938,135.52877807617188,37.65782165527344,37.669334411621094,0.3343450725078583
191.0839385986328,115.44963073730469,37.614376068115234,37.70176696777344,0.31815850734710693
202.40304565429688,126.9354476928711,37.7435188293457,37.429813385009766,0.2942597568035126
186.71180725097656,111.2565689086914,37.79103469848633,37.37056350708008,0.2936427891254425
206.51947021484375,130.88815307617188,37.67022705078125,37.62912368774414,0.33197662234306335
184.42027282714844,108.78633117675781,37.616519927978516,37.69578170776367,0.321645587682724
208.36636352539062,132.88047790527344,37.69190979003906,37.49629211425781,0.29768505692481995
188.89393615722656,113.44303894042969,37.71356201171875,37.44410705566406,0.29322266578674316
202.3514404296875,126.7560806274414,37.659027099609375,37.611568450927734,0.3247748017311096
178.5337677001953,102.9196548461914,37.65365219116211,37.63922119140625,0.3212389647960663
214.2095947265625,138.71495056152344,37.67491149902344,37.51937484741211,0.3003590404987335
191.77862548828125,116.31755065917969,37.654937744140625,37.51028823852539,0.2958528995513916
199.88595581054688,124.31298828125,37.655879974365234,37.598812103271484,0.3182690441608429
178.7043914794922,103.11575317382812,37.69319152832031,37.576358795166016,0.3190973699092865
216.4229736328125,140.93682861328125,37.66251754760742,37.52242660522461,0.30118992924690247
195.38577270507812,119.9167709350586,37.6102409362793,37.55978775024414,0.29897958040237427
199.88751220703125,124.31901550292969,37.641178131103516,37.611846923828125,0.31546881794929504
183.72789001464844,108.15876007080078,37.694583892822266,37.55812072753906,0.31641554832458496
213.83470153808594,138.37156677246094,37.64111328125,37.5222282409668,0.2997899651527405
196.07786560058594,120.61280059814453,37.58118438720703,37.583351135253906,0.30052047967910767
201.6614227294922,126.08578491210938,37.61042785644531,37.64845275878906,0.3167617619037628
188.98426818847656,113.42280578613281,37.667442321777344,37.579681396484375,0.3143483102321625
207.88766479492188,132.45225524902344,37.65291976928711,37.485755920410156,0.2967161238193512
192.8230743408203,117.37334442138672,37.619972229003906,37.52988052368164,0.299875408411026
204.2178955078125,128.63185119628906,37.61505126953125,37.650108337402344,0.3208913505077362
192.39686584472656,116.83275604248047,37.65180587768555,37.598690032958984,0.3136139512062073
201.99005126953125,126.5765380859375,37.68589782714844,37.433799743652344,0.2938289940357208
188.7159881591797,113.2870864868164,37.67767333984375,37.453182220458984,0.2980460822582245
206.8022003173828,131.20928955078125,37.6302604675293,37.63614273071289,0.3265075087547302
193.99673461914062,118.42633819580078,37.64140701293945,37.614444732666016,0.3145403563976288
199.01588439941406,123.6133804321289,37.70264434814453,37.40696716308594,0.292887806892395
186.45738220214844,111.0499038696289,37.70215606689453,37.409507751464844,0.2958258092403412
208.42095947265625,132.83079528808594,37.63148498535156,37.627437591552734,0.3312413990497589
193.29701232910156,117.72390747070312,37.62677001953125,37.629634857177734,0.3166956603527069
200.1859893798828,124.78644561767578,37.68747329711914,37.41806411743164,0.29401037096977234
187.04359436035156,111.655029296875,37.690433502197266,37.4044189453125,0.2937096357345581
207.7330780029297,132.15797424316406,37.63618850708008,37.60682678222656,0.3320924937725067
190.55699157714844,114.98867797851562,37.62966537475586,37.619529724121094,0.31911003589630127
204.5284881591797,129.13104248046875,37.659854888916016,37.44183349609375,0.2957593500614166
190.55615234375,115.18224334716797,37.656436920166016,37.42481994628906,0.2926447093486786
204.79214477539062,129.24012756347656,37.63763427734375,37.58596420288086,0.32841286063194275
187.9696502685547,112.4125747680664,37.6407470703125,37.595664978027344,0.3206607401371002
209.60592651367188,134.2147979736328,37.636268615722656,37.457923889160156,0.2969391942024231
195.70651245117188,120.34358215332031,37.61861801147461,37.45121765136719,0.2930915057659149
201.66184997558594,126.13346862792969,37.61886978149414,37.58689880371094,0.3226117193698883
187.55494689941406,112.01335144042969,37.63618087768555,37.58531188964844,0.32009679079055786
212.69020080566406,137.31088256835938,37.62468338012695,37.457454681396484,0.2971806824207306
199.67703247070312,124.32365417480469,37.59695816040039,37.462188720703125,0.2942381203174591
200.4915313720703,124.98094940185547,37.58903884887695,37.6034049987793,0.31813231110572815
189.61566162109375,114.09245300292969,37.61968231201172,37.5868034362793,0.3167326748371124
212.1064910888672,136.74404907226562,37.630489349365234,37.43550109863281,0.29644468426704407
200.21353149414062,124.86958312988281,37.599735260009766,37.448883056640625,0.29533651471138
202.25257873535156,126.75065612792969,37.56919860839844,37.61557388305664,0.3171602487564087
193.33462524414062,117.82991027832031,37.603431701660156,37.58903503417969,0.31224164366722107
208.88284301757812,133.54188537597656,37.63576889038086,37.410465240478516,0.2947190999984741
197.85382080078125,122.52050018310547,37.60837173461914,37.42866516113281,0.2962858974933624
206.52862548828125,131.02774047851562,37.570030212402344,37.61112594604492,0.3197188675403595
197.53466796875,122.04473114013672,37.59701156616211,37.583518981933594,0.3094249665737152
206.0319061279297,130.7148895263672,37.6236686706543,37.40056228637695,0.29278871417045593
195.42799377441406,120.10983276367188,37.60627365112305,37.415428161621094,0.29646626114845276
211.2537384033203,135.75274658203125,37.58948516845703,37.58755111694336,0.3239537179470062
200.8357696533203,125.3548583984375,37.60411071777344,37.56727600097656,0.30952727794647217
205.9015655517578,130.60720825195312,37.600181579589844,37.40248489379883,0.29168501496315
195.4660186767578,120.1701431274414,37.594120025634766,37.40666961669922,0.2950822710990906
213.87588500976562,138.38140869140625,37.60829162597656,37.55949401855469,0.3266894221305847
202.2034454345703,126.72791290283203,37.614322662353516,37.54947280883789,0.3117302656173706
208.62051391601562,133.34571838378906,37.58620071411133,37.39720916748047,0.2913878262042999
198.5117645263672,123.2432861328125,37.58298110961914,37.39264678955078,0.2928571105003357
213.2840118408203,137.80638122558594,37.599727630615234,37.55223083496094,0.3256687819957733
202.04090881347656,126.57166290283203,37.606353759765625,37.54880142211914,0.31410515308380127
211.98480224609375,136.7266845703125,37.59273910522461,37.373985290527344,0.29137560725212097
202.96359252929688,127.7216567993164,37.58026123046875,37.370391845703125,0.29128891229629517
210.71559143066406,135.26145935058594,37.55694580078125,37.57545852661133,0.3217305541038513
201.5444793701172,126.0868911743164,37.574371337890625,37.56858825683594,0.31463509798049927
214.13026428222656,138.8878631591797,37.61592102050781,37.33506774902344,0.2914089262485504
206.55567932128906,131.33511352539062,37.591148376464844,37.3385009765625,0.2909100651741028
208.87265014648438,133.44158935546875,37.508052825927734,37.60543441772461,0.31757086515426636
201.15550231933594,125.71680450439453,37.53413772583008,37.59160614013672,0.31293609738349915
215.6415252685547,140.41661071777344,37.63103485107422,37.30245590209961,0.2914310693740845
208.25209045410156,133.04812622070312,37.60578155517578,37.306671142578125,0.2915203273296356
209.43812561035156,134.02621459960938,37.489559173583984,37.60763931274414,0.3147176504135132
201.05020141601562,125.63427734375,37.505924224853516,37.599246978759766,0.3107544481754303
217.32308959960938,142.11912536621094,37.6083984375,37.30388259887695,0.2916877567768097
208.92015075683594,133.73304748535156,37.604801177978516,37.289791107177734,0.2925117611885071
211.37432861328125,135.97938537597656,37.51906967163086,37.563236236572266,0.3126377761363983
202.24600219726562,126.8503189086914,37.50337219238281,37.582645416259766,0.30966147780418396
218.50181579589844,143.32164001464844,37.54109191894531,37.34649658203125,0.29258954524993896
210.47531127929688,135.31126403808594,37.572845458984375,37.29823303222656,0.29296210408210754
212.6610107421875,137.28421020507812,37.576622009277344,37.489707946777344,0.31045448780059814
205.76708984375,130.3856201171875,37.52901840209961,37.54289245605469,0.30955269932746887
218.89112854003906,143.73544311523438,37.46391677856445,37.39765930175781,0.29411107301712036
213.86810302734375,138.73423767089844,37.51277160644531,37.32835388183594,0.29273608326911926
213.2984161376953,137.94264221191406,37.604496002197266,37.442813873291016,0.30846449732780457
211.24615478515625,135.87525939941406,37.56253433227539,37.49863815307617,0.30972161889076233
218.95379638671875,143.8214111328125,37.441322326660156,37.39570617675781,0.2953568994998932
217.95196533203125,142.84951782226562,37.4649658203125,37.34494400024414,0.2925352454185486
214.05445861816406,138.72222900390625,37.55439758300781,37.470359802246094,0.30747345089912415
217.39642333984375,142.03953552246094,37.55935287475586,37.48759841918945,0.3099327087402344
217.7982940673828,142.6876983642578,37.506046295166016,37.309059143066406,0.29548346996307373
221.15309143066406,146.0753173828125,37.48049545288086,37.30473327636719,0.2925488352775574
215.68362426757812,140.37391662597656,37.440670013427734,37.561405181884766,0.3076372742652893
223.96160888671875,148.6283721923828,37.48445129394531,37.538482666015625,0.3103088438510895
217.11744689941406,142.03184509277344,37.59695816040039,37.19318771362305,0.29545074701309204
224.21902465820312,149.1580352783203,37.5551872253418,37.2132453918457,0.2925625145435333
221.5883331298828,146.29380798339844,37.354820251464844,37.63119125366211,0.3085228502750397
231.55751037597656,156.25460815429688,37.37735366821289,37.61489486694336,0.31066104769706726
221.48780822753906,146.43751525878906,37.59566116333008,37.157833099365234,0.2968020439147949
230.05499267578125,155.0137481689453,37.614742279052734,37.13358688354492,0.2929037809371948
229.41558837890625,154.13006591796875,37.41903305053711,37.557491302490234,0.30899593234062195
239.2793731689453,164.0002899169922,37.362525939941406,37.60580062866211,0.310743123292923
229.36410522460938,154.35804748535156,37.45296859741211,37.25520706176758,0.29787519574165344
241.01817321777344,166.01454162597656,37.56195831298828,37.14845275878906,0.293216735124588
231.56231689453125,156.289306640625,37.606319427490234,37.358665466308594,0.30800729990005493
246.7505340576172,171.47804260253906,37.4872932434082,37.47418212890625,0.31102362275123596
237.6710968017578,162.70819091796875,37.28695297241211,37.38072204589844,0.29522252082824707
254.3144073486328,179.36770629882812,37.38978576660156,37.265926361083984,0.29097849130630493
233.3069305419922,158.05691528320312,37.62486267089844,37.31672286987305,0.30841970443725586
255.66358947753906,180.38580322265625,37.56452941894531,37.400020599365234,0.3132316768169403
243.144775390625,168.20933532714844,37.357784271240234,37.28744888305664,0.2901996672153473
261.6760559082031,186.7849578857422,37.368873596191406,37.23767852783203,0.2845383286476135
239.22604370117188,164.00885009765625,37.34902572631836,37.55558776855469,0.31256893277168274
264.2664794921875,188.99200439453125,37.3623161315918,37.591434478759766,0.32069721817970276
243.40992736816406,168.48216247558594,37.59330749511719,37.0471305847168,0.28731653094291687
261.82000732421875,186.95468139648438,37.61809539794922,36.96821975708008,0.27899637818336487
250.4535369873047,175.27276611328125,37.166622161865234,37.69973373413086,0.31440719962120056
268.4188537597656,193.17999267578125,37.088890075683594,37.82186508178711,0.3281008005142212
253.011962890625,178.09791564941406,37.52546691894531,37.101295471191406,0.28729528188705444
262.300048828125,187.43377685546875,37.70185470581055,36.8857421875,0.2786772549152374
268.7729797363281,193.62945556640625,37.459537506103516,37.37240982055664,0.31157001852989197
265.62933349609375,190.46429443359375,37.28588104248047,37.55728530883789,0.32187679409980774
276.1511535644531,201.26702880859375,37.22300338745117,37.372982025146484,0.2881351411342621
268.1015319824219,193.23692321777344,37.37696075439453,37.205421447753906,0.28222930431365967
278.6506042480469,203.5219268798828,37.704891204833984,37.11253356933594,0.3112461268901825
261.3118591308594,186.20440673828125,37.672550201416016,37.12227249145508,0.31263160705566406
290.46527099609375,215.64266967773438,37.291927337646484,37.247459411621094,0.28320252895355225
274.1342468261719,199.298828125,37.08033752441406,37.472591400146484,0.282500296831131
278.3475341796875,203.19708251953125,37.11859130859375,37.715877532958984,0.3159884810447693
255.6617431640625,180.5552215576172,37.34219741821289,37.447532653808594,0.31680986285209656
295.434814453125,220.68519592285156,37.634639739990234,36.835628509521484,0.2793508768081665
271.7192077636719,196.95513916015625,37.520896911621094,36.967960357666016,0.27521026134490967
275.8821105957031,200.7216339111328,37.06435775756836,37.7801513671875,0.3159429728984833
259.6363830566406,184.48831176757812,36.900779724121094,37.92616653442383,0.32109835743904114
278.9772033691406,204.23634338378906,37.151676177978516,37.30714416503906,0.2820415198802948
258.517333984375,183.80076599121094,37.58758544921875,36.848670959472656,0.28030529618263245
280.46514892578125,205.36834716796875,37.879234313964844,36.90092468261719,0.3166559040546417
261.2539978027344,186.13052368164062,37.66480255126953,37.15103530883789,0.307644784450531
265.79034423828125,190.97744750976562,37.276187896728516,37.25965881347656,0.27704745531082153
251.01901245117188,176.27354431152344,37.04997634887695,37.40903091430664,0.28647100925445557
236.6548309326172,161.67056274414062,37.06325912475586,37.597679138183594,0.3233237564563751
213.96902465820312,138.94607543945312,37.4852294921875,37.22275161743164,0.31497856974601746
244.21238708496094,169.35194396972656,38.01847839355469,36.56491470336914,0.27705147862434387
249.37411499023438,174.5409393310547,37.721336364746094,36.838016510009766,0.2738378047943115
148.4623565673828,73.48916625976562,37.02806854248047,37.64885330200195,0.29626595973968506
148.867431640625,73.93120574951172,36.856266021728516,37.745304107666016,0.33465027809143066
260.31878662109375,185.48953247070312,37.55914306640625,36.976829528808594,0.2932860553264618
221.7613525390625,146.91587829589844,38.01615905761719,36.551883697509766,0.2774422764778137
251.2496337890625,176.12924194335938,37.54231643676758,37.21963119506836,0.3584460914134979
316.13677978515625,241.10923767089844,36.783260345458984,37.93672180175781,0.3075655698776245
147.55967712402344,72.68736267089844,36.3133430480957,38.245155334472656,0.3138314187526703
635.455810546875,560.2608032226562,37.97782897949219,36.63961410522461,0.5775548219680786
818.3311157226562,742.8577880859375,39.398616790771484,35.304073333740234,0.7706478238105774
423.8047790527344,348.7397766113281,40.190399169921875,34.550209045410156,0.3244030177593231
386.7091979980469,311.6334228515625,39.5585823059082,35.178810119628906,0.33837559819221497
454.74334716796875,379.68621826171875,37.36875915527344,37.361724853515625,0.3266298472881317
412.92462158203125,337.8102722167969,35.21955871582031,39.57186508178711,0.3229009509086609
409.4560241699219,334.3674621582031,33.92947769165039,40.84531784057617,0.31378817558288574
414.15289306640625,339.15679931640625,33.57839584350586,41.1456184387207,0.27206099033355713
371.2458190917969,296.2412414550781,34.44235610961914,40.28335952758789,0.27885934710502625
304.6680908203125,229.58799743652344,36.08430480957031,38.716373443603516,0.2794095277786255
360.714111328125,285.57977294921875,37.77783203125,37.06075668334961,0.29574328660964966
319.7477722167969,244.62896728515625,39.086246490478516,35.694732666015625,0.3378295600414276
318.4706115722656,243.4242706298828,40.119998931884766,34.600704193115234,0.3256271779537201
261.73907470703125,186.6516571044922,41.0801887512207,33.7242317199707,0.28299668431282043
308.5393371582031,233.29925537109375,41.60912322998047,33.347373962402344,0.28355494141578674
278.2918701171875,203.08082580566406,41.0509033203125,33.87828063964844,0.281859815120697
294.1445007324219,219.1308135986328,39.37260818481445,35.359649658203125,0.28143730759620667
279.67572021484375,204.76463317871094,37.8974494934082,36.745361328125,0.2682729661464691
252.765380859375,177.80233764648438,37.30044937133789,37.38918685913086,0.2734059989452362
220.29283142089844,145.24110412597656,37.319252014160156,37.44319152832031,0.28928157687187195
280.321533203125,205.2349090576172,37.33315658569336,37.44272232055664,0.31073951721191406
238.8029327392578,163.7416229248047,37.164710998535156,37.60035705566406,0.2962292432785034
262.2666320800781,187.22764587402344,36.97532272338867,37.77775955200195,0.2859027087688446
224.35787963867188,149.34945678710938,36.909610748291016,37.81574630737305,0.28307339549064636
258.94659423828125,183.94248962402344,37.012142181396484,37.696475982666016,0.2954648733139038
221.01637268066406,145.99472045898438,37.231876373291016,37.50300216674805,0.28678080439567566
262.9297180175781,187.86265563964844,37.41157531738281,37.36906433105469,0.28639769554138184
233.0432586669922,157.97958374023438,37.378849029541016,37.40330123901367,0.2815191149711609
240.91400146484375,165.87979125976562,37.29460144042969,37.44459915161133,0.2950107455253601
208.96241760253906,133.93490600585938,37.43008804321289,37.288795471191406,0.30863532423973083
251.11598205566406,176.07662963867188,37.65390396118164,37.0970573425293,0.288394570350647
221.00079345703125,145.93397521972656,37.66519546508789,37.11922836303711,0.2823868989944458
232.74456787109375,157.69366455078125,37.57378005981445,37.19575881958008,0.2813718914985657
202.87399291992188,127.84208679199219,37.74737548828125,36.989952087402344,0.29457980394363403
236.16891479492188,161.1326446533203,37.98839569091797,36.758522033691406,0.28937405347824097
208.41824340820312,133.3614959716797,37.80879211425781,36.96321105957031,0.2847493886947632
236.05931091308594,161.0050506591797,37.39524841308594,37.37675094604492,0.28225719928741455
210.60545349121094,135.55116271972656,37.300148010253906,37.4627571105957,0.29138651490211487
229.29127502441406,154.214599609375,37.41227722167969,37.359920501708984,0.3044738173484802
203.4100341796875,128.33837890625,37.234188079833984,37.54393768310547,0.2935228943824768
232.08021545410156,157.03257751464844,36.907264709472656,37.858680725097656,0.28169745206832886
205.64512634277344,130.59043884277344,36.89725112915039,37.87643814086914,0.2810015082359314
225.62684631347656,150.53147888183594,37.135929107666016,37.67104721069336,0.2883865237236023
200.74667358398438,125.64788055419922,37.23759460449219,37.568843841552734,0.2923528254032135
218.94671630859375,143.89256286621094,37.206974029541016,37.55831527709961,0.2888651490211487
191.97637939453125,116.93936157226562,37.29636001586914,37.45295333862305,0.2877068519592285
226.38473510742188,151.3146514892578,37.48398208618164,37.2963752746582,0.28973308205604553
203.12786865234375,128.04165649414062,37.56644821166992,37.230926513671875,0.2888290584087372
207.80361938476562,132.73265075683594,37.54891586303711,37.236202239990234,0.2858469784259796
185.2998046875,110.2324447631836,37.53580093383789,37.247283935546875,0.28427526354789734
226.4353790283203,151.3485107421875,37.537452697753906,37.25900650024414,0.29041704535484314
204.09173583984375,129.00074768066406,37.52324676513672,37.27022933959961,0.2975161373615265
204.72286987304688,129.65087890625,37.487430572509766,37.287635803222656,0.296931654214859
177.45445251464844,102.39126586914062,37.44445037841797,37.33522033691406,0.2835034430027008
237.70770263671875,162.60488891601562,37.453636169433594,37.360225677490234,0.2889363467693329
203.88558959960938,128.76895141601562,37.503353118896484,37.320518493652344,0.29276272654533386
212.2920684814453,137.184814453125,37.54080581665039,37.25442886352539,0.31203314661979675
182.5718994140625,107.5064926147461,37.53963851928711,37.23644256591797,0.2893329858779907
232.25099182128906,157.15525817871094,37.54677963256836,37.25722885131836,0.291710764169693
198.1808319091797,123.06757354736328,37.555763244628906,37.2695198059082,0.28797879815101624
216.40206909179688,141.28945922851562,37.50838851928711,37.29658126831055,0.30763426423072815
191.59173583984375,116.51081848144531,37.44143295288086,37.345027923583984,0.2944560945034027
215.17347717285156,140.06980895996094,37.44532012939453,37.367923736572266,0.2904256582260132
188.6881866455078,113.56181335449219,37.47517395019531,37.36367416381836,0.28752896189689636
218.05372619628906,142.93641662597656,37.461997985839844,37.35361099243164,0.3017059862613678
196.07064819335938,120.97827911376953,37.46271896362305,37.32565689086914,0.304006427526474
205.955078125,130.85765075683594,37.49947738647461,37.307647705078125,0.2902909815311432
183.85528564453125,108.72930145263672,37.466861724853516,37.37115478515625,0.28796371817588806
219.6533203125,144.53509521484375,37.388736724853516,37.43947982788086,0.29001590609550476
196.2955322265625,121.1891098022461,37.44089889526367,37.36576843261719,0.2997574508190155
206.08082580566406,130.9727325439453,37.56861114501953,37.24795150756836,0.2915251851081848
184.39894104003906,109.2751693725586,37.5056037902832,37.33121109008789,0.2869635820388794
216.0367431640625,140.91929626464844,37.346744537353516,37.484519958496094,0.28618836402893066
190.0172882080078,114.90531921386719,37.40826416015625,37.4094352722168,0.2942591905593872
210.75613403320312,135.63320922851562,37.57830810546875,37.24934005737305,0.29527759552001953
187.0428466796875,111.91370391845703,37.48590087890625,37.3543586730957,0.28889238834381104
209.0955352783203,133.97618103027344,37.25740432739258,37.57705307006836,0.28488996624946594
183.7958526611328,108.6815185546875,37.302608489990234,37.52323913574219,0.2884802520275116
212.27455139160156,137.14117431640625,37.51816940307617,37.320430755615234,0.2947760224342346
188.76416015625,113.62335968017578,37.503726959228516,37.34334945678711,0.29370927810668945
202.43185424804688,127.30813598632812,37.33104705810547,37.505027770996094,0.28762802481651306
179.86944580078125,104.75634002685547,37.3564338684082,37.47107696533203,0.2855886220932007
211.44525146484375,136.31312561035156,37.5406608581543,37.30036926269531,0.29109856486320496
188.64993286132812,113.50643920898438,37.59467697143555,37.25369644165039,0.2951160669326782
199.39378356933594,124.2608642578125,37.509483337402344,37.330013275146484,0.29341447353363037
177.72732543945312,102.60279083251953,37.466495513916016,37.371822357177734,0.28621137142181396
210.4990692138672,135.35557556152344,37.502811431884766,37.35105895996094,0.2896219789981842
186.27407836914062,111.12592315673828,37.5306510925293,37.32375717163086,0.2937500774860382
200.51708984375,125.3757553100586,37.51237106323242,37.32889938354492,0.3000577688217163
176.9320831298828,101.79949188232422,37.461971282958984,37.3818244934082,0.2888001501560211
210.40586853027344,135.25460815429688,37.43677520751953,37.4252815246582,0.2892204821109772
184.6793670654297,109.52947235107422,37.46733856201172,37.391353607177734,0.29119357466697693
201.6564483642578,126.5085220336914,37.50604248046875,37.33842849731445,0.3034735918045044
177.28453063964844,102.1383056640625,37.48889923095703,37.362709045410156,0.2946341335773468
209.1265106201172,133.96725463867188,37.45229721069336,37.41792297363281,0.28902843594551086
184.23797607421875,109.08720397949219,37.45124816894531,37.410160064697266,0.2893717885017395
200.6228790283203,125.4760513305664,37.47581481933594,37.370365142822266,0.30065128207206726
177.1987762451172,102.0379409790039,37.50129699707031,37.358154296875,0.3013753890991211
207.7890625,132.61880493164062,37.51747131347656,37.36320495605469,0.28958404064178467
184.55661010742188,109.39970397949219,37.4879264831543,37.37969970703125,0.2892741858959198
198.3708038330078,123.22793579101562,37.44293212890625,37.405670166015625,0.29425886273384094
176.2451934814453,101.0792236328125,37.48005294799805,37.383628845214844,0.30229827761650085
206.8650360107422,131.6845245361328,37.55949783325195,37.329715728759766,0.2913120985031128
184.6186981201172,109.45148468017578,37.5210075378418,37.35627746582031,0.2899271249771118
195.82705688476562,120.6816635131836,37.41175079345703,37.4431266784668,0.2905109226703644
174.3373565673828,99.1714096069336,37.4412956237793,37.4251594543457,0.299500435590744
205.96185302734375,130.77557373046875,37.566158294677734,37.32682800292969,0.2932906448841095
183.44073486328125,108.2661361694336,37.54071044921875,37.34367752075195,0.2902013659477234
194.16232299804688,119.0114517211914,37.406436920166016,37.45555877685547,0.2888775169849396
172.47067260742188,97.30577850341797,37.419864654541016,37.45036315917969,0.2946569621562958
204.6902313232422,129.49954223632812,37.552093505859375,37.344661712646484,0.29392901062965393
181.5429229736328,106.35993194580078,37.550174713134766,37.341365814208984,0.29144275188446045
193.41334533691406,118.25415802001953,37.437198638916016,37.432411193847656,0.2895621061325073
171.43194580078125,96.26608276367188,37.438480377197266,37.43572998046875,0.2916569113731384
203.0773468017578,127.88446807861328,37.538841247558594,37.36097717285156,0.29306045174598694
179.81277465820312,104.62299346923828,37.54011154174805,37.35727310180664,0.29240143299102783
193.0584259033203,117.8912353515625,37.45772933959961,37.41824722290039,0.2912127375602722
170.9528045654297,95.78451538085938,37.4552116394043,37.42243194580078,0.2906319200992584
202.01828002929688,126.82306671142578,37.52488708496094,37.37803649902344,0.29228508472442627
179.12388610839844,103.9276351928711,37.530086517333984,37.373069763183594,0.29310810565948486
192.3931121826172,117.21786499023438,37.47744369506836,37.4044189453125,0.2933866083621979
170.41424560546875,95.24259948730469,37.47414016723633,37.40690994262695,0.2905968129634857
202.0323028564453,126.83403015136719,37.517677307128906,37.38896179199219,0.2916316092014313
179.71458435058594,104.51203155517578,37.51697540283203,37.392513275146484,0.29305732250213623
190.8548583984375,115.67111206054688,37.47682189941406,37.41120147705078,0.29571089148521423
169.27719116210938,94.10088348388672,37.47880554199219,37.405948638916016,0.2915596663951874
203.0171661376953,127.81515502929688,37.52010726928711,37.3902473449707,0.29166367650032043
181.29367065429688,106.086181640625,37.518001556396484,37.39699935913086,0.2924754023551941
188.2381134033203,113.0480728149414,37.474327087402344,37.41896438598633,0.2967471778392792
167.41348266601562,92.23233032226562,37.47713088989258,37.4113883972168,0.29263103008270264
204.269775390625,129.06275939941406,37.52719497680664,37.38775634765625,0.29207342863082886
182.94224548339844,107.7286376953125,37.526634216308594,37.39474105834961,0.2922270596027374
185.20021057128906,110.00385284423828,37.473175048828125,37.42629623413086,0.29689672589302063
165.23904418945312,90.05274200439453,37.47575378417969,37.417091369628906,0.2934562861919403
205.095703125,129.88409423828125,37.537925720214844,37.381256103515625,0.2924250364303589
183.91287231445312,108.69381713867188,37.538997650146484,37.38789367675781,0.29216286540031433
182.48558044433594,107.2833023071289,37.47404861450195,37.431793212890625,0.2964267432689667
163.26806640625,88.07597351074219,37.47409439086914,37.42405319213867,0.29394227266311646
204.99533081054688,129.77943420410156,37.54684066772461,37.376399993896484,0.2926557660102844
183.7371063232422,108.51371765136719,37.55162811279297,37.37944030761719,0.29232847690582275
180.6184844970703,105.41089630126953,37.4802360534668,37.43144226074219,0.2959118187427521
161.79385375976562,86.59534454345703,37.476131439208984,37.428287506103516,0.29410016536712646
204.01806640625,128.797607421875,37.55043029785156,37.37736511230469,0.29265788197517395
182.5348358154297,107.30778503417969,37.555850982666016,37.37869644165039,0.29251551628112793
179.74148559570312,104.52863311767578,37.48493957519531,37.432071685791016,0.29583269357681274
160.93580627441406,85.73015594482422,37.4813346862793,37.43001937866211,0.29429352283477783
202.51368713378906,127.28872680664062,37.55287170410156,37.379615783691406,0.2924633324146271
180.78759765625,105.55825805664062,37.55508041381836,37.381752014160156,0.29250940680503845
179.65011596679688,104.43302917480469,37.48630142211914,37.434791564941406,0.2959863245487213
160.60667419433594,85.39313507080078,37.485774993896484,37.43302536010742,0.2947315573692322
200.91429138183594,125.68358612060547,37.552734375,37.385684967041016,0.2922748923301697
179.02049255371094,103.78897094726562,37.549232482910156,37.389896392822266,0.2923997938632965
179.96803283691406,104.74799346923828,37.483463287353516,37.44031524658203,0.2962435483932495
160.5986785888672,85.37788391113281,37.48989486694336,37.43552017211914,0.295380175113678
199.5471649169922,124.30990600585938,37.55580139160156,37.389286041259766,0.2921750247478485
177.64236450195312,102.4078369140625,37.547359466552734,37.39494323730469,0.2922199070453644
180.23838806152344,105.01582336425781,37.4832649230957,37.44291305541992,0.29638993740081787
160.64920043945312,85.42170715332031,37.495906829833984,37.43545913696289,0.2961273491382599
198.52490234375,123.28056335449219,37.56217956542969,37.389930725097656,0.2922426760196686
176.79664611816406,101.55825805664062,37.549495697021484,37.39678192138672,0.2920944392681122
180.13446044921875,104.9097900390625,37.48421859741211,37.44412612915039,0.2963186800479889
160.56129455566406,85.32837677001953,37.498985290527344,37.43718719482422,0.29674312472343445
197.76206970214844,122.5107192993164,37.565711975097656,37.39319610595703,0.2924378216266632
176.36843872070312,101.12500762939453,37.551631927490234,37.399715423583984,0.29208630323410034
179.56417846679688,104.33676147460938,37.485469818115234,37.44584655761719,0.2960960268974304
160.2391815185547,85.00175476074219,37.499244689941406,37.4410285949707,0.29714882373809814
197.0896453857422,121.83210754394531,37.566436767578125,37.398380279541016,0.2927228510379791
176.07908630371094,100.8301010131836,37.55525588989258,37.40150451660156,0.2922196090221405
178.68344116210938,103.45246124267578,37.49060821533203,37.44453430175781,0.29583361744880676
159.69998168945312,84.45856475830078,37.50066375732422,37.44345474243164,0.29729706048965454
196.38662719726562,121.12382507324219,37.566070556640625,37.40374755859375,0.29298943281173706
175.67872619628906,100.42420196533203,37.55958557128906,37.402530670166016,0.29239970445632935
177.7395477294922,102.50424194335938,37.49852752685547,37.441165924072266,0.29560309648513794
159.0286865234375,83.78345489501953,37.50372314453125,37.444252014160156,0.29725372791290283
195.6164093017578,120.34911346435547,37.56505584716797,37.409000396728516,0.29324036836624146
175.06085205078125,99.80111694335938,37.562564849853516,37.40452575683594,0.29264113306999207
176.91207885742188,101.67192077636719,37.506004333496094,37.43864822387695,0.29552140831947327
158.3131561279297,83.06397247314453,37.50765609741211,37.444435119628906,0.29710710048675537
194.82818603515625,119.55683135986328,37.564598083496094,37.413360595703125,0.29340335726737976
174.28677368164062,99.02234649658203,37.56393814086914,37.40764617919922,0.2928410768508911
176.2401885986328,100.9951400756836,37.51082992553711,37.438655853271484,0.29556676745414734
157.6053009033203,82.35197448730469,37.511375427246094,37.44499588012695,0.29694774746894836
194.1220703125,118.84660339355469,37.5651741027832,37.41677474975586,0.2935245633125305
173.5222625732422,98.25336456298828,37.56329345703125,37.412593841552734,0.29302048683166504
175.65882873535156,100.40914916992188,37.51121139526367,37.44272232055664,0.29574254155158997
156.92913818359375,81.6717300415039,37.51413345336914,37.44642639160156,0.2968459129333496
193.5764923095703,118.29663848876953,37.56848907470703,37.41777801513672,0.29360005259513855
172.92965698242188,97.65617370605469,37.56368637084961,37.4166374206543,0.29314491152763367
175.0488739013672,99.7948989868164,37.50929260253906,37.44870376586914,0.29597240686416626
156.25653076171875,80.99526977539062,37.516082763671875,37.44837188720703,0.29681646823883057
193.24176025390625,117.957275390625,37.57414627075195,37.41667556762695,0.2936687469482422
172.6083526611328,97.330078125,37.56600570678711,37.41902542114258,0.29324036836624146
174.2947998046875,99.03677368164062,37.50688552856445,37.45494079589844,0.2962038516998291
155.529052734375,80.26422882080078,37.51720428466797,37.450775146484375,0.2968387007713318
193.13671875,117.84754180908203,37.580665588378906,37.414764404296875,0.2937452495098114
172.60345458984375,97.32006072998047,37.57036209106445,37.41970443725586,0.29332631826400757
173.29336547851562,98.03121948242188,37.50572967529297,37.460018157958984,0.2963939309120178
154.67941284179688,79.41126251220703,37.51741027832031,37.453861236572266,0.29687580466270447
193.24290466308594,117.9492416381836,37.58578872680664,37.41403579711914,0.2938326597213745
172.8992462158203,97.61066436767578,37.57572937011719,37.41941833496094,0.2934196889400482
171.99119567871094,96.72480010986328,37.507225036621094,37.46265411376953,0.2965286374092102
153.64956665039062,78.37806701660156,37.51750183105469,37.45709228515625,0.29690036177635193
193.53680419921875,118.23892211914062,37.58830642700195,37.415645599365234,0.2939303517341614
173.4280548095703,98.13444519042969,37.58088684082031,37.419185638427734,0.2935287654399872
170.42335510253906,95.15253448486328,37.51181411743164,37.46239471435547,0.29660919308662415
152.43020629882812,77.15520477294922,37.51856231689453,37.45953369140625,0.2969076335430145
193.97848510742188,118.67656707763672,37.58835220336914,37.41952896118164,0.29403749108314514
174.0779266357422,98.7795639038086,37.58457946777344,37.42013168334961,0.2936519384384155
168.703857421875,93.42858123779297,37.518226623535156,37.460384368896484,0.29665490984916687
151.0636749267578,75.7848892211914,37.52106475830078,37.460811614990234,0.29690346121788025
194.5175018310547,119.2115707397461,37.5871467590332,37.42462158203125,0.2941552996635437
174.73599243164062,99.43321990966797,37.58637619018555,37.4226188659668,0.2937805950641632
166.96844482421875,91.68891143798828,37.5245475769043,37.458316802978516,0.29668280482292175
149.63232421875,74.34955596923828,37.524898529052734,37.46098327636719,0.2968955338001251
195.0867156982422,119.77665710449219,37.586273193359375,37.429508209228516,0.29428333044052124
175.3191680908203,100.01221466064453,37.5864372253418,37.42660903930664,0.29391181468963623
165.3235626220703,90.04002380371094,37.52885437011719,37.45796203613281,0.29671725630760193
148.2233123779297,72.93645477294922,37.52937698364258,37.460594177246094,0.2968871295452118
195.63157653808594,120.31713104248047,37.587215423583984,37.43281555175781,0.2944149076938629
175.79393005371094,100.48286437988281,37.585838317871094,37.43120193481445,0.29404446482658386
163.83148193359375,88.54421997070312,37.5302848815918,37.460182189941406,0.29678040742874146
146.9049835205078,71.6141128540039,37.533626556396484,37.46036911010742,0.2968755066394806
196.1269989013672,120.8080062866211,37.59044647216797,37.433998107910156,0.2945340573787689
176.17396545410156,100.85868835449219,37.58582305908203,37.43526840209961,0.2941760718822479
162.50900268554688,87.21818542480469,37.529449462890625,37.4644775390625,0.29689326882362366
145.71641540527344,70.42168426513672,37.53712463378906,37.46074676513672,0.2968626916408539
196.56361389160156,121.2401123046875,37.595523834228516,37.43336486816406,0.29462334513664246
176.48927307128906,101.16974639892578,37.58730697631836,37.43791198730469,0.29430434107780457
161.3404083251953,86.04597473144531,37.5279426574707,37.469425201416016,0.29706841707229614
144.67562866210938,69.37714385986328,37.53958511352539,37.4620361328125,0.29686152935028076
196.91744995117188,121.58960723876953,37.600982666015625,37.43220901489258,0.29466670751571655
176.7548370361328,101.4311294555664,37.590213775634766,37.4390754699707,0.2944173514842987
160.29959106445312,85.0013427734375,37.52743911743164,37.4735107421875,0.29730287194252014
143.79330444335938,68.49102020263672,37.54113006591797,37.46426010131836,0.29689663648605347
197.1350555419922,121.80322265625,37.60500717163086,37.43216323852539,0.29465967416763306
176.9488983154297,101.62124633789062,37.59375762939453,37.439395904541016,0.2945045828819275
159.3790283203125,84.07666778564453,37.52915954589844,37.47561264038086,0.2975848615169525
143.08856201171875,67.78225708007812,37.542232513427734,37.467079162597656,0.2970025837421417
197.13841247558594,121.80302429199219,37.60647201538086,37.43431854248047,0.2946048974990845
177.00367736816406,101.67249298095703,37.59675216674805,37.439884185791016,0.29455024003982544
158.6181182861328,83.31143188476562,37.53329086303711,37.47549057006836,0.297892302274704
142.60179138183594,67.29100799560547,37.543758392333984,37.46981430053711,0.29721367359161377
196.83181762695312,121.49325561523438,37.6053352355957,37.438720703125,0.2945137321949005
176.81271362304688,101.47856903076172,37.598262786865234,37.441349029541016,0.29454654455184937
158.1024169921875,82.79132080078125,37.53909683227539,37.47379684448242,0.298208624124527
142.40203857421875,67.08625793457031,37.54638671875,37.471839904785156,0.29755300283432007
196.10304260253906,120.76154327392578,37.60258483886719,37.444515228271484,0.294394850730896
176.25050354003906,100.9139633178711,37.597816467285156,37.44423294067383,0.2944899797439575
157.9490203857422,82.63346862792969,37.545040130615234,37.47196960449219,0.29853081703186035
142.5893096923828,67.26799011230469,37.550296783447266,37.47299575805664,0.29802951216697693
194.82421875,119.4799575805664,37.59954071044922,37.45047378540039,0.29424893856048584
175.18951416015625,99.85112762451172,37.59553146362305,37.44846725463867,0.29438450932502747
158.298095703125,82.97813415527344,37.54969787597656,37.47138595581055,0.29887890815734863
143.2935028076172,67.96613311767578,37.55531311035156,37.473411560058594,0.2986377477645874
192.86935424804688,117.52243041992188,37.597347259521484,37.455509185791016,0.2940608859062195
173.5243377685547,98.1845703125,37.591896057128906,37.45363998413086,0.2942352592945099
159.30084228515625,83.97637176513672,37.55226135253906,37.47291564941406,0.29929319024086
144.66616821289062,69.33232116699219,37.56077575683594,37.47369384765625,0.29937276244163513
190.1368865966797,114.78748321533203,37.596370697021484,37.459224700927734,0.29380330443382263
171.1951904296875,95.8544692993164,37.587467193603516,37.4592170715332,0.29404401779174805
161.10696411132812,85.77770233154297,37.55290603637695,37.47651672363281,0.2998304069042206
146.8670654296875,71.52629089355469,37.56610107421875,37.47442626953125,0.30024293065071106
186.57687377929688,111.22527313232422,37.596187591552734,37.461971282958984,0.29344356060028076
168.21751403808594,92.87627410888672,37.58266830444336,37.46476745605469,0.2938043773174286
163.83457946777344,88.49999237060547,37.55252456665039,37.48150634765625,0.30054739117622375
150.03314208984375,74.68484497070312,37.57078552246094,37.47622299194336,0.3012841045856476
182.23263549804688,106.8791732788086,37.595638275146484,37.46487045288086,0.292953222990036
164.7159423828125,89.37472534179688,37.57722854614258,37.47048568725586,0.29350411891937256
167.51458740234375,92.1739273071289,37.55216979980469,37.486995697021484,0.3014891743659973
154.20814514160156,78.85151672363281,37.57466125488281,37.47939682006836,0.30256131291389465
177.3242950439453,101.96926879882812,37.59331130981445,37.46938705444336,0.29232579469680786
160.99356079101562,85.65294647216797,37.57052230834961,37.476966857910156,0.2931271195411682
171.96888732910156,96.621337890625,37.55264663696289,37.49223327636719,0.3026667833328247
159.2027130126953,83.83672332763672,37.57809066772461,37.48374557495117,0.3041459321975708
172.35960388183594,97.00308227539062,37.58830642700195,37.47662353515625,0.29159054160118103
157.6168975830078,82.27738189697266,37.56171798706055,37.48514175415039,0.2926584482192993
176.59994506835938,101.24490356445312,37.55400848388672,37.497005462646484,0.3040175139904022
164.39218139648438,89.01577758789062,37.581783294677734,37.488563537597656,0.30606508255004883
168.2018585205078,92.84351348876953,37.58073425292969,37.48678207397461,0.290824294090271
155.4503936767578,80.11224365234375,37.550086975097656,37.495975494384766,0.29208439588546753
180.20956420898438,104.84724426269531,37.55527877807617,37.5016975402832,0.30533885955810547
168.60411071777344,93.21658325195312,37.58638381958008,37.492916107177734,0.308228999376297
165.907470703125,90.54640197753906,37.57206726074219,37.49885559082031,0.2901439070701599
155.41749572753906,80.08052825927734,37.5355110168457,37.51005172729492,0.2913973033428192
181.2888946533203,105.92102813720703,37.55463409423828,37.50699234008789,0.3062421977519989
170.48841857910156,95.08999633789062,37.592735290527344,37.49527359008789,0.3104090094566345
166.17654418945312,90.81112670898438,37.565818786621094,37.50990676879883,0.2896884083747864
157.86314392089844,82.5264892578125,37.519569396972656,37.52643585205078,0.2906443774700165
179.1668701171875,103.79686737060547,37.55024337768555,37.51348876953125,0.30628079175949097
169.62315368652344,94.2153091430664,37.60157775878906,37.493900299072266,0.31235870718955994
168.51528930664062,93.14318084716797,37.56753921508789,37.5150032043457,0.2895694673061371
161.78485107421875,86.44654083251953,37.50654983520508,37.54175567626953,0.29000231623649597
175.21917724609375,99.85070037841797,37.541358947753906,37.52178955078125,0.30533239245414734
167.38172912597656,91.96697235107422,37.61252212524414,37.48820877075195,0.3140215575695038
170.9475555419922,95.56648254394531,37.58226013183594,37.5090446472168,0.28976720571517944
164.8466796875,89.50365447998047,37.502742767333984,37.55058288574219,0.289709210395813
172.22244262695312,96.85706329345703,37.52909851074219,37.532466888427734,0.30380523204803467
165.89646911621094,90.4779052734375,37.62120056152344,37.481868743896484,0.31549063324928284
171.4181365966797,96.0274887084961,37.609066009521484,37.491519927978516,0.2900664806365967
165.16038513183594,89.80958557128906,37.51224136352539,37.54874801635742,0.2898165285587311
171.65309143066406,96.2895736694336,37.51657485961914,37.544776916503906,0.3021690249443054
165.74732971191406,90.32789611816406,37.6207389831543,37.481971740722656,0.3167218863964081
169.98049926757812,94.58190155029297,37.638450622558594,37.46988296508789,0.2902684211730957
163.32688903808594,87.96678924560547,37.53404235839844,37.53593444824219,0.29011911153793335
172.1623992919922,96.79855346679688,37.50868606567383,37.554779052734375,0.30038750171661377
165.3932342529297,89.97442626953125,37.60891342163086,37.49246597290039,0.3174334764480591
168.62484741210938,93.22062683105469,37.65766906738281,37.45608901977539,0.29047319293022156
161.46678161621094,86.09777069091797,37.562801361083984,37.515865325927734,0.2903440296649933
171.61642456054688,96.25128936767578,37.51173782348633,37.55521011352539,0.2981819808483124
163.36874389648438,87.95063781738281,37.59201431274414,37.5087776184082,0.317320853471756
168.63284301757812,93.22380065917969,37.66023254394531,37.45782470703125,0.29098308086395264
160.478759765625,85.10198211669922,37.590919494628906,37.49553298950195,0.2903280556201935
169.79815673828125,94.4321517944336,37.528751373291016,37.54158020019531,0.2956714332103729
160.08334350585938,84.66613006591797,37.5787239074707,37.52223205566406,0.316255658864975
169.39816284179688,93.98369598388672,37.648197174072266,37.474266052246094,0.29198816418647766
159.55413818359375,84.17025756835938,37.61024475097656,37.48350524902344,0.29012325406074524
168.06300354003906,92.6964340209961,37.554569244384766,37.518638610839844,0.2933557331562042
156.87818908691406,81.4628677368164,37.573631286621094,37.527381896972656,0.31431278586387634
169.75326538085938,94.3329086303711,37.629249572753906,37.49769592285156,0.29340532422065735
157.81666564941406,82.4260025024414,37.616676330566406,37.484066009521484,0.28991004824638367
167.22828674316406,91.86070251464844,37.57841491699219,37.4975700378418,0.29159870743751526
154.389892578125,78.97735595703125,37.57723617553711,37.52359390258789,0.311711847782135
169.30133056640625,93.87549591064453,37.61440658569336,37.516475677490234,0.2949453592300415
155.44329833984375,80.04664611816406,37.612857818603516,37.49399948120117,0.28978943824768066
166.8352508544922,91.46612548828125,37.5904426574707,37.4882698059082,0.2904271185398102
152.3886260986328,76.97863006591797,37.586978912353516,37.51422119140625,0.30879756808280945
168.44085693359375,93.01007843017578,37.61398696899414,37.52048110961914,0.29631078243255615
153.2510986328125,77.84986114501953,37.60600280761719,37.505470275878906,0.2897626757621765
166.1768341064453,90.80646514892578,37.58625411987305,37.49443817138672,0.2896888554096222
150.5458984375,75.13729858398438,37.59809875488281,37.50455856323242,0.3059403598308563
167.75689697265625,92.32095336914062,37.631534576416016,37.50706481933594,0.29735085368156433
151.68658447265625,76.28191375732422,37.603248596191406,37.51156234741211,0.2898528277873993
165.32708740234375,89.95657348632812,37.56832504272461,37.51295471191406,0.28922367095947266
148.8468475341797,73.4388427734375,37.60566711425781,37.49898910522461,0.3033374547958374
167.53550720214844,92.09374237060547,37.66158676147461,37.482112884521484,0.29806628823280334
150.5038604736328,75.09574890136719,37.608333587646484,37.509620666503906,0.2901478707790375
164.831787109375,89.46184539794922,37.54501724243164,37.53596496582031,0.28895506262779236
147.4492950439453,72.04228973388672,37.60672378540039,37.499332427978516,0.3009445369243622
167.53842163085938,92.0910415649414,37.69260025024414,37.45626449584961,0.2985008955001831
149.30673217773438,73.89409637451172,37.62084197998047,37.501060485839844,0.29074427485466003
164.7753448486328,89.40512084960938,37.526954650878906,37.554378509521484,0.28889673948287964
146.48812866210938,71.08326721191406,37.60047912597656,37.5057487487793,0.2986240088939667
167.2267608642578,91.77566528320312,37.711856842041016,37.44057846069336,0.29866233468055725
148.08737182617188,72.6689682006836,37.63674545288086,37.4899787902832,0.2916851043701172
164.71646118164062,89.34356689453125,37.522239685058594,37.56156921386719,0.2890913188457489
145.9813995361328,70.57943725585938,37.588687896728516,37.51692581176758,0.29635122418403625
166.3935546875,90.94169616699219,37.71121597290039,37.44210433959961,0.29853659868240356
147.11241149902344,71.68790435791016,37.650882720947266,37.4807014465332,0.2929239273071289
164.41119384765625,89.03291320800781,37.53343200683594,37.55531311035156,0.28953924775123596
145.7692413330078,70.36963653564453,37.57610321044922,37.52922058105469,0.2942748963832855
165.438232421875,89.98835754394531,37.69187545776367,37.45984649658203,0.29816100001335144
146.50009155273438,71.07034301757812,37.65981674194336,37.475624084472656,0.2943105399608612
164.08541870117188,88.69987487792969,37.55711364746094,37.538265228271484,0.2901661694049835
145.59197998046875,70.1929931640625,37.56844711303711,37.53792953491211,0.2926093339920044
164.84951782226562,89.40298461914062,37.66362762451172,37.485260009765625,0.2976335287094116
146.11611938476562,70.6828842163086,37.662662506103516,37.4749641418457,0.2956053912639618
163.9350128173828,88.54177856445312,37.58476638793945,37.517616271972656,0.2908484935760498
145.3066864013672,69.9059066772461,37.568790435791016,37.540462493896484,0.29151618480682373
164.5766143798828,89.13323974609375,37.63894271850586,37.50735855102539,0.2970770597457886
145.81765747070312,70.38304901123047,37.66032409667969,37.477725982666016,0.29655227065086365
163.72518920898438,88.32524871826172,37.605777740478516,37.50270080566406,0.2914506494998932
145.0148468017578,69.60993194580078,37.575462341308594,37.53840637207031,0.29104694724082947
164.11180114746094,88.66995239257812,37.62685775756836,37.51835632324219,0.2966274619102478
145.64144897460938,70.20735931396484,37.65513610839844,37.48195266723633,0.29699090123176575
163.0632781982422,87.65878295898438,37.612510681152344,37.50014877319336,0.291838139295578
144.9229278564453,69.5121078491211,37.5837516784668,37.53594970703125,0.2911239266395569
163.12997436523438,87.68714904785156,37.63015365600586,37.5162353515625,0.29643714427948
145.64984130859375,70.21745300292969,37.65047836303711,37.48495101928711,0.2969549000263214
161.9602813720703,86.55394744873047,37.6048583984375,37.50959396362305,0.2918906509876251
145.0482940673828,69.630859375,37.59034729003906,37.53556823730469,0.291524201631546
161.87901306152344,86.43244934082031,37.645469665527344,37.50446701049805,0.2966258227825165
145.67361450195312,70.24295043945312,37.64876937866211,37.48519515991211,0.2966901361942291
160.86817932128906,85.46228790283203,37.58975601196289,37.52457046508789,0.29156625270843506
145.1214599609375,69.69794464111328,37.59518051147461,37.536399841308594,0.2919251620769501
160.8264923095703,85.37439727783203,37.66521453857422,37.48968505859375,0.29720088839530945
145.41305541992188,69.98291015625,37.64976501464844,37.483821868896484,0.29655927419662476
160.09063720703125,84.68588256835938,37.57600021362305,37.53778076171875,0.2909626066684723
144.87657165527344,69.44860076904297,37.59911346435547,37.53683090209961,0.29202136397361755
160.0543670654297,84.5968017578125,37.680606842041016,37.478912353515625,0.2980470359325409
144.80828857421875,69.37664031982422,37.65165710449219,37.48309326171875,0.2968999445438385
159.44166564941406,84.0367202758789,37.570377349853516,37.54426193237305,0.290298193693161
144.37147521972656,68.9410400390625,37.60206985473633,37.53670883178711,0.29165107011795044
159.27215576171875,83.81106567382812,37.68442153930664,37.47769546508789,0.29898524284362793
144.11647033691406,68.68122100830078,37.6527099609375,37.484622955322266,0.29790884256362915
158.66104125976562,83.25308227539062,37.575931549072266,37.54220962524414,0.28982245922088623
143.89183044433594,68.4605712890625,37.60368347167969,37.53673553466797,0.2908509075641632
158.35354614257812,82.89183807373047,37.67427062988281,37.48763656616211,0.29980942606925964
143.58433532714844,68.14407348632812,37.65204620361328,37.4886474609375,0.299580842256546
157.8971710205078,82.48303985595703,37.591835021972656,37.53257369995117,0.28972068428993225
143.61964416503906,68.18816375732422,37.605045318603516,37.53659439086914,0.28983938694000244
157.54766845703125,82.08805084228516,37.654151916503906,37.50515365600586,0.3003031015396118
143.22933959960938,67.78367614746094,37.649879455566406,37.49409103393555,0.30169177055358887
157.52259826660156,82.10002899169922,37.61373519897461,37.518795013427734,0.2900427579879761
143.51902770996094,68.0866470336914,37.60820007324219,37.535240173339844,0.2889368534088135
157.12203979492188,81.66600799560547,37.63274383544922,37.52298355102539,0.30030137300491333
142.950927734375,67.50070190429688,37.64735412597656,37.499027252197266,0.30384087562561035
157.6260528564453,82.19447326660156,37.634769439697266,37.50611114501953,0.29068776965141296
143.47683715820312,68.04186248779297,37.61362838745117,37.53292465209961,0.28842800855636597
157.0192108154297,81.5665054321289,37.61830139160156,37.53460693359375,0.299796462059021
142.7218017578125,67.26870727539062,37.645389556884766,37.50212860107422,0.305575966835022
157.88275146484375,82.44348907470703,37.64794921875,37.49985122680664,0.29145628213882446
143.45330810546875,68.01374053955078,37.61948013305664,37.53164291381836,0.2884378433227539
156.94007873535156,81.48882293701172,37.61508560180664,37.537174224853516,0.2989967167377472
142.6169891357422,67.1629409790039,37.64466857910156,37.5028076171875,0.3065629303455353
157.8902130126953,82.44597625732422,37.649749755859375,37.502376556396484,0.29211190342903137
143.49124145507812,68.04559326171875,37.62330627441406,37.533447265625,0.2888960838317871
156.66055297851562,81.20784759521484,37.62208938598633,37.532344818115234,0.2982633411884308
142.6955108642578,67.24203491210938,37.645545959472656,37.50119400024414,0.306729793548584
157.5146942138672,82.06867218017578,37.64236068725586,37.51123809814453,0.29243722558021545
143.59735107421875,68.14508819580078,37.624393463134766,37.53828430175781,0.2895883023738861
156.2161407470703,80.75898742675781,37.634429931640625,37.5247802734375,0.29794809222221375
142.8941650390625,67.44171142578125,37.64776611328125,37.49838638305664,0.30629900097846985
156.90577697753906,81.4605712890625,37.631996154785156,37.52090835571289,0.2922945022583008
143.65853881835938,68.20030212402344,37.624202728271484,37.54378128051758,0.29024583101272583
155.79940795898438,80.33561706542969,37.64596176147461,37.51958084106445,0.2982487678527832
143.0587158203125,67.60639953613281,37.65021514892578,37.49641418457031,0.30569222569465637
156.25308227539062,80.8099594116211,37.625308990478516,37.526126861572266,0.2916923761367798
143.52088928222656,68.05831909179688,37.624935150146484,37.546993255615234,0.2906400263309479
155.5347442626953,80.06369018554688,37.652042388916016,37.51985549926758,0.29915764927864075
143.09002685546875,67.6358871459961,37.651580810546875,37.4972038269043,0.30535581707954407
155.6085662841797,80.16698455810547,37.62601089477539,37.52476119995117,0.2907947301864624
143.1493682861328,67.68447875976562,37.62767028808594,37.546566009521484,0.2906481921672821
155.3838348388672,79.90646362304688,37.65060806274414,37.52625274658203,0.3005143404006958
143.0226593017578,67.56444549560547,37.65101623535156,37.5015869140625,0.3056223392486572
154.9405517578125,79.49864196777344,37.6339111328125,37.51813888549805,0.28984859585762024
142.67518615722656,67.20970153808594,37.632015228271484,37.543190002441406,0.2902667820453644
155.234619140625,79.75289916992188,37.642723083496094,37.53694152832031,0.302069753408432
142.95787048339844,67.49373626708984,37.64869689941406,37.508792877197266,0.3066474199295044
154.27853393554688,78.83377075195312,37.6463508605957,37.50932312011719,0.2890870273113251
142.30064392089844,66.83546447753906,37.63723373413086,37.53833770751953,0.2896004021167755
155.0148162841797,79.53096008300781,37.631744384765625,37.54856872558594,0.30354106426239014
142.95538330078125,67.48440551757812,37.645660400390625,37.516902923583984,0.3084043264389038
153.7491912841797,78.29920196533203,37.659698486328125,37.501644134521484,0.28865763545036316
142.19235229492188,66.72726440429688,37.64253234863281,37.53372573852539,0.2888370752334595
154.70187377929688,79.21782684326172,37.621620178222656,37.557769775390625,0.30465924739837646
143.01022338867188,67.53253936767578,37.642967224121094,37.52401351928711,0.31070196628570557
153.47482299804688,78.01791381835938,37.67036437988281,37.497955322265625,0.28859126567840576
142.4320831298828,66.96581268310547,37.647029876708984,37.531036376953125,0.288202166557312
154.28611755371094,78.80309295654297,37.615413665771484,37.562374114990234,0.3052363097667694
143.10400390625,67.62060546875,37.64152908325195,37.52864074707031,0.3132264316082001
153.4696807861328,78.00516510009766,37.67609786987305,37.49960708618164,0.28881606459617615
143.00875854492188,67.53939056396484,37.65011978149414,37.5313720703125,0.2878773510456085
153.76437377929688,78.28278350830078,37.614742279052734,37.56163024902344,0.30522435903549194
143.24754333496094,67.76000213623047,37.64211654663086,37.52983093261719,0.31560343503952026
153.62892150878906,78.15702056884766,37.67668914794922,37.50600814819336,0.2892012298107147
143.83331298828125,68.35880279541016,37.65157699584961,37.534996032714844,0.2879350781440735
153.1593475341797,77.6788101196289,37.619197845458984,37.556602478027344,0.30473464727401733
143.4737091064453,67.98379516601562,37.644744873046875,37.527687072753906,0.31748276948928833
153.79486083984375,78.31646728515625,37.67362976074219,37.51516342163086,0.28959864377975464
144.76962280273438,69.28827667236328,37.651634216308594,37.54139709472656,0.2883199453353882
152.5253448486328,77.04497528076172,37.62633514404297,37.55002975463867,0.30399778485298157
143.80088806152344,68.31033325195312,37.648475646972656,37.52345275878906,0.318625807762146
153.84085083007812,78.35714721679688,37.6697998046875,37.524017333984375,0.2898811995983124
145.6741180419922,70.18482208251953,37.651519775390625,37.548885345458984,0.28889262676239014
151.93748474121094,76.45616912841797,37.6329345703125,37.545101165771484,0.30327942967414856
144.21726989746094,68.72747039794922,37.65166091918945,37.5191650390625,0.3189643621444702
153.7139129638672,78.22603607177734,37.66822052001953,37.52968978881836,0.28996869921684265
146.43247985839844,70.93488311767578,37.65273666381836,37.55537033081055,0.2894964814186096
151.4670867919922,75.98387145996094,37.63592529296875,37.544498443603516,0.3027927875518799
144.67958068847656,69.19140625,37.65254592895508,37.517032623291016,0.3186093270778656
153.45028686523438,77.95897674560547,37.670894622802734,37.530574798583984,0.2898440659046173
146.99459838867188,71.48902130126953,37.656455993652344,37.55910873413086,0.29001349210739136
151.1575927734375,75.6719970703125,37.63371276855469,37.54924011230469,0.30263566970825195
145.12814331054688,69.6417465209961,37.65023422241211,37.518367767333984,0.31780219078063965
153.15911865234375,77.66454315185547,37.67821502685547,37.52680969238281,0.28954851627349854
147.39157104492188,71.87890625,37.662811279296875,37.55946350097656,0.29038581252098083
151.01043701171875,75.522705078125,37.626502990722656,37.55844497680664,0.3027876615524292
145.50164794921875,70.01655578613281,37.64497375488281,37.523277282714844,0.316829115152359
152.9917755126953,77.49346923828125,37.68887710571289,37.520267486572266,0.2891641855239868
147.72882080078125,72.21029663085938,37.67058181762695,37.557334899902344,0.29061266779899597
150.98594665527344,75.49694061279297,37.61564636230469,37.57020568847656,0.3031423091888428
145.758544921875,70.27393341064453,37.63789367675781,37.53077697753906,0.3159456253051758
153.09066772460938,77.58759307861328,37.70071792602539,37.51356506347656,0.28878462314605713
148.14759826660156,72.62439727783203,37.67807388305664,37.55439376831055,0.29072844982147217
151.02684020996094,75.53790283203125,37.60309982299805,37.58226013183594,0.30356910824775696
145.89466857910156,70.40956115722656,37.630550384521484,37.53924560546875,0.3153136968612671
153.54698181152344,78.03783416748047,37.71194839477539,37.508705139160156,0.28849175572395325
148.7742919921875,73.2472915649414,37.68396759033203,37.55224609375,0.2907865047454834
151.0937042236328,75.60629272460938,37.59050369262695,37.592933654785156,0.3039630949497223
145.95327758789062,70.46703338623047,37.624046325683594,37.5472297668457,0.3149769604206085
154.37982177734375,78.86328887939453,37.721439361572266,37.50675964355469,0.28833481669425964
149.68312072753906,74.152587890625,37.687686920166016,37.55199432373047,0.2908429801464081
151.19020080566406,75.70555877685547,37.578548431396484,37.601802825927734,0.30428797006607056
146.02481079101562,70.53728485107422,37.618526458740234,37.55412673950195,0.3148730993270874
155.5238494873047,79.99895477294922,37.728939056396484,37.50764846801758,0.2883194088935852
150.87713623046875,75.34273529052734,37.68946075439453,37.55400085449219,0.29094505310058594
151.3729705810547,75.89181518554688,37.56697082519531,37.60958480834961,0.30459263920783997
146.25323486328125,70.76490020751953,37.6133918762207,37.560062408447266,0.3148863613605499
156.82432556152344,81.29061889648438,37.73495101928711,37.510345458984375,0.28839996457099915
152.3067169189453,76.76751708984375,37.69023132324219,37.55784606933594,0.29111960530281067
151.72303771972656,76.24542999267578,37.55500411987305,37.617618560791016,0.30500003695487976
146.82635498046875,71.33816528320312,37.607479095458984,37.56577682495117,0.31491854786872864
158.0662078857422,82.52401733398438,37.74028778076172,37.513423919677734,0.28848716616630554
153.93267822265625,78.38751220703125,37.69095993041992,37.56283187866211,0.2913677990436554
152.28561401367188,76.81083679199219,37.54117202758789,37.62794494628906,0.3056611716747284
147.92849731445312,72.44168853759766,37.598960876464844,37.57289123535156,0.31495213508605957
159.0767822265625,83.52708435058594,37.745506286621094,37.51572036743164,0.28846514225006104
155.8209991455078,80.26872253417969,37.692562103271484,37.56803894042969,0.291665643453598
153.01853942871094,77.54544830322266,37.52370834350586,37.642704010009766,0.3066819906234741
149.67218017578125,74.18773651123047,37.585697174072266,37.58366775512695,0.3150792419910431
159.8369140625,84.28118133544922,37.750431060791016,37.51707077026367,0.2882308065891266
158.15054321289062,82.59042358398438,37.6954345703125,37.572731018066406,0.291958212852478
153.8318328857422,78.35912322998047,37.50099182128906,37.66366958618164,0.3080481290817261
152.07334899902344,76.59159088134766,37.5654411315918,37.600826263427734,0.3154953718185425
160.4807586669922,84.92051696777344,37.754066467285156,37.518436431884766,0.2877359688282013
161.08380126953125,85.51579284667969,37.70001220703125,37.57583999633789,0.2921624183654785
154.7113494873047,79.23812866210938,37.47272872924805,37.69089889526367,0.30957964062690735
155.09011840820312,79.61038208007812,37.536170959472656,37.627098083496094,0.3164690434932709
161.16925048828125,85.60564422607422,37.75424575805664,37.522335052490234,0.28701522946357727
164.57647705078125,89.00143432617188,37.70707702636719,37.57577133178711,0.29218733310699463
155.80653381347656,80.33291625976562,37.441829681396484,37.72087097167969,0.31091657280921936
158.6612548828125,83.18199920654297,37.4979133605957,37.663055419921875,0.31828543543815613
161.9740753173828,86.40760040283203,37.74870681762695,37.53157043457031,0.28620001673698425
168.32989501953125,92.74935913085938,37.718162536621094,37.57036590576172,0.2919864356517792
157.35704040527344,81.88461303710938,37.41622543334961,37.744667053222656,0.31154096126556396
162.6486053466797,87.16796112060547,37.4561653137207,37.703365325927734,0.3211105763912201
162.9617919921875,87.39181518554688,37.73704528808594,37.547393798828125,0.28553125262260437
171.98190307617188,96.3975830078125,37.734535217285156,37.55820083618164,0.2915937602519989
159.50865173339844,84.04080200195312,37.408084869384766,37.74890899658203,0.31086114048957825
166.72352600097656,91.24036407470703,37.424251556396484,37.734195709228516,0.3247224986553192
164.3875274658203,88.81205749511719,37.72329330444336,37.566829681396484,0.2853381931781769
175.23924255371094,99.65217590332031,37.75544738769531,37.540565490722656,0.2910584509372711
162.35348510742188,86.89512634277344,37.42790222167969,37.7220344543457,0.30842673778533936
170.36050415039062,94.8756103515625,37.41976547241211,37.73689651489258,0.3282337486743927
166.69662475585938,91.11260986328125,37.71691131591797,37.58119201660156,0.28590697050094604
177.5333251953125,101.94355773925781,37.77857971191406,37.5208854675293,0.2902953326702118
166.31126403808594,90.86705017089844,37.47659683227539,37.66325378417969,0.3043728172779083
172.85549926757812,97.37267303466797,37.453529357910156,37.69904327392578,0.33025625348091125
170.3780059814453,94.78324890136719,37.73081970214844,37.576629638671875,0.2873092591762543
177.80030822753906,102.2066650390625,37.807430267333984,37.49699401855469,0.2892080545425415
171.98886108398438,96.56002807617188,37.54707717895508,37.582149505615234,0.2996033728122711
173.44384765625,97.9686279296875,37.5214729309082,37.623863220214844,0.32989752292633057
175.55987548828125,99.95525360107422,37.77019119262695,37.54505157470703,0.2893672585487366
175.99441528320312,100.39490509033203,37.848976135253906,37.4622688293457,0.28827306628227234
178.72915649414062,103.31262969970703,37.632816314697266,37.48860168457031,0.29510563611984253
172.92974853515625,97.46485137939453,37.61042785644531,37.5266227722168,0.3278335630893707
180.88954162597656,105.27749633789062,37.813209533691406,37.50715637207031,0.29168257117271423
175.2969970703125,99.69001007080078,37.8821907043457,37.43628692626953,0.2885076105594635
184.02951049804688,108.62258911132812,37.7155647277832,37.3999137878418,0.29144835472106934
175.45364379882812,99.99772644042969,37.70235824584961,37.42805099487305,0.32549911737442017
183.8402557373047,108.22055053710938,37.825069427490234,37.50114440917969,0.29348552227020264
180.19775390625,104.58151245117188,37.858646392822266,37.46745681762695,0.2901461124420166
185.54727172851562,110.1498031616211,37.76246643066406,37.3458251953125,0.2891874611377716
184.34324645996094,108.89629364013672,37.77983474731445,37.34394836425781,0.32316356897354126
182.35150146484375,106.72566223144531,37.808868408203125,37.523136138916016,0.2938344478607178
190.16619873046875,114.5395736694336,37.77339172363281,37.56147384643555,0.2917601466178894
182.773681640625,107.37863159179688,37.75957489013672,37.346397399902344,0.2890608608722687
196.01014709472656,120.57111358642578,37.84037780761719,37.27804946899414,0.3206055462360382
177.37841796875,101.7589111328125,37.801029205322266,37.525794982910156,0.2926969826221466
198.1534423828125,122.52658081054688,37.68393325805664,37.651546478271484,0.29137757420539856
178.55287170410156,103.1416244506836,37.71405029296875,37.40584945678711,0.2913340926170349
201.54525756835938,126.09833526611328,37.86643981933594,37.26150894165039,0.31896811723709106
173.73179626464844,98.1349868774414,37.81039047241211,37.49467468261719,0.29174649715423584
197.37420654296875,121.77714538574219,37.64070129394531,37.66769790649414,0.2886691093444824
175.99671936035156,100.5560073852539,37.64745330810547,37.49843978881836,0.2948078215122223
196.6504669189453,121.1598892211914,37.817073822021484,37.35320281982422,0.32029473781585693
172.65023803710938,97.07257843017578,37.81172561645508,37.47333526611328,0.2926029562950134
188.08566284179688,112.55626678466797,37.66547393798828,37.578739166259766,0.285190224647522
175.69113159179688,100.2409896850586,37.596248626708984,37.557498931884766,0.2964090406894684
186.91983032226562,111.35427856445312,37.6718864440918,37.5704231262207,0.32324549555778503
173.3328399658203,97.73809051513672,37.744266510009766,37.556461334228516,0.294025719165802
177.9534149169922,102.5041275024414,37.737586975097656,37.43032455444336,0.28136971592903137
176.68247985839844,101.27066040039062,37.603389739990234,37.51564025878906,0.2927795946598053
178.94602966308594,103.32233428955078,37.486392974853516,37.81772232055664,0.3195846378803253
174.7516632080078,99.10266876220703,37.57917785644531,37.77614974975586,0.2936510443687439
172.74795532226562,97.34119415283203,37.7917366027832,37.338687896728516,0.2763400673866272
176.04791259765625,100.7012710571289,37.720699310302734,37.340675354003906,0.28527119755744934
173.25550842285156,97.64604187011719,37.44084548950195,37.862823486328125,0.30579614639282227
176.79531860351562,101.0999526977539,37.425697326660156,37.97762680053711,0.29203087091445923
170.6300811767578,95.1946029663086,37.71349334716797,37.447898864746094,0.2740936875343323
176.93679809570312,101.6196060180664,37.85771179199219,37.177879333496094,0.2815927267074585
170.6905059814453,95.15771484375,37.672000885009766,37.56605529785156,0.2947442829608917
180.36859130859375,104.6846694946289,37.483341217041016,37.91001510620117,0.2905527949333191
172.4611358642578,96.9614486694336,37.520233154296875,37.70333480834961,0.2761085331439972
179.99072265625,104.63557434082031,37.773983001708984,37.29658508300781,0.2845715880393982
174.91705322265625,99.43476867675781,37.94455337524414,37.24462890625,0.2930993437767029
182.3473358154297,106.72492218017578,37.791378021240234,37.538639068603516,0.29240110516548157
175.1961669921875,99.6946792602539,37.4629020690918,37.76365661621094,0.2749307155609131
183.54696655273438,108.13327026367188,37.45663070678711,37.667015075683594,0.2900336682796478
176.92039489746094,101.39531707763672,37.89225387573242,37.33677291870117,0.29604607820510864
182.34127807617188,106.73352813720703,38.11369323730469,37.197086334228516,0.2969707250595093
172.96864318847656,97.53515625,37.71833038330078,37.439029693603516,0.2761440575122833
182.68617248535156,107.29096984863281,37.35574722290039,37.74937438964844,0.2900829315185547
178.3455810546875,102.7556381225586,37.60963439941406,37.68287658691406,0.2974463403224945
177.03143310546875,101.36711120605469,37.99161148071289,37.37809753417969,0.2946227788925171
170.57774353027344,95.17498016357422,37.85658264160156,37.26515197753906,0.2810406982898712
179.5799102783203,104.25865936279297,37.55887985229492,37.47426986694336,0.288099467754364
171.68524169921875,96.11091613769531,37.494747161865234,37.79247283935547,0.28710290789604187
181.07846069335938,105.37539672851562,37.56660461425781,37.84635925292969,0.29009509086608887
167.14414978027344,91.7130355834961,37.63033676147461,37.513545989990234,0.28723111748695374
182.30645751953125,106.98898315429688,37.76564025878906,37.26022720336914,0.29161423444747925
170.24649047851562,94.71276092529297,37.69375991821289,37.55732727050781,0.28264400362968445
181.55296325683594,105.90656280517578,37.43812561035156,37.924583435058594,0.28368210792541504
169.21054077148438,93.7653579711914,37.447418212890625,37.70952224731445,0.2882532477378845
183.32786560058594,107.90837860107422,37.81393814086914,37.30960464477539,0.2959390878677368
168.66502380371094,93.12165069580078,37.90821838378906,37.348411560058594,0.2867227792739868
193.88853454589844,118.3813705444336,37.63132095336914,37.600101470947266,0.2757379114627838
178.1024169921875,102.6749267578125,37.484981536865234,37.664676666259766,0.27782902121543884
201.093994140625,125.5353012084961,37.6063346862793,37.65835952758789,0.29400908946990967
185.48451232910156,109.91159057617188,37.79665756225586,37.48388671875,0.292373925447464
192.99505615234375,117.60734558105469,37.86824035644531,37.24284362792969,0.27661943435668945
180.3955535888672,104.98401641845703,37.694908142089844,37.44216537475586,0.2744564116001129
188.76229858398438,113.1009292602539,37.40877914428711,37.964378356933594,0.28820547461509705
168.52642822265625,92.91828918457031,37.34970474243164,37.97077560424805,0.2876631021499634
200.8649139404297,125.5460205078125,37.59212875366211,37.435890197753906,0.29087430238723755
178.26675415039062,102.86344909667969,37.85835266113281,37.25167465209961,0.2932780981063843
192.78775024414062,117.0973129272461,37.645347595214844,37.753902435302734,0.2911910116672516
171.12240600585938,95.4827651977539,37.26005554199219,38.09316635131836,0.2864105701446533
194.8985137939453,119.51557922363281,37.299400329589844,37.7886848449707,0.2948555052280426
168.34783935546875,92.90301513671875,37.90373611450195,37.213829040527344,0.32726556062698364
204.34991455078125,128.74815368652344,38.16773986816406,37.149147033691406,0.2848856449127197
185.0265655517578,109.40536499023438,37.87814712524414,37.447303771972656,0.29576757550239563
187.83663940429688,112.3639907836914,37.364601135253906,37.82646560668945,0.281591534614563
182.96922302246094,107.4239273071289,37.56479263305664,37.64607238769531,0.3344327509403229
186.9367218017578,111.4137954711914,38.09014892578125,37.151947021484375,0.28083354234695435
179.05538940429688,103.55215454101562,38.233638763427734,36.98570251464844,0.2838823199272156
192.05625915527344,116.58596801757812,37.80971908569336,37.381832122802734,0.27873989939689636
192.4875030517578,116.8694076538086,37.39365005493164,37.92043685913086,0.30400049686431885
170.35562133789062,94.7987289428711,37.18409729003906,38.094547271728516,0.27825525403022766
171.79417419433594,96.30537414550781,37.828060150146484,37.37998580932617,0.28075292706489563
179.78558349609375,104.3337173461914,38.531349182128906,36.64503860473633,0.27547574043273926
179.70408630371094,104.11103057861328,38.188636779785156,37.105918884277344,0.2985086143016815
177.35281372070312,101.81123352050781,37.07682418823242,38.18813705444336,0.2766050398349762
185.6084747314453,110.07524108886719,37.162906646728516,38.09238815307617,0.27793827652931213
166.34739685058594,90.89214324951172,37.94554901123047,37.232479095458984,0.2772171199321747
179.4105682373047,103.78567504882812,38.133358001708984,37.166908264160156,0.32462403178215027
155.69281005859375,80.13733673095703,37.76052474975586,37.51656723022461,0.2783820927143097
159.96533203125,84.44837188720703,37.54281234741211,37.695919036865234,0.2782319188117981
160.76747131347656,85.3099136352539,37.690223693847656,37.48318099975586,0.28415176272392273
177.70533752441406,102.11310577392578,37.81467056274414,37.4549560546875,0.3226001560688019
127.85227966308594,52.27438735961914,37.535125732421875,37.75352096557617,0.28924360871315
147.6150665283203,72.09368133544922,37.057891845703125,38.1855583190918,0.2779403328895569
179.6678924560547,104.12605285644531,38.14731216430664,37.12443542480469,0.2700994312763214
177.13011169433594,101.6006851196289,38.75802993774414,36.49279022216797,0.27861741185188293
196.96742248535156,121.4398193359375,37.312137603759766,37.91677474975586,0.29869544506073
246.927490234375,171.33193969726562,36.43105697631836,38.85224533081055,0.31224435567855835
141.62384033203125,66.06078338623047,36.47597885131836,38.811439514160156,0.27563679218292236
312.9217224121094,237.23037719726562,37.15499496459961,38.2147216796875,0.32161712646484375
318.45159912109375,242.83070373535156,38.61635208129883,36.674015045166016,0.33053624629974365
233.8295135498047,158.42372131347656,40.694480895996094,34.46913146972656,0.24218899011611938
238.2281494140625,162.66209411621094,41.30229568481445,33.98202896118164,0.2817390263080597
248.1101531982422,172.30592346191406,39.89571762084961,35.6094856262207,0.29902398586273193
201.35011291503906,125.46631622314453,37.734989166259766,37.75956726074219,0.3892425298690796
284.1017761230469,208.68438720703125,36.72395324707031,38.42563247680664,0.26779305934906006
259.98040771484375,184.61988830566406,37.094749450683594,37.98881912231445,0.27695223689079285
275.8608703613281,200.12213134765625,37.87253952026367,37.573326110839844,0.2928744852542877
340.94342041015625,265.0454406738281,37.59986114501953,37.958656311035156,0.33948028087615967
196.11537170410156,120.6222915649414,37.04814529418945,38.19253921508789,0.25239548087120056
244.7104949951172,169.46156311035156,37.49710464477539,37.49873352050781,0.25309038162231445
197.18203735351562,121.64514923095703,37.38154602050781,37.85719299316406,0.29814672470092773
210.7125701904297,134.93141174316406,37.06724548339844,38.400936126708984,0.3129751980304718
206.48529052734375,130.86778259277344,38.5991096496582,36.758792877197266,0.25960975885391235
183.7620849609375,108.18110656738281,40.49474334716797,34.82734680175781,0.258891224861145
262.82940673828125,187.00440979003906,40.136962890625,35.371829986572266,0.3161897361278534
239.1088104248047,163.36398315429688,38.891746520996094,36.55615997314453,0.2969155013561249
276.116455078125,200.75355529785156,37.78794479370117,37.315128326416016,0.2598409354686737
312.56982421875,237.27760314941406,37.88773727416992,37.163230895996094,0.24124234914779663
208.00897216796875,132.39527893066406,38.120967864990234,37.18510818481445,0.3076172173023224
222.77352905273438,147.03076171875,36.90794372558594,38.558773040771484,0.27604711055755615
207.16281127929688,131.5269775390625,36.57295227050781,38.787879943847656,0.27499377727508545
176.11636352539062,100.55424499511719,38.04582595825195,37.23391342163086,0.2823792099952698
201.843505859375,126.33068084716797,38.47195053100586,36.75637435913086,0.2845022976398468
145.099365234375,69.40817260742188,37.81608581542969,37.610816955566406,0.26427656412124634
204.52023315429688,128.88311767578125,37.854129791259766,37.5174674987793,0.26551488041877747
164.53990173339844,88.91683959960938,38.083045959472656,37.25619888305664,0.28381842374801636
267.7144775390625,192.153564453125,38.325660705566406,36.969478607177734,0.2657895088195801
305.2444152832031,229.69927978515625,38.34664535522461,36.927276611328125,0.27121421694755554
195.94058227539062,120.38664245605469,38.31459045410156,36.97244644165039,0.2669024169445038
240.43963623046875,164.8215789794922,38.20355224609375,37.14759063720703,0.2669055759906769
183.6361846923828,108.04181671142578,37.8455810546875,37.484413146972656,0.2643929719924927
193.98944091796875,118.39675903320312,37.9007682800293,37.403499603271484,0.28840911388397217
196.8896942138672,121.16926574707031,38.484066009521484,36.93535232543945,0.30100563168525696
163.5477752685547,87.96979522705078,37.921688079833984,37.395877838134766,0.26041528582572937
272.9649658203125,197.50559997558594,36.707393646240234,38.493465423583984,0.25852325558662415
257.3402099609375,181.7290496826172,36.97671890258789,38.36581039428711,0.26864108443260193
269.407958984375,193.68804931640625,38.072509765625,37.35005569458008,0.2973182499408722
338.1364440917969,262.5637512207031,38.122676849365234,37.167930603027344,0.2820596396923065
196.85989379882812,121.3621826171875,37.8140754699707,37.431007385253906,0.2526302635669708
275.4064025878906,199.66334533691406,37.674339294433594,37.80406188964844,0.26468440890312195
198.76620483398438,123.06127166748047,37.41908264160156,38.01460647583008,0.27124935388565063
235.15650939941406,159.6461944580078,37.179866790771484,38.06874084472656,0.2617020308971405
228.17361450195312,152.75721740722656,37.00381851196289,38.15974426269531,0.25284549593925476
182.6499481201172,107.00408172607422,37.032798767089844,38.35308837890625,0.2599761188030243
195.94056701660156,120.1639175415039,36.632633209228516,38.876670837402344,0.26734960079193115
190.49118041992188,114.84911346435547,36.02492904663086,39.31973648071289,0.29741621017456055
179.5772247314453,103.9746322631836,36.7209587097168,38.59136962890625,0.29026392102241516
199.55453491210938,123.9810562133789,38.243736267089844,37.078285217285156,0.25147104263305664
205.94822692871094,130.10316467285156,39.663089752197266,35.92597579956055,0.2559923827648163
194.23660278320312,118.77252960205078,39.14825439453125,36.040245056152344,0.275574266910553
245.37791442871094,169.55694580078125,39.17380905151367,36.38060760498047,0.2665526568889618
201.4774627685547,126.16815948486328,37.934608459472656,37.09931182861328,0.2753737270832062
195.76315307617188,119.98027038574219,39.335205078125,36.19635772705078,0.251316100358963
164.0198974609375,88.39056396484375,38.1371955871582,37.21870422363281,0.27343055605888367
210.60202026367188,134.89315795898438,37.25632095336914,38.14057540893555,0.3119732439517975
174.88824462890625,99.21385955810547,37.78765869140625,37.61582565307617,0.27088725566864014
157.1159210205078,81.46878814697266,36.85566329956055,38.52570724487305,0.26576295495033264
142.9031982421875,67.24162292480469,38.792545318603516,36.60212707519531,0.26689913868904114
154.37091064453125,78.68927764892578,40.61358642578125,34.80717468261719,0.26087188720703125
139.09878540039062,63.5161247253418,39.776729583740234,35.54813003540039,0.25780442357063293
180.89492797851562,104.9664077758789,38.1575813293457,37.44881057739258,0.32212522625923157
264.1427917480469,188.8566436767578,37.04129409790039,37.96918869018555,0.27565717697143555
189.4405517578125,113.59384155273438,36.90330505371094,38.68140411376953,0.2619946002960205
137.42376708984375,61.842674255371094,37.66944122314453,37.649776458740234,0.2618681788444519
159.17340087890625,83.6101303100586,37.95307922363281,37.34025955200195,0.26993218064308167
120.40528106689453,44.797019958496094,37.8279914855957,37.498416900634766,0.28185519576072693
201.88182067871094,126.236083984375,37.71338653564453,37.68063735961914,0.25172945857048035
197.18641662597656,121.50385284423828,37.8130989074707,37.61323547363281,0.256225049495697
178.66940307617188,103.1831283569336,37.721717834472656,37.49256896972656,0.27198752760887146
155.24649047851562,79.59086608886719,36.69611740112305,38.643272399902344,0.3162194788455963
177.6481475830078,101.98326873779297,36.19361877441406,39.20976638793945,0.26151230931282043
166.8355712890625,91.13983917236328,37.05815505981445,38.376705169677734,0.26086875796318054
176.05821228027344,100.61132049560547,38.38750457763672,36.78663635253906,0.27274438738822937
176.87167358398438,101.19792175292969,38.756011962890625,36.641334533691406,0.276394784450531
134.71316528320312,59.078365325927734,37.94780349731445,37.42219161987305,0.26479461789131165
168.247802734375,92.59500885009766,37.915626525878906,37.471256256103516,0.26591411232948303
122.32308959960938,46.741539001464844,37.802547454833984,37.52024841308594,0.25875651836395264
228.94056701660156,153.3235321044922,37.4511833190918,37.89236831665039,0.2734887897968292
198.51881408691406,122.90727233886719,37.145687103271484,38.147823333740234,0.31802085041999817
188.721923828125,113.1609115600586,37.11302185058594,38.175167083740234,0.2728255093097687
205.0396270751953,129.36141967773438,37.64558792114258,37.77479553222656,0.2578291893005371
172.31112670898438,96.63874053955078,37.58255386352539,37.81031799316406,0.2795047461986542
174.69961547851562,99.16767120361328,37.04865646362305,38.19168472290039,0.29160454869270325
161.22604370117188,85.54680633544922,38.169681549072266,37.207801818847656,0.30176374316215515
173.07720947265625,97.5247573852539,38.540042877197266,36.766143798828125,0.24626879394054413
151.9988250732422,76.36053466796875,38.12673568725586,37.26510238647461,0.24644207954406738
141.2425079345703,65.6274185180664,36.765472412109375,38.577056884765625,0.27256494760513306
142.11936950683594,66.47745513916016,37.43393325805664,37.911502838134766,0.29648587107658386
131.35379028320312,55.76591491699219,38.284481048583984,37.0315055847168,0.27188530564308167
133.7710418701172,58.170997619628906,38.11977767944336,37.21445846557617,0.26581132411956787
118.06330871582031,42.4425163269043,37.867488861083984,37.502864837646484,0.2504417300224304
132.8669891357422,57.30009841918945,37.902713775634766,37.397457122802734,0.2667297124862671
122.4637680053711,46.903343200683594,37.71718978881836,37.57679748535156,0.26644065976142883
133.44131469726562,57.744632720947266,37.24456024169922,38.19021224975586,0.26189935207366943
125.17134857177734,49.53828430175781,37.0174446105957,38.352935791015625,0.26268747448921204
115.53325653076172,39.962890625,37.840396881103516,37.4593620300293,0.27060821652412415
132.48231506347656,56.976097106933594,38.08126449584961,37.16657638549805,0.25837960839271545
108.53022003173828,32.951202392578125,37.87904739379883,37.446231842041016,0.2537437379360199
139.59202575683594,63.999454498291016,37.403446197509766,37.92220687866211,0.26692071557044983
123.36795806884766,47.6980094909668,37.69343566894531,37.702171325683594,0.27433836460113525
154.36593627929688,78.81062316894531,38.0145149230957,37.28804016113281,0.25275561213493347
149.6143341064453,74.15581512451172,38.19706344604492,37.00870895385742,0.2527417540550232
138.25730895996094,62.676143646240234,37.92691421508789,37.379249572753906,0.27500680088996887
140.2788543701172,64.59194946289062,37.31312561035156,38.106483459472656,0.26728877425193787
141.92181396484375,66.32157135009766,36.93359375,38.412052154541016,0.2545905113220215
144.5502166748047,68.98271942138672,37.32939147949219,37.98172378540039,0.25638145208358765
121.70396423339844,46.17683410644531,37.93702697753906,37.3208122253418,0.269286185503006
136.666748046875,61.09706115722656,37.37089157104492,37.937950134277344,0.2608349025249481
143.42654418945312,67.82599639892578,37.19594955444336,38.15724182128906,0.24736271798610687
113.1706314086914,37.52952575683594,37.857845306396484,37.52568054199219,0.25757530331611633
134.2602996826172,58.735328674316406,38.1246452331543,37.12233352661133,0.2780051529407501
116.2608413696289,40.72462463378906,38.07748031616211,37.186500549316406,0.2722301781177521
122.64143371582031,47.03254699707031,37.805301666259766,37.54151916503906,0.26207149028778076
122.93055725097656,47.31254959106445,37.67406463623047,37.68455505371094,0.25938764214515686
117.79955291748047,42.265804290771484,37.63044357299805,37.650508880615234,0.25279781222343445
131.46127319335938,55.896549224853516,37.813934326171875,37.484981536865234,0.2658074200153351
109.78351593017578,34.238136291503906,37.87850570678711,37.40727233886719,0.259608656167984
123.31865692138672,47.742347717285156,37.4088020324707,37.9026985168457,0.26480773091316223
117.83390045166016,42.25907897949219,37.47055435180664,37.83811950683594,0.2661489248275757
118.59309387207031,42.94304275512695,37.8129997253418,37.57463455200195,0.26242300868034363
123.12271118164062,47.623233795166016,37.90724182128906,37.32991027832031,0.26232969760894775
107.44361877441406,31.925748825073242,37.83906173706055,37.42710494995117,0.25171056389808655
113.92234802246094,38.30765151977539,37.84342956542969,37.50605392456055,0.2652120590209961
111.51093292236328,35.91020202636719,37.68980026245117,37.6344108581543,0.27650851011276245
109.12428283691406,33.605228424072266,37.45451354980469,37.792606353759766,0.27194544672966003
109.90457153320312,34.363037109375,37.77024459838867,37.516300201416016,0.25499194860458374
106.02314758300781,30.420246124267578,38.02760314941406,37.32062530517578,0.25467804074287415
105.18611145019531,29.609233856201172,38.07310104370117,37.244937896728516,0.2588373124599457
102.34614562988281,26.791040420532227,37.50143814086914,37.7850341796875,0.26863133907318115
112.18199157714844,36.58995056152344,37.459259033203125,37.85206604003906,0.2807144224643707
97.75495147705078,22.227643966674805,37.629493713378906,37.62764358520508,0.27016130089759827
108.30398559570312,32.78899383544922,38.19520568847656,37.06991958618164,0.24986262619495392
100.14126586914062,24.5668888092041,37.96379089355469,37.35741424560547,0.25317054986953735
103.87065887451172,28.258569717407227,37.49850845336914,37.845767974853516,0.2678138017654419
101.13251495361328,25.564064025878906,37.18094253540039,38.09376525878906,0.29373955726623535
103.24214935302734,27.733970642089844,37.54657745361328,37.6984748840332,0.2631332576274872
98.49909210205078,22.968345642089844,37.84153747558594,37.43397521972656,0.25523635745048523
101.48429107666016,25.907390594482422,37.876461029052734,37.442386627197266,0.2580500841140747
98.60321807861328,23.07781982421875,37.79835510253906,37.47351837158203,0.2535267770290375
102.23786163330078,26.667993545532227,37.68525314331055,37.619110107421875,0.265501469373703
96.33702850341797,20.804073333740234,37.70761489868164,37.557071685791016,0.26826974749565125
103.37201690673828,27.841310501098633,37.67131423950195,37.598453521728516,0.26093050837516785
92.79192352294922,17.277278900146484,37.70509719848633,37.55142593383789,0.25812575221061707
110.07411193847656,34.50070571899414,37.67692565917969,37.63539123535156,0.26108983159065247
89.80247497558594,14.269553184509277,37.79055404663086,37.483150482177734,0.2592148780822754
112.80415344238281,37.27659225463867,37.78123474121094,37.485355377197266,0.2609705328941345
94.5428466796875,19.02507972717285,37.64533233642578,37.61159896850586,0.26083269715309143
136.10418701171875,60.53925704956055,37.672489166259766,37.63096618652344,0.26147550344467163
109.56222534179688,34.04633331298828,37.801239013671875,37.45604705810547,0.2586090862751007
139.3098602294922,63.80979919433594,37.86204528808594,37.374916076660156,0.2631007432937622
101.2254409790039,25.691204071044922,37.60252380371094,37.66841125488281,0.2633008360862732
244.3186492919922,168.7689666748047,37.86970520019531,37.42913818359375,0.2508403956890106
283.4634704589844,207.96817016601562,37.90650177001953,37.332515716552734,0.2562759816646576
126.86123657226562,51.42015075683594,37.69347381591797,37.48334503173828,0.26426517963409424
238.43081665039062,162.84124755859375,37.3677978515625,37.94236373901367,0.27940723299980164
225.25050354003906,149.63734436035156,37.20068359375,38.12334442138672,0.2891410291194916
197.77671813964844,122.3195571899414,37.384334564208984,37.8243408203125,0.24849039316177368
257.6213073730469,182.10830688476562,37.76346969604492,37.47742462158203,0.27208182215690613
225.7180633544922,150.10890197753906,38.140865325927734,37.20193862915039,0.26636192202568054
199.8529052734375,124.3012466430664,38.21402359008789,37.07801818847656,0.25960543751716614
235.834716796875,160.494384765625,37.995574951171875,37.10311508178711,0.24163688719272614
265.33251953125,190.0138702392578,37.821319580078125,37.259559631347656,0.23777760565280914
237.6218719482422,162.06858825683594,37.60471725463867,37.693214416503906,0.2553504705429077
217.89920043945312,142.20803833007812,37.30867004394531,38.11299514770508,0.26950693130493164
191.69610595703125,116.07500457763672,37.07151412963867,38.26919174194336,0.2804027199745178
189.42019653320312,113.94844055175781,37.2073974609375,38.007896423339844,0.256465882062912
162.0485382080078,86.60873413085938,37.85201644897461,37.35053634643555,0.23724283277988434
157.2576446533203,81.7238998413086,38.74557113647461,36.529388427734375,0.2587909400463104
154.91192626953125,79.26589965820312,39.40041732788086,35.97281265258789,0.2728009521961212
144.0866241455078,68.51039123535156,39.45631408691406,35.854610443115234,0.2652977705001831
163.31329345703125,87.9379653930664,38.383567810058594,36.751041412353516,0.24072441458702087
125.49942016601562,50.01441955566406,37.56767654418945,37.670372009277344,0.24695385992527008
221.552734375,145.8687286376953,37.57643508911133,37.8339958190918,0.27357494831085205
197.29949951171875,121.68010711669922,37.50839614868164,37.85551071166992,0.2554747760295868
208.48817443847656,133.0066375732422,37.332454681396484,37.892059326171875,0.25702014565467834
220.11203002929688,144.6703643798828,37.328269958496094,37.857662200927734,0.2557307481765747
189.3163299560547,113.8166732788086,37.601253509521484,37.61435317993164,0.28405678272247314
183.8447265625,108.3425064086914,37.658573150634766,37.56291198730469,0.2807258069515228
174.15016174316406,98.66390991210938,37.4532470703125,37.788063049316406,0.2449558675289154
173.59414672851562,98.02407836914062,37.44083023071289,37.873191833496094,0.2560378611087799
157.24143981933594,81.66614532470703,37.59474563598633,37.73066711425781,0.24987773597240448
146.23077392578125,70.75900268554688,37.65090560913086,37.57673263549805,0.24412116408348083
149.59274291992188,74.11029815673828,37.62673568725586,37.60780334472656,0.24790595471858978
129.43911743164062,53.83499526977539,37.58401107788086,37.75388717651367,0.26622235774993896
151.6893768310547,76.18305969238281,37.68128967285156,37.56499099731445,0.2600439786911011
128.05873107910156,52.630306243896484,38.073280334472656,37.11018371582031,0.24496449530124664
214.32322692871094,138.70384216308594,38.41938781738281,36.946327209472656,0.2536768615245819
241.138916015625,165.47528076171875,38.3449821472168,37.06251525878906,0.2561405897140503
138.31076049804688,62.796546936035156,37.88827133178711,37.37602615356445,0.24991808831691742
176.43833923339844,101.03337097167969,37.46963882446289,37.68431854248047,0.25102517008781433
148.18594360351562,72.72327423095703,37.2889289855957,37.92085266113281,0.2528836131095886
142.19281005859375,66.59510803222656,37.13035202026367,38.20808792114258,0.25926753878593445
137.04063415527344,61.44526672363281,37.21221923828125,38.12601089477539,0.25714170932769775
131.40826416015625,55.92796325683594,37.58243942260742,37.64694595336914,0.2509167492389679
125.35053253173828,49.9069938659668,37.60697937011719,37.58358383178711,0.25296610593795776
125.17079162597656,49.569114685058594,37.287086486816406,38.0551643371582,0.2594278156757355
116.61869049072266,41.005088806152344,37.613285064697266,37.744625091552734,0.2556862533092499
120.39503479003906,44.98469543457031,38.155967712402344,37.0092658996582,0.24509969353675842
116.8338623046875,41.3486442565918,38.041847229003906,37.19210433959961,0.25126907229423523
105.7655029296875,30.14977264404297,37.960716247558594,37.39436721801758,0.2606496512889862
116.1024398803711,40.56526184082031,37.9782829284668,37.30166244506836,0.257224440574646
99.4642562866211,24.018760681152344,37.97856903076172,37.22135925292969,0.24557042121887207
134.16513061523438,58.53596496582031,37.57823944091797,37.790950775146484,0.25998610258102417
99.13798522949219,23.61241340637207,37.34251403808594,37.91447448730469,0.26858383417129517
232.6428680419922,157.20143127441406,37.80685043334961,37.39297103881836,0.2416127771139145
194.075439453125,118.59947967529297,38.15237808227539,37.075340270996094,0.24823355674743652
244.6874542236328,169.07669067382812,37.616058349609375,37.7142448425293,0.28046414256095886
317.51593017578125,241.84747314453125,37.01475143432617,38.32048034667969,0.3332377076148987
211.64248657226562,136.16908264160156,36.85572814941406,38.361732482910156,0.25594449043273926
232.15589904785156,156.79637145996094,37.11784362792969,37.9993896484375,0.24229149520397186
231.18443298339844,155.77557373046875,37.307735443115234,37.85445785522461,0.24666571617126465
239.90931701660156,164.3523406982422,37.17008972167969,38.10417175292969,0.2827197313308716
219.32359313964844,143.69334411621094,37.031856536865234,38.33641815185547,0.2619738280773163
233.92015075683594,158.3278045654297,37.368160247802734,37.97871398925781,0.24546094238758087
179.62265014648438,104.1473388671875,37.94283676147461,37.29206085205078,0.2404245287179947
165.52932739257812,90.08776092529297,38.16338348388672,37.02253341674805,0.2556425929069519
183.6740264892578,108.15918731689453,37.93403244018555,37.29576110839844,0.28504571318626404
144.55580139160156,69.05451202392578,37.62376403808594,37.62211608886719,0.255420058965683
186.56649780273438,111.12128448486328,37.36652755737305,37.83803939819336,0.24065154790878296
174.33840942382812,98.87582397460938,37.413780212402344,37.807090759277344,0.2416919767856598
170.76792907714844,95.2134780883789,37.993255615234375,37.307010650634766,0.25419726967811584
168.60340881347656,93.05123901367188,38.495426177978516,36.80085754394531,0.2558889091014862
172.22671508789062,96.78974914550781,38.34508514404297,36.84736633300781,0.24452625215053558
150.75912475585938,75.35860443115234,37.71212387084961,37.4463996887207,0.2419976145029068
161.68002319335938,86.16809844970703,37.28932189941406,37.96525192260742,0.25734972953796387
148.67347717285156,73.12529754638672,37.371822357177734,37.91257095336914,0.2637905776500702
160.36190795898438,84.87481689453125,37.81143569946289,37.42493438720703,0.2507256269454956
137.43455505371094,61.9774284362793,38.07666778564453,37.13966369628906,0.2407972365617752
182.63365173339844,107.14997100830078,37.849571228027344,37.388370513916016,0.2457447499036789
149.9574737548828,74.50069427490234,37.40935134887695,37.79603576660156,0.25138112902641296
168.24249267578125,92.7824478149414,37.15842056274414,38.03230667114258,0.26931193470954895
151.05886840820312,75.54954528808594,37.416629791259766,37.82296371459961,0.2697241008281708
148.91256713867188,73.38286590576172,37.863243103027344,37.41806411743164,0.24839924275875092
135.69796752929688,60.2435302734375,37.82040023803711,37.38933181762695,0.24470244348049164
153.5732879638672,78.1597671508789,37.57729721069336,37.58952331542969,0.24670544266700745
138.25428771972656,62.779258728027344,37.6430549621582,37.5710334777832,0.26094645261764526
151.3973846435547,75.88780975341797,37.91404724121094,37.344112396240234,0.25141847133636475
145.2218017578125,69.77134704589844,37.939205169677734,37.264278411865234,0.24695707857608795
134.937744140625,59.53031921386719,37.79286575317383,37.36607360839844,0.24849586188793182
128.90260314941406,53.404727935791016,37.80253982543945,37.43222427368164,0.26310351490974426
143.50059509277344,67.96052551269531,37.94176483154297,37.34377670288086,0.25453436374664307
126.6999740600586,51.2492561340332,37.84854507446289,37.35649108886719,0.24568556249141693
151.20565795898438,75.81681823730469,37.491573333740234,37.65041732788086,0.24684029817581177
140.41062927246094,64.95016479492188,37.330806732177734,37.86821365356445,0.2614433467388153
133.8719024658203,58.33143615722656,37.56064224243164,37.72187805175781,0.2579491138458252
128.38272094726562,52.910282135009766,37.820919036865234,37.402442932128906,0.24908004701137543
139.35256958007812,63.97369384765625,37.65829849243164,37.474571228027344,0.24600952863693237
130.4906768798828,55.065738677978516,37.372920989990234,37.79742431640625,0.2545904517173767
142.31871032714844,66.7850341796875,37.48287582397461,37.79357147216797,0.25721675157546997
140.38307189941406,64.86257934570312,37.80665588378906,37.460792541503906,0.2530326545238495
126.3159408569336,50.88818359375,37.870628356933594,37.30758285522461,0.2495497614145279
124.92709350585938,49.508174896240234,37.55147171020508,37.61530303955078,0.252144455909729
134.4290771484375,58.95315170288086,37.46017837524414,37.764854431152344,0.2508806884288788
124.95133209228516,49.475975036621094,37.69477081298828,37.530818939208984,0.24976176023483276
140.69024658203125,65.24163818359375,37.8515739440918,37.343360900878906,0.25366780161857605
136.52696228027344,61.070838928222656,37.72041702270508,37.47663879394531,0.2590625584125519
126.0322036743164,50.562889099121094,37.533660888671875,37.681922912597656,0.25373169779777527
125.8674087524414,50.418190002441406,37.6073112487793,37.592037200927734,0.24986721575260162
130.3102569580078,54.86183166503906,37.82343673706055,37.372493743896484,0.2524910271167755
125.95354461669922,50.47857666015625,37.88863754272461,37.331260681152344,0.25506603717803955
135.59063720703125,60.12236022949219,37.74110412597656,37.47751235961914,0.24966269731521606
135.11563110351562,59.676292419433594,37.59672546386719,37.593746185302734,0.24887126684188843
125.26151275634766,49.81599426269531,37.59653091430664,37.592430114746094,0.2565590739250183
127.8759994506836,52.39744567871094,37.721839904785156,37.49685287475586,0.2598637342453003
129.5464630126953,54.083251953125,37.76651382446289,37.4459228515625,0.25077393651008606
128.44874572753906,53.014198303222656,37.627376556396484,37.55915069580078,0.2480323165655136
134.36976623535156,58.91357421875,37.49284362792969,37.707767486572266,0.25558722019195557
135.83859252929688,60.3571662902832,37.60945510864258,37.61540603637695,0.25656625628471375
126.40152740478516,50.94157409667969,37.80729293823242,37.403053283691406,0.24960492551326752
128.5536346435547,53.115821838378906,37.73285675048828,37.45541000366211,0.2495383620262146
131.85040283203125,56.381858825683594,37.52968215942383,37.677371978759766,0.2614901661872864
128.4711151123047,52.987571716308594,37.622066497802734,37.60354995727539,0.25793755054473877
136.86480712890625,61.41366195678711,37.860660552978516,37.341976165771484,0.24851135909557343
133.81033325195312,58.377052307128906,37.79327392578125,37.392738342285156,0.24726614356040955
130.9774932861328,55.505428314208984,37.52267074584961,37.688175201416016,0.26122063398361206
127.10758972167969,51.61990737915039,37.56363296508789,37.66445541381836,0.2595997154712677
137.52987670898438,62.079952239990234,37.81700897216797,37.38357162475586,0.24934636056423187
129.6556396484375,54.2206916809082,37.803802490234375,37.383548736572266,0.247608482837677
137.9071807861328,62.42569351196289,37.566654205322266,37.652099609375,0.26274850964546204
131.32931518554688,55.839534759521484,37.56089782714844,37.668861389160156,0.26000675559043884
134.37515258789062,58.927345275878906,37.752723693847656,37.445465087890625,0.24961255490779877
126.28218841552734,50.84423828125,37.771968841552734,37.41783905029297,0.24814161658287048
140.82437133789062,65.33621978759766,37.59939956665039,37.624996185302734,0.263751745223999
131.39271545410156,55.9050178527832,37.55838394165039,37.67013931274414,0.2591654062271118
136.58621215820312,61.14041519165039,37.68682098388672,37.5093879699707,0.2495882362127304
128.88035583496094,53.435020446777344,37.75290298461914,37.44347381591797,0.24894967675209045
137.95484924316406,62.45826721191406,37.6611213684082,37.57049560546875,0.26496246457099915
128.50747680664062,53.02302169799805,37.585994720458984,37.6403694152832,0.2580816149711609
140.1813201904297,64.74191284179688,37.65498352050781,37.53481674194336,0.24960674345493317
131.50186157226562,56.05717468261719,37.753665924072266,37.44210433959961,0.24891456961631775
136.60182189941406,61.09886169433594,37.72378158569336,37.51369094848633,0.2654874324798584
127.94194030761719,52.455135345458984,37.61669921875,37.61366271972656,0.2564370930194855
140.20640563964844,64.7668685913086,37.63496398925781,37.55472183227539,0.24984869360923767
130.51510620117188,55.07008361816406,37.74247741699219,37.453033447265625,0.24951285123825073
138.39669799804688,62.889930725097656,37.728755950927734,37.510616302490234,0.26738741993904114
129.93576049804688,54.44662857055664,37.59589385986328,37.63674545288086,0.25649115443229675
137.37619018554688,61.935054779052734,37.594913482666016,37.597328186035156,0.24889491498470306
128.14625549316406,52.698177337646484,37.73580551147461,37.463016510009766,0.24925678968429565
139.3988037109375,63.89002990722656,37.7547607421875,37.48653793334961,0.26747891306877136
129.67971801757812,54.18889236450195,37.61721420288086,37.6165885925293,0.25701552629470825
137.8260040283203,62.38255310058594,37.58565902709961,37.60920333862305,0.2485753893852234
128.83428955078125,53.385982513427734,37.717411041259766,37.48179626464844,0.2490946352481842
138.03485107421875,62.52980041503906,37.76713562011719,37.47119140625,0.26673051714897156
128.2216796875,52.72981262207031,37.65036392211914,37.583885192871094,0.2576148808002472
139.32501220703125,63.8752555847168,37.5958251953125,37.605873107910156,0.24804171919822693
129.86196899414062,54.40938949584961,37.693763732910156,37.510169982910156,0.2486555576324463
137.62608337402344,62.124637603759766,37.763370513916016,37.472782135009766,0.2652881443500519
128.43589782714844,52.94563293457031,37.693729400634766,37.53787612915039,0.2586682438850403
138.95745849609375,63.5057258605957,37.63273239135742,37.571311950683594,0.2476872354745865
129.38356018066406,53.92624282836914,37.677894592285156,37.531097412109375,0.24832706153392792
138.647216796875,63.14424133300781,37.72657012939453,37.5125617980957,0.2638394236564636
129.57904052734375,54.0884895324707,37.697242736816406,37.53413391113281,0.2591633200645447
138.0807342529297,62.62940979003906,37.656978607177734,37.54696273803711,0.2473827302455902
129.09434509277344,53.63302230834961,37.66419982910156,37.548980712890625,0.24813708662986755
138.7406005859375,63.23338317871094,37.687538146972656,37.55702590942383,0.2626546025276184
129.7579345703125,54.26716232299805,37.70119857788086,37.53050994873047,0.2590577304363251
138.04368591308594,62.59481430053711,37.6961555480957,37.505489349365234,0.24722881615161896
129.57382202148438,54.109493255615234,37.66325378417969,37.55303192138672,0.24804620444774628
137.78636169433594,62.273860931396484,37.640689849853516,37.610435485839844,0.26136597990989685
129.20677185058594,53.71609878540039,37.68824768066406,37.54426574707031,0.2581633925437927
138.10667419433594,62.660682678222656,37.736331939697266,37.46248245239258,0.24717830121517181
129.67819213867188,54.21092224121094,37.68561553955078,37.53346252441406,0.2481975108385086
137.14439392089844,61.62568664550781,37.61213684082031,37.64596176147461,0.26060768961906433
128.74961853027344,53.25925064086914,37.66093444824219,37.57256317138672,0.25687479972839355
137.65956115722656,62.216758728027344,37.74967956542969,37.446044921875,0.24709053337574005
128.98678588867188,53.5172004699707,37.71563720703125,37.505435943603516,0.24851413071155548
137.0340118408203,61.509944915771484,37.62195587158203,37.64176940917969,0.2603428363800049
128.3894500732422,52.89914321899414,37.64115905761719,37.59339904785156,0.25575515627861023
136.89984130859375,61.458927154541016,37.72908020019531,37.4648551940918,0.24697141349315643
127.9610595703125,52.489253997802734,37.73080062866211,37.492061614990234,0.2489500194787979
136.85009765625,61.322837829589844,37.65424346923828,37.61280822753906,0.26021257042884827
127.70303344726562,52.212772369384766,37.630279541015625,37.60501480102539,0.2549709975719452
136.44105529785156,60.99993896484375,37.688255310058594,37.506019592285156,0.2468486726284027
127.16596984863281,51.69247055053711,37.738975524902344,37.48526382446289,0.24926605820655823
136.47683715820312,60.94973373413086,37.70610046386719,37.5610237121582,0.25997236371040344
126.77146911621094,51.28202819824219,37.63467025756836,37.600181579589844,0.25458794832229614
136.542236328125,61.09858322143555,37.642555236816406,37.554256439208984,0.24684663116931915
126.77547454833984,51.2995491027832,37.73402404785156,37.49235153198242,0.24954809248447418
136.1127166748047,60.58740234375,37.751197814941406,37.51436996459961,0.2597431540489197
125.80272674560547,50.31486892700195,37.64508819580078,37.588130950927734,0.2546274662017822
136.9925994873047,61.54568862915039,37.60738754272461,37.5927619934082,0.24676737189292908
126.48297882080078,51.00422668457031,37.71952819824219,37.50967025756836,0.2495529055595398
135.9654083251953,60.442440032958984,37.773677825927734,37.48978042602539,0.25950148701667786
125.02139282226562,49.5355339050293,37.659080505371094,37.571651458740234,0.2551306188106537
137.2530059814453,61.80255126953125,37.600040435791016,37.60360336303711,0.2468051314353943
126.04044342041016,50.55826187133789,37.70461654663086,37.528141021728516,0.24942733347415924
135.87139892578125,60.351078033447266,37.76491928100586,37.4962043762207,0.25920674204826355
124.61600494384766,49.132423400878906,37.67091369628906,37.55698776245117,0.2556816041469574
136.7685546875,61.31425857543945,37.62398910522461,37.58338928222656,0.2469218224287033
125.39385223388672,49.9077262878418,37.69522476196289,37.54159164428711,0.24930225312709808
135.55670166015625,60.03935623168945,37.7280158996582,37.53029251098633,0.25903138518333435
124.58452606201172,49.103050231933594,37.67763137817383,37.54757308959961,0.2562617361545563
135.5372314453125,60.07855224609375,37.67258071899414,37.53899002075195,0.24712347984313965
124.72201538085938,49.23237609863281,37.69498062133789,37.54549789428711,0.24916024506092072
134.87454223632812,59.36116027832031,37.67588806152344,37.57863235473633,0.2588602304458618
124.63645935058594,49.156166076660156,37.67648696899414,37.54704284667969,0.25675782561302185
134.11297607421875,58.6482048034668,37.72871398925781,37.48858642578125,0.24746884405612946
124.20471954345703,48.7125244140625,37.70270919799805,37.54045486450195,0.24902766942977905
133.89891052246094,58.391239166259766,37.625370025634766,37.62362289428711,0.25868284702301025
124.40620422363281,48.92636489868164,37.66871643066406,37.55399703979492,0.2571254074573517
133.0602264404297,57.58757019042969,37.77497482299805,37.44972229003906,0.2479529231786728
123.86561584472656,48.37214279174805,37.71478271484375,37.52980422973633,0.24888649582862854
132.76939392089844,57.268798828125,37.59151840209961,37.65053939819336,0.2585245370864868
123.68827819824219,48.207862854003906,37.65957260131836,37.56352615356445,0.25732094049453735
132.5437774658203,57.06204605102539,37.79972839355469,37.4334716796875,0.248528853058815
123.55757141113281,48.064266204833984,37.72512435913086,37.51948928833008,0.24868518114089966
131.70848083496094,56.21541976928711,37.58034896850586,37.654212951660156,0.2585064172744751
122.6903076171875,47.2082633972168,37.65334701538086,37.57131576538086,0.25738441944122314
132.27297973632812,56.782535552978516,37.80050277709961,37.44081115722656,0.24912668764591217
123.12657165527344,47.63482666015625,37.72997283935547,37.513362884521484,0.24841627478599548
130.89707946777344,55.41044616699219,37.589263916015625,37.6386833190918,0.2586769461631775
121.78939819335938,46.30470275878906,37.65018844604492,37.57718276977539,0.25732311606407166
131.92564392089844,56.428340911865234,37.781612396240234,37.466068267822266,0.24961791932582855
122.59904479980469,47.110145568847656,37.729248046875,37.51158142089844,0.24807219207286835
130.31112670898438,54.828739166259766,37.61166000366211,37.61167907714844,0.25904369354248047
121.11811828613281,45.629878997802734,37.65058898925781,37.58047866821289,0.2571718394756317
131.50579833984375,56.004478454589844,37.75367736816406,37.497737884521484,0.2499057799577713
122.13775634765625,46.652957916259766,37.7256965637207,37.51143264770508,0.24766558408737183
129.82618713378906,54.34526062011719,37.63850784301758,37.58287811279297,0.2595321834087372
120.59001159667969,45.09733581542969,37.6526985168457,37.582977294921875,0.2570050060749054
131.1660919189453,55.6639518737793,37.72517395019531,37.527034759521484,0.24992099404335022
121.84980010986328,46.37028884887695,37.721004486083984,37.51131057739258,0.2472006380558014
129.36744689941406,53.885108947753906,37.66280746459961,37.55949020385742,0.2600429356098175
120.15326690673828,44.65529251098633,37.65523910522461,37.58584976196289,0.2568886876106262
130.90501403808594,55.40536880493164,37.7015495300293,37.5484504699707,0.24965403974056244
121.7048110961914,46.231605529785156,37.71685028076172,37.50967025756836,0.24668355286121368
128.950927734375,53.46457290649414,37.682186126708984,37.543704986572266,0.26046574115753174
119.86061096191406,44.356685638427734,37.65818786621094,37.588871002197266,0.256866455078125
130.61325073242188,55.11891174316406,37.68415832519531,37.561038970947266,0.24913902580738068
121.61650848388672,46.15018844604492,37.71296691894531,37.507198333740234,0.2461474984884262
128.65164184570312,53.1592903137207,37.6963005065918,37.53535842895508,0.2606963515281677
119.77186584472656,44.261871337890625,37.661460876464844,37.591609954833984,0.2569299638271332
130.2454833984375,54.758522033691406,37.67143630981445,37.56706619262695,0.24845905601978302
121.5245361328125,46.06505584716797,37.708038330078125,37.50578689575195,0.24565039575099945
128.5280303955078,53.02853012084961,37.705989837646484,37.532840728759766,0.26066768169403076
119.85779571533203,44.34207534790039,37.665748596191406,37.5929069519043,0.2570565342903137
129.86508178710938,54.386634826660156,37.66127014160156,37.56946563720703,0.24771596491336823
121.42707824707031,45.97391128540039,37.70026397705078,37.5076789855957,0.24522052705287933
128.54396057128906,53.036861419677734,37.71207046508789,37.53462600708008,0.26039940118789673
120.00001525878906,44.47911071777344,37.672367095947266,37.59130859375,0.2572363317012787
129.57891845703125,54.109413146972656,37.65416717529297,37.56832504272461,0.2470102459192276
121.3643569946289,45.91691207885742,37.68981170654297,37.51278305053711,0.2448507845401764
128.60354614257812,53.08884048461914,37.71354293823242,37.54117202758789,0.25998735427856445
120.08182525634766,44.5561408996582,37.6801643371582,37.58805847167969,0.25746476650238037
129.45529174804688,53.99466323852539,37.65184020996094,37.562381744384766,0.2464085966348648
121.35302734375,45.910888671875,37.678443908691406,37.51918029785156,0.24451757967472076
128.67080688476562,53.14889907836914,37.70844650268555,37.553958892822266,0.25951018929481506
120.0737533569336,44.54347229003906,37.687171936035156,37.58536148071289,0.2577406167984009
129.48670959472656,54.03438949584961,37.65629577636719,37.55006408691406,0.24595056474208832
121.35134887695312,45.91441345214844,37.66848373413086,37.524253845214844,0.24419552087783813
128.80499267578125,53.276512145996094,37.695716857910156,37.573760986328125,0.25899508595466614
120.0237045288086,44.48872375488281,37.69096755981445,37.5859375,0.2580832242965698
129.6129608154297,54.16819763183594,37.666751861572266,37.532371520996094,0.24565544724464417
121.30438995361328,45.872806549072266,37.66130065917969,37.526432037353516,0.24385565519332886
129.05918884277344,53.5247917175293,37.67707443237305,37.59885787963867,0.258472740650177
119.98809814453125,44.44816589355469,37.690208435058594,37.591217041015625,0.258510559797287
129.7652587890625,54.327274322509766,37.680118560791016,37.51235580444336,0.2455170750617981
121.20799255371094,45.78178787231445,37.65800857543945,37.524715423583984,0.24348488450050354
129.39610290527344,53.85616683959961,37.657081604003906,37.62485885620117,0.2580031156539917
119.98638153076172,44.44156265258789,37.684532165527344,37.60128402709961,0.25899821519851685
129.9041748046875,54.47248458862305,37.691959381103516,37.49422836303711,0.24549554288387299
121.10942840576172,45.68818664550781,37.65898513793945,37.519168853759766,0.24309825897216797
129.72079467773438,54.17551040649414,37.63999938964844,37.64764404296875,0.25764980912208557
120.01409912109375,44.46498107910156,37.67438888549805,37.615234375,0.25949227809906006
130.0023651123047,54.57670593261719,37.69914627075195,37.480995178222656,0.24553528428077698
121.05897521972656,45.641841888427734,37.663692474365234,37.51071548461914,0.24272459745407104
129.93321228027344,54.38266372680664,37.6280517578125,37.6650505065918,0.2574506103992462
120.07113647460938,44.51856994628906,37.66140365600586,37.6312141418457,0.2599456310272217
130.01344299316406,54.593685150146484,37.70133972167969,37.472835540771484,0.24557346105575562
121.08596801757812,45.67210388183594,37.67134094238281,37.500144958496094,0.24238109588623047
129.9622802734375,54.40632247924805,37.62164306640625,37.6768913269043,0.2574138939380646
120.182861328125,44.62753677368164,37.6475715637207,37.64740753173828,0.2603464126586914
129.88197326660156,54.46833419799805,37.70016860961914,37.4679069519043,0.2455589920282364
121.20452117919922,45.793399810791016,37.6815071105957,37.487552642822266,0.24205784499645233
129.79576110839844,54.23410415649414,37.61909103393555,37.685062408447266,0.25751230120658875
120.38863372802734,44.830718994140625,37.63328552246094,37.663902282714844,0.26072657108306885
129.6083984375,54.2011604309082,37.69847869873047,37.46329116821289,0.24547547101974487
121.43460845947266,46.02634811401367,37.69480514526367,37.47174835205078,0.24170465767383575
129.4986572265625,53.93104553222656,37.617515563964844,37.692405700683594,0.2576916217803955
120.73271179199219,45.17171096801758,37.61721420288086,37.6826286315918,0.2611563503742218
129.26034545898438,53.859397888183594,37.69841384887695,37.45718002319336,0.24534615874290466
121.82728576660156,46.4227180480957,37.71224594116211,37.45108413696289,0.24124354124069214
129.15512084960938,53.581912994384766,37.61471939086914,37.70062255859375,0.25787800550460815
121.27530670166016,45.710052490234375,37.59695816040039,37.70658874511719,0.26171112060546875
128.91383361816406,53.51833724975586,37.69963455200195,37.45063018798828,0.24522128701210022
122.4859390258789,47.08642578125,37.734981536865234,37.42392349243164,0.2406064122915268
128.81478881835938,53.237300872802734,37.611473083496094,37.70804214477539,0.2579774260520935
122.12078094482422,46.54972839355469,37.570499420166016,37.738121032714844,0.2624342739582062
128.6279296875,53.23598861694336,37.69853210449219,37.448219299316406,0.2451706975698471
123.5771713256836,48.184303283691406,37.76302719116211,37.390071868896484,0.2397671639919281
128.50949096679688,52.93011474609375,37.611419677734375,37.71006774902344,0.257895827293396
123.42874145507812,47.8503532409668,37.53725814819336,37.77780532836914,0.26332253217697144
128.47523498535156,53.08415222167969,37.68794250488281,37.45787048339844,0.2452654242515564
125.30571746826172,49.920860290527344,37.7933349609375,37.352783203125,0.23873834311962128
128.3018798828125,52.72367858886719,37.6209716796875,37.699642181396484,0.25758662819862366
125.35883331298828,49.772098541259766,37.50067901611328,37.82173538208008,0.2643214166164398
128.5843048095703,53.191158294677734,37.65884017944336,37.48877716064453,0.2455318570137024
127.84070587158203,52.46452713012695,37.81874084472656,37.31987380981445,0.23757371306419373
128.27882385253906,52.70465087890625,37.64892578125,37.668155670166016,0.25708919763565063
127.97796630859375,52.383052825927734,37.471012115478516,37.85858917236328,0.26531559228897095
129.06863403320312,53.67110824584961,37.605533599853516,37.54606246948242,0.2459191381931305
131.2379608154297,55.87002944946289,37.828853607177734,37.302711486816406,0.2363741397857666
128.4066162109375,52.838191986083984,37.700809478759766,37.61111068725586,0.2565053105354309
131.2437744140625,55.6423454284668,37.46236801147461,37.8729248046875,0.26615110039711
129.7953643798828,54.39254379272461,37.53468322753906,37.621864318847656,0.24626408517360687
135.4959259033203,60.13473129272461,37.81645202636719,37.30948257446289,0.23525424301624298
128.28062438964844,52.717529296875,37.76881408691406,37.53832244873047,0.2559659481048584
135.1251678466797,59.51980209350586,37.481201171875,37.857425689697266,0.26673364639282227
130.3109130859375,54.904422760009766,37.4683723449707,37.691932678222656,0.24618393182754517
140.66087341308594,65.30458068847656,37.785945892333984,37.33610916137695,0.23424096405506134
127.38053894042969,51.81942367553711,37.82664489746094,37.47877502441406,0.2556898295879364
139.7056884765625,64.0982666015625,37.5118293762207,37.82840347290039,0.26719072461128235
130.29345703125,54.887821197509766,37.4246826171875,37.73590850830078,0.2450503706932068
146.48548889160156,71.13353729248047,37.75227355957031,37.36655044555664,0.2331233024597168
126.06817626953125,50.50373458862305,37.85838317871094,37.449974060058594,0.2560778260231018
144.96949768066406,69.35899353027344,37.53705978393555,37.805538177490234,0.2678983509540558
129.69638061523438,54.295127868652344,37.40156936645508,37.7570915222168,0.24258576333522797
151.77235412597656,76.42709350585938,37.73091125488281,37.38289260864258,0.23146270215511322
125.2691879272461,49.698402404785156,37.89401626586914,37.419246673583984,0.2575152516365051
150.24398803710938,74.62616729736328,37.578800201416016,37.769752502441406,0.2692554295063019
128.39187622070312,52.99014663696289,37.41010665893555,37.75147247314453,0.24013890326023102
155.3817596435547,80.04877471923828,37.729347229003906,37.374610900878906,0.22902588546276093
124.40725708007812,48.835872650146484,37.92683410644531,37.38502502441406,0.2595196068286896
153.9701385498047,78.3401107788086,37.627052307128906,37.73186492919922,0.27110499143600464
126.95818328857422,51.54048156738281,37.47163772583008,37.705841064453125,0.24022339284420013
157.72679138183594,82.41364288330078,37.75275421142578,37.333946228027344,0.22644835710525513
120.77239990234375,45.21977233886719,37.89120864868164,37.402225494384766,0.2591979205608368
155.94715881347656,80.30695343017578,37.61457824707031,37.75381088256836,0.2718137204647064
120.24849700927734,44.779380798339844,37.52767562866211,37.69578552246094,0.24565552175045013
155.83425903320312,80.53282928466797,37.789527893066406,37.28558349609375,0.22631150484085083
107.80500030517578,32.34186935424805,37.91748046875,37.297340393066406,0.24830637872219086
139.73048400878906,64.1102523803711,37.62873458862305,37.7235221862793,0.26797452569007874
117.81388092041016,42.2578010559082,37.49497985839844,37.80544662475586,0.25565245747566223
125.16612243652344,49.808143615722656,37.65476989746094,37.46925354003906,0.23395834863185883
108.21954345703125,32.82353210449219,37.878849029541016,37.27577209472656,0.2413916140794754
115.8538589477539,40.274295806884766,37.71133041381836,37.60564041137695,0.2625926733016968
126.6895751953125,51.1077995300293,37.514163970947266,37.80851364135742,0.25909343361854553
97.5214614868164,22.075721740722656,37.51484298706055,37.68598937988281,0.24491286277770996
137.04763793945312,61.623329162597656,37.96356201171875,37.212860107421875,0.24789617955684662
92.12599182128906,16.651691436767578,37.769954681396484,37.454383850097656,0.2499581277370453
252.76522827148438,177.195068359375,37.60556411743164,37.697288513183594,0.26730066537857056
313.6235046386719,238.08262634277344,37.36294174194336,37.90808868408203,0.26986292004585266
123.787353515625,48.37358474731445,37.24517822265625,37.92674255371094,0.24185232818126678
240.0407257080078,164.57598876953125,37.77088928222656,37.44607162475586,0.24776993691921234
304.63482666015625,229.13760375976562,38.029884338378906,37.20760726928711,0.2597442865371704
143.51409912109375,68.08537292480469,37.88612365722656,37.30009841918945,0.24250110983848572
194.0664825439453,118.61363983154297,37.729000091552734,37.4821891784668,0.24165798723697662
175.50238037109375,99.92430877685547,37.576175689697266,37.72357177734375,0.2783251106739044
132.67137145996094,57.111148834228516,37.44316482543945,37.85595703125,0.2610892951488495
152.40823364257812,76.96851348876953,37.797096252441406,37.39881134033203,0.24380820989608765
114.38444519042969,38.95216751098633,38.19350051879883,37.00340270996094,0.23537397384643555
159.1103057861328,83.65790557861328,38.37120056152344,36.8315315246582,0.2496604323387146
146.5454559326172,71.0083999633789,37.83334732055664,37.421268463134766,0.2824423313140869
110.94474029541016,35.40974426269531,36.858638763427734,38.42991256713867,0.24643440544605255
165.5865478515625,90.121826171875,36.79501724243164,38.42656326293945,0.24315375089645386
131.04762268066406,55.57746505737305,37.2214469909668,38.01016616821289,0.2385394424200058
215.6767578125,140.17530822753906,38.3900146484375,36.84788513183594,0.2635507881641388
235.3704071044922,159.89073181152344,39.05120849609375,36.15310287475586,0.2753591239452362
201.36317443847656,125.92511749267578,38.94490432739258,36.245906829833984,0.24724091589450836
155.23388671875,79.6989517211914,38.57779312133789,36.712646484375,0.24448566138744354
212.24952697753906,136.68763732910156,38.176578521728516,37.14521408081055,0.2400927096605301
180.0812530517578,104.6498031616211,37.416500091552734,37.788211822509766,0.22673997282981873
192.3014373779297,116.91220092773438,36.66011047363281,38.499000549316406,0.2301120162010193
184.01373291015625,108.49085235595703,36.839839935302734,38.44430160522461,0.23873195052146912
173.7264404296875,98.09485626220703,37.5953254699707,37.777870178222656,0.25839370489120483
140.5751190185547,65.1337661743164,38.130001068115234,37.07352066040039,0.23783618211746216
179.7718048095703,104.42439270019531,38.48304748535156,36.63423156738281,0.2301366925239563
143.16038513183594,67.65984344482422,38.656742095947266,36.60200119018555,0.24179619550704956
189.10838317871094,113.4764633178711,38.489009857177734,36.89223861694336,0.25067466497421265
160.62620544433594,85.13648223876953,37.97817611694336,37.278018951416016,0.23353591561317444
174.72940063476562,99.41999053955078,37.39094543457031,37.69791030883789,0.22054648399353027
154.81471252441406,79.40593719482422,37.171932220458984,38.007179260253906,0.22966386377811432
158.45309448242188,82.82347869873047,37.337303161621094,38.036094665527344,0.2562189996242523
143.75750732421875,68.19699096679688,37.71670150756836,37.60195541381836,0.241848886013031
153.7046356201172,78.32964324951172,38.16281509399414,36.977699279785156,0.23448491096496582
135.31185913085938,59.91644287109375,38.423030853271484,36.738895416259766,0.23348817229270935
158.7141571044922,83.13533020019531,38.333194732666016,36.9879150390625,0.25771379470825195
131.00437927246094,55.451412200927734,37.80129623413086,37.50090408325195,0.25075632333755493
169.12400817871094,93.71546173095703,37.58955764770508,37.587242126464844,0.23173941671848297
142.89202880859375,67.4882583618164,37.93193817138672,37.24673080444336,0.22510455548763275
161.52645874023438,86.01220703125,37.889102935791016,37.388607025146484,0.23653481900691986
148.8037567138672,73.29202270507812,37.059574127197266,38.21163558959961,0.24052435159683228
142.3997039794922,66.9452133178711,36.73971939086914,38.47814178466797,0.23661641776561737
134.7776641845703,59.302040100097656,37.52919006347656,37.70578384399414,0.24063940346240997
141.55316162109375,66.06134796142578,37.86240005493164,37.38117980957031,0.2482232004404068
129.38084411621094,53.959835052490234,37.556907653808594,37.6306266784668,0.23348036408424377
148.44383239746094,72.98410034179688,37.90683364868164,37.31790542602539,0.23500795662403107
140.0846405029297,64.55506134033203,38.206932067871094,37.08493423461914,0.23772360384464264
139.29043579101562,63.7858772277832,37.846004486083984,37.41051483154297,0.24805302917957306
134.15988159179688,58.75502014160156,37.592140197753906,37.57829284667969,0.23443661630153656
138.71913146972656,63.291404724121094,38.00320053100586,37.1937255859375,0.23080630600452423
130.23536682128906,54.714195251464844,38.244834899902344,37.0390739440918,0.23725228011608124
148.748291015625,73.23518371582031,37.63382339477539,37.624183654785156,0.25509119033813477
142.7290802001953,67.29244995117188,36.99352264404297,38.201229095458984,0.24187804758548737
137.01321411132812,61.571170806884766,37.104610443115234,38.102970123291016,0.23446613550186157
131.9553680419922,56.45526123046875,37.84590530395508,37.418033599853516,0.2361796796321869
144.6521759033203,69.18506622314453,38.13771057128906,37.08816146850586,0.24123460054397583
130.8922882080078,55.47795104980469,37.64659118652344,37.524452209472656,0.24329958856105804
146.19107055664062,70.71022033691406,37.11454772949219,38.13057327270508,0.23573899269104004
140.5084991455078,64.97111511230469,37.34986877441406,37.95121765136719,0.23630350828170776
129.10812377929688,53.640079498291016,38.01560592651367,37.21799850463867,0.23442882299423218
126.63284301757812,51.25083923339844,38.15934371948242,36.98870849609375,0.2339458018541336
134.02166748046875,58.58163833618164,37.82377243041992,37.38084411621094,0.23541584610939026
127.44725799560547,51.913978576660156,37.64524841308594,37.648685455322266,0.23934052884578705
131.80563354492188,56.316768646240234,37.750282287597656,37.49878692626953,0.2398117184638977
126.54985809326172,51.1550178527832,37.84407424926758,37.31988525390625,0.23087891936302185
130.6855010986328,55.24606704711914,37.73210144042969,37.47389221191406,0.23343966901302338
122.97074127197266,47.4510612487793,37.56831741333008,37.71058654785156,0.24077753722667694
136.26747131347656,60.801307678222656,37.56444549560547,37.65355682373047,0.2481606900691986
127.56790924072266,52.17742919921875,37.67353439331055,37.48014450073242,0.23679234087467194
130.56422424316406,55.108787536621094,37.68061447143555,37.54075622558594,0.2340766340494156
124.9858169555664,49.472572326660156,37.58182144165039,37.6958122253418,0.2356037050485611
129.1575469970703,53.72478103637695,37.56138229370117,37.636932373046875,0.2344496101140976
122.9518051147461,47.560935974121094,37.67051696777344,37.48431396484375,0.23603539168834686
129.67193603515625,54.181697845458984,37.723106384277344,37.52353286743164,0.24361346662044525
124.12932586669922,48.60975646972656,37.66073226928711,37.616756439208984,0.24207018315792084
126.77986145019531,51.37234115600586,37.588863372802734,37.58831787109375,0.2303357720375061
119.8570785522461,44.4793815612793,37.699676513671875,37.44818878173828,0.22983115911483765
132.06642150878906,56.572628021240234,37.864383697509766,37.3836669921875,0.24575017392635345
123.0440444946289,47.533321380615234,37.793453216552734,37.469852447509766,0.24741220474243164
129.2992706298828,53.90127182006836,37.576961517333984,37.58944320678711,0.23160186409950256
120.35894775390625,44.97325134277344,37.6001091003418,37.55730056762695,0.22828827798366547
131.6824493408203,56.18393325805664,37.787628173828125,37.46693420410156,0.24396108090877533
120.90725708007812,45.40538787841797,37.753517150878906,37.49729919433594,0.2510565221309662
131.25,55.8622932434082,37.541805267333984,37.61259460449219,0.2333090752363205
120.91504669189453,45.529476165771484,37.51380920410156,37.64289855957031,0.228859081864357
131.09234619140625,55.600101470947266,37.657859802246094,37.59324264526367,0.24113444983959198
119.71861267089844,44.22260284423828,37.684627532958984,37.55673599243164,0.2546559274196625
132.86473083496094,57.4816780090332,37.62484359741211,37.521915435791016,0.236293226480484
121.45126342773438,46.06987380981445,37.66543197631836,37.48658752441406,0.2293674796819687
131.97344970703125,56.48763656616211,37.749183654785156,37.49967956542969,0.23695644736289978
120.65650177001953,45.162391662597656,37.68663024902344,37.553165435791016,0.25430843234062195
131.8541259765625,56.47325134277344,37.58885192871094,37.5522346496582,0.23979653418064117
119.97128295898438,44.589454650878906,37.660037994384766,37.48897171020508,0.2328210324048996
132.0573272705078,56.56727600097656,37.76670837402344,37.486061096191406,0.23729552328586578
120.47886657714844,44.992210388183594,37.683040618896484,37.555870056152344,0.24774613976478577
129.8942413330078,54.524009704589844,37.57505416870117,37.55865478515625,0.23652638494968414
118.59817504882812,43.21829605102539,37.66990661621094,37.47554397583008,0.23443669080734253
131.08404541015625,55.59077453613281,37.760231018066406,37.48983383178711,0.24320711195468903
119.41191101074219,43.93701171875,37.62168884277344,37.607017517089844,0.24619607627391815
129.27159118652344,53.906742095947266,37.49624252319336,37.635250091552734,0.23334655165672302
117.92632293701172,42.532596588134766,37.638431549072266,37.51972579956055,0.2355758547782898
129.78021240234375,54.27957534790039,37.794395446777344,37.4583625793457,0.24788112938404083
117.62579345703125,42.16967010498047,37.66965103149414,37.54070281982422,0.2457641065120697
128.8768768310547,53.5223388671875,37.48383331298828,37.63919448852539,0.231499582529068
117.85370635986328,42.45009994506836,37.569454193115234,37.59872055053711,0.23543468117713928
127.3045425415039,51.80125427246094,37.78834533691406,37.46672058105469,0.24822086095809937
117.19354248046875,41.74872970581055,37.781341552734375,37.4193000793457,0.244168221950531
126.53794860839844,51.19044494628906,37.59812927246094,37.51844024658203,0.2309303879737854
118.25910186767578,42.85905838012695,37.55240249633789,37.61322784423828,0.23441366851329803
124.30494689941406,48.804134368896484,37.689430236816406,37.56447219848633,0.24692033231258392
116.68280792236328,41.2325325012207,37.762943267822266,37.4432373046875,0.24409328401088715
124.58756256103516,49.24110412597656,37.687870025634766,37.426734924316406,0.231856107711792
117.55960845947266,42.17694091796875,37.60134506225586,37.54814529418945,0.23317676782608032
122.55400085449219,47.06208801269531,37.6116828918457,37.635589599609375,0.24464288353919983
115.19450378417969,39.731651306152344,37.673583984375,37.544498443603516,0.24476569890975952
123.49278259277344,48.14143371582031,37.69829177856445,37.41921615600586,0.2338419109582901
115.80148315429688,40.43403625488281,37.64620590209961,37.487709045410156,0.23352502286434174
122.28050994873047,46.79721450805664,37.59901428222656,37.640037536621094,0.24424518644809723
114.23253631591797,38.762454986572266,37.6328125,37.59299087524414,0.24428318440914154
122.72937774658203,47.3753547668457,37.68531799316406,37.4344367980957,0.2342776209115982
114.20304107666016,38.843528747558594,37.670955657958984,37.453922271728516,0.23464517295360565
123.03382110595703,47.55392837524414,37.642513275146484,37.590179443359375,0.2471998780965805
114.20055389404297,38.729705810546875,37.65925979614258,37.56599426269531,0.24559412896633148
122.20707702636719,46.854618072509766,37.67458724975586,37.444515228271484,0.23335151374340057
113.1271743774414,37.76926040649414,37.6607666015625,37.462223052978516,0.2349356710910797
123.81427764892578,48.335636138916016,37.660926818847656,37.56822204589844,0.24948884546756744
114.76129913330078,39.292850494384766,37.657352447509766,37.563148498535156,0.24794822931289673
121.3056869506836,45.957496643066406,37.624786376953125,37.49118423461914,0.23221367597579956
112.59947204589844,37.24348831176758,37.6296272277832,37.491790771484375,0.2345627248287201
123.80747985839844,48.332603454589844,37.678157806396484,37.54731750488281,0.24940820038318634
115.32445526123047,39.85661315917969,37.645538330078125,37.572811126708984,0.24948669970035553
120.30451202392578,44.958370208740234,37.54904556274414,37.56547546386719,0.23162271082401276
112.06049346923828,36.70991516113281,37.595638275146484,37.52131652832031,0.23362325131893158
123.54601287841797,48.07796859741211,37.730960845947266,37.4886589050293,0.24841733276844025
114.79315185546875,39.32551574707031,37.69117736816406,37.526912689208984,0.24954256415367126
120.09561157226562,44.749141693115234,37.52937316894531,37.58538818359375,0.2317063808441162
111.56964874267578,36.226993560791016,37.58798599243164,37.522377014160156,0.2322894036769867
122.6314468383789,47.17054748535156,37.77640914916992,37.4361686706543,0.24831651151180267
113.2759780883789,37.80863952636719,37.742431640625,37.47518539428711,0.2497146725654602
120.26370239257812,44.914581298828125,37.55289077758789,37.56377029418945,0.23247118294239044
111.74781799316406,36.410579681396484,37.582000732421875,37.52384948730469,0.2313815951347351
121.01702880859375,45.563541412353516,37.755409240722656,37.44913101196289,0.24895066022872925
111.7472152709961,36.283878326416016,37.738643646240234,37.47480392456055,0.24988490343093872
120.72964477539062,45.376949310302734,37.577274322509766,37.54154586791992,0.2338734269142151
112.04012298583984,36.703426361083984,37.571292877197266,37.533958435058594,0.23144659399986267
120.0291519165039,44.582698822021484,37.697818756103516,37.498226165771484,0.2504075765609741
110.55721282958984,35.10136413574219,37.714046478271484,37.49174499511719,0.2500549256801605
121.27726745605469,45.919986724853516,37.6158561706543,37.50603485107422,0.23538684844970703
111.76324462890625,36.42152404785156,37.585350036621094,37.523841857910156,0.23252730071544647
119.7745132446289,44.33421325683594,37.65105056762695,37.537540435791016,0.25172001123428345
110.11930847167969,34.67239761352539,37.68148422241211,37.5150260925293,0.25039947032928467
120.94699096679688,45.58732986450195,37.632408142089844,37.491329193115234,0.23591798543930054
111.41397857666016,36.066287994384766,37.6004638671875,37.51333236694336,0.23389385640621185
119.25275421142578,43.81698226928711,37.636478424072266,37.547119140625,0.252173513174057
110.46610260009766,35.026031494140625,37.66133117675781,37.52806091308594,0.2506754696369171
119.65978240966797,44.30073547363281,37.6220703125,37.50163269042969,0.23534473776817322
111.3082046508789,35.95677185058594,37.60605239868164,37.51043701171875,0.23495028913021088
118.42689514160156,42.99330520629883,37.652191162109375,37.529293060302734,0.2521035373210907
110.84342956542969,35.4075927734375,37.66766357421875,37.517578125,0.25059401988983154
118.43095397949219,43.075687408447266,37.614707946777344,37.506412506103516,0.2341434359550476
111.0089111328125,35.657039642333984,37.60674285888672,37.509952545166016,0.23518472909927368
117.87767028808594,42.44320297241211,37.66523742675781,37.517024993896484,0.2521999478340149
110.64203643798828,35.20879364013672,37.68001937866211,37.50340270996094,0.24982590973377228
117.65052032470703,42.300540924072266,37.61964416503906,37.49728775024414,0.23305177688598633
110.34679412841797,34.99684143066406,37.603057861328125,37.512237548828125,0.234657421708107
117.53646087646484,42.10012435913086,37.66122817993164,37.52240753173828,0.2526973485946655
110.10491180419922,34.67387008666992,37.689414978027344,37.49280548095703,0.2488241195678711
117.02586364746094,41.68000793457031,37.637962341308594,37.47537612915039,0.23251113295555115
109.70404052734375,34.35697555541992,37.60128402709961,37.51184844970703,0.23393598198890686
117.14924621582031,41.713356018066406,37.64250183105469,37.54021453857422,0.25317296385765076
109.6091537475586,34.18049240112305,37.68589401245117,37.494510650634766,0.24825328588485718
116.49907684326172,41.15459060668945,37.655433654785156,37.45651626586914,0.23253902792930603
109.29802703857422,33.95386505126953,37.6051025390625,37.50566482543945,0.23339277505874634
116.59392547607422,41.16239547729492,37.62466049194336,37.5537223815918,0.2531489133834839
109.12722778320312,33.701438903808594,37.670188903808594,37.507389068603516,0.24821485579013824
116.09458923339844,40.74934387207031,37.65672302246094,37.455631256103516,0.23289141058921814
109.10575103759766,33.76408386230469,37.61396026611328,37.494564056396484,0.23314495384693146
115.83182525634766,40.40671157836914,37.62620544433594,37.54610061645508,0.2528170347213745
108.69351959228516,33.270694732666016,37.65475082397461,37.519527435302734,0.2485453486442566
115.6761474609375,40.32991409301758,37.636470794677734,37.47645568847656,0.2333046942949295
109.05525970458984,33.715389251708984,37.617027282714844,37.489627838134766,0.2332245260477066
114.97869873046875,39.559608459472656,37.646697998046875,37.51972579956055,0.2526702284812927
108.43657684326172,33.017208099365234,37.65267562866211,37.51771545410156,0.24898043274879456
115.09554290771484,39.749244689941406,37.60731506347656,37.50542449951172,0.23355983197689056
108.92741394042969,33.587852478027344,37.60883712768555,37.49720764160156,0.23352409899234772
114.30521392822266,38.890254974365234,37.670772552490234,37.491294860839844,0.252893328666687
108.30345916748047,32.888545989990234,37.6628532409668,37.50285339355469,0.2492089420557022
114.3945541381836,39.04924392700195,37.58617401123047,37.52549743652344,0.233631893992424
108.51705932617188,33.17667007446289,37.597076416015625,37.509483337402344,0.23383361101150513
113.89212799072266,38.47999954223633,37.684329986572266,37.47452163696289,0.25327005982398987
108.09318542480469,32.683502197265625,37.67448425292969,37.486148834228516,0.24905253946781158
113.69435119628906,38.350345611572266,37.58195495605469,37.52847671508789,0.23358377814292908
107.91814422607422,32.57698059082031,37.58793640136719,37.51922607421875,0.23399853706359863
113.52919006347656,38.12022018432617,37.6761474609375,37.479373931884766,0.253451943397522
107.71678924560547,32.311954498291016,37.675235748291016,37.4809455871582,0.24864636361598969
113.1217269897461,37.77833557128906,37.59593200683594,37.51396560668945,0.23349803686141968
107.41058349609375,32.06985092163086,37.589656829833984,37.51712417602539,0.23394840955734253
113.04606628417969,37.64174270629883,37.651344299316406,37.4997673034668,0.2532050311565399
107.21402740478516,31.813371658325195,37.66297912597656,37.489524841308594,0.24815435707569122
112.76412963867188,37.420372009277344,37.621761322021484,37.48849868774414,0.2335057109594345
107.09268951416016,31.753376007080078,37.60463333129883,37.500919342041016,0.23376035690307617
112.5448226928711,37.146541595458984,37.624549865722656,37.521156311035156,0.25257784128189087
106.70824432373047,31.311779022216797,37.643890380859375,37.5050163269043,0.24754780530929565
112.58466339111328,37.239803314208984,37.64515686035156,37.466007232666016,0.23369430005550385
106.84720611572266,31.509113311767578,37.6241455078125,37.4803352355957,0.23361915349960327
112.21759033203125,36.82609558105469,37.60798645019531,37.531795501708984,0.2517072856426239
106.32125091552734,30.93000030517578,37.62594223022461,37.51861572265625,0.24669836461544037
112.43035125732422,37.08407974243164,37.65347671508789,37.458763122558594,0.23403167724609375
106.51471710205078,31.1767520904541,37.63688659667969,37.46739959716797,0.23367834091186523
112.10690307617188,36.72230529785156,37.606468200683594,37.52737045288086,0.25076475739479065
106.07349395751953,30.688682556152344,37.616153717041016,37.52309036254883,0.24556384980678558
112.19042205810547,36.84317398071289,37.64567565917969,37.467185974121094,0.23438826203346252
106.08721160888672,30.74848747253418,37.639366149902344,37.465389251708984,0.23397134244441986
112.07392883300781,36.695316314697266,37.61761474609375,37.511024475097656,0.24997667968273163
105.89815521240234,30.520299911499023,37.61507797241211,37.51847839355469,0.24430318176746368
111.88456726074219,36.5377311706543,37.62725067138672,37.4849853515625,0.23460453748703003
105.70469665527344,30.365175247192383,37.633750915527344,37.47137451171875,0.23440136015415192
111.90485382080078,36.53046798706055,37.634315490722656,37.490535736083984,0.24953731894493103
105.70655059814453,30.335216522216797,37.619041442871094,37.50918960571289,0.24311046302318573
111.54875946044922,36.20413589477539,37.605648040771484,37.5043830871582,0.2345934510231018
105.45915985107422,30.119483947753906,37.6241569519043,37.48069763183594,0.23482398688793182
111.51539611816406,36.14344787597656,37.649879455566406,37.47261047363281,0.24946004152297974
105.47905731201172,30.113201141357422,37.6237678527832,37.499977111816406,0.24211344122886658
111.1700668334961,35.82901382446289,37.585975646972656,37.52069091796875,0.23438316583633423
105.29167175292969,29.952922821044922,37.61466979980469,37.488948822021484,0.23511944711208344
111.00550842285156,35.63511657714844,37.661991119384766,37.4588737487793,0.2495260238647461
105.24883270263672,29.887113571166992,37.62741470336914,37.492958068847656,0.24134764075279236
110.73175048828125,35.39472198486328,37.571067810058594,37.53186798095703,0.23409228026866913
105.10089111328125,29.764484405517578,37.60841369628906,37.49275588989258,0.2352442741394043
110.50029754638672,35.13150405883789,37.670745849609375,37.44860076904297,0.24945202469825745
105.02383422851562,29.664752960205078,37.62979507446289,37.488525390625,0.2407636195421219
110.2634048461914,34.930274963378906,37.56242370605469,37.53685760498047,0.2338504195213318
104.8636474609375,29.531023025512695,37.6059455871582,37.491451263427734,0.23523211479187012
110.00801086425781,34.641334533691406,37.67496109008789,37.44267654418945,0.24903549253940582
104.7798843383789,29.42217445373535,37.630699157714844,37.48677062988281,0.24024271965026855
109.77758026123047,34.4479866027832,37.56045913696289,37.53538513183594,0.23374652862548828
104.6222915649414,29.29448699951172,37.605594635009766,37.48702621459961,0.23517805337905884
109.47230529785156,34.108463287353516,37.67253112792969,37.443111419677734,0.2481970340013504
104.5296859741211,29.172712326049805,37.62956619262695,37.487735748291016,0.23967976868152618
109.23759460449219,33.91105651855469,37.565242767333984,37.5274772644043,0.23380903899669647
104.40949249267578,29.08685874938965,37.606895446777344,37.48054122924805,0.23519085347652435
108.86463928222656,33.50439453125,37.662750244140625,37.450523376464844,0.2469693124294281
104.31838989257812,28.962108612060547,37.62494659423828,37.49229431152344,0.2390439659357071
108.62193298339844,33.297969818115234,37.57574462890625,37.51419448852539,0.23402443528175354
104.24442291259766,28.926774978637695,37.61131286621094,37.47099304199219,0.23534445464611053
108.19995880126953,32.84378433227539,37.647586822509766,37.463111877441406,0.24547581374645233
104.16597747802734,28.810823440551758,37.61567306518555,37.50114440917969,0.23833169043064117
107.97251892089844,32.65090560913086,37.588748931884766,37.49850845336914,0.23435872793197632
104.15866088867188,28.845430374145508,37.61964416503906,37.45791244506836,0.23567280173301697
107.4654541015625,32.11332702636719,37.63092041015625,37.477359771728516,0.24384745955467224
104.07051086425781,28.71747398376465,37.602294921875,37.513214111328125,0.2375285029411316
107.29013061523438,31.970792770385742,37.599308013916016,37.4852294921875,0.23480425775051117
104.24149322509766,28.931915283203125,37.631256103515625,37.44215774536133,0.2361672967672348
106.29792785644531,30.94957160949707,37.617271423339844,37.48893737792969,0.24214674532413483
104.21778106689453,28.868593215942383,37.58744812011719,37.525108337402344,0.23663665354251862
105.51021575927734,30.191675186157227,37.600929260253906,37.482173919677734,0.23543567955493927
105.27565002441406,29.969085693359375,37.643917083740234,37.4259033203125,0.2367437779903412
100.73999786376953,25.39763069152832,37.612735748291016,37.4891242980957,0.24050356447696686
104.43991088867188,29.097379684448242,37.572879791259766,37.5340461730957,0.23561297357082367
96.75955200195312,21.435335159301758,37.58063507080078,37.50751876831055,0.23606809973716736
105.09534454345703,29.78858757019043,37.649784088134766,37.41909408569336,0.23787903785705566
89.1352310180664,13.80617618560791,37.6302490234375,37.45903015136719,0.239773690700531
106.37474060058594,31.04206657409668,37.55888366699219,37.5397834777832,0.23401130735874176
92.99547576904297,17.662616729736328,37.55436706542969,37.542606353759766,0.23588703572750092
103.88963317871094,28.58257293701172,37.69514083862305,37.36994171142578,0.2419808804988861
93.5658950805664,18.25102996826172,37.684913635253906,37.389732360839844,0.24022048711776733
110.80655670166016,35.48242950439453,37.57687759399414,37.51405334472656,0.23319171369075775
101.34349060058594,26.008708953857422,37.54336929321289,37.555999755859375,0.23541149497032166
110.06805419921875,34.75900650024414,37.697750091552734,37.36506652832031,0.24622899293899536
93.19721984863281,17.891141891479492,37.67292404174805,37.39426803588867,0.23888951539993286
147.4588623046875,72.1298599243164,37.51369857788086,37.58247375488281,0.23283301293849945
154.40005493164062,79.05905151367188,37.45442199707031,37.652565002441406,0.23400448262691498
98.7317886352539,23.420391082763672,37.598846435546875,37.470821380615234,0.24172811210155487
173.17124938964844,97.87822723388672,37.71212387084961,37.33329772949219,0.24759791791439056
124.48098754882812,49.18893051147461,37.698875427246094,37.35502243041992,0.2381591647863388
159.02796936035156,83.6928482055664,37.532630920410156,37.56827926635742,0.2342139184474945
219.91651916503906,144.569091796875,37.443336486816406,37.67110824584961,0.2329908013343811
168.3956298828125,93.08202362060547,37.500953674316406,37.58137130737305,0.23127412796020508
112.28263854980469,36.97856140136719,37.575138092041016,37.48665237426758,0.24229131639003754
199.07667541503906,123.74784851074219,37.571041107177734,37.510982513427734,0.24679745733737946
204.066162109375,128.7437286376953,37.55477523803711,37.526737213134766,0.24092291295528412
102.63643646240234,27.343544006347656,37.525672912597656,37.5364990234375,0.23072098195552826
123.71745300292969,48.391963958740234,37.465641021728516,37.628604888916016,0.2312435507774353
141.89779663085938,66.53428649902344,37.572391510009766,37.55068588256836,0.24043840169906616
90.31097412109375,14.95953369140625,37.70600891113281,37.40034866333008,0.2450850009918213
236.89195251464844,161.6185302734375,37.51133728027344,37.533485412597656,0.2285940796136856
302.56341552734375,227.33009338378906,37.39842224121094,37.60493850708008,0.229945570230484
175.03933715820312,99.81847381591797,37.431514739990234,37.55730056762695,0.23205365240573883
177.41708374023438,102.1138687133789,37.726280212402344,37.33975601196289,0.23717595636844635
259.6092224121094,184.19171142578125,37.97517395019531,37.16097640991211,0.28138262033462524
271.2331237792969,195.78359985351562,38.15028381347656,37.0072135925293,0.2920083701610565
176.0845489501953,100.6907730102539,38.19662857055664,36.945152282714844,0.25199201703071594
126.44641876220703,51.101707458496094,38.08515930175781,37.024871826171875,0.2346787005662918
152.20957946777344,76.90957641601562,37.65861892700195,37.40592956542969,0.23545494675636292
126.29251098632812,51.01710510253906,37.10803985595703,37.937442779541016,0.22991843521595
106.1231689453125,30.782960891723633,36.7789192199707,38.330406188964844,0.23088160157203674
134.5584716796875,59.16514587402344,37.2060432434082,37.951377868652344,0.23589429259300232
113.63077545166016,38.248050689697266,37.57127380371094,37.568790435791016,0.2426663339138031
119.71076202392578,44.41340637207031,37.86248016357422,37.19210433959961,0.24277247488498688
133.69668579101562,58.431453704833984,38.34825134277344,36.68122863769531,0.23574334383010864
96.42581939697266,21.109554290771484,38.30270767211914,36.78321838378906,0.23033688962459564
162.6864776611328,87.3223648071289,37.10780715942383,38.016082763671875,0.24021266400814056
168.70718383789062,93.30776977539062,36.690982818603516,38.446712493896484,0.26171281933784485
160.30419921875,84.93195343017578,37.35903549194336,37.76213455200195,0.2510789632797241
153.0119171142578,77.65033721923828,37.879302978515625,37.24959945678711,0.23267461359500885
135.97320556640625,60.61650085449219,37.98904037475586,37.13130187988281,0.23636503517627716
125.33187866210938,50.03952407836914,38.04512023925781,37.00313949584961,0.24409200251102448
134.4298553466797,59.16487121582031,38.12788391113281,36.901920318603516,0.23518170416355133
115.82345581054688,40.494300842285156,37.937156677246094,37.152671813964844,0.23932509124279022
145.37423706054688,70.0033950805664,37.590614318847656,37.54347229003906,0.23676031827926636
141.23777770996094,65.900146484375,37.54816436767578,37.56184005737305,0.22762784361839294
125.98613739013672,50.692012786865234,37.742774963378906,37.32603073120117,0.22531896829605103
118.87621307373047,43.54887008666992,37.637638092041016,37.4547119140625,0.2349955141544342
127.29811096191406,51.9282112121582,37.20056915283203,37.92585754394531,0.24346737563610077
111.64839172363281,36.31303405761719,36.97168731689453,38.12665557861328,0.23701415956020355
131.58465576171875,56.29966735839844,37.18804168701172,37.86967468261719,0.22726225852966309
116.95304107666016,41.653079986572266,37.470603942871094,37.60165023803711,0.22769689559936523
122.97315979003906,47.62406921386719,37.7036018371582,37.40992736816406,0.2355642318725586
117.73506164550781,42.39560317993164,37.931331634521484,37.168148040771484,0.23997855186462402
122.33427429199219,47.036861419677734,38.06617736816406,36.99828338623047,0.23295022547245026
113.3233642578125,38.017364501953125,37.92176818847656,37.15506362915039,0.22917495667934418
125.44670104980469,50.09122085571289,37.513648986816406,37.60914611816406,0.2326848953962326
118.04655456542969,42.689945220947266,37.279029846191406,37.843509674072266,0.23406845331192017
112.59564208984375,37.28573989868164,37.45038986206055,37.62822723388672,0.23128396272659302
108.18085479736328,32.8794059753418,37.766414642333984,37.3001708984375,0.23486046493053436
114.30438995361328,38.97347640991211,37.80659103393555,37.28715515136719,0.23716376721858978
106.33171081542969,30.993162155151367,37.6197395324707,37.481422424316406,0.23738954961299896
119.62914276123047,44.315673828125,37.48267364501953,37.59818649291992,0.23261640965938568
112.11824035644531,36.81684875488281,37.49042892456055,37.58168411254883,0.22927899658679962
114.94027709960938,39.61959457397461,37.56819152832031,37.5210075378418,0.23147691786289215
109.34105682373047,34.00657272338867,37.61659240722656,37.483402252197266,0.23448729515075684
111.61327362060547,36.28876495361328,37.68817138671875,37.400390625,0.23594869673252106
105.82784271240234,30.52143096923828,37.769874572753906,37.30134582519531,0.2351914495229721
115.47545623779297,40.16880798339844,37.71643829345703,37.35661315917969,0.23359836637973785
109.7923355102539,34.47035217285156,37.56924057006836,37.51969909667969,0.23303645849227905
111.0637435913086,35.7278938293457,37.48931884765625,37.61258316040039,0.23395778238773346
107.12496185302734,31.798139572143555,37.549591064453125,37.54315185546875,0.23407597839832306
110.45526885986328,35.150142669677734,37.63315200805664,37.43865966796875,0.23331642150878906
104.0345230102539,28.7342472076416,37.62739562988281,37.43986129760742,0.23302516341209412
113.5736083984375,38.254051208496094,37.60833740234375,37.47627258300781,0.23494471609592438
106.94308471679688,31.616186141967773,37.64495849609375,37.4458122253418,0.23613260686397552
110.93285369873047,35.61486053466797,37.68366622924805,37.3990592956543,0.23526714742183685
106.1869888305664,30.869853973388672,37.67327117919922,37.40976333618164,0.23410576581954956
109.8956069946289,34.56999206542969,37.647029876708984,37.44476318359375,0.23381829261779785
104.85388946533203,29.538734436035156,37.61799240112305,37.46385955810547,0.23330792784690857
111.79549407958984,36.50164031982422,37.5595703125,37.501407623291016,0.2328738272190094
106.66967010498047,31.370820999145508,37.51921081542969,37.546199798583984,0.2334374040365219
109.18374633789062,33.8528938293457,37.552406311035156,37.54237365722656,0.23607085645198822
104.80756378173828,29.471452713012695,37.618106842041016,37.48103713989258,0.2369578778743744
110.27739715576172,34.97374725341797,37.65188980102539,37.417537689208984,0.23421360552310944
104.82079315185547,29.53192710876465,37.6595573425293,37.396820068359375,0.23249422013759613
111.31832885742188,36.004295349121094,37.652565002441406,37.427303314208984,0.23416417837142944
106.50141143798828,31.173168182373047,37.61213684082031,37.480003356933594,0.2360965609550476
109.01759338378906,33.7076416015625,37.55426025390625,37.520626068115234,0.2350636124610901
104.397705078125,29.10102081298828,37.560115814208984,37.50361633300781,0.23295539617538452
109.97309875488281,34.66229248046875,37.63334274291992,37.4442253112793,0.23322910070419312
104.33837127685547,29.01971435546875,37.658973693847656,37.424713134765625,0.2349674105644226
110.67388153076172,35.36726379394531,37.60195541381836,37.468833923339844,0.23582440614700317
105.32335662841797,30.02308464050293,37.55783462524414,37.507171630859375,0.23526638746261597
109.14281463623047,33.831871032714844,37.563480377197266,37.51272964477539,0.23473186790943146
103.84174346923828,28.52935218811035,37.57325744628906,37.50478744506836,0.23435449600219727
110.55233764648438,35.25162124633789,37.57967758178711,37.487159729003906,0.23387879133224487
104.86786651611328,29.568565368652344,37.61012268066406,37.455528259277344,0.2336486428976059
109.50361633300781,34.19099426269531,37.650272369384766,37.4276237487793,0.2347264438867569
104.2950210571289,28.982383728027344,37.65026092529297,37.42656326293945,0.23581628501415253
109.392822265625,34.09407043457031,37.60955047607422,37.453731536865234,0.2354704737663269
103.79121398925781,28.495214462280273,37.57856750488281,37.48304748535156,0.2343844771385193
110.00203704833984,34.693729400634766,37.57699203491211,37.497032165527344,0.2342837005853653
104.37155151367188,29.06330680847168,37.58842468261719,37.485172271728516,0.23464681208133698
109.23883056640625,33.94149398803711,37.60404968261719,37.45860290527344,0.23467813432216644
103.8733139038086,28.576433181762695,37.61265563964844,37.449886322021484,0.23433659970760345
109.21195983886719,33.90494155883789,37.61289596557617,37.45943832397461,0.23468366265296936
103.57371520996094,28.269187927246094,37.61205291748047,37.45716857910156,0.23530477285385132
109.44733428955078,34.152034759521484,37.60238265991211,37.45741271972656,0.2355048656463623
103.9402084350586,28.643095016479492,37.574378967285156,37.487789154052734,0.2349492907524109
108.64708709716797,33.341583251953125,37.557456970214844,37.513607025146484,0.23444099724292755
103.14080810546875,27.84123420715332,37.58505630493164,37.480159759521484,0.23436355590820312
109.29208374023438,34.00144958496094,37.627159118652344,37.428646087646484,0.2348300963640213
103.74585723876953,28.450101852416992,37.621952056884766,37.43862533569336,0.23517440259456635
108.48077392578125,33.1745719909668,37.58980941772461,37.481204986572266,0.23518681526184082
103.19876861572266,27.899688720703125,37.59516525268555,37.46907043457031,0.23483675718307495
108.58499145507812,33.29736328125,37.6190299987793,37.433834075927734,0.23475904762744904
103.17893981933594,27.886533737182617,37.598392486572266,37.459083557128906,0.2349322885274887
108.49765014648438,33.19318389892578,37.563575744628906,37.50570297241211,0.2351822704076767
103.19976806640625,27.90165901184082,37.58232879638672,37.480812072753906,0.23497091233730316
108.14118194580078,32.85536575317383,37.62355041503906,37.427494049072266,0.2347819209098816
102.89774322509766,27.607664108276367,37.60963439941406,37.44550704956055,0.2349351942539215
108.20875549316406,32.90632247924805,37.57035446166992,37.49678039550781,0.23529715836048126
102.8835220336914,27.587486267089844,37.580440521240234,37.480499267578125,0.23509907722473145
108.05553436279297,32.77251052856445,37.613521575927734,37.4347038269043,0.23479606211185455
102.8666763305664,27.57954216003418,37.59870147705078,37.45357131958008,0.2348577380180359
107.7308349609375,32.43025207519531,37.56684875488281,37.49846267700195,0.23527532815933228
102.47844696044922,27.183380126953125,37.585079193115234,37.474830627441406,0.2351551055908203
107.98529052734375,32.70356750488281,37.62208938598633,37.424766540527344,0.23486857116222382
102.76724243164062,27.4820556640625,37.60809326171875,37.442142486572266,0.2349528819322586
107.43722534179688,32.138671875,37.57232666015625,37.49085998535156,0.23536339402198792
102.26438903808594,26.971363067626953,37.58152770996094,37.476341247558594,0.23516251146793365
107.74542236328125,32.466068267822266,37.61090850830078,37.433650970458984,0.23479078710079193
102.50699615478516,27.2241268157959,37.599143981933594,37.448795318603516,0.2349330484867096
107.34053802490234,32.0435676574707,37.57211685180664,37.489322662353516,0.23552380502223969
102.16812896728516,26.876489639282227,37.58512496948242,37.4711799621582,0.23533138632774353
107.45738220214844,32.18026351928711,37.61262512207031,37.429725646972656,0.23476043343544006
102.2430419921875,26.962818145751953,37.59994888305664,37.44548034667969,0.23479455709457397
107.22785186767578,31.932701110839844,37.571842193603516,37.48779296875,0.2355143129825592
102.04326629638672,26.752685546875,37.58036804199219,37.4747428894043,0.23546244204044342
107.20103454589844,31.925640106201172,37.60405349731445,37.436492919921875,0.23484434187412262
101.99593353271484,26.718347549438477,37.59444808959961,37.44835662841797,0.23478291928768158
107.07713317871094,31.784339904785156,37.57368469238281,37.48359680175781,0.23551267385482788
101.83272552490234,26.54364776611328,37.585243225097656,37.468326568603516,0.23551267385482788
107.10588836669922,31.831897735595703,37.60702896118164,37.432071685791016,0.23488634824752808
101.90636444091797,26.630826950073242,37.59593963623047,37.4448127746582,0.23477667570114136
106.82592010498047,31.53547477722168,37.573787689208984,37.48116683959961,0.23549851775169373
101.62127685546875,26.33418083190918,37.58253479003906,37.46902084350586,0.23553282022476196
106.97215270996094,31.69990348815918,37.602970123291016,37.434364318847656,0.23491902649402618
101.79505157470703,26.5213623046875,37.594791412353516,37.44410705566406,0.23479227721691132
106.57290649414062,31.284406661987305,37.5763053894043,37.4766960144043,0.23550663888454437
101.38673400878906,26.10149574279785,37.584049224853516,37.46562576293945,0.23556546866893768
106.8592758178711,31.588899612426758,37.59947204589844,37.43592834472656,0.23497509956359863
101.65918731689453,26.387493133544922,37.58842849731445,37.448429107666016,0.2348373979330063
106.40365600585938,31.11701202392578,37.57085418701172,37.48027038574219,0.2355201095342636
101.23261260986328,25.94904899597168,37.58100891113281,37.46699142456055,0.23555736243724823
106.700439453125,31.4318790435791,37.59926986694336,37.43431091308594,0.23497535288333893
101.51478576660156,26.245147705078125,37.5906982421875,37.44407272338867,0.2348613291978836
106.23684692382812,30.952211380004883,37.573299407958984,37.47576904296875,0.23556262254714966
101.0878677368164,25.806066513061523,37.58126449584961,37.46493911743164,0.23560041189193726
106.52117919921875,31.25433921813965,37.597232818603516,37.434627532958984,0.23498907685279846
101.34910583496094,26.081327438354492,37.58884811401367,37.444091796875,0.23484192788600922
106.08738708496094,30.80467414855957,37.5732536315918,37.47392272949219,0.23553629219532013
100.9489517211914,25.668964385986328,37.58200454711914,37.46237564086914,0.23560012876987457
106.3507308959961,31.085651397705078,37.59714126586914,37.43290710449219,0.23503442108631134
101.20046997070312,25.934526443481445,37.58794403076172,37.44309997558594,0.2349025160074234
105.91645050048828,30.63568878173828,37.57204818725586,37.473148345947266,0.2355692982673645
100.78855895996094,25.510499954223633,37.580421447753906,37.4620361328125,0.23560214042663574
106.20096588134766,30.93767547607422,37.59505081176758,37.43320083618164,0.23503512144088745
101.06053161621094,25.796323776245117,37.586002349853516,37.443302154541016,0.2349095195531845
105.74449920654297,30.465545654296875,37.5706901550293,37.472694396972656,0.2355635017156601
100.62548828125,25.34935188293457,37.579280853271484,37.46126174926758,0.23559355735778809
106.0628662109375,30.80146598815918,37.59381866455078,37.43252182006836,0.2350607067346573
100.9382553100586,25.675798416137695,37.5853271484375,37.44217300415039,0.23496323823928833
105.55207824707031,30.27482795715332,37.57065200805664,37.47099685668945,0.2355954498052597
100.4518051147461,25.177465438842773,37.57865524291992,37.46009826660156,0.23558996617794037
105.92223358154297,30.662744522094727,37.59187316894531,37.432559967041016,0.23505531251430511
100.81027221679688,25.549720764160156,37.583560943603516,37.442020416259766,0.23497337102890015
105.35587310791016,30.08045768737793,37.57045364379883,37.469356536865234,0.23560366034507751
100.2695083618164,24.996950149536133,37.57908630371094,37.45787811279297,0.23559564352035522
105.78667449951172,30.528953552246094,37.5914421081543,37.43120574951172,0.23507924377918243
100.68287658691406,25.424060821533203,37.58285140991211,37.440956115722656,0.23500528931617737
105.16142272949219,29.88780975341797,37.570152282714844,37.46784973144531,0.23560763895511627
100.09273529052734,24.82207489013672,37.578243255615234,37.45683670043945,0.2355792075395584
105.64331817626953,30.387487411499023,37.589176177978516,37.431575775146484,0.23508776724338531
100.55207061767578,25.295007705688477,37.58053207397461,37.44149398803711,0.23504142463207245
104.96709442138672,29.6951847076416,37.56910705566406,37.46717834472656,0.23562832176685333
99.91657257080078,24.647722244262695,37.57761001586914,37.45566177368164,0.23557382822036743
105.49797058105469,30.244035720825195,37.587894439697266,37.43094253540039,0.2350906878709793
100.41929626464844,25.164043426513672,37.57947540283203,37.44071960449219,0.23506507277488708
104.77595520019531,29.505725860595703,37.56892395019531,37.46567153930664,0.2356451004743576
99.74544525146484,24.478349685668945,37.57723617553711,37.45428466796875,0.23557643592357635
105.34444427490234,30.09241485595703,37.58646011352539,37.43046569824219,0.23510098457336426
100.2822265625,25.02880859375,37.57831954956055,37.44001388549805,0.23508454859256744
104.58167266845703,29.313133239746094,37.568965911865234,37.463924407958984,0.23565125465393066
99.56947326660156,24.304115295410156,37.57711410522461,37.45267105102539,0.23557162284851074
105.1905517578125,29.940393447875977,37.58497619628906,37.43006896972656,0.2351161390542984
100.14198303222656,24.890357971191406,37.576751708984375,37.43975830078125,0.23511481285095215
104.3866958618164,29.11982536315918,37.568416595458984,37.46279525756836,0.23566164076328278
99.39161682128906,24.128028869628906,37.576473236083984,37.45155334472656,0.23556381464004517
105.035400390625,29.78715705871582,37.58329391479492,37.42982864379883,0.23512515425682068
100.00155639648438,24.751737594604492,37.57532501220703,37.43935775756836,0.2351386994123459
104.18820190429688,28.92296028137207,37.5682258605957,37.461341857910156,0.23566947877407074
99.21259307861328,23.950733184814453,37.576168060302734,37.450130462646484,0.2355591356754303
104.876953125,29.630632400512695,37.58177947998047,37.429405212402344,0.23514017462730408
99.8608627319336,24.612873077392578,37.573951721191406,37.438873291015625,0.23516377806663513
103.98439025878906,28.720783233642578,37.56789779663086,37.46003723144531,0.23567236959934235
99.03099060058594,23.770862579345703,37.575618743896484,37.4489631652832,0.23554950952529907
104.71656036376953,29.472156524658203,37.58012771606445,37.42912292480469,0.23515687882900238
99.72061157226562,24.47443962097168,37.57258987426758,37.438392639160156,0.23519353568553925
103.77657318115234,28.51458168029785,37.56764221191406,37.45866775512695,0.23567865788936615
98.84817504882812,23.58977508544922,37.57512664794922,37.447731018066406,0.2355414479970932
104.55459594726562,29.312135696411133,37.57851028442383,37.42878341674805,0.23517023026943207
99.58174133300781,24.337390899658203,37.57130432128906,37.43783187866211,0.23521360754966736
103.56410217285156,28.3037052154541,37.567440032958984,37.457275390625,0.23567725718021393
98.66383361816406,23.407154083251953,37.57464599609375,37.44649887084961,0.2355349212884903
104.3913345336914,29.150829315185547,37.57699966430664,37.428314208984375,0.23519407212734222
99.4446029663086,24.202089309692383,37.57014465332031,37.437129974365234,0.2352384477853775
103.34642028808594,28.087621688842773,37.56727600097656,37.45584487915039,0.2356712967157364
98.47723388671875,23.222272872924805,37.573974609375,37.44546127319336,0.23552164435386658
104.22760009765625,28.989046096801758,37.5751953125,37.42814636230469,0.23521628975868225
99.308349609375,24.067657470703125,37.56884002685547,37.436588287353516,0.23526376485824585
103.12564086914062,27.868432998657227,37.567073822021484,37.4544677734375,0.23566538095474243
98.28875732421875,23.035545349121094,37.573387145996094,37.444313049316406,0.23550987243652344
104.0653076171875,28.8287296295166,37.573577880859375,37.42775344848633,0.2352416068315506
99.17527770996094,23.936399459838867,37.567710876464844,37.435882568359375,0.23528669774532318
102.90083312988281,27.64520835876465,37.5668830871582,37.45309066772461,0.2356543093919754
98.09854888916016,22.847103118896484,37.5726203918457,37.44333267211914,0.2354957014322281
103.90509033203125,28.670515060424805,37.571842193603516,37.427467346191406,0.23526956140995026
99.04627227783203,23.8092098236084,37.56660461425781,37.43514633178711,0.2353101372718811
102.67156219482422,27.417497634887695,37.566776275634766,37.45164489746094,0.2356414794921875
97.90509796142578,22.655426025390625,37.57184600830078,37.442344665527344,0.23548053205013275
103.74929809570312,28.5167236328125,37.570133209228516,37.427146911621094,0.23529891669750214
98.92130279541016,23.686046600341797,37.56557083129883,37.43436050415039,0.23533034324645996
102.4391860961914,27.18670082092285,37.566593170166016,37.45026397705078,0.23562507331371307
97.70819854736328,22.460342407226562,37.57095718383789,37.441436767578125,0.23546439409255981
103.6000747680664,28.36951446533203,37.568424224853516,37.42679977416992,0.23533067107200623
98.80178833007812,23.568309783935547,37.56466293334961,37.4334602355957,0.2353498935699463
102.2030029296875,26.95209503173828,37.566471099853516,37.448829650878906,0.23560617864131927
97.5064697265625,22.26046371459961,37.5699462890625,37.440616607666016,0.2354467809200287
103.45890045166016,28.230379104614258,37.56660079956055,37.42655944824219,0.23536287248134613
98.68777465820312,23.456071853637695,37.56375503540039,37.432579040527344,0.23536677658557892
101.96344757080078,26.71412467956543,37.5663948059082,37.44733810424805,0.23558469116687775
97.29920196533203,22.055070877075195,37.568965911865234,37.439735412597656,0.23542843759059906
103.32687377929688,28.100378036499023,37.564876556396484,37.42622375488281,0.2353959083557129
98.57967376708984,23.349733352661133,37.56293869018555,37.431617736816406,0.23538082838058472
101.72026062011719,26.472562789916992,37.5662727355957,37.44586944580078,0.23556087911128998
97.08631896972656,21.84410285949707,37.56784439086914,37.4389533996582,0.23540936410427094
103.20425415039062,27.979785919189453,37.563072204589844,37.42596435546875,0.23542962968349457
98.47766876220703,23.249479293823242,37.56211471557617,37.43069076538086,0.23539265990257263
101.47343444824219,26.22736358642578,37.566165924072266,37.44437026977539,0.23553475737571716
96.86824798583984,21.628009796142578,37.566707611083984,37.43813705444336,0.23538874089717865
103.09003448486328,27.86756706237793,37.56129455566406,37.42570114135742,0.23546233773231506
98.38121032714844,23.154727935791016,37.561363220214844,37.42971420288086,0.23540180921554565
101.22335815429688,25.978954315185547,37.56607437133789,37.44282913208008,0.23550733923912048
96.64590454101562,21.407670974731445,37.565547943115234,37.437313079833984,0.23536747694015503
102.9823226928711,27.761857986450195,37.559566497802734,37.42539596557617,0.2354937046766281
98.28888702392578,23.064123153686523,37.56063461303711,37.42873001098633,0.2354077696800232
100.97112274169922,25.728404998779297,37.56596374511719,37.4412727355957,0.2354784905910492
96.42154693603516,21.185373306274414,37.56434631347656,37.43648910522461,0.2353459894657135
102.87802124023438,27.6595516204834,37.557823181152344,37.42512512207031,0.23552297055721283
98.19883728027344,22.975753784179688,37.55990219116211,37.42776870727539,0.2354094386100769
100.71897888183594,25.478008270263672,37.5657958984375,37.43972396850586,0.2354477047920227
96.19818115234375,20.964099884033203,37.563106536865234,37.4356575012207,0.23532357811927795
102.77320861816406,27.55669403076172,37.55610275268555,37.42486572265625,0.23555026948451996
98.10836029052734,22.886964797973633,37.55918502807617,37.42680740356445,0.235408216714859
100.46983337402344,25.230649948120117,37.56562805175781,37.43813705444336,0.23541618883609772
95.97997283935547,20.748016357421875,37.56187438964844,37.43478775024414,0.23530101776123047
102.66381072998047,27.44921875,37.55447006225586,37.42454528808594,0.23557376861572266
98.01428985595703,22.794544219970703,37.558528900146484,37.42581558227539,0.2354024350643158
100.22769165039062,24.99034309387207,37.56540298461914,37.43656539916992,0.2353838086128235
95.7706298828125,20.54082489013672,37.56062316894531,37.433902740478516,0.23527850210666656
102.54562377929688,27.332944869995117,37.5528678894043,37.42421340942383,0.23559360206127167
97.91304016113281,22.6949520111084,37.557861328125,37.424835205078125,0.2353917956352234
99.99710083007812,24.761615753173828,37.56509780883789,37.43503189086914,0.23535041511058807
95.57463073730469,20.347002029418945,37.5593147277832,37.43305587768555,0.23525677621364594
102.41429138183594,27.2034912109375,37.551300048828125,37.423885345458984,0.23560896515846252
97.80117797851562,22.584733963012695,37.55722427368164,37.42384338378906,0.23537486791610718
99.78187561035156,24.54832649230957,37.56475830078125,37.43347930908203,0.2353164106607437
95.3949203491211,20.16950225830078,37.55801010131836,37.43217468261719,0.2352360337972641
102.26689910888672,27.05797576904297,37.54983139038086,37.42348098754883,0.2356194406747818
97.67591094970703,22.461095809936523,37.55662536621094,37.42283630371094,0.23535165190696716
99.58485412597656,24.35325813293457,37.5643310546875,37.431983947753906,0.23528169095516205
95.2344970703125,20.01129913330078,37.556644439697266,37.43133544921875,0.2352168709039688
102.10040283203125,26.893312454223633,37.548439025878906,37.423030853271484,0.23562398552894592
97.53495788574219,22.321767807006836,37.55610656738281,37.42176055908203,0.23532038927078247
99.40927124023438,24.179676055908203,37.563812255859375,37.430538177490234,0.23524700105190277
95.09515380859375,19.874208450317383,37.555179595947266,37.43056869506836,0.235199972987175
101.91358947753906,26.708311080932617,37.547119140625,37.42253875732422,0.23562146723270416
97.37677764892578,22.16520118713379,37.55562973022461,37.420658111572266,0.2352803349494934
99.25595092773438,24.028392791748047,37.56315994262695,37.42918395996094,0.2352125197649002
94.97785186767578,19.759164810180664,37.55361557006836,37.42988586425781,0.23518623411655426
101.705322265625,26.501850128173828,37.54591369628906,37.42195510864258,0.23561090230941772
97.20111083984375,21.99115753173828,37.555301666259766,37.41942596435547,0.23523055016994476
99.12560272216797,23.900123596191406,37.562435150146484,37.42786407470703,0.23517894744873047
94.88297271728516,19.66657257080078,37.55195617675781,37.429264068603516,0.23517584800720215
101.4760513305664,26.27436065673828,37.544830322265625,37.4212760925293,0.2355913668870926
97.00904846191406,21.800691604614258,37.55510711669922,37.418087005615234,0.23517075181007385
99.01596069335938,23.7926082611084,37.56155776977539,37.42665100097656,0.23514685034751892
94.8087158203125,19.594636917114258,37.550174713134766,37.42873764038086,0.23516982793807983
101.22777557373047,26.02783203125,37.543880462646484,37.420501708984375,0.2355605512857437
96.80321502685547,21.59642219543457,37.555030822753906,37.416664123535156,0.23510001599788666
98.92453002929688,23.703350067138672,37.560523986816406,37.425540924072266,0.23511673510074615
94.75321197509766,19.541471481323242,37.54823303222656,37.42833709716797,0.23516888916492462
100.96405029296875,25.765836715698242,37.54306411743164,37.41963195800781,0.23551784455776215
96.58783721923828,21.382610321044922,37.555076599121094,37.41513442993164,0.23501819372177124
98.8469009399414,23.627931594848633,37.559329986572266,37.42454528808594,0.23508962988853455
94.71260833740234,19.50323486328125,37.546180725097656,37.42801284790039,0.2351732850074768
100.68953704833984,25.49303436279297,37.54237365722656,37.418670654296875,0.2354620397090912
96.36775207519531,21.16407012939453,37.555259704589844,37.41350173950195,0.23492635786533356
98.77790069580078,23.561206817626953,37.55801010131836,37.42361068725586,0.23506607115268707
94.68315124511719,19.476181030273438,37.544044494628906,37.4277458190918,0.2351830005645752
100.40959930419922,25.214765548706055,37.54185485839844,37.41758728027344,0.235391765832901
96.1488265991211,20.946659088134766,37.5555534362793,37.41178894042969,0.2348245233297348
98.71247863769531,23.498136520385742,37.556461334228516,37.42283630371094,0.23504690825939178
94.66070556640625,19.456178665161133,37.541744232177734,37.427581787109375,0.23519867658615112
100.13059997558594,24.937402725219727,37.54143142700195,37.41645812988281,0.23530636727809906
95.93683624267578,20.736181259155273,37.55589294433594,37.41004943847656,0.23471353948116302
98.6453857421875,23.433441162109375,37.55477523803711,37.42213439941406,0.23503240942955017
94.64037322998047,19.438316345214844,37.539398193359375,37.42743682861328,0.23522008955478668
99.85874938964844,24.667142868041992,37.541194915771484,37.41520690917969,0.23520523309707642
95.73748016357422,20.538307189941406,37.556339263916016,37.40823745727539,0.23459476232528687
98.57181549072266,23.36236000061035,37.55291748046875,37.4215202331543,0.2350236475467682
94.61822509765625,19.418684005737305,37.536991119384766,37.42730712890625,0.23524703085422516
99.5997543334961,24.409696578979492,37.541099548339844,37.413875579833984,0.2350882589817047
95.55528259277344,20.357580184936523,37.55678939819336,37.40645217895508,0.23446889221668243
98.48870849609375,23.28179359436035,37.55088806152344,37.42100524902344,0.23502059280872345
94.59114837646484,19.394142150878906,37.534523010253906,37.42720031738281,0.23527951538562775
99.35877990722656,24.170204162597656,37.54114532470703,37.4124755859375,0.23495563864707947
95.39398193359375,20.197721481323242,37.557281494140625,37.404640197753906,0.23433728516101837
98.39420318603516,23.18992805480957,37.54869079589844,37.42056655883789,0.23502430319786072
94.55701446533203,19.362592697143555,37.532047271728516,37.42706298828125,0.2353164553642273
99.13945770263672,23.952308654785156,37.541343688964844,37.41099548339844,0.23480767011642456
95.25528717041016,20.060453414916992,37.55775833129883,37.40287780761719,0.2342013418674469
98.28865814208984,23.087087631225586,37.54632568359375,37.420204162597656,0.23503552377223969
94.51487731933594,19.323055267333984,37.52952194213867,37.42694091796875,0.23535722494125366
98.94417572021484,23.758378982543945,37.54168701171875,37.40946578979492,0.23464536666870117
95.1392593383789,19.945817947387695,37.558223724365234,37.40115737915039,0.23406191170215607
98.17378997802734,22.975013732910156,37.54378890991211,37.41992950439453,0.23505501449108124
94.465087890625,19.27589225769043,37.52702331542969,37.42676544189453,0.23540133237838745
98.773681640625,23.58916473388672,37.542213439941406,37.407833099365234,0.23447002470493317
95.04461669921875,19.852567672729492,37.5587043762207,37.39942932128906,0.233920156955719
98.0533218383789,22.857406616210938,37.54110336303711,37.41972732543945,0.23508396744728088
94.40885162353516,19.22229766845703,37.52455139160156,37.42654800415039,0.23544789850711823
98.62828063964844,23.444969177246094,37.54286193847656,37.40616989135742,0.23428262770175934
94.96885681152344,19.778167724609375,37.559078216552734,37.3978271484375,0.23377639055252075
97.93114471435547,22.738143920898438,37.538265228271484,37.419612884521484,0.23512333631515503
94.34733581542969,19.163429260253906,37.52214050292969,37.42626953125,0.2354961335659027
98.50753784179688,23.325349807739258,37.54368591308594,37.4044189453125,0.23408570885658264
94.90911102294922,19.719799041748047,37.5594482421875,37.39623260498047,0.23363128304481506
97.8116683959961,22.621641159057617,37.53529357910156,37.4195556640625,0.23517385125160217
94.2818832397461,19.100601196289062,37.51975631713867,37.42597961425781,0.23554491996765137
98.41020965576172,23.229087829589844,37.54458999633789,37.402652740478516,0.23388127982616425
94.86168670654297,19.67375946044922,37.5596809387207,37.39476776123047,0.2334851622581482
97.69864654541016,22.511629104614258,37.53219985961914,37.41958236694336,0.2352355420589447
94.2135009765625,19.034805297851562,37.51748275756836,37.42561721801758,0.23559366166591644
98.33537292480469,23.155244827270508,37.54560470581055,37.40084457397461,0.233672633767128
94.82362365722656,19.6370849609375,37.559871673583984,37.39332962036133,0.23333793878555298
97.59476470947266,22.410764694213867,37.52910232543945,37.419593811035156,0.23530858755111694
94.14226531982422,18.966106414794922,37.51533126831055,37.42518615722656,0.23564113676548004
98.28175354003906,23.102588653564453,37.54667663574219,37.39903259277344,0.23346157371997833
94.79183197021484,19.606721878051758,37.559898376464844,37.392024993896484,0.23318986594676971
97.5013427734375,22.32034683227539,37.52591323852539,37.41969299316406,0.23539258539676666
94.0672607421875,18.893569946289062,37.51322937011719,37.42477035522461,0.23568663001060486
98.24788665771484,23.06964874267578,37.5477409362793,37.39724349975586,0.23325103521347046
94.76421356201172,19.5805721282959,37.55984115600586,37.39076614379883,0.23304075002670288
97.41764831542969,22.239625930786133,37.52276611328125,37.41976547241211,0.23548589646816254
93.98757934570312,18.8162899017334,37.511322021484375,37.424232482910156,0.23572926223278046
98.23207092285156,23.054765701293945,37.54879379272461,37.395469665527344,0.2330433875322342
94.73918151855469,19.55705451965332,37.559661865234375,37.38957977294922,0.23289062082767487
97.34207916259766,22.166990280151367,37.51974105834961,37.41976547241211,0.2355867326259613
93.90178680419922,18.732816696166992,37.50956344604492,37.42363357543945,0.235767662525177
98.23209381103516,23.05573844909668,37.54975509643555,37.39376449584961,0.2328406274318695
94.71544647216797,19.534883499145508,37.55927276611328,37.3885498046875,0.23273992538452148
97.27237701416016,22.100141525268555,37.51673889160156,37.419803619384766,0.23569355905056
93.80876922607422,18.642040252685547,37.507938385009766,37.42298889160156,0.23580068349838257
98.24518585205078,23.069793701171875,37.55064392089844,37.3921012878418,0.23264314234256744
94.69175720214844,19.5128116607666,37.55881118774414,37.38753890991211,0.23258814215660095
97.20525360107422,22.03577995300293,37.51399230957031,37.419677734375,0.23580330610275269
93.70758056640625,18.54299545288086,37.50652313232422,37.42223358154297,0.23582839965820312
98.2677001953125,23.093339920043945,37.55134582519531,37.39056396484375,0.23245345056056976
94.6671142578125,19.489864349365234,37.55812072753906,37.38669204711914,0.23243622481822968
97.13812255859375,21.971311569213867,37.511383056640625,37.41950988769531,0.23591303825378418
93.59838104248047,18.43586540222168,37.50529861450195,37.42136764526367,0.23584872484207153
98.29585266113281,23.122583389282227,37.55189514160156,37.389102935791016,0.23227117955684662
94.64071655273438,19.465200424194336,37.557308197021484,37.385921478271484,0.23228460550308228
97.06792449951172,21.9036808013916,37.50895690917969,37.41926574707031,0.2360203117132187
93.4811782836914,18.32066535949707,37.504268646240234,37.42038345336914,0.23586110770702362
98.32563018798828,23.15353012084961,37.55229187011719,37.38771438598633,0.23209619522094727
94.61166381835938,19.43794059753418,37.55634689331055,37.3852424621582,0.2321329265832901
96.9926528930664,21.83088493347168,37.50679397583008,37.41885757446289,0.23612180352210999
93.3572769165039,18.198699951171875,37.50343322753906,37.41927719116211,0.2358652651309967
98.35250854492188,23.181657791137695,37.552490234375,37.386436462402344,0.23192916810512543
94.57844543457031,19.40656280517578,37.555179595947266,37.38471984863281,0.23198296129703522
96.91214752197266,21.752744674682617,37.504764556884766,37.41842269897461,0.23621588945388794
93.2291030883789,18.072410583496094,37.50271224975586,37.418113708496094,0.23586080968379974
98.37210083007812,23.202577590942383,37.55244064331055,37.38531494140625,0.23176908493041992
94.53972625732422,19.369728088378906,37.553897857666016,37.3842658996582,0.23183435201644897
96.82588195800781,21.66876983642578,37.502994537353516,37.417823791503906,0.23630021512508392
93.09903717041016,17.94420623779297,37.50223159790039,37.416751861572266,0.2358476221561432
98.37982177734375,23.21171760559082,37.55229949951172,37.38418960571289,0.23161529004573822
94.49337768554688,19.32529640197754,37.55247497558594,37.383914947509766,0.23168739676475525
96.7359619140625,21.581066131591797,37.501380920410156,37.417144775390625,0.23637355864048004
92.97030639648438,17.817304611206055,37.501808166503906,37.415367126464844,0.2358257919549942
98.3719711303711,23.205371856689453,37.55194091796875,37.3831901550293,0.23146699368953705
94.43724060058594,19.271114349365234,37.55091857910156,37.383663177490234,0.23154295980930328
96.6439437866211,21.491195678710938,37.499900817871094,37.416412353515625,0.23643571138381958
92.84597778320312,17.694812774658203,37.50149917602539,37.413875579833984,0.23579607903957367
98.3443603515625,23.179349899291992,37.55142593383789,37.382259368896484,0.2313232421875
94.36923217773438,19.205095291137695,37.549259185791016,37.38347244262695,0.23140081763267517
96.55304718017578,21.402400970458984,37.49856185913086,37.415592193603516,0.23648662865161896
92.72996520996094,17.580604553222656,37.50131607055664,37.412288665771484,0.23575888574123383
98.29443359375,23.13109588623047,37.550811767578125,37.381343841552734,0.23118296265602112
94.28727722167969,19.125179290771484,37.54756546020508,37.38327407836914,0.23126111924648285
96.46587371826172,21.317298889160156,37.497337341308594,37.414710998535156,0.23652750253677368
92.62454986572266,17.477008819580078,37.501163482666016,37.41065979003906,0.23571468889713287
98.21978759765625,23.058183670043945,37.549983978271484,37.38056945800781,0.2310449481010437
94.18997955322266,19.02994155883789,37.54570388793945,37.383209228515625,0.23112383484840393
96.38478088378906,21.238250732421875,37.49618148803711,37.41379165649414,0.23655809462070465
92.53206634521484,17.3863582611084,37.50104904174805,37.40899658203125,0.2356645166873932
98.11982727050781,22.960054397583008,37.54910659790039,37.379756927490234,0.2309088259935379
94.07687377929688,18.918928146362305,37.54383850097656,37.383113861083984,0.23098860681056976
96.31160736083984,21.167095184326172,37.49512481689453,37.412811279296875,0.2365797907114029
92.45390319824219,17.310026168823242,37.50094985961914,37.40732192993164,0.235608771443367
97.99493408203125,22.837047576904297,37.54808044433594,37.3790283203125,0.2307736873626709
93.9485092163086,18.792701721191406,37.54189682006836,37.383052825927734,0.2308558076620102
96.24752044677734,21.104999542236328,37.494136810302734,37.41178894042969,0.23659315705299377
92.3902587890625,17.24823570251465,37.500850677490234,37.40562438964844,0.23554736375808716
97.84722900390625,22.69131088256836,37.54692077636719,37.37835693359375,0.23063920438289642
93.80685424804688,18.65321922302246,37.539894104003906,37.38301086425781,0.23072485625743866
96.1911392211914,21.050621032714844,37.49324417114258,37.41067886352539,0.23659823834896088
92.33931732177734,17.199172973632812,37.500755310058594,37.40391159057617,0.23548080027103424
97.68042755126953,22.52652359008789,37.54568099975586,37.37771224975586,0.2305048406124115
93.6551284790039,18.503711700439453,37.537899017333984,37.3829231262207,0.2305954396724701
96.1407699584961,21.00223731994629,37.492427825927734,37.409507751464844,0.2365952581167221
92.29902648925781,17.160768508911133,37.5006217956543,37.402225494384766,0.23540931940078735
97.49992370605469,22.348115921020508,37.54426574707031,37.377174377441406,0.23037089407444
93.4977798461914,18.34859275817871,37.53583526611328,37.38288116455078,0.23046788573265076
96.09355926513672,20.95702362060547,37.491729736328125,37.40822982788086,0.2365831881761551
92.2658462524414,17.12950325012207,37.50054931640625,37.40046310424805,0.235331729054451
97.31105041503906,22.161367416381836,37.542808532714844,37.37662887573242,0.23023724555969238
93.33991241455078,18.19300651550293,37.533775329589844,37.382789611816406,0.23034176230430603
96.04493713378906,20.91038703918457,37.49110794067383,37.40687561035156,0.23656171560287476
92.23567199707031,17.101261138916016,37.50041961669922,37.398746490478516,0.2352484166622162
97.12096405029297,21.973480224609375,37.541133880615234,37.37624740600586,0.23010429739952087
93.18675994873047,18.04216957092285,37.53159713745117,37.38277816772461,0.2302168905735016
95.99176025390625,20.859214782714844,37.49056625366211,37.405452728271484,0.2365286946296692
92.2042465209961,17.071773529052734,37.50032424926758,37.39698791503906,0.2351580709218979
96.93595123291016,21.79069709777832,37.53940200805664,37.37588119506836,0.2299729734659195
93.04351806640625,17.901268005371094,37.52949523925781,37.382659912109375,0.23009367287158966
95.92961120605469,20.799091339111328,37.49020767211914,37.40383529663086,0.2364829182624817
92.16822814941406,17.0377197265625,37.500282287597656,37.39516067504883,0.2350599765777588
96.76094055175781,21.617950439453125,37.53754806518555,37.37559509277344,0.22984322905540466
92.9140396118164,17.774154663085938,37.52730941772461,37.38260269165039,0.22997203469276428
95.85687255859375,20.728378295898438,37.489864349365234,37.40220642089844,0.23642276227474213
92.12541961669922,16.99690055847168,37.50017547607422,37.39338684082031,0.23495334386825562
96.60010528564453,21.45941925048828,37.53554916381836,37.37541961669922,0.22971564531326294
92.80020904541016,17.662717819213867,37.52510070800781,37.38254165649414,0.22985300421714783
95.77320098876953,20.646753311157227,37.48970413208008,37.400390625,0.23634780943393707
92.074951171875,16.94843864440918,37.50019454956055,37.3914794921875,0.2348375916481018
96.45521545410156,21.316871643066406,37.53349304199219,37.37525939941406,0.22959063947200775
92.70319366455078,17.568099975585938,37.522911071777344,37.3824462890625,0.22973674535751343
95.67920684814453,20.554840087890625,37.48957824707031,37.39853286743164,0.23625679314136505
92.01710510253906,16.892635345458984,37.50013732910156,37.38962173461914,0.23471255600452423
96.32793426513672,21.191953659057617,37.53125,37.37525939941406,0.22946853935718536
92.62239837646484,17.489727020263672,37.52065658569336,37.38239288330078,0.2296241670846939
95.57810974121094,20.455833435058594,37.48957443237305,37.396549224853516,0.236150324344635
91.9532699584961,16.830873489379883,37.500099182128906,37.38772201538086,0.23457807302474976
96.21814727783203,21.084562301635742,37.52894592285156,37.37528991699219,0.22934894263744354
92.55611419677734,17.42587661743164,37.51841354370117,37.3823127746582,0.2295156866312027
95.47347259521484,20.353313446044922,37.489662170410156,37.39447021484375,0.23602914810180664
91.88526916503906,16.764972686767578,37.500118255615234,37.3857421875,0.23443418741226196
96.12503051757812,20.993864059448242,37.52658462524414,37.37534713745117,0.22923196852207184
92.50211334228516,17.374300003051758,37.51620101928711,37.382205963134766,0.2294117510318756
95.3692855834961,20.251258850097656,37.48983383178711,37.39229965209961,0.23589402437210083
91.81529235839844,16.69715118408203,37.50004577636719,37.38381576538086,0.23428145051002502
96.04814910888672,20.919431686401367,37.524070739746094,37.37552261352539,0.2291172444820404
92.45796966552734,17.33256721496582,37.51395034790039,37.38212966918945,0.22931304574012756
95.26935577392578,20.15346908569336,37.490013122558594,37.3901252746582,0.23574711382389069
91.74425506591797,16.6283016204834,37.49995422363281,37.381874084472656,0.2341206967830658
95.98725891113281,20.861026763916016,37.52153015136719,37.37569808959961,0.22900420427322388
92.42179870605469,17.298826217651367,37.511749267578125,37.38200378417969,0.22921967506408691
95.17610168457031,20.06237030029297,37.4902458190918,37.38789749145508,0.23558972775936127
91.67282104492188,16.559101104736328,37.499847412109375,37.37991714477539,0.23395182192325592
95.94181060791016,20.818096160888672,37.51895523071289,37.37587356567383,0.2288931906223297
92.3913803100586,17.270801544189453,37.50958251953125,37.38186264038086,0.22913141548633575
95.09223937988281,19.980674743652344,37.490509033203125,37.3856315612793,0.2354242354631424
91.60167694091797,16.490245819091797,37.49967956542969,37.37798309326172,0.23377607762813568
95.91139221191406,20.790199279785156,37.516361236572266,37.37604904174805,0.22878332436084747
92.36509704589844,17.24690818786621,37.50741195678711,37.38172912597656,0.2290477752685547
95.01822662353516,19.908836364746094,37.49070739746094,37.38343048095703,0.2352522313594818
91.52947998046875,16.420377731323242,37.499446868896484,37.37606430053711,0.23359407484531403
95.89579010009766,20.777143478393555,37.513797760009766,37.37617874145508,0.22867493331432343
92.3416748046875,17.225862503051758,37.505332946777344,37.38151550292969,0.22896838188171387
94.95372009277344,19.846515655517578,37.490901947021484,37.381221771240234,0.235075905919075
91.45584869384766,16.34910774230957,37.499183654785156,37.374149322509766,0.23340636491775513
95.8934097290039,20.777299880981445,37.51129150390625,37.376251220703125,0.22856782376766205
92.31970977783203,17.206254959106445,37.50325012207031,37.38132095336914,0.2288932204246521
94.89816284179688,19.79315948486328,37.491024017333984,37.37908172607422,0.23489709198474884
91.38004302978516,16.275705337524414,37.498870849609375,37.37225341796875,0.23321329057216644
95.9024887084961,20.788928985595703,37.50886154174805,37.3762321472168,0.22846172749996185
92.29749298095703,17.186365127563477,37.501224517822266,37.381080627441406,0.22882170975208282
94.85008239746094,19.747285842895508,37.49104309082031,37.377037048339844,0.23471707105636597
91.30168151855469,16.19978141784668,37.498512268066406,37.370365142822266,0.2330150008201599
95.91963958740234,20.80863380432129,37.50650405883789,37.37614440917969,0.2283569723367691
92.27336120605469,17.164554595947266,37.49919509887695,37.380859375,0.22875384986400604
94.80829620361328,19.707727432250977,37.49098587036133,37.37504959106445,0.2345373034477234
91.22118377685547,16.121761322021484,37.498146057128906,37.36846160888672,0.2328117936849594
95.94075775146484,20.83228874206543,37.504241943359375,37.37596893310547,0.2282538264989853
92.24467468261719,17.138174057006836,37.4971809387207,37.38063049316406,0.228690043091774
94.77206420898438,19.673725128173828,37.49082946777344,37.373146057128906,0.23435917496681213
91.1400146484375,16.04309844970703,37.49781036376953,37.36649703979492,0.2326028198003769
95.96041870117188,20.8544921875,37.50211715698242,37.37566375732422,0.2281516045331955
92.2093276977539,17.1051082611084,37.495155334472656,37.380435943603516,0.22863048315048218
94.7405776977539,19.644495010375977,37.49052810668945,37.371368408203125,0.23418448865413666
91.06013488769531,15.965752601623535,37.497467041015625,37.36452865600586,0.23238907754421234
95.97281646728516,20.86943244934082,37.50006103515625,37.37527847290039,0.22805029153823853
92.16368103027344,17.061744689941406,37.49305725097656,37.380306243896484,0.2285757064819336
94.71444702148438,19.62063217163086,37.49012756347656,37.36967086791992,0.2340129315853119
90.98402404785156,15.892206192016602,37.497196197509766,37.362449645996094,0.23216938972473145
95.97208404541016,20.8712215423584,37.498172760009766,37.37474060058594,0.2279498130083084
92.10456848144531,17.00489616394043,37.49095916748047,37.38018798828125,0.2285269796848297
94.69501495361328,19.603483200073242,37.48964309692383,37.368038177490234,0.23384594917297363
90.91532135009766,15.826107025146484,37.496952056884766,37.36032485961914,0.23194356262683868
95.95221710205078,20.853891372680664,37.49633026123047,37.374141693115234,0.22784997522830963
92.02903747558594,16.93162727355957,37.488773345947266,37.380149841308594,0.22848477959632874
94.68365478515625,19.59442710876465,37.48908996582031,37.366455078125,0.23368316888809204
90.85759735107422,15.770995140075684,37.49678039550781,37.35810470581055,0.23171056807041168
95.90814208984375,20.81235694885254,37.49456787109375,37.373470306396484,0.2277504801750183
91.93458557128906,16.83942413330078,37.486507415771484,37.38019561767578,0.22845125198364258
94.68222045898438,19.59531021118164,37.488426208496094,37.364959716796875,0.23352403938770294
90.81340789794922,15.729480743408203,37.49665832519531,37.35580062866211,0.23146958649158478
95.83678436279297,20.743547439575195,37.49285125732422,37.372737884521484,0.22765105962753296
91.81999206542969,16.727083206176758,37.48416519165039,37.38032150268555,0.22842702269554138
94.6912841796875,19.606718063354492,37.487735748291016,37.363460540771484,0.23336781561374664
90.7845230102539,15.70330810546875,37.49663162231445,37.35336685180664,0.23121954500675201
95.73665618896484,20.645977020263672,37.49122619628906,37.37189865112305,0.22755204141139984
91.68549346923828,16.594804763793945,37.48176956176758,37.380496978759766,0.22841352224349976
94.710693359375,19.628475189208984,37.48701477050781,37.36198425292969,0.23321262001991272
90.77120971679688,15.692757606506348,37.496673583984375,37.350826263427734,0.23095954954624176
95.6088638305664,20.52077293395996,37.4896240234375,37.371009826660156,0.2274533212184906
91.53340148925781,16.444929122924805,37.47926330566406,37.380794525146484,0.22841176390647888
94.738037109375,19.658220291137695,37.486228942871094,37.36053466796875,0.23305559158325195
90.77178192138672,15.696151733398438,37.49673843383789,37.34820556640625,0.23068763315677643
95.45671844482422,20.371227264404297,37.48799514770508,37.370140075683594,0.22735649347305298
91.36785888671875,16.28158187866211,37.47665023803711,37.38119888305664,0.228423610329628
94.76966857910156,19.692283630371094,37.485416412353516,37.35907745361328,0.23289336264133453
90.78307342529297,15.710314750671387,37.49694061279297,37.345420837402344,0.2304030805826187
95.2854995727539,20.20262336730957,37.4864501953125,37.369163513183594,0.2272622138261795
91.19464874267578,16.110549926757812,37.474002838134766,37.38164520263672,0.2284492552280426
94.79967498779297,19.724760055541992,37.48464584350586,37.35755157470703,0.23272167146205902
90.80036926269531,15.730547904968262,37.4971923828125,37.34252166748047,0.23010481894016266
95.10215759277344,20.02189826965332,37.48483657836914,37.36825180053711,0.22717300057411194
91.02130889892578,15.939358711242676,37.47120666503906,37.38224792480469,0.22849012911319733
94.82158660888672,19.74920082092285,37.48384094238281,37.35600662231445,0.23253577947616577
90.8187026977539,15.751910209655762,37.497501373291016,37.33950424194336,0.2297915369272232
94.91394805908203,19.836301803588867,37.483219146728516,37.36734390258789,0.2270919233560562
90.85470581054688,15.774893760681152,37.468318939208984,37.3829460144043,0.22854675352573395
94.82884216308594,19.759061813354492,37.48307800292969,37.354366302490234,0.23233012855052948
90.8329086303711,15.769181251525879,37.49795913696289,37.336307525634766,0.2294626384973526
94.72726440429688,19.652198791503906,37.481571197509766,37.36647033691406,0.22702184319496155
90.70159912109375,15.623897552490234,37.46530532836914,37.38377380371094,0.2286202758550644
94.815673828125,19.748592376708984,37.48231887817383,37.3526611328125,0.23209986090660095
90.8393325805664,15.778759956359863,37.49848937988281,37.33296203613281,0.22911782562732697
94.54800415039062,19.47550392150879,37.47990417480469,37.365631103515625,0.226965993642807
90.56771087646484,15.492096900939941,37.462188720703125,37.38471221923828,0.22871142625808716
94.77867126464844,19.714397430419922,37.4815788269043,37.35084915161133,0.23184086382389069
90.83647918701172,15.779120445251465,37.499122619628906,37.32947540283203,0.22875766456127167
94.37881469726562,19.308834075927734,37.47812271118164,37.364933013916016,0.22692856192588806
90.45590209960938,15.382346153259277,37.45891189575195,37.385826110839844,0.22882136702537537
94.71737670898438,19.65601348876953,37.48080825805664,37.3489990234375,0.2315496951341629
90.8257064819336,15.771637916564941,37.49982452392578,37.32585525512695,0.22838377952575684
94.22047424316406,19.152956008911133,37.476318359375,37.36428451538086,0.22691315412521362
90.36727905273438,15.29574966430664,37.45553207397461,37.387046813964844,0.22895143926143646
94.63431549072266,19.575984954833984,37.48007583618164,37.34702682495117,0.23122340440750122
90.81013488769531,15.759448051452637,37.500633239746094,37.322059631347656,0.2279961109161377
94.07210540771484,19.00701141357422,37.47447967529297,37.36369705200195,0.22692179679870605
90.30103302001953,15.231500625610352,37.45207214355469,37.38835906982422,0.2291031777858734
94.53504943847656,19.479887008666992,37.479270935058594,37.345027923583984,0.23086215555667877
90.79661560058594,15.749358177185059,37.50146484375,37.31818771362305,0.22759804129600525
93.93026733398438,18.867517471313477,37.472591400146484,37.363197326660156,0.2269570231437683
90.254638671875,15.187078475952148,37.44851303100586,37.3897705078125,0.22927778959274292
94.42704772949219,19.37515640258789,37.47848129272461,37.34293746948242,0.2304656058549881
90.79161071777344,15.747893333435059,37.5023078918457,37.3142204284668,0.22719095647335052
93.79203796386719,18.731584548950195,37.470638275146484,37.36279296875,0.22701992094516754
90.22550201416016,15.1598539352417,37.444881439208984,37.39128875732422,0.2294764667749405
94.31792449951172,19.269445419311523,37.477561950683594,37.340885162353516,0.2300359159708023
90.80325317382812,15.763128280639648,37.50315856933594,37.31018829345703,0.2267770916223526
93.6541748046875,18.595979690551758,37.46877670288086,37.362308502197266,0.2271099090576172
90.21173095703125,15.147976875305176,37.44123458862305,37.392822265625,0.22969959676265717
94.2154312133789,19.170442581176758,37.47652816772461,37.33888244628906,0.22957639396190643
90.8376693725586,15.801224708557129,37.50392532348633,37.3061637878418,0.22635866701602936
93.51599884033203,18.46001434326172,37.46694564819336,37.36180877685547,0.227227583527565
90.21316528320312,15.151241302490234,37.437564849853516,37.394412994384766,0.22994723916053772
94.1247329711914,19.083330154418945,37.475337982177734,37.336971282958984,0.22909145057201385
90.89989471435547,15.867196083068848,37.504638671875,37.3021240234375,0.22593806684017181
93.37818908691406,18.324377059936523,37.46517562866211,37.361263275146484,0.2273714691400528
90.23133087158203,15.171178817749023,37.433876037597656,37.39605712890625,0.23021775484085083
94.05007934570312,19.01234245300293,37.47396469116211,37.33518981933594,0.2285870462656021
90.99346160888672,15.964585304260254,37.5052375793457,37.29812240600586,0.22551876306533813
93.2435531616211,18.191905975341797,37.463565826416016,37.36054229736328,0.22754016518592834
90.26940155029297,15.210958480834961,37.430213928222656,37.3977165222168,0.23050791025161743
93.99407958984375,18.96001625061035,37.47233581542969,37.33365249633789,0.22806993126869202
91.1211166381836,16.09610939025879,37.50569534301758,37.29420471191406,0.2251037210226059
93.1155776977539,18.066072463989258,37.46213150024414,37.359642028808594,0.22773098945617676
90.33055877685547,15.273763656616211,37.42660140991211,37.39937973022461,0.23081393539905548
93.95928955078125,18.92892837524414,37.47039031982422,37.33242416381836,0.22754937410354614
91.28502655029297,16.26395034790039,37.50596618652344,37.29041290283203,0.22469645738601685
92.99765014648438,17.950298309326172,37.46086120605469,37.35854721069336,0.2279406040906906
90.41803741455078,15.36281967163086,37.423030853271484,37.401058197021484,0.23112964630126953
93.94818878173828,18.92148208618164,37.468109130859375,37.33156204223633,0.22703510522842407
91.48757934570312,16.470460891723633,37.50600814819336,37.286800384521484,0.2243019938468933
92.89289093017578,17.84773063659668,37.45986557006836,37.35713195800781,0.22816462814807892
90.53399658203125,15.48028564453125,37.419586181640625,37.40267562866211,0.23144717514514923
93.9635238647461,18.94037628173828,37.4654426574707,37.33116149902344,0.22653675079345703
91.73030090332031,16.71717071533203,37.505775451660156,37.28343200683594,0.22392448782920837
92.80352783203125,17.760602951049805,37.459163665771484,37.355369567871094,0.22839708626270294
90.67948150634766,15.627230644226074,37.41633605957031,37.40415954589844,0.23175697028636932
94.00687408447266,18.987173080444336,37.462318420410156,37.3313102722168,0.2260647416114807
92.0140380859375,17.004865646362305,37.505191802978516,37.2804069519043,0.22356925904750824
92.7314224243164,17.690805435180664,37.458797454833984,37.35318374633789,0.2286316454410553
90.85419464111328,15.803343772888184,37.413352966308594,37.40544509887695,0.23204804956912994
94.08008575439453,19.063657760620117,37.458736419677734,37.33206558227539,0.225627139210701
92.33753204345703,17.332298278808594,37.50410461425781,37.27788543701172,0.2232406586408615
92.67789459228516,17.639686584472656,37.458805084228516,37.35054016113281,0.2288619428873062
91.0562515258789,16.006793975830078,37.41080093383789,37.406349182128906,0.23230792582035065
94.18128204345703,19.167936325073242,37.454742431640625,37.333377838134766,0.2252303957939148
92.6954345703125,17.69404411315918,37.50251770019531,37.27592849731445,0.2229435294866562
92.64537048339844,17.60967254638672,37.45920181274414,37.347415924072266,0.22908177971839905
91.28436279296875,16.236310958862305,37.408809661865234,37.40672302246094,0.23252367973327637
94.30520629882812,19.294713973999023,37.450416564941406,37.33519744873047,0.2248775064945221
93.07796478271484,18.080278396606445,37.50031661987305,37.27468490600586,0.22268258035182953
92.63813018798828,17.605058670043945,37.459842681884766,37.34394454956055,0.2292858511209488
91.53717041015625,16.490583419799805,37.40733337402344,37.40657043457031,0.23268327116966248
94.44087982177734,19.433002471923828,37.445762634277344,37.337547302246094,0.22456954419612885
93.46963500976562,18.47545623779297,37.497440338134766,37.27427673339844,0.22246097028255463
92.66325378417969,17.632892608642578,37.4606819152832,37.3402099609375,0.2294708639383316
91.81692504882812,16.771909713745117,37.406490325927734,37.40574645996094,0.23277705907821655
94.56765747070312,19.562177658081055,37.44107437133789,37.34010314941406,0.22430230677127838
93.84801483154297,18.857057571411133,37.49401092529297,37.27466583251953,0.22228240966796875
92.73159790039062,17.704015731811523,37.461524963378906,37.33641815185547,0.22963714599609375
92.1295166015625,17.086244583129883,37.40616226196289,37.404300689697266,0.23279987275600433
94.65558624267578,19.652299880981445,37.43649673461914,37.342716217041016,0.22406987845897675
94.18682098388672,19.198707580566406,37.49012756347656,37.27583312988281,0.22214911878108978
92.85324096679688,17.828500747680664,37.462127685546875,37.33283233642578,0.2297835350036621
92.48424530029297,17.442949295043945,37.406131744384766,37.402408599853516,0.23274894058704376
94.65716552734375,19.655872344970703,37.43241500854492,37.34501266479492,0.22386440634727478
94.46205139160156,19.47629165649414,37.48582458496094,37.27786636352539,0.22206836938858032
93.0194091796875,17.99761199951172,37.4621696472168,37.3297233581543,0.22990036010742188
92.89157104492188,17.852521896362305,37.405948638916016,37.40048599243164,0.23262177407741547
94.47422790527344,19.474733352661133,37.42917251586914,37.34664535522461,0.22368107736110687
94.66927337646484,19.68522834777832,37.481353759765625,37.280635833740234,0.22205667197704315
93.10198211669922,18.083595275878906,37.461917877197266,37.32654571533203,0.22992496192455292
93.35562133789062,18.3190975189209,37.405372619628906,37.39875793457031,0.23239482939243317
93.79098510742188,18.792814254760742,37.427284240722656,37.347347259521484,0.22354421019554138
94.83140563964844,19.848098754882812,37.476566314697266,37.28458023071289,0.22216029465198517
92.48172760009766,17.468488693237305,37.46222686767578,37.32143020629883,0.22957263886928558
93.81251525878906,18.77907371520996,37.403968811035156,37.397525787353516,0.23194527626037598
91.58604431152344,16.58751106262207,37.42587661743164,37.349021911621094,0.2236345410346985
94.31543731689453,19.331344604492188,37.47195816040039,37.289669036865234,0.22246848046779633
90.51753234863281,15.513040542602539,37.46503829956055,37.31107711791992,0.2283819615840912
94.06468200683594,19.035886764526367,37.40377426147461,37.39395523071289,0.23106494545936584
86.70308685302734,11.701155662536621,37.423133850097656,37.35445785522461,0.22434073686599731
91.89643859863281,16.91077995300293,37.474666595458984,37.287960052490234,0.22303663194179535
91.27506256103516,16.283010482788086,37.4715576171875,37.29401397705078,0.2264786660671234
90.05626678466797,15.037524223327637,37.41020584106445,37.378780364990234,0.22975848615169525
83.6273193359375,8.625943183898926,37.43059158325195,37.34608459472656,0.22470469772815704
90.08552551269531,15.099798202514648,37.481449127197266,37.2805061340332,0.2237681895494461
96.1684341430664,21.184349060058594,37.47043991088867,37.28775405883789,0.22589176893234253
81.79644775390625,6.79092264175415,37.41804504394531,37.35954284667969,0.22793717682361603
108.59341430664062,33.59933090209961,37.487308502197266,37.28124237060547,0.22553205490112305
94.12267303466797,19.147367477416992,37.47410583496094,37.27855682373047,0.22263817489147186
111.16284942626953,36.15699768066406,37.397945404052734,37.37510681152344,0.2327953428030014
121.7238540649414,46.707401275634766,37.381893157958984,37.39921188354492,0.23534554243087769
79.30449676513672,4.310388565063477,37.399940490722656,37.36971664428711,0.2244524359703064
149.2799835205078,74.28199768066406,37.41340637207031,37.35966491699219,0.22490987181663513
111.56909942626953,36.592655181884766,37.4184684753418,37.33536148071289,0.22261667251586914
174.0746612548828,99.11434936523438,37.4169807434082,37.31999588012695,0.22333721816539764
220.23013305664062,145.26353454589844,37.4238166809082,37.31623840332031,0.22654862701892853
122.09391021728516,47.111759185791016,37.437931060791016,37.316978454589844,0.22723951935768127
184.96824645996094,109.9564208984375,37.469600677490234,37.315982818603516,0.22623611986637115
252.09332275390625,177.08702087402344,37.47169876098633,37.308536529541016,0.2260817587375641
202.6370391845703,127.67932891845703,37.38582992553711,37.3531379699707,0.2187514454126358
143.7324676513672,68.79114532470703,37.243751525878906,37.48237228393555,0.21519030630588531
132.41262817382812,57.427818298339844,37.178184509277344,37.585243225097656,0.22137011587619781
153.2333221435547,78.17809295654297,37.29721450805664,37.52756118774414,0.23044843971729279
101.44257354736328,26.388872146606445,37.40950012207031,37.41209411621094,0.23210786283016205
186.58639526367188,111.65929412841797,37.37666320800781,37.333621978759766,0.21683478355407715
232.4446563720703,157.5834503173828,37.327571868896484,37.3267822265625,0.20684461295604706
120.46127319335938,45.57643508911133,37.29989242553711,37.37981033325195,0.2051403969526291
213.56414794921875,138.44349670410156,37.36915588378906,37.519554138183594,0.23193679749965668
341.7951965332031,266.5553894042969,37.42562484741211,37.56071090698242,0.2534763216972351
230.5244598388672,155.32818603515625,37.47208023071289,37.46895980834961,0.25523117184638977
164.8406982421875,89.87480926513672,37.54441833496094,37.19369888305664,0.22777236998081207
207.29701232910156,132.49412536621094,37.65181350708008,36.9441032409668,0.20696936547756195
198.5489501953125,123.73815155029297,37.73754119873047,36.87162399291992,0.20163463056087494
161.82261657714844,86.81922149658203,37.70986557006836,37.08203125,0.21149998903274536
154.34967041015625,79.18466186523438,37.56035614013672,37.373924255371094,0.23073183000087738
153.61593627929688,78.47937774658203,37.40904235839844,37.492061614990234,0.23546193540096283
149.31460571289062,74.35952758789062,37.361629486083984,37.37218475341797,0.22125285863876343
128.3241424560547,53.46878433227539,37.36249923706055,37.27873229980469,0.2141319215297699
136.3638153076172,61.410621643066406,37.398284912109375,37.336734771728516,0.21817287802696228
127.11544036865234,52.02165222167969,37.440067291259766,37.427188873291016,0.22654004395008087
118.66987609863281,43.58041763305664,37.331329345703125,37.53420639038086,0.22392377257347107
117.5042495727539,42.51721954345703,37.28097152709961,37.49078369140625,0.2152799516916275
120.98932647705078,46.028350830078125,37.6773567199707,37.06945037841797,0.21417535841464996
117.65032958984375,42.654842376708984,38.185577392578125,36.591461181640625,0.21844163537025452
118.94036102294922,43.94094467163086,38.2535514831543,36.52325439453125,0.22261066734790802
114.46671295166016,39.483951568603516,37.938140869140625,36.82054138183594,0.2240866720676422
112.90586853027344,37.89031982421875,37.50295639038086,37.286930084228516,0.22566023468971252
107.63449096679688,32.58208084106445,37.262840270996094,37.56897735595703,0.2205883413553238
103.15950775146484,28.155967712402344,37.28700637817383,37.50065994262695,0.21587489545345306
109.9723892211914,35.0344123840332,37.513710021972656,37.20614242553711,0.21811990439891815
95.02373504638672,20.026342391967773,37.58201599121094,37.18516540527344,0.2302088886499405
127.88229370117188,52.7922248840332,37.030784606933594,37.83293151855469,0.2263510376214981
104.03548431396484,29.022319793701172,36.78215408325195,38.01687240600586,0.21413779258728027
139.13499450683594,64.21724700927734,37.29447937011719,37.40361404418945,0.21965008974075317
131.13986206054688,56.17999267578125,37.633914947509766,37.09700393676758,0.22896260023117065
116.19125366210938,41.13346862792969,37.65143966674805,37.17227554321289,0.2340717762708664
118.53270721435547,43.52507400512695,37.58921813964844,37.202659606933594,0.21575719118118286
111.53665161132812,36.60775375366211,37.523868560791016,37.195491790771484,0.20953570306301117
103.66033935546875,28.653087615966797,37.473350524902344,37.30905532836914,0.2248537689447403
118.27751922607422,43.185691833496094,37.44694900512695,37.406333923339844,0.23853899538516998
101.79723358154297,26.778139114379883,37.481163024902344,37.313255310058594,0.22467628121376038
137.17190551757812,62.274166107177734,37.524497985839844,37.161312103271484,0.2119280844926834
137.2733612060547,62.368507385253906,37.61369323730469,37.08198165893555,0.20918059349060059
107.71635437011719,32.667640686035156,37.685489654541016,37.13237380981445,0.23085346817970276
119.49115753173828,44.405967712402344,37.44768142700195,37.403465270996094,0.23404289782047272
111.40025329589844,36.444557189941406,37.03251647949219,37.701717376708984,0.2214646190404892
108.0901870727539,33.1827392578125,37.15496826171875,37.53896713256836,0.2135077863931656
122.23384094238281,47.173316955566406,37.836544036865234,36.99668502807617,0.22729238867759705
114.67196655273438,39.58304977416992,37.88673400878906,36.97116470336914,0.23101572692394257
123.4168930053711,48.49098205566406,37.19565200805664,37.51118087768555,0.2190806269645691
126.33069610595703,51.4508171081543,37.01219177246094,37.65160369873047,0.2160760462284088
107.02212524414062,32.02180480957031,37.46430206298828,37.31265640258789,0.22336183488368988
112.31764221191406,37.236541748046875,37.77802658081055,37.07389450073242,0.22916874289512634
112.03279876708984,37.053016662597656,37.63901901245117,37.1219367980957,0.21883082389831543
111.59658813476562,36.67308807373047,37.46651840209961,37.2388916015625,0.21809335052967072
114.45926666259766,39.462406158447266,37.405426025390625,37.36713409423828,0.22430084645748138
118.2191162109375,43.184207916259766,37.486732482910156,37.321651458740234,0.2265142798423767
105.39100646972656,30.42469024658203,37.585514068603516,37.16537857055664,0.2154254913330078
109.94447326660156,34.99903869628906,37.4449462890625,37.284305572509766,0.21618814766407013
107.4378662109375,32.421852111816406,37.18515396118164,37.6047477722168,0.22610579431056976
106.48069763183594,31.451068878173828,37.23847579956055,37.56600570678711,0.22514349222183228
112.26084899902344,37.310916900634766,37.536949157714844,37.19746398925781,0.2155180126428604
110.99993133544922,36.067378997802734,37.55900573730469,37.15973663330078,0.21380959451198578
107.61402130126953,32.59818649291992,37.33528137207031,37.4517822265625,0.22876843810081482
108.97409057617188,33.92973709106445,37.33292007446289,37.47941589355469,0.23201870918273926
106.620849609375,31.64910125732422,37.571739196777344,37.18247604370117,0.21753253042697906
105.81854248046875,30.874170303344727,37.64738464355469,37.081268310546875,0.21572242677211761
110.64071655273438,35.6423454284668,37.465328216552734,37.309898376464844,0.2231481522321701
108.51386260986328,33.48366165161133,37.31962585449219,37.477256774902344,0.23332346975803375
109.6311264038086,34.651920318603516,37.33504104614258,37.42491912841797,0.2192477136850357
110.64171600341797,35.68452453613281,37.42774963378906,37.312686920166016,0.21675540506839752
104.64594268798828,29.663856506347656,37.504173278808594,37.259586334228516,0.21833071112632751
106.59473419189453,31.59008026123047,37.445884704589844,37.33354568481445,0.22522617876529694
106.05325317382812,31.07105827331543,37.32857894897461,37.43416976928711,0.21944960951805115
105.61518096923828,30.64215087890625,37.349510192871094,37.40492248535156,0.21860027313232422
107.65322875976562,32.664188385009766,37.48121643066406,37.28617858886719,0.22164680063724518
106.78446197509766,31.79046058654785,37.47763442993164,37.29367446899414,0.22269801795482635
105.84957885742188,30.874242782592773,37.38448715209961,37.373783111572266,0.217072531580925
104.64995574951172,29.676502227783203,37.4268684387207,37.32809829711914,0.21848227083683014
106.33045959472656,31.33836555480957,37.52935791015625,37.237300872802734,0.2254301905632019
102.4692153930664,27.474143981933594,37.479286193847656,37.29062271118164,0.22516469657421112
109.994873046875,35.01893615722656,37.39089584350586,37.368404388427734,0.21662718057632446
104.3396224975586,29.369415283203125,37.45534896850586,37.2977294921875,0.21712440252304077
109.95877075195312,34.9697380065918,37.55300521850586,37.21003341674805,0.2259986400604248
105.09661865234375,30.100685119628906,37.49435043334961,37.273983001708984,0.2275981456041336
108.79191589355469,33.81633758544922,37.364444732666016,37.394283294677734,0.21684427559375763
103.8430404663086,28.874713897705078,37.3606071472168,37.390682220458984,0.21703138947486877
110.2488021850586,35.25973892211914,37.45201110839844,37.31175994873047,0.2252982258796692
105.52302551269531,30.524059295654297,37.482887268066406,37.28792953491211,0.2281513661146164
108.06645965576172,33.093963623046875,37.421119689941406,37.335018157958984,0.21635891497135162
104.55306243896484,29.589160919189453,37.372798919677734,37.37479019165039,0.21631906926631927
107.25761413574219,32.267398834228516,37.4097785949707,37.35641098022461,0.2240317463874817
103.3443603515625,28.341516494750977,37.48616409301758,37.28841781616211,0.22825835645198822
107.79461669921875,32.82460021972656,37.482479095458984,37.27116394042969,0.2163720577955246
103.91438293457031,28.952272415161133,37.40414047241211,37.3420524597168,0.2159137725830078
105.74095916748047,30.74864959716797,37.38618469238281,37.383426666259766,0.22269244492053986
101.4687728881836,26.46826934814453,37.48955154418945,37.28416442871094,0.22678083181381226
107.5479507446289,32.58327102661133,37.53060531616211,37.21788024902344,0.21619482338428497
102.51598358154297,27.553977966308594,37.41521072387695,37.331214904785156,0.2155788391828537
105.84384155273438,30.84638023376465,37.323909759521484,37.450950622558594,0.22260628640651703
100.85124969482422,25.853302001953125,37.43125915527344,37.342037200927734,0.2246510535478592
106.72579193115234,31.76569938659668,37.547706604003906,37.19630432128906,0.21608252823352814
101.06784057617188,26.10826873779297,37.46894836425781,37.274906158447266,0.21570968627929688
106.120849609375,31.12358283996582,37.344810485839844,37.42925262451172,0.22320300340652466
100.6751708984375,25.67896270751953,37.39596176147461,37.37757110595703,0.22267365455627441
105.53960418701172,30.576616287231445,37.50673294067383,37.24040222167969,0.2158515602350235
99.78457641601562,24.82408905029297,37.48318862915039,37.26116943359375,0.2161272168159485
105.93042755126953,30.940258026123047,37.403011322021484,37.363037109375,0.2241232544183731
100.10592651367188,25.116432189941406,37.41386795043945,37.35457992553711,0.22104701399803162
104.91583251953125,29.945592880249023,37.463661193847656,37.290714263916016,0.2158661037683487
99.07217407226562,24.106842041015625,37.45492172241211,37.29402160644531,0.2163832187652588
105.35266876220703,30.371257781982422,37.42524337768555,37.33121109008789,0.22495204210281372
99.23505401611328,24.25346565246582,37.43021011352539,37.33125305175781,0.22012268006801605
104.88323974609375,29.90557098388672,37.43950271606445,37.32184982299805,0.21630945801734924
98.91002655029297,23.940784454345703,37.43448257446289,37.318355560302734,0.21640712022781372
104.50874328613281,29.53529167175293,37.442203521728516,37.306026458740234,0.22521767020225525
98.33529663085938,23.35919761657715,37.44904327392578,37.30717086791992,0.21987749636173248
104.87975311279297,29.897544860839844,37.423828125,37.34163284301758,0.21674604713916779
98.77096557617188,23.800182342529297,37.407615661621094,37.34686279296875,0.2163098007440567
103.75614929199219,28.788206100463867,37.43850326538086,37.304630279541016,0.2248063087463379
97.6630630493164,22.689790725708008,37.468997955322266,37.284244537353516,0.22002047300338745
104.63138580322266,29.64739990234375,37.44300842285156,37.32415008544922,0.21682485938072205
98.4710464477539,23.500019073486328,37.39965057373047,37.35531997680664,0.2160564363002777
103.23439025878906,28.269956588745117,37.40837860107422,37.332069396972656,0.22398194670677185
97.29798889160156,22.326570510864258,37.4695930480957,37.28150939941406,0.2203129380941391
104.09101867675781,29.107452392578125,37.48782730102539,37.279056549072266,0.21669311821460724
98.08641052246094,23.116079330444336,37.421119689941406,37.333499908447266,0.21571658551692963
102.68978118896484,27.727378845214844,37.37136459350586,37.36811065673828,0.22293347120285034
97.0058822631836,22.035621643066406,37.4401741027832,37.309715270996094,0.2203783094882965
103.34854888916016,28.36675262451172,37.511539459228516,37.253719329833984,0.21653153002262115
97.60944366455078,22.641529083251953,37.44363021850586,37.30881881713867,0.2154644876718521
102.05450439453125,27.094396591186523,37.3493537902832,37.38882064819336,0.22193583846092224
96.55767059326172,21.587587356567383,37.41218566894531,37.33787155151367,0.22002720832824707
102.70504760742188,27.72430992126465,37.51382827758789,37.25045394897461,0.21645759046077728
97.10276794433594,22.138744354248047,37.45665740966797,37.29194641113281,0.21542423963546753
101.45935821533203,26.503026962280273,37.35584259033203,37.37933349609375,0.22115392982959747
96.02853393554688,21.058759689331055,37.412139892578125,37.338253021240234,0.2193734496831894
102.19934844970703,27.21941566467285,37.50508117675781,37.258487701416016,0.21636353433132172
96.67095947265625,21.710479736328125,37.45566940307617,37.28921127319336,0.2156027853488922
100.8658447265625,25.91301155090332,37.37883377075195,37.35334396362305,0.2206554412841797
95.54381561279297,20.575849533081055,37.4247932434082,37.32451629638672,0.21866044402122498
101.67147827148438,26.693500518798828,37.47843551635742,37.28329086303711,0.21624502539634705
96.29518127441406,21.336978912353516,37.43362045288086,37.308692932128906,0.21589058637619019
100.25740814208984,25.307226181030273,37.39865493774414,37.33133316040039,0.2201920598745346
95.13861083984375,20.173620223999023,37.440513610839844,37.306434631347656,0.21803854405879974
101.0809097290039,26.105878829956055,37.448917388916016,37.30995178222656,0.21616210043430328
95.92655944824219,20.97020721435547,37.405155181884766,37.33500289916992,0.21619762480258942
99.69404602050781,24.745899200439453,37.416015625,37.31251525878906,0.21961723268032074
94.80621337890625,19.843971252441406,37.4650764465332,37.2795524597168,0.21761265397071838
100.4708023071289,25.499469757080078,37.436065673828125,37.31913757324219,0.2161356806755066
95.55140686035156,20.597755432128906,37.38250732421875,37.3547248840332,0.21641398966312408
99.19821166992188,24.2514591217041,37.421695709228516,37.30604934692383,0.21900612115859985
94.52802276611328,19.567096710205078,37.48597717285156,37.257511138916016,0.21744109690189362
99.86705780029297,24.900146484375,37.44047164916992,37.31032943725586,0.21611036360263824
95.1893539428711,20.240095138549805,37.36988830566406,37.36296844482422,0.21640385687351227
98.70694732666016,23.760595321655273,37.4127311706543,37.31513214111328,0.2184896469116211
94.24293518066406,19.28180694580078,37.490543365478516,37.25306701660156,0.21751442551612854
99.2783203125,24.317119598388672,37.446739196777344,37.298404693603516,0.21606044471263885
94.8255615234375,19.88197135925293,37.36521911621094,37.36216354370117,0.21619829535484314
98.2072525024414,23.26019859313965,37.40098571777344,37.32793045043945,0.2181292623281479
93.9169921875,18.95518684387207,37.48696517944336,37.257137298583984,0.21770058572292328
98.73492431640625,23.780122756958008,37.45365905761719,37.285133361816406,0.21601028740406036
94.45622253417969,19.51860237121582,37.36812973022461,37.353572845458984,0.21591544151306152
97.74378204345703,22.795732498168945,37.3940315246582,37.33613204956055,0.21788707375526428
93.58782958984375,18.625520706176758,37.480960845947266,37.263431549072266,0.21791237592697144
98.24806213378906,23.299766540527344,37.45468521118164,37.2775993347168,0.21601195633411407
94.1065673828125,19.174705505371094,37.37161636352539,37.3446044921875,0.21563364565372467
97.34977722167969,22.400957107543945,37.394657135009766,37.33649444580078,0.21766644716262817
93.30488586425781,18.34276580810547,37.47520446777344,37.268856048583984,0.21806330978870392
97.81614685058594,22.874042510986328,37.44572830200195,37.2802619934082,0.2161107212305069
93.78709411621094,18.8603458404541,37.370849609375,37.34048080444336,0.2154233455657959
97.0411148071289,22.09197425842285,37.402957916259766,37.32875442504883,0.2174323946237564
93.07682800292969,18.11582374572754,37.472633361816406,37.27024841308594,0.21812520921230316
97.45046997070312,22.514230728149414,37.42863845825195,37.29129409790039,0.2163061648607254
93.50696563720703,18.584392547607422,37.36661148071289,37.34067153930664,0.2152964025735855
96.81620788574219,21.867019653320312,37.4189338684082,37.31305694580078,0.21719664335250854
92.89622497558594,17.937339782714844,37.47587585449219,37.26490783691406,0.21810312569141388
97.1595458984375,22.229000091552734,37.40914535522461,37.304847717285156,0.21654969453811646
93.269775390625,18.350452423095703,37.35942459106445,37.344669342041016,0.2152266502380371
96.63846588134766,21.689109802246094,37.435909271240234,37.296424865722656,0.2170148491859436
92.72901153564453,17.77316665649414,37.48124694824219,37.25657653808594,0.21802225708961487
96.92803955078125,22.003538131713867,37.39113235473633,37.31663513183594,0.21673692762851715
93.07015228271484,18.15308380126953,37.35206604003906,37.34980773925781,0.2151969075202942
96.46666717529297,21.516712188720703,37.44900894165039,37.284000396728516,0.21694408357143402
92.55696868896484,17.605247497558594,37.48507308959961,37.248748779296875,0.2179042249917984
96.73186492919922,21.813737869262695,37.37872314453125,37.32261276245117,0.21678759157657623
92.89840698242188,17.9825496673584,37.347679138183594,37.352989196777344,0.21518796682357788
96.27542877197266,21.324729919433594,37.455101013183594,37.27861022949219,0.21698643267154694
92.38179779052734,17.435056686401367,37.484825134277344,37.244136810302734,0.21778041124343872
96.53529357910156,21.623489379882812,37.37379455566406,37.321353912353516,0.21666306257247925
92.74577331542969,17.830636978149414,37.347503662109375,37.35249328613281,0.21514393389225006
96.05181884765625,21.100778579711914,37.453311920166016,37.28061294555664,0.21711359918117523
92.21024322509766,17.268600463867188,37.480106353759766,37.24382781982422,0.2177075743675232
96.32186126708984,21.4160213470459,37.374820709228516,37.314666748046875,0.21635231375694275
92.59778594970703,17.683618545532227,37.35051727294922,37.348636627197266,0.21501685678958893
95.81189727783203,20.861011505126953,37.44633865356445,37.287235260009766,0.21730728447437286
92.04367065429688,17.106735229492188,37.47219467163086,37.247032165527344,0.21771131455898285
96.09269714355469,21.192453384399414,37.37892150878906,37.305450439453125,0.21587371826171875
92.43965911865234,17.52705192565918,37.35574722290039,37.3420524597168,0.21480561792850494
95.57434844970703,20.62430191040039,37.43788146972656,37.29463195800781,0.21753840148448944
91.883056640625,16.950252532958984,37.46318054199219,37.251834869384766,0.21778550744056702
95.84642028808594,20.951175689697266,37.383628845214844,37.29630661010742,0.21531067788600922
92.2605972290039,17.35028648376465,37.36210250854492,37.333675384521484,0.21453191339969635
95.35050201416016,20.40218734741211,37.43093490600586,37.299617767333984,0.2177632749080658
91.72557067871094,16.796253204345703,37.4544792175293,37.256919860839844,0.21791592240333557
95.5904541015625,20.699359893798828,37.386558532714844,37.28976058959961,0.21477216482162476
92.05953979492188,17.15228843688965,37.368099212646484,37.3249397277832,0.21421952545642853
95.14942169189453,20.203834533691406,37.426937103271484,37.30070495605469,0.21794568002223969
91.56725311279297,16.640779495239258,37.44667053222656,37.261714935302734,0.21808943152427673
95.34671783447266,20.458900451660156,37.386234283447266,37.287254333496094,0.21432937681674957
91.8454360961914,16.94187355041504,37.37259292602539,37.317073822021484,0.21389196813106537
94.98078155517578,20.03875160217285,37.42584991455078,37.2981071472168,0.2180677056312561
91.3998794555664,16.475770950317383,37.44017028808594,37.26565170288086,0.2182880938053131
95.14258575439453,20.257389068603516,37.38314437866211,37.28805160522461,0.21399551630020142
91.62830352783203,16.728801727294922,37.37565612792969,37.31026840209961,0.2135753184556961
94.85008239746094,19.912092208862305,37.426876068115234,37.292972564697266,0.21813680231571198
91.21736907958984,16.295501708984375,37.434635162353516,37.26874923706055,0.21848325431346893
94.99400329589844,20.111095428466797,37.37844467163086,37.290714263916016,0.21374393999576569
91.41573333740234,16.520235061645508,37.37770080566406,37.304508209228516,0.21329793334007263
94.74983978271484,19.816131591796875,37.42849349975586,37.287044525146484,0.2181677371263504
91.01917266845703,16.09978485107422,37.42951583862305,37.27122116088867,0.21864758431911469
94.88797760009766,20.007173538208008,37.373409271240234,37.29384994506836,0.21353968977928162
91.2066421508789,16.314796447753906,37.37893295288086,37.29983901977539,0.2130749672651291
94.66096496582031,19.73159408569336,37.42953109741211,37.28165817260742,0.21818318963050842
90.8080825805664,15.891552925109863,37.42521667480469,37.27254867553711,0.21876884996891022
94.79412841796875,19.915529251098633,37.36911392211914,37.296142578125,0.2133389562368393
90.99358367919922,16.104944229125977,37.37917709350586,37.296546936035156,0.21291154623031616
94.5617904663086,19.63653564453125,37.42977523803711,37.27726364135742,0.2182157039642334
90.58934783935547,15.676163673400879,37.42246627807617,37.271888732910156,0.21883052587509155
94.67721557617188,19.8011531829834,37.36610412597656,37.29684066772461,0.21311697363853455
90.769287109375,15.883332252502441,37.37814712524414,37.29499053955078,0.2128158062696457
94.43191528320312,19.510469436645508,37.42889404296875,37.2742805480957,0.2182733118534088
90.36900329589844,15.459715843200684,37.42149353027344,37.26898193359375,0.21880903840065002
94.50719451904297,19.634056091308594,37.36423110961914,37.296024322509766,0.2128811776638031
90.53084564208984,15.647039413452148,37.37550354003906,37.295509338378906,0.21279023587703705
94.25434875488281,19.336462020874023,37.426612854003906,37.2729377746582,0.21833691000938416
90.15462493896484,15.249811172485352,37.422176361083984,37.263946533203125,0.21869106590747833
94.26033020019531,19.390443801879883,37.36356735229492,37.29365539550781,0.21265898644924164
90.2812271118164,15.399089813232422,37.37192153930664,37.29737854003906,0.2128349393606186
94.0158920288086,19.101530075073242,37.422752380371094,37.27323532104492,0.21837563812732697
89.95742797851562,15.057546615600586,37.42363739013672,37.25776672363281,0.21847544610500336
93.91934204101562,19.05290412902832,37.36383056640625,37.29012680053711,0.2124776393175125
90.03128051757812,15.150341033935547,37.368873596191406,37.29911804199219,0.21295247972011566
93.71207427978516,18.801563262939453,37.416996002197266,37.275150299072266,0.21835947036743164
89.79989624023438,14.905327796936035,37.424583435058594,37.25181198120117,0.2181703895330429
93.46441650390625,18.601444244384766,37.364280700683594,37.28633499145508,0.2123531699180603
89.79483032226562,14.914470672607422,37.368675231933594,37.29853820800781,0.2131531834602356
93.37165069580078,18.46599006652832,37.40854263305664,37.27885818481445,0.21825647354125977
89.7446517944336,14.855364799499512,37.424598693847656,37.246883392333984,0.2178056687116623
92.8623046875,18.002925872802734,37.362850189208984,37.284244537353516,0.2122800350189209
89.6111068725586,14.73026180267334,37.374977111816406,37.29240798950195,0.2134663462638855
93.1532974243164,18.254798889160156,37.39410400390625,37.2863883972168,0.2180129438638687
90.09882354736328,15.213653564453125,37.42653274536133,37.241172790527344,0.21746139228343964
92.03659057617188,17.182313919067383,37.35332107543945,37.28874206542969,0.2122085690498352
89.89439392089844,15.010146141052246,37.39556121826172,37.2746696472168,0.21402035653591156
94.09085845947266,19.206022262573242,37.3598747253418,37.30757141113281,0.21739493310451508
93.29069519042969,18.405960083007812,37.439369201660156,37.22801971435547,0.21734718978405
89.36134338378906,14.516132354736328,37.3318977355957,37.30105972290039,0.21224646270275116
91.84662628173828,16.950767517089844,37.434932708740234,37.245479583740234,0.21544848382472992
104.57327270507812,29.71844482421875,37.28801727294922,37.351051330566406,0.21575766801834106
97.48368835449219,22.61163902282715,37.41287612915039,37.24220275878906,0.2169724404811859
80.38319396972656,5.53031587600708,37.377750396728516,37.26140594482422,0.2137247920036316
111.09815979003906,36.21525573730469,37.34836196899414,37.31758117675781,0.21696823835372925
104.3973617553711,29.4864444732666,37.454345703125,37.23830795288086,0.21827255189418793
89.83543395996094,15.027532577514648,37.35098648071289,37.24533462524414,0.2115749716758728
86.52151489257812,11.625802040100098,37.433372497558594,37.244388580322266,0.217957004904747
120.26093292236328,45.4309196472168,37.34626007080078,37.269317626953125,0.21444176137447357
79.94174194335938,5.119644641876221,37.263187408447266,37.345314025878906,0.21359586715698242
196.62193298339844,121.6430435180664,37.49262237548828,37.261898040771484,0.22436052560806274
184.97341918945312,110.00395965576172,37.68451690673828,37.060279846191406,0.22466444969177246
121.71237182617188,46.8878059387207,37.7983512878418,36.812355041503906,0.2138596624135971
114.59626770019531,39.85053253173828,37.48723602294922,37.048336029052734,0.21015678346157074
151.6009521484375,76.77848052978516,37.07689666748047,37.531982421875,0.21359844505786896
90.19147491455078,15.31961441040039,36.91930389404297,37.7364616394043,0.21609362959861755
182.21177673339844,107.38642883300781,37.14253234863281,37.46730041503906,0.21551623940467834
178.2938232421875,103.5052719116211,37.328609466552734,37.246341705322266,0.21360813081264496
131.83734130859375,57.04758071899414,37.590328216552734,36.98746109008789,0.21197861433029175
108.02845001220703,33.21612548828125,37.91141128540039,36.689048767089844,0.21187081933021545
158.66690063476562,83.81803131103516,37.71672058105469,36.915260314941406,0.21688662469387054
112.35004425048828,37.48325729370117,37.07900619506836,37.56288146972656,0.2249002903699875
177.03944396972656,102.21870422363281,36.53520202636719,38.071590423583984,0.21393927931785583
190.8153076171875,116.0722885131836,36.692291259765625,37.84292221069336,0.20779849588871002
122.51072692871094,47.805030822753906,37.45951843261719,37.03838348388672,0.2077956646680832
118.5167236328125,43.634830474853516,38.311241149902344,36.34748077392578,0.22316838800907135
145.5062713623047,70.5945053100586,38.32797622680664,36.35212326049805,0.23165415227413177
107.46654510498047,32.69728088378906,37.6816291809082,36.876216888427734,0.21141809225082397
133.75552368164062,58.966529846191406,36.7535400390625,37.83287048339844,0.2025730460882187
134.2561798095703,59.40827941894531,36.41386795043945,38.22761154174805,0.20642639696598053
120.3296890258789,45.513179779052734,36.85838317871094,37.743919372558594,0.21420501172542572
108.34504699707031,33.58621597290039,37.62434387207031,36.91642761230469,0.2180662751197815
128.68287658691406,53.885902404785156,38.210968017578125,36.3694953918457,0.21650446951389313
113.55682373046875,38.7374153137207,38.30075454711914,36.305171966552734,0.21348518133163452
130.4449462890625,55.64666748046875,38.00657653808594,36.579345703125,0.21235495805740356
129.62869262695312,54.836082458496094,37.75655746459961,36.824222564697266,0.21184052526950836
109.34151458740234,34.52864456176758,37.525733947753906,37.07505416870117,0.21207480132579803
100.047119140625,25.2390079498291,37.18317794799805,37.412841796875,0.21209196746349335
113.53021240234375,38.777748107910156,36.97385025024414,37.56875991821289,0.2098570317029953
101.76559448242188,27.009857177734375,37.059513092041016,37.48267364501953,0.2135523408651352
116.191650390625,41.33413314819336,37.2779426574707,37.35884475708008,0.22073335945606232
115.32872009277344,40.450225830078125,37.301414489746094,37.35725021362305,0.21983648836612701
103.83008575439453,29.059465408325195,37.20992660522461,37.35092544555664,0.2097729593515396
101.7036361694336,27.013511657714844,37.2965202331543,37.19016647338867,0.2034369558095932
105.68319702148438,30.897449493408203,37.47627258300781,37.0947380065918,0.21473602950572968
104.09099578857422,29.210914611816406,37.47671890258789,37.17732238769531,0.22603927552700043
102.56558990478516,27.742761611938477,37.33424377441406,37.274044036865234,0.21454332768917084
102.76351928710938,28.01990509033203,37.297481536865234,37.238128662109375,0.20800906419754028
98.91285705566406,24.16118049621582,37.34870529174805,37.19468307495117,0.208279550075531
94.04949951171875,19.23550033569336,37.36418914794922,37.2308349609375,0.21898216009140015
103.79857635498047,28.99858283996582,37.435855865478516,37.141422271728516,0.2227131873369217
99.23090362548828,24.46986198425293,37.663814544677734,36.88288497924805,0.2143501341342926
99.5443344116211,24.770183563232422,37.85453796386719,36.711544036865234,0.20806966722011566
96.1089096069336,21.301597595214844,37.64141082763672,36.95627212524414,0.20963101089000702
99.55471801757812,24.753150939941406,37.151161193847656,37.437198638916016,0.21321287751197815
95.76287078857422,20.983827590942383,36.95625305175781,37.60976791381836,0.21302379667758942
97.95014190673828,23.170799255371094,37.12765121459961,37.4393424987793,0.21234537661075592
95.4170913696289,20.628826141357422,37.23060607910156,37.3422966003418,0.2153644561767578
95.49205017089844,20.71546173095703,37.136634826660156,37.42215347290039,0.21780142188072205
91.94976043701172,17.182819366455078,37.14265060424805,37.409725189208984,0.21456217765808105
97.42459869384766,22.635557174682617,37.3478889465332,37.22983169555664,0.21132642030715942
93.7695083618164,18.96670150756836,37.47236251831055,37.119632720947266,0.210804283618927
95.29792022705078,20.51710319519043,37.42182540893555,37.14724349975586,0.2117508351802826
91.74244689941406,16.98116683959961,37.404518127441406,37.14264678955078,0.21410931646823883
96.43560028076172,21.66002082824707,37.46329116821289,37.09709548950195,0.21518702805042267
93.34691619873047,18.55364418029785,37.44111633300781,37.137718200683594,0.21443945169448853
93.8416976928711,19.051952362060547,37.33452224731445,37.24211883544922,0.21310630440711975
91.38384246826172,16.607059478759766,37.310855865478516,37.253944396972656,0.2119804322719574
94.35527038574219,19.583887100219727,37.37661361694336,37.1826057434082,0.21215783059597015
90.99275207519531,16.22264862060547,37.36640167236328,37.19050598144531,0.2131957858800888
94.06324005126953,19.290386199951172,37.26530456542969,37.293453216552734,0.21409350633621216
90.74314880371094,15.962121963500977,37.24406814575195,37.32308578491211,0.21386851370334625
94.27861785888672,19.493497848510742,37.33041000366211,37.24214553833008,0.21256203949451447
90.43904113769531,15.664162635803223,37.359806060791016,37.20331573486328,0.21176117658615112
94.75254821777344,19.988433837890625,37.28010559082031,37.27159881591797,0.2124066948890686
91.30043029785156,16.531126022338867,37.236671447753906,37.31911849975586,0.21351781487464905
93.4461669921875,18.664094924926758,37.29023742675781,37.27751159667969,0.21432162821292877
90.33484649658203,15.554930686950684,37.350074768066406,37.21573257446289,0.21410685777664185
94.27770233154297,19.509090423583984,37.372589111328125,37.182796478271484,0.21322792768478394
91.13531494140625,16.36819839477539,37.39443588256836,37.160648345947266,0.2120373398065567
92.83467864990234,18.060462951660156,37.39242935180664,37.169795989990234,0.2119913250207901
89.55474090576172,14.782171249389648,37.3256950378418,37.233577728271484,0.21329432725906372
94.3934097290039,19.626039505004883,37.27469253540039,37.277774810791016,0.21489691734313965
90.76660919189453,15.997493743896484,37.33565902709961,37.21920394897461,0.21425865590572357
93.11181640625,18.337697982788086,37.43522644042969,37.12638854980469,0.21250027418136597
89.5704345703125,14.801158905029297,37.409812927246094,37.1474723815918,0.21198803186416626
94.32239532470703,19.55750274658203,37.29318618774414,37.25847244262695,0.2132369577884674
90.78128051757812,16.01153564453125,37.25730895996094,37.298709869384766,0.2137307971715927
92.83113861083984,18.057518005371094,37.30306625366211,37.257568359375,0.21299085021018982
89.51829528808594,14.754620552062988,37.30140686035156,37.24949264526367,0.21277423202991486
93.83078002929688,19.074140548706055,37.277278900146484,37.26582336425781,0.21354176104068756
90.29045104980469,15.524579048156738,37.33342742919922,37.21908187866211,0.21336331963539124
92.8355941772461,18.058576583862305,37.411678314208984,37.15279769897461,0.21254701912403107
89.3868179321289,14.619970321655273,37.37472915649414,37.17941665649414,0.21269692480564117
93.6219482421875,18.86876106262207,37.28200912475586,37.25716781616211,0.21400676667690277
90.02268981933594,15.262628555297852,37.28780746459961,37.25827407836914,0.21397772431373596
92.83966827392578,18.064605712890625,37.355892181396484,37.2066764831543,0.21249762177467346
89.46630859375,14.699321746826172,37.3376350402832,37.217384338378906,0.21196411550045013
93.14360809326172,18.39339828491211,37.27937316894531,37.25764846801758,0.21318930387496948
89.67347717285156,14.917581558227539,37.3177375793457,37.22407150268555,0.21408365666866302
92.81719207763672,18.044450759887695,37.39894485473633,37.16064453125,0.21315036714076996
89.49201965332031,14.726778984069824,37.36637878417969,37.186466217041016,0.21239601075649261
92.7352066040039,17.98777198791504,37.2712516784668,37.26329040527344,0.2128921002149582
89.37532806396484,14.620715141296387,37.283756256103516,37.25715255737305,0.21370989084243774
92.80133056640625,18.027557373046875,37.37261199951172,37.1878547668457,0.21330469846725464
89.56069946289062,14.796340942382812,37.36180114746094,37.19004821777344,0.21251216530799866
92.319091796875,17.577302932739258,37.26797866821289,37.26129150390625,0.21252040565013885
89.08690643310547,14.338467597961426,37.25925064086914,37.27606964111328,0.21312275528907776
92.75277709960938,17.980653762817383,37.33699417114258,37.22186279296875,0.2132660448551178
89.5574951171875,14.791848182678223,37.350547790527344,37.20225143432617,0.2128465175628662
91.97513580322266,17.233858108520508,37.30044174194336,37.228111267089844,0.21272487938404083
88.7821044921875,14.036584854125977,37.3132438659668,37.21916198730469,0.21311210095882416
92.78388977050781,18.014982223510742,37.37749099731445,37.178123474121094,0.21329468488693237
89.55821228027344,14.795395851135254,37.362274169921875,37.187679290771484,0.21286004781723022
91.73267364501953,16.993894577026367,37.2817497253418,37.244449615478516,0.21257905662059784
88.57749938964844,13.833670616149902,37.27676773071289,37.25418472290039,0.2128772735595703
92.78113555908203,18.01321029663086,37.348995208740234,37.20573043823242,0.2132040560245514
89.59449768066406,14.833243370056152,37.359466552734375,37.18888854980469,0.21289466321468353
91.44734954833984,16.711931228637695,37.30161666870117,37.221214294433594,0.21258844435214996
88.37028503417969,13.630227088928223,37.295570373535156,37.231632232666016,0.21285906434059143
92.70596313476562,17.940004348754883,37.342159271240234,37.210487365722656,0.21331018209457397
89.51921844482422,14.758728981018066,37.32857894897461,37.2188835144043,0.21302810311317444
91.22216796875,16.488374710083008,37.27235412597656,37.248897552490234,0.21254128217697144
88.1070327758789,13.36971378326416,37.294029235839844,37.230682373046875,0.2126106172800064
92.75064086914062,17.987077713012695,37.37095260620117,37.17947006225586,0.21313610672950745
89.49702453613281,14.738558769226074,37.36288833618164,37.182552337646484,0.21302828192710876
91.05912780761719,16.327817916870117,37.284881591796875,37.23381423950195,0.21261978149414062
87.95718383789062,13.222418785095215,37.28336715698242,37.238773345947266,0.21262164413928986
92.72705078125,17.9653377532959,37.35145568847656,37.19712829589844,0.21312808990478516
89.51486206054688,14.75827693939209,37.34548568725586,37.19808578491211,0.21301336586475372
90.81026458740234,16.081701278686523,37.2780876159668,37.237911224365234,0.21256566047668457
87.78086853027344,13.048815727233887,37.288875579833984,37.230648040771484,0.2125215083360672
92.64545440673828,17.885591506958008,37.3597412109375,37.18708419799805,0.2130356729030609
89.46302795410156,14.70833969116211,37.345951080322266,37.19575500488281,0.2129816859960556
90.58026885986328,15.854256629943848,37.270225524902344,37.243194580078125,0.21259179711341858
87.5663833618164,12.836446762084961,37.2831916809082,37.23418426513672,0.2125600278377533
92.61910247802734,17.860618591308594,37.362403869628906,37.18305206298828,0.2130279541015625
89.4200668334961,14.667516708374023,37.35122299194336,37.188446044921875,0.21287937462329865
90.39933776855469,15.676724433898926,37.27009201049805,37.240047454833984,0.21247930824756622
87.40603637695312,12.678933143615723,37.27715301513672,37.237430572509766,0.212523952126503
92.58668518066406,17.82963752746582,37.3557243347168,37.188297271728516,0.2130301147699356
89.41869354248047,14.66763973236084,37.348209381103516,37.18999099731445,0.21285516023635864
90.1803970336914,15.460474014282227,37.27233123779297,37.23517990112305,0.21240773797035217
87.24732971191406,12.52294921875,37.282413482666016,37.22947692871094,0.2124941498041153
92.5189437866211,17.763839721679688,37.36018371582031,37.181907653808594,0.21301165223121643
89.37931060791016,14.630261421203613,37.34952926635742,37.186729431152344,0.21279458701610565
89.97859954833984,15.261300086975098,37.26894760131836,37.23602294921875,0.21233095228672028
87.07476043701172,12.352764129638672,37.27543258666992,37.23408508300781,0.21247781813144684
92.4748764038086,17.721607208251953,37.354896545410156,37.18534851074219,0.21301685273647308
89.33950805664062,14.592537879943848,37.349239349365234,37.184993743896484,0.21273492276668549
89.80255889892578,15.088022232055664,37.27090072631836,37.23143768310547,0.21219949424266815
86.92808532714844,12.208663940429688,37.273590087890625,37.23342514038086,0.2124049812555313
92.4121322631836,17.660844802856445,37.349586486816406,37.188663482666016,0.2130347639322281
89.29293060302734,14.547998428344727,37.34611129760742,37.18606948852539,0.2127431333065033
89.62825012207031,14.916299819946289,37.27194595336914,37.22787094116211,0.21212579309940338
86.78861236572266,12.071701049804688,37.27432632446289,37.23027038574219,0.2123175710439682
92.31546020507812,17.566205978393555,37.34836959838867,37.18788146972656,0.21300750970840454
89.20114135742188,14.458377838134766,37.34645080566406,37.183597564697266,0.2127184420824051
89.48468780517578,14.775452613830566,37.27464294433594,37.2225456237793,0.2120441496372223
86.6535415649414,11.939221382141113,37.27435302734375,37.22772979736328,0.21224111318588257
92.21711730957031,17.469900131225586,37.34370040893555,37.19051742553711,0.21299582719802856
89.09269714355469,14.352082252502441,37.341495513916016,37.18642044067383,0.21269874274730682
89.3729019165039,14.666351318359375,37.2732048034668,37.221397399902344,0.21195344626903534
86.5477523803711,11.836047172546387,37.274356842041016,37.2252082824707,0.21213789284229279
92.09239196777344,17.34733772277832,37.34233093261719,37.18973922729492,0.21297875046730042
88.96723175048828,14.228869438171387,37.33958435058594,37.18606948852539,0.21270643174648285
89.27693939208984,14.573006629943848,37.27208709716797,37.219947814941406,0.2119019627571106
86.45720672607422,11.747994422912598,37.273475646972656,37.22369384765625,0.21204043924808502
91.94541931152344,17.20260238647461,37.341064453125,37.1888313293457,0.2129216194152832
88.81783294677734,14.081924438476562,37.33843231201172,37.18480682373047,0.21267010271549225
89.20553588867188,14.504271507263184,37.27171325683594,37.21770095825195,0.211849644780159
86.38215637207031,11.675341606140137,37.27338790893555,37.221458435058594,0.21196474134922028
91.78864288330078,17.048032760620117,37.33982467651367,37.18790054321289,0.2128801941871643
88.65790557861328,13.924532890319824,37.33580780029297,37.18492126464844,0.21264056861400604
89.15255737304688,14.453994750976562,37.269386291503906,37.21736526489258,0.2118055671453476
86.32382202148438,11.619400024414062,37.2729606628418,37.21957778930664,0.21188564598560333
91.61791229248047,16.87957191467285,37.340023040771484,37.18550109863281,0.21281208097934723
88.48743438720703,13.75668716430664,37.33427810668945,37.183876037597656,0.21259325742721558
89.11192321777344,14.416046142578125,37.266414642333984,37.21768569946289,0.21177558600902557
86.27466583251953,11.57257080078125,37.2711067199707,37.21915817260742,0.2118305116891861
91.43900299072266,16.702964782714844,37.33957290649414,37.1837158203125,0.21274356544017792
88.3076171875,13.579574584960938,37.333168029785156,37.182350158691406,0.2125275731086731
89.08367156982422,14.39050579071045,37.264217376708984,37.21720886230469,0.21173806488513947
86.23451232910156,11.534732818603516,37.26957702636719,37.21841812133789,0.2117818295955658
91.25566101074219,16.521942138671875,37.338924407958984,37.18211364746094,0.21267448365688324
88.12519073486328,13.399908065795898,37.33200454711914,37.18082809448242,0.2124541848897934
89.06382751464844,14.373383522033691,37.26262283325195,37.216121673583984,0.21170049905776978
86.20571899414062,11.508221626281738,37.268733978271484,37.21701431274414,0.21174491941928864
91.06188201904297,16.330488204956055,37.33848571777344,37.180294036865234,0.21260805428028107
87.93869018554688,13.216185569763184,37.3306999206543,37.1794319152832,0.2123698592185974
89.04674530029297,14.359026908874512,37.26053237915039,37.21553039550781,0.21165086328983307
86.1819839477539,11.486812591552734,37.26671600341797,37.21674728393555,0.21171140670776367
90.8616943359375,16.13268280029297,37.33683776855469,37.17962646484375,0.21254849433898926
87.74861907958984,13.028922080993652,37.32925796508789,37.17814636230469,0.2122860550880432
89.0339584350586,14.348953247070312,37.25944519042969,37.213966369628906,0.21159501373767853
86.16477966308594,11.471924781799316,37.265628814697266,37.21554946899414,0.21167589724063873
90.65595245361328,15.929352760314941,37.33542251586914,37.17868423461914,0.21249160170555115
87.55879211425781,12.841913223266602,37.327945709228516,37.17672348022461,0.2122037261724472
89.01954650878906,14.337213516235352,37.258548736572266,37.21225357055664,0.21153376996517181
86.15050506591797,11.459997177124023,37.26426696777344,37.214603424072266,0.21163448691368103
90.44369506835938,15.719613075256348,37.333412170410156,37.17823791503906,0.2124352902173996
87.36637878417969,12.65234661102295,37.32637023925781,37.175533294677734,0.21212568879127502
89.00342559814453,14.323687553405762,37.25782775878906,37.2104377746582,0.2114715725183487
86.13587188720703,11.447698593139648,37.26298904418945,37.213600158691406,0.2115878164768219
90.22895050048828,15.507452011108398,37.33127212524414,37.17784881591797,0.21237921714782715
87.17414855957031,12.463011741638184,37.32489013671875,37.1741943359375,0.21205277740955353
88.98320770263672,14.306015968322754,37.2574462890625,37.208335876464844,0.21140800416469574
86.11895751953125,11.433104515075684,37.26194763183594,37.212371826171875,0.21153022348880768
90.0135269165039,15.29470443725586,37.3291130065918,37.177391052246094,0.21231761574745178
86.98380279541016,12.275594711303711,37.3232421875,37.172977447509766,0.21198509633541107
88.9554672241211,14.280755996704102,37.256839752197266,37.206520080566406,0.21135097742080688
86.09619140625,11.412613868713379,37.260711669921875,37.21139144897461,0.211469829082489
89.80049133300781,15.084443092346191,37.32682800292969,37.176971435546875,0.21225214004516602
86.79756927490234,12.092368125915527,37.321598052978516,37.17168426513672,0.21191920340061188
88.91791534423828,14.245614051818848,37.25642395019531,37.204586029052734,0.21129556000232697
86.06413269042969,11.382797241210938,37.25985336303711,37.210079193115234,0.21140284836292267
89.59465789794922,14.881444931030273,37.32491683959961,37.17612075805664,0.21218067407608032
86.61906433105469,11.9169340133667,37.32003402709961,37.17023849487305,0.21185611188411713
88.86785125732422,14.197884559631348,37.25582504272461,37.20288848876953,0.2112477421760559
86.021484375,11.342324256896973,37.25882339477539,37.209007263183594,0.21133483946323395
89.39830780029297,14.688006401062012,37.32289123535156,37.1753044128418,0.21210335195064545
86.45176696777344,11.75278091430664,37.31836700439453,37.1688232421875,0.2117929458618164
88.8017578125,14.134076118469238,37.255226135253906,37.20125198364258,0.21120458841323853
85.9661636352539,11.289090156555176,37.25796890258789,37.20784378051758,0.21126551926136017
89.21282958984375,14.505512237548828,37.32097244262695,37.174320220947266,0.21201974153518677
86.29679870605469,11.601041793823242,37.316593170166016,37.16743469238281,0.2117287963628769
88.71893310546875,14.053444862365723,37.25448226928711,37.19983673095703,0.21116767823696136
85.89788055419922,11.222804069519043,37.25714111328125,37.20673751831055,0.21119818091392517
89.0390396118164,14.334798812866211,37.319190979003906,37.173118591308594,0.21193094551563263
86.1550064086914,11.462553977966309,37.314876556396484,37.16590881347656,0.21166224777698517
88.61983489990234,13.956469535827637,37.25377655029297,37.19845199584961,0.21113356947898865
85.81881713867188,11.145651817321777,37.25642395019531,37.20560836791992,0.21113325655460358
88.87457275390625,14.173483848571777,37.31745147705078,37.17179870605469,0.21183930337429047
86.02583312988281,11.336756706237793,37.313167572021484,37.164310455322266,0.21159406006336212
88.5057144165039,13.844414710998535,37.25311279296875,37.197086334228516,0.21110138297080994
85.73175811767578,11.06045150756836,37.25572967529297,37.20451354980469,0.21106919646263123
88.7164077758789,14.018558502197266,37.31563186645508,37.17047119140625,0.21174472570419312
85.9070053100586,11.221384048461914,37.31134033203125,37.162757873535156,0.21152545511722565
88.37952423095703,13.720200538635254,37.2524299621582,37.19582748413086,0.21107043325901031
85.64049530029297,10.970966339111328,37.25511169433594,37.20341491699219,0.21100668609142303
88.5605697631836,13.866052627563477,37.31381607055664,37.16905212402344,0.21164755523204803
85.79598999023438,11.113880157470703,37.30953598022461,37.1611213684082,0.21145592629909515
88.24503326416016,13.58758544921875,37.25192642211914,37.194480895996094,0.21103911101818085
85.54950714111328,10.881725311279297,37.254634857177734,37.202205657958984,0.21094480156898499
88.40293884277344,13.711869239807129,37.31196594238281,37.16755294799805,0.21154899895191193
85.69007110595703,11.01151180267334,37.30769348144531,37.15947341918945,0.2113877683877945
88.10576629638672,13.450119018554688,37.251399993896484,37.19324493408203,0.21100673079490662
85.46231842041016,10.79623031616211,37.25408935546875,37.20111083984375,0.21088175475597382
88.24085998535156,13.553359985351562,37.30997848510742,37.166072845458984,0.21144838631153107
85.58705139160156,10.912117004394531,37.30573272705078,37.15788269042969,0.21132174134254456
87.96466827392578,13.310696601867676,37.25088119506836,37.19211959838867,0.21097274124622345
85.38125610351562,10.716858863830566,37.25356674194336,37.20001983642578,0.21081724762916565
88.07315063476562,13.389347076416016,37.30795669555664,37.164493560791016,0.21134591102600098
85.48639678955078,10.815105438232422,37.30384826660156,37.156185150146484,0.2112588733434677
87.82392120361328,13.171527862548828,37.25053405761719,37.190921783447266,0.21093641221523285
85.30792999267578,10.645180702209473,37.2531852722168,37.19881820678711,0.21075035631656647
87.90019226074219,13.220230102539062,37.30594253540039,37.16277313232422,0.21124234795570374
85.387939453125,10.720322608947754,37.30192565917969,37.15449142456055,0.21120049059391022
87.68517303466797,13.034224510192871,37.250160217285156,37.18988800048828,0.21089759469032288
85.2427978515625,10.581704139709473,37.25269317626953,37.19772720336914,0.21068091690540314
87.72396850585938,13.047995567321777,37.30374526977539,37.161094665527344,0.2111373394727707
85.29268646240234,10.628792762756348,37.29989242553711,37.152862548828125,0.2111469805240631
87.54960632324219,12.900012016296387,37.24977111816406,37.188968658447266,0.21085596084594727
85.18573760986328,10.52627944946289,37.252235412597656,37.19660949707031,0.21060900390148163
87.54698181152344,12.875110626220703,37.30158615112305,37.15925598144531,0.21103189885616302
85.20124053955078,10.541062355041504,37.29788589477539,37.15119934082031,0.21109901368618011
87.41887664794922,12.770517349243164,37.24948501586914,37.18806457519531,0.21081088483333588
85.1362533569336,10.478450775146484,37.25186538696289,37.19540023803711,0.21053403615951538
87.3724594116211,12.704815864562988,37.29930114746094,37.157413482666016,0.21092668175697327
85.11433410644531,10.457841873168945,37.295711517333984,37.149715423583984,0.21105636656284332
87.29500579833984,12.647775650024414,37.24912643432617,37.18734359741211,0.21076275408267975
85.09407806396484,10.437949180603027,37.25149154663086,37.194175720214844,0.21045710146427155
87.2030258178711,12.539717674255371,37.296974182128906,37.155513763427734,0.21082282066345215
85.03175354003906,10.378958702087402,37.293514251708984,37.148258209228516,0.2110181748867035
87.18061828613281,12.534454345703125,37.24886703491211,37.186588287353516,0.21071074903011322
85.05887603759766,10.404458999633789,37.25119400024414,37.19283676147461,0.21037863194942474
87.04110717773438,12.382198333740234,37.294559478759766,37.153629302978516,0.21072179079055786
84.95260620117188,10.303458213806152,37.2911491394043,37.147010803222656,0.21098405122756958
87.07881927490234,12.433649063110352,37.24857711791992,37.185935974121094,0.21065519750118256
85.03064727783203,10.377994537353516,37.25094985961914,37.19140625,0.21029843389987946
86.88814544677734,12.233689308166504,37.29202651977539,37.15180587768555,0.2106238454580307
84.87499237060547,10.229450225830078,37.28862762451172,37.14596176147461,0.21095290780067444
86.9925765991211,12.348380088806152,37.24832534790039,37.185272216796875,0.21059714257717133
85.00930786132812,10.358469009399414,37.25080108642578,37.189815521240234,0.21021756529808044
86.74446868896484,12.094473838806152,37.28945541381836,37.15000915527344,0.21052998304367065
84.79646301269531,10.154450416564941,37.28599548339844,37.14509963989258,0.21092233061790466
86.92449188232422,12.28127384185791,37.24814987182617,37.184539794921875,0.2105366289615631
84.99463653564453,10.34570026397705,37.25075912475586,37.188045501708984,0.2101360261440277
86.6095962524414,11.964035034179688,37.28677749633789,37.148338317871094,0.21044088900089264
84.71484375,10.076261520385742,37.283203125,37.14448547363281,0.2108919769525528
86.8759994506836,12.233778953552246,37.24803161621094,37.183712005615234,0.21047474443912506
84.986572265625,10.339601516723633,37.250789642333984,37.18612289428711,0.2100542038679123
86.48173522949219,11.840554237365723,37.28392791748047,37.14689636230469,0.21035580337047577
84.62745666503906,9.992237091064453,37.28016662597656,37.144187927246094,0.21085910499095917
86.84764862060547,12.206502914428711,37.247886657714844,37.18284606933594,0.21041235327720642
84.98516082763672,10.34024429321289,37.25092697143555,37.18401336669922,0.20997260510921478
86.3584213256836,11.721521377563477,37.28104782104492,37.14557647705078,0.21027415990829468
84.53229522705078,9.900348663330078,37.27709197998047,37.14403533935547,0.2108226716518402
86.8388671875,12.198892593383789,37.24790954589844,37.18171691894531,0.2103504240512848
84.99060821533203,10.347817420959473,37.25117874145508,37.18172073364258,0.20989122986793518
86.23650360107422,11.603743553161621,37.27804183959961,37.14451599121094,0.21019460260868073
84.42791748046875,9.79915714263916,37.27386474609375,37.14411544799805,0.21078148484230042
86.8478012084961,12.209100723266602,37.24802780151367,37.180381774902344,0.2102890908718109
85.002685546875,10.362093925476074,37.25151062011719,37.17927551269531,0.209810271859169
86.11322021484375,11.484493255615234,37.27494812011719,37.14366149902344,0.21011561155319214
84.31439208984375,9.68874454498291,37.270511627197266,37.14439392089844,0.21073545515537262
86.87142181396484,12.234116554260254,37.248191833496094,37.17888259887695,0.21022915840148926
85.02108764648438,10.382733345031738,37.251895904541016,37.17672348022461,0.20972973108291626
85.98670959472656,11.361859321594238,37.27177810668945,37.14303970336914,0.21003562211990356
84.19271087646484,9.570114135742188,37.267215728759766,37.14469909667969,0.21068455278873444
86.90570831298828,12.269940376281738,37.24847412109375,37.1771240234375,0.21017003059387207
85.04467010498047,10.408616065979004,37.25224304199219,37.17416763305664,0.209649458527565
85.8563003540039,11.235177040100098,37.26852798461914,37.142642974853516,0.2099543660879135
84.0654296875,9.445821762084961,37.26393508911133,37.14504623413086,0.21063031256198883
86.94618225097656,12.312067031860352,37.248897552490234,37.17509841918945,0.21011163294315338
85.0715103149414,10.437782287597656,37.25263977050781,37.1715202331543,0.2095692753791809
85.72349548339844,11.105960845947266,37.265235900878906,37.142425537109375,0.20987100899219513
83.93608093261719,9.31942081451416,37.26071548461914,37.1453742980957,0.21057367324829102
86.98773956298828,12.355414390563965,37.24936294555664,37.172908782958984,0.21005262434482574
85.09881591796875,10.46744155883789,37.252906799316406,37.16897964477539,0.20948828756809235
85.59081268310547,10.976757049560547,37.26193618774414,37.142333984375,0.2097868025302887
83.80867767333984,9.194931983947754,37.257667541503906,37.145565032958984,0.21051687002182007
87.02550506591797,12.395090103149414,37.24986267089844,37.170562744140625,0.2099917083978653
85.12332916259766,10.494359016418457,37.253055572509766,37.1665153503418,0.20940591394901276
85.461669921875,10.850996971130371,37.25862121582031,37.14234924316406,0.2097030133008957
83.68733215332031,9.076472282409668,37.254817962646484,37.14558029174805,0.21046170592308044
87.05461120605469,12.426194190979004,37.2503662109375,37.16812515258789,0.20992770791053772
85.14146423339844,10.514915466308594,37.25306701660156,37.16415786743164,0.2093213051557541
85.33992004394531,10.73254680633545,37.25538635253906,37.14236831665039,0.20962095260620117
83.57548522949219,8.967490196228027,37.25216293334961,37.14542007446289,0.21040844917297363
87.0719985961914,12.445666313171387,37.25082778930664,37.1656379699707,0.2098596692085266
85.15039825439453,10.526302337646484,37.25286865234375,37.1619873046875,0.2092345654964447
85.22869110107422,10.624554634094238,37.25222396850586,37.14237594604492,0.20954279601573944
83.47549438476562,8.870360374450684,37.24972152709961,37.14505386352539,0.2103579193353653
87.07487487792969,12.450708389282227,37.251155853271484,37.16322326660156,0.20978623628616333
85.14757537841797,10.52597427368164,37.25244140625,37.16001510620117,0.20914477109909058
85.13017272949219,10.529211044311523,37.24917221069336,37.14231872558594,0.2094704955816269
83.38886260986328,8.786566734313965,37.24754333496094,37.144439697265625,0.21031039953231812
87.06172943115234,12.439797401428223,37.25131607055664,37.16090393066406,0.20970644056797028
85.13166046142578,10.512579917907715,37.25181579589844,37.158206939697266,0.20905210077762604
85.04570770263672,10.447890281677246,37.24629211425781,37.142120361328125,0.2094046175479889
83.31588745117188,8.7164306640625,37.24557876586914,37.14361572265625,0.2102648764848709
87.03264617919922,12.413021087646484,37.25137710571289,37.158626556396484,0.20962096750736237
85.10211944580078,10.485611915588379,37.2509880065918,37.15656661987305,0.2089562863111496
84.97533416748047,10.38064193725586,37.243526458740234,37.14182662963867,0.20934556424617767
83.25601196289062,8.659377098083496,37.24378967285156,37.14262390136719,0.21022051572799683
86.98826599121094,12.37097454071045,37.25122833251953,37.156524658203125,0.2095300257205963
85.0595474243164,10.44563102722168,37.24993896484375,37.15511703491211,0.2088574469089508
84.91827392578125,10.326674461364746,37.240901947021484,37.14140319824219,0.20929235219955444
83.2081069946289,8.614290237426758,37.24213790893555,37.141502380371094,0.21017716825008392
86.92963409423828,12.314736366271973,37.25092315673828,37.154544830322266,0.20943444967269897
85.00475311279297,10.393470764160156,37.248714447021484,37.153812408447266,0.20875602960586548
84.87303161621094,10.28452205657959,37.238407135009766,37.14086151123047,0.20924487709999084
83.1706771850586,8.57967472076416,37.24070739746094,37.140159606933594,0.21013380587100983
86.858642578125,12.246146202087402,37.2504768371582,37.15268325805664,0.20933528244495392
84.93972778320312,10.331125259399414,37.247314453125,37.15264129638672,0.20865154266357422
84.8375244140625,10.25209903717041,37.236019134521484,37.14021301269531,0.20920109748840332
83.14189147949219,8.553693771362305,37.239437103271484,37.138671875,0.21009109914302826
86.77742767333984,12.167373657226562,37.249935150146484,37.15088653564453,0.20923329889774323
84.86646270751953,10.2605619430542,37.24570083618164,37.15165710449219,0.20854444801807404
84.80994415283203,10.227584838867188,37.233726501464844,37.139469146728516,0.20915979146957397
83.1202621459961,8.534866333007812,37.23832702636719,37.137027740478516,0.21004782617092133
86.68807220458984,12.080492973327637,37.249263763427734,37.14918899536133,0.20912903547286987
84.78691101074219,10.183752059936523,37.24386978149414,37.150856018066406,0.2084343582391739
84.78828430175781,10.208995819091797,37.23149871826172,37.138671875,0.20912089943885803
83.10417175292969,8.521541595458984,37.23739242553711,37.13522720336914,0.21000537276268005
86.59290313720703,11.98781967163086,37.24850845336914,37.14754867553711,0.2090224176645279
84.70368194580078,10.10330867767334,37.24191665649414,37.1501350402832,0.20832084119319916
84.77021026611328,10.193963050842285,37.229393005371094,37.13776779174805,0.2090834230184555
83.09178161621094,8.511920928955078,37.23663330078125,37.13326644897461,0.2099636048078537
86.49459838867188,11.892056465148926,37.24759292602539,37.146034240722656,0.20891419053077698
84.61900329589844,10.021461486816406,37.239723205566406,37.14961242675781,0.2082042545080185
84.75399017333984,10.180784225463867,37.227394104003906,37.13676452636719,0.20904745161533356
83.08165740966797,8.50451374053955,37.23605728149414,37.131160736083984,0.20992273092269897
86.39494323730469,11.794974327087402,37.24654769897461,37.14461898803711,0.20880378782749176
84.53445434570312,9.939785957336426,37.2373046875,37.1492805480957,0.20808425545692444
84.73846435546875,10.168265342712402,37.225494384765625,37.13569259643555,0.2090129256248474
83.07282257080078,8.498397827148438,37.235660552978516,37.12887954711914,0.20988202095031738
86.29562377929688,11.698271751403809,37.24539566040039,37.14326477050781,0.20869117975234985
84.45173645019531,9.8599853515625,37.23475646972656,37.1490364074707,0.20796118676662445
84.72220611572266,10.154987335205078,37.2237663269043,37.13447570800781,0.20897966623306274
83.06431579589844,8.492572784423828,37.23543930053711,37.126461029052734,0.20984114706516266
86.19805908203125,11.603368759155273,37.24406433105469,37.14204406738281,0.20857678353786469
84.37183380126953,9.783036231994629,37.23197555541992,37.148990631103516,0.2078353762626648
84.70496368408203,10.140686988830566,37.22216796875,37.1331672668457,0.20894765853881836
83.0556640625,8.486587524414062,37.235408782958984,37.12386703491211,0.2097993940114975
86.10297393798828,11.510993003845215,37.24264144897461,37.14087677001953,0.20846013724803925
84.29542541503906,9.709626197814941,37.22904968261719,37.149044036865234,0.20770619809627533
84.68587493896484,10.12448787689209,37.220706939697266,37.13176345825195,0.20891600847244263
83.04668426513672,8.480246543884277,37.2354850769043,37.121192932128906,0.20975655317306519
86.0106201171875,11.421418190002441,37.24101257324219,37.13985061645508,0.20834188163280487
84.2227554321289,9.639995574951172,37.22597885131836,37.149208068847656,0.20757447183132172
84.66510772705078,10.10659122467041,37.21940612792969,37.130226135253906,0.20888419449329376
83.03734588623047,8.473526954650879,37.23570251464844,37.118412017822266,0.20971150696277618
85.92092895507812,11.334532737731934,37.23923110961914,37.138938903808594,0.20822186768054962
84.15391540527344,9.574239730834961,37.222755432128906,37.14947509765625,0.20744039118289948
84.64263153076172,10.086935997009277,37.21827697753906,37.128562927246094,0.20885108411312103
83.02819061279297,8.466955184936523,37.23606491088867,37.11551284790039,0.209664449095726
85.83309936523438,11.249582290649414,37.237361907958984,37.1380500793457,0.2081001251935959
84.08838653564453,9.511844635009766,37.2194938659668,37.149742126464844,0.20730367302894592
84.61886596679688,10.065947532653809,37.21731185913086,37.126792907714844,0.20881666243076324
83.01993560791016,8.461248397827148,37.236454010009766,37.112613677978516,0.20961450040340424
85.74665832519531,11.1660795211792,37.23526382446289,37.13733673095703,0.2079768031835556
84.02604675292969,9.45267391204834,37.21609878540039,37.15010070800781,0.2071651965379715
84.59420013427734,10.044029235839844,37.21650314331055,37.1248893737793,0.20877999067306519
83.01325988769531,8.457108497619629,37.23693084716797,37.109657287597656,0.20956148207187653
85.66072082519531,11.083138465881348,37.23303985595703,37.13669204711914,0.2078523188829422
83.9663314819336,9.396193504333496,37.21269989013672,37.15041732788086,0.20702482759952545
84.56968688964844,10.022208213806152,37.21589279174805,37.122840881347656,0.2087402194738388
83.00914764404297,8.455513954162598,37.23747253417969,37.106658935546875,0.2095043659210205
85.57444763183594,10.999917984008789,37.23065185546875,37.13615417480469,0.20772670209407806
83.9089126586914,9.342039108276367,37.209197998046875,37.15079116821289,0.20688332617282867
84.5453109741211,10.000507354736328,37.215396881103516,37.12071228027344,0.2086971402168274
83.00816345214844,8.457010269165039,37.238040924072266,37.10366439819336,0.2094430774450302
85.4875717163086,10.916149139404297,37.228153228759766,37.13566970825195,0.20760011672973633
83.85354614257812,9.289976119995117,37.20569610595703,37.151126861572266,0.20674091577529907
84.52174377441406,9.979572296142578,37.21506881713867,37.11845779418945,0.20864985883235931
83.01060485839844,8.461944580078125,37.238616943359375,37.100669860839844,0.20937718451023102
85.39952087402344,10.83126163482666,37.22550964355469,37.13528060913086,0.20747226476669312
83.80004119873047,9.239823341369629,37.20220947265625,37.15141296386719,0.20659826695919037
84.49922943115234,9.959635734558105,37.21488952636719,37.11610412597656,0.20859819650650024
83.01713562011719,8.470938682556152,37.239158630371094,37.09773254394531,0.20930594205856323
85.3103256225586,10.74528694152832,37.222713470458984,37.13498306274414,0.20734383165836334
83.74879455566406,9.191954612731934,37.19868087768555,37.15169906616211,0.20645564794540405
84.47750091552734,9.94046688079834,37.214805603027344,37.113685607910156,0.20854130387306213
83.02763366699219,8.483880043029785,37.23974609375,37.09477615356445,0.20922952890396118
85.220458984375,10.65869140625,37.21985626220703,37.134700775146484,0.20721425116062164
83.70062255859375,9.147211074829102,37.19520568847656,37.15188980102539,0.20631371438503265
84.45612335205078,9.921615600585938,37.21485900878906,37.111167907714844,0.2084794044494629
83.04190826416016,8.500601768493652,37.24028396606445,37.091880798339844,0.20914745330810547
85.13043975830078,10.572009086608887,37.216861724853516,37.13447952270508,0.20708376169204712
83.65612030029297,9.106175422668457,37.19172286987305,37.15205383300781,0.2061726599931717
84.43457794189453,9.902569770812988,37.215003967285156,37.10859680175781,0.2084115594625473
83.05973815917969,8.52085018157959,37.240779876708984,37.08904266357422,0.2090597301721573
85.04117584228516,10.4861421585083,37.213775634765625,37.13430404663086,0.20695237815380096
83.61650848388672,9.070051193237305,37.188236236572266,37.15218734741211,0.20603352785110474
84.4123764038086,9.882819175720215,37.21523666381836,37.10598373413086,0.20833787322044373
83.080810546875,8.54434585571289,37.24130630493164,37.0861930847168,0.20896659791469574
84.95387268066406,10.402295112609863,37.21060562133789,37.134159088134766,0.206820547580719
83.58272552490234,9.039790153503418,37.18475341796875,37.152286529541016,0.2058960348367691
84.38916778564453,9.862025260925293,37.21554946899414,37.103328704833984,0.20825718343257904
83.10478210449219,8.570728302001953,37.24178695678711,37.083396911621094,0.2088681161403656
84.86974334716797,10.32166862487793,37.20734786987305,37.134037017822266,0.2066880166530609
83.55630493164062,9.016905784606934,37.181270599365234,37.15235900878906,0.20576117932796478
84.36409759521484,9.839349746704102,37.21583938598633,37.10074234008789,0.20816999673843384
83.1313247680664,8.599669456481934,37.24222946166992,37.080657958984375,0.20876489579677582
84.78977966308594,10.24527645111084,37.20402526855469,37.1339225769043,0.20655478537082672
83.53788757324219,9.002083778381348,37.177772521972656,37.152408599853516,0.2056288868188858
84.3376235961914,9.81521987915039,37.2161865234375,37.09814453125,0.2080763429403305
83.1606216430664,8.631359100341797,37.24267578125,37.07792663574219,0.20865730941295624
84.71516418457031,10.174298286437988,37.20066833496094,37.13377380371094,0.20642133057117462
83.52864837646484,8.996426582336426,37.17427062988281,37.15245056152344,0.20549964904785156
84.30982208251953,9.789722442626953,37.21653747558594,37.095584869384766,0.2079768180847168
83.19305419921875,8.666187286376953,37.243080139160156,37.07523727416992,0.20854592323303223
84.646484375,10.10932445526123,37.197269439697266,37.133602142333984,0.20628705620765686
83.52886199951172,9.000261306762695,37.17073059082031,37.15250015258789,0.2053731083869934
84.28164672851562,9.763806343078613,37.2168083190918,37.09316635131836,0.20787139236927032
83.22914123535156,8.704657554626465,37.243446350097656,37.07260513305664,0.2084316611289978
84.58454132080078,10.051151275634766,37.19384765625,37.133392333984375,0.20615239441394806
83.53877258300781,9.013794898986816,37.16716384887695,37.15256881713867,0.20524956285953522
84.25439453125,9.738747596740723,37.217037200927734,37.090843200683594,0.20776166021823883
83.2698974609375,8.747798919677734,37.243831634521484,37.069950103759766,0.20831555128097534
84.52955627441406,9.999996185302734,37.19044494628906,37.13309860229492,0.20601700246334076
83.55824279785156,9.036900520324707,37.163578033447266,37.15263366699219,0.20512866973876953
84.22982025146484,9.716333389282227,37.2171745300293,37.08865737915039,0.20764808356761932
83.31649780273438,8.796786308288574,37.24416732788086,37.067344665527344,0.20819808542728424
84.48174285888672,9.956090927124023,37.187049865722656,37.13271713256836,0.20588082075119019
83.58721923828125,9.069507598876953,37.15996551513672,37.15273666381836,0.20501063764095306
84.20928192138672,9.69789981842041,37.21720504760742,37.08664321899414,0.20753231644630432
83.36946868896484,8.852165222167969,37.24449157714844,37.06473922729492,0.20808011293411255
84.44196319580078,9.920300483703613,37.183738708496094,37.13218688964844,0.2057436853647232
83.62530517578125,9.11122989654541,37.156272888183594,37.15290451049805,0.20489493012428284
84.19448852539062,9.68514347076416,37.2170524597168,37.084877014160156,0.20741629600524902
83.42964172363281,8.914719581604004,37.2447624206543,37.062198638916016,0.2079622894525528
84.41056823730469,9.892946243286133,37.18052291870117,37.131492614746094,0.2056039273738861
83.6725845336914,9.162147521972656,37.15259552001953,37.1530647277832,0.20478086173534393
84.18677520751953,9.679388999938965,37.216793060302734,37.083290100097656,0.20730167627334595
83.4975357055664,8.98502254486084,37.24503707885742,37.05963134765625,0.20784471929073334
84.3885269165039,9.87502384185791,37.17735290527344,37.13069152832031,0.2054618000984192
83.72895812988281,9.22213077545166,37.14879608154297,37.15336990356445,0.20466914772987366
84.18732452392578,9.681830406188965,37.2163200378418,37.08198547363281,0.20718950033187866
83.5730972290039,9.063004493713379,37.245296478271484,37.05707550048828,0.20772801339626312
84.37694549560547,9.867620468139648,37.17434310913086,37.12966537475586,0.20531582832336426
83.79484558105469,9.29159164428711,37.14504623413086,37.153648376464844,0.20455870032310486
84.1964340209961,9.692742347717285,37.215755462646484,37.08085250854492,0.20708218216896057
83.65594482421875,9.148279190063477,37.245540618896484,37.05451583862305,0.2076115608215332
84.37691497802734,9.871835708618164,37.17142868041992,37.12848663330078,0.20516453683376312
83.87013244628906,9.370418548583984,37.14120864868164,37.154056549072266,0.20444975793361664
84.21529388427734,9.71334457397461,37.214927673339844,37.08004379272461,0.20698042213916779
83.74604034423828,9.240830421447754,37.245765686035156,37.05194854736328,0.20749543607234955
84.38948822021484,9.888702392578125,37.16863250732422,37.127140045166016,0.20500722527503967
83.9547348022461,9.458504676818848,37.1373405456543,37.154544830322266,0.2043420374393463
84.24466705322266,9.744368553161621,37.21395492553711,37.07945251464844,0.20688492059707642
83.84312438964844,9.340400695800781,37.246009826660156,37.04933166503906,0.20737944543361664
84.41541290283203,9.918988227844238,37.166011810302734,37.125572204589844,0.20484338700771332
84.04835510253906,9.555549621582031,37.133506774902344,37.155059814453125,0.204236701130867
84.2852554321289,9.786540031433105,37.21286392211914,37.07905578613281,0.20679616928100586
83.94705200195312,9.446857452392578,37.246219635009766,37.04671859741211,0.20726193487644196
84.45511627197266,9.963096618652344,37.163475036621094,37.12387466430664,0.20467223227024078
84.15022277832031,9.660748481750488,37.12963104248047,37.15570831298828,0.20413388311862946
84.33840942382812,9.841207504272461,37.21157455444336,37.07891845703125,0.20671366155147552
84.0575180053711,9.559900283813477,37.246360778808594,37.04411697387695,0.2071428745985031
84.50883483886719,10.021239280700684,37.1611213684082,37.121978759765625,0.2044946253299713
84.2589111328125,9.772675514221191,37.125892639160156,37.15631103515625,0.20403432846069336
84.40525817871094,9.909502029418945,37.210201263427734,37.078922271728516,0.2066362053155899
84.17438507080078,9.679409980773926,37.246463775634766,37.04148864746094,0.20702075958251953
84.57660675048828,10.093466758728027,37.1589469909668,37.11988830566406,0.20431123673915863
84.37389373779297,9.890755653381348,37.12226486206055,37.15692901611328,0.20393890142440796
84.48585510253906,9.991506576538086,37.20864486694336,37.07915115356445,0.2065618932247162
84.29667663574219,9.804429054260254,37.24644470214844,37.03890609741211,0.20689482986927032
84.65878295898438,10.180068016052246,37.156925201416016,37.1176643371582,0.204124316573143
84.49392700195312,10.013760566711426,37.11875915527344,37.15755844116211,0.2038484513759613
84.580322265625,10.087335586547852,37.20695495605469,37.07954406738281,0.20648828148841858
84.42350006103516,9.934078216552734,37.246341705322266,37.03631591796875,0.2067636102437973
84.75485229492188,10.280547142028809,37.155155181884766,37.11521911621094,0.20393633842468262
84.61825561523438,10.140893936157227,37.115478515625,37.15811538696289,0.2037639021873474
84.68824005126953,10.196624755859375,37.20507049560547,37.08013153076172,0.2064126878976822
84.55379486083984,10.067301750183105,37.2460823059082,37.03377914428711,0.20662708580493927
84.86447143554688,10.39450454711914,37.153663635253906,37.112552642822266,0.2037499099969864
84.74608612060547,10.271374702453613,37.1124267578125,37.158607482910156,0.2036847621202469
84.8079833984375,10.317777633666992,37.20303726196289,37.08084487915039,0.2063315063714981
84.68653106689453,10.203110694885254,37.245662689208984,37.03127670288086,0.2064834088087082
84.98590850830078,10.520196914672852,37.15242004394531,37.10972595214844,0.20356856286525726
84.87588500976562,10.403600692749023,37.10956573486328,37.15909957885742,0.20361243188381195
84.9389419555664,10.450203895568848,37.20069885253906,37.08180236816406,0.20624147355556488
84.82102966308594,10.340829849243164,37.245147705078125,37.02872848510742,0.20633205771446228
85.11735534667969,10.65573787689209,37.15156173706055,37.106651306152344,0.20339693129062653
85.0064926147461,10.536454200744629,37.106990814208984,37.15950393676758,0.20354600250720978
85.07891845703125,10.591747283935547,37.198211669921875,37.082820892333984,0.2061389535665512
84.95597839355469,10.479133605957031,37.24460220336914,37.02607345581055,0.2061726152896881
85.2569351196289,10.79926586151123,37.15103530883789,37.1033935546875,0.20323754847049713
85.13671112060547,10.668696403503418,37.104557037353516,37.159976959228516,0.20348548889160156
85.22599792480469,10.740548133850098,37.1954231262207,37.084007263183594,0.20602117478847504
85.08963775634766,10.61633586883545,37.24390411376953,37.02339172363281,0.2060043215751648
85.40318298339844,10.949234962463379,37.150814056396484,37.10003662109375,0.20309405028820038
85.26531982421875,10.799097061157227,37.10218811035156,37.160606384277344,0.2034294456243515
85.378173828125,10.894630432128906,37.192420959472656,37.08523178100586,0.205885112285614
85.22026062011719,10.750677108764648,37.243309020996094,37.020442962646484,0.20582658052444458
85.55404663085938,11.103558540344238,37.15098571777344,37.09653091430664,0.20296905934810638
85.38872528076172,10.924046516418457,37.10005187988281,37.161251068115234,0.20337562263011932
85.53546142578125,11.054060935974121,37.18924331665039,37.086429595947266,0.20572853088378906
85.34620666503906,10.880561828613281,37.24265670776367,37.01734161376953,0.20563966035842896
85.70670318603516,11.25938606262207,37.15135955810547,37.09309387207031,0.2028653472661972
85.50299072265625,11.039620399475098,37.097904205322266,37.162147521972656,0.20332080125808716
85.69657897949219,11.217604637145996,37.18586730957031,37.08755111694336,0.20555081963539124
85.46334838867188,11.001877784729004,37.24203872680664,37.01399230957031,0.2054436206817627
85.86089324951172,11.41639232635498,37.152076721191406,37.08964157104492,0.20278312265872955
85.60505676269531,11.142728805541992,37.09588623046875,37.163185119628906,0.203257754445076
85.85926818847656,11.38305377960205,37.18222427368164,37.0886344909668,0.20535226166248322
85.56661224365234,11.10953426361084,37.241268157958984,37.01057052612305,0.2052401602268219
86.01494598388672,11.572884559631348,37.153053283691406,37.0862922668457,0.20272165536880493
85.6892318725586,11.227707862854004,37.093994140625,37.16435241699219,0.20317816734313965
86.0224609375,11.549373626708984,37.178321838378906,37.08962631225586,0.20513536036014557
85.65187072753906,11.199431419372559,37.2403450012207,37.00706481933594,0.20503205060958862
86.1645736694336,11.72452163696289,37.154396057128906,37.082984924316406,0.20267724990844727
85.74961853027344,11.288664817810059,37.0924186706543,37.165462493896484,0.20307062566280365
86.18256378173828,11.71300983428955,37.1740608215332,37.09059143066406,0.20490427315235138
85.71525573730469,11.267701148986816,37.2390022277832,37.00373458862305,0.2048223465681076
86.30370330810547,11.86520767211914,37.15618133544922,37.07966613769531,0.20264118909835815
85.7833023071289,11.322724342346191,37.09130096435547,37.16635513305664,0.20292219519615173
86.33074951171875,11.865172386169434,37.16938400268555,37.09152603149414,0.20466496050357819
85.75308990478516,11.310619354248047,37.237060546875,37.000789642333984,0.20461873710155487
86.42560577392578,11.988256454467773,37.15837478637695,37.07638168334961,0.20260117948055267
85.79299926757812,11.332677841186523,37.09074783325195,37.16685485839844,0.2027188241481781
86.45268249511719,11.991528511047363,37.164100646972656,37.09263229370117,0.20442485809326172
85.76691436767578,11.329691886901855,37.234336853027344,36.99845504760742,0.2044294774532318
86.5172119140625,12.080588340759277,37.16114807128906,37.07293701171875,0.2025386244058609
85.78369140625,11.323575973510742,37.091121673583984,37.166542053222656,0.2024499773979187
86.5343017578125,12.07796859741211,37.15830993652344,37.09382629394531,0.20419162511825562
85.76579284667969,11.333901405334473,37.23063659667969,36.99698257446289,0.20426680147647858
86.5643310546875,12.128140449523926,37.16450119018555,37.06925964355469,0.20243209600448608
85.76719665527344,11.307344436645508,37.09265899658203,37.16508483886719,0.20211024582386017
86.56026458740234,12.109099388122559,37.15190124511719,37.09529113769531,0.2039753943681717
85.75999450683594,11.333443641662598,37.225833892822266,36.996578216552734,0.20414282381534576
86.56060028076172,12.124675750732422,37.168312072753906,37.06535339355469,0.20225976407527924
85.76080322265625,11.301336288452148,37.09539794921875,37.162357330322266,0.20170293748378754
86.52086639404297,12.075060844421387,37.14484786987305,37.09716796875,0.2037864327430725
85.76056671142578,11.339271545410156,37.21986389160156,36.99736022949219,0.2040712833404541
86.51338195800781,12.077692031860352,37.17242431640625,37.06126403808594,0.20200234651565552
85.78294372558594,11.324057579040527,37.09943771362305,37.158206939697266,0.20123904943466187
86.41588592529297,11.975543975830078,37.13736343383789,37.09933853149414,0.20363587141036987
85.7748031616211,11.358641624450684,37.21321105957031,36.99888610839844,0.20406125485897064
86.44731140136719,12.01196002960205,37.17629623413086,37.057403564453125,0.2016497254371643
85.85172271728516,11.393586158752441,37.104652404785156,37.152748107910156,0.20073957741260529
86.24102020263672,11.806070327758789,37.12936782836914,37.102046966552734,0.2035311758518219
85.80255126953125,11.391368865966797,37.20659255981445,37.00047302246094,0.20411735773086548
86.39910125732422,11.96429443359375,37.1784782409668,37.05512619018555,0.20120562613010406
86.00079345703125,11.543519020080566,37.11099624633789,37.146053314208984,0.20022954046726227
85.87841033935547,11.448495864868164,37.11962890625,37.10683822631836,0.20345574617385864
85.84477996826172,11.438335418701172,37.20248794555664,36.999717712402344,0.20423831045627594
86.24627685546875,11.812701225280762,37.17647933959961,37.056373596191406,0.20072101056575775
86.4655532836914,12.009209632873535,37.121829986572266,37.134761810302734,0.19975228607654572
84.10582733154297,9.678215980529785,37.10244369506836,37.12198257446289,0.20318326354026794
85.71329498291016,11.310467720031738,37.20713806152344,36.99129867553711,0.20439399778842926
84.240234375,9.813373565673828,37.17006301879883,37.05613708496094,0.20066434144973755
87.66091918945312,13.206869125366211,37.14509963989258,37.10946273803711,0.19949589669704437
78.14203643798828,3.706292152404785,37.08729553222656,37.14643859863281,0.2020106315612793
84.78459167480469,10.393787384033203,37.281803131103516,36.90391540527344,0.20508573949337006
83.15005493164062,8.74445915222168,37.18547439575195,37.018310546875,0.20181655883789062
80.19868469238281,5.750560283660889,37.12464141845703,37.12386703491211,0.19961880147457123
81.82891082763672,7.417605876922607,37.129512786865234,37.0755500793457,0.20624662935733795
80.21726989746094,5.817531108856201,37.223899841308594,36.973575592041016,0.20225924253463745
88.45259857177734,14.021893501281738,37.14307403564453,37.08879852294922,0.1988326460123062
81.11161804199219,6.664283275604248,37.133697509765625,37.113800048828125,0.1998332440853119
111.74622344970703,37.37301254272461,37.138397216796875,37.02404022216797,0.21076679229736328
127.43142700195312,53.088233947753906,37.11101150512695,37.015380859375,0.21679329872131348
92.74639892578125,18.36577606201172,37.142845153808594,37.034244537353516,0.20353423058986664
94.69730377197266,20.23603630065918,37.2456169128418,37.01772689819336,0.19792695343494415
100.43950653076172,25.976451873779297,37.13785171508789,37.12545394897461,0.19974441826343536
78.7691650390625,4.34291934967041,36.97307586669922,37.24997329711914,0.20320382714271545
140.70555114746094,66.32129669189453,37.229164123535156,36.952693939208984,0.20239576697349548
167.998291015625,93.63899230957031,37.45698165893555,36.701602935791016,0.20071111619472504
104.44497680664062,30.090784072875977,37.57359313964844,36.58159637451172,0.19900308549404144
138.89718627929688,64.48953247070312,37.23703384399414,36.970550537109375,0.20007985830307007
205.2086181640625,130.7506866455078,36.84830856323242,37.40837478637695,0.2012438327074051
168.35997009277344,93.87284851074219,36.5494499206543,37.73642349243164,0.2012409269809723
131.62147521972656,57.14849853515625,36.5690803527832,37.70396423339844,0.19993282854557037
133.09422302246094,58.659141540527344,36.93294906616211,37.30203628540039,0.20010389387607574
121.25716400146484,46.85490798950195,37.4053955078125,36.795841217041016,0.20102719962596893
133.05023193359375,58.659751892089844,37.79425811767578,36.39392852783203,0.20230087637901306
130.7174835205078,56.319297790527344,37.96219253540039,36.23116683959961,0.20482565462589264
102.40067291259766,27.985681533813477,37.91558837890625,36.29832458496094,0.20108292996883392
110.46562194824219,36.0179443359375,37.65122985839844,36.59834671020508,0.1981057971715927
120.96256256103516,46.49596405029297,37.36958694458008,36.89249801635742,0.2045065313577652
99.0940170288086,24.663209915161133,37.062034606933594,37.16956329345703,0.1992146521806717
101.07640838623047,26.676252365112305,36.763057708740234,37.43060302734375,0.20649856328964233
103.65853118896484,29.25310707092285,36.61738586425781,37.584529876708984,0.20351344347000122
90.98680114746094,16.549640655517578,36.65543746948242,37.581024169921875,0.20069698989391327
106.1749038696289,31.715431213378906,36.87900924682617,37.3781852722168,0.2022758573293686
103.93937683105469,29.491559982299805,37.06020736694336,37.1887321472168,0.19888406991958618
89.30884552001953,14.892104148864746,37.146728515625,37.071502685546875,0.19851063191890717
85.99310302734375,11.599287986755371,37.216922760009766,36.979312896728516,0.19757680594921112
97.67273712158203,23.25421142578125,37.452003479003906,36.7659912109375,0.20053242146968842
90.81588745117188,16.370420455932617,37.62527084350586,36.61802673339844,0.2021704763174057
102.52664184570312,28.091197967529297,37.54128646850586,36.69417190551758,0.1999819278717041
109.0672607421875,34.656978607177734,37.38338851928711,36.830081939697266,0.19680920243263245
88.80648803710938,14.408539772033691,37.23957824707031,36.959537506103516,0.1988375186920166
89.2392578125,14.800594329833984,37.17827224731445,37.05837631225586,0.20200766623020172
95.57434844970703,21.112825393676758,37.02690887451172,37.22686004638672,0.2077554166316986
85.2141342163086,10.793994903564453,36.858924865722656,37.35824203491211,0.20297375321388245
106.99425506591797,32.61975860595703,36.87116622924805,37.304283142089844,0.19905470311641693
112.05944061279297,37.676334381103516,36.994361877441406,37.18514633178711,0.2035931497812271
87.48469543457031,13.0630464553833,37.20086669921875,37.02195739746094,0.19882065057754517
86.8981704711914,12.44088363647461,37.36378479003906,36.882850646972656,0.21065868437290192
100.64412689208984,26.23487663269043,37.3536262512207,36.85490036010742,0.20072434842586517
91.28783416748047,16.89013671875,37.25785827636719,36.9414176940918,0.19841767847537994
104.74687194824219,30.31201171875,37.072330474853516,37.162269592285156,0.20026306807994843
114.11273956298828,39.676326751708984,36.939117431640625,37.295467376708984,0.20181919634342194
88.46416473388672,14.064398765563965,36.89144515991211,37.30691146850586,0.20140542089939117
88.31819152832031,13.914779663085938,37.130226135253906,37.07537841796875,0.19780750572681427
100.3990478515625,25.9425048828125,37.469783782958984,36.78818130493164,0.1985815167427063
88.79737091064453,14.352529525756836,37.6512565612793,36.59505844116211,0.19852350652217865
114.67237091064453,40.309993743896484,37.373836517333984,36.7893180847168,0.19922670722007751
130.7040557861328,56.3576774597168,37.003150939941406,37.14060592651367,0.20261405408382416
102.81158447265625,28.4143123626709,36.627662658691406,37.56608963012695,0.20352411270141602
89.73699188232422,15.282525062561035,36.494476318359375,37.755619049072266,0.2043679803609848
112.8433837890625,38.43324279785156,36.908607482910156,37.30672836303711,0.1948094367980957
106.26996612548828,31.8686466217041,37.655479431152344,36.553565979003906,0.1922774314880371
105.92707824707031,31.465791702270508,38.210838317871094,36.050689697265625,0.19976019859313965
119.3656997680664,44.91482925415039,38.07040023803711,36.17570495605469,0.20476506650447845
112.52566528320312,38.15062713623047,37.13277816772461,37.038917541503906,0.2033485323190689
98.57642364501953,24.19304656982422,36.13948440551758,38.04228210449219,0.20160304009914398
96.93307495117188,22.47405242919922,35.91020965576172,38.34571075439453,0.20310033857822418
97.35012817382812,22.903337478637695,36.667503356933594,37.5833854675293,0.19590653479099274
103.39387512207031,29.017057418823242,37.75761413574219,36.42386245727539,0.19534555077552795
99.81348419189453,25.432252883911133,38.35371780395508,35.82743835449219,0.20007367432117462
113.15508270263672,38.71145248413086,38.080360412597656,36.16157150268555,0.20170040428638458
108.5162353515625,34.06098937988281,37.443546295166016,36.80485534667969,0.20684458315372467
93.30469512939453,18.901670455932617,36.774208068847656,37.42528533935547,0.20353101193904877
91.65664672851562,17.268457412719727,36.60163879394531,37.589168548583984,0.1973855048418045
103.92298126220703,29.491228103637695,36.9041748046875,37.32923889160156,0.198343887925148
102.34291076660156,27.924169540405273,37.169551849365234,37.04975891113281,0.19943596422672272
96.22169494628906,21.874055862426758,37.228633880615234,36.92094039916992,0.19806014001369476
94.23578643798828,19.88990020751953,37.13800048828125,37.01143264770508,0.19645272195339203
97.9096450805664,23.479686737060547,37.13753890991211,37.0916633605957,0.2007516473531723
94.96759033203125,20.51819610595703,37.26569366455078,36.981712341308594,0.2019854635000229
99.74771118164062,25.367616653442383,37.390480041503906,36.792179107666016,0.19743086397647858
100.01457214355469,25.65471649169922,37.374881744384766,36.78726577758789,0.19770556688308716
92.86592864990234,18.462602615356445,37.20464324951172,36.99777603149414,0.2009047418832779
93.13552856445312,18.733131408691406,37.04862976074219,37.15365982055664,0.20010250806808472
98.068603515625,23.72838020324707,37.010719299316406,37.13374328613281,0.19576095044612885
99.73169708251953,25.388261795043945,37.05558776855469,37.09176254272461,0.19608378410339355
90.63990020751953,16.224933624267578,37.14004898071289,37.07352066040039,0.20139645040035248
93.2055435180664,18.783811569213867,37.19645309448242,37.023563385009766,0.20171548426151276
94.84517669677734,20.499452590942383,37.21921157836914,36.92937088012695,0.1971387416124344
95.84647369384766,21.51164436340332,37.267581939697266,36.8716926574707,0.19554752111434937
91.75658416748047,17.35082244873047,37.27338790893555,36.93229675292969,0.20007863640785217
93.24990844726562,18.831707000732422,37.10603332519531,37.11083984375,0.2013210654258728
93.55563354492188,19.209081649780273,36.836647033691406,37.31117630004883,0.1987295001745224
93.7628173828125,19.432533264160156,36.790016174316406,37.34146499633789,0.19880753755569458
94.12788391113281,19.737451553344727,37.04252624511719,37.14680480957031,0.2011014074087143
95.17945098876953,20.77724266052246,37.33280563354492,36.869728088378906,0.19967831671237946
91.53704833984375,17.192243576049805,37.48951721191406,36.65959167480469,0.19569191336631775
92.32364654541016,17.984968185424805,37.41636657714844,36.72526931762695,0.19704370200634003
94.33055114746094,19.932252883911133,37.151920318603516,37.04285430908203,0.2035207748413086
94.21429443359375,19.816795349121094,36.92664337158203,37.2680549621582,0.20280438661575317
93.06027221679688,18.732467651367188,36.84187698364258,37.28805160522461,0.1978740692138672
93.60406494140625,19.283123016357422,36.928035736083984,37.1960563659668,0.1968519538640976
92.98750305175781,18.599895477294922,37.135581970214844,37.05104064941406,0.20099182426929474
93.03809356689453,18.64484405517578,37.29662322998047,36.89516830444336,0.2014535516500473
94.37586975097656,20.054073333740234,37.30149841308594,36.823486328125,0.1968052238225937
94.52205657958984,20.207426071166992,37.198177337646484,36.91908264160156,0.19737018644809723
93.07022857666016,18.687274932861328,37.08753204345703,37.09269332885742,0.20272456109523773
93.43758392333984,19.0518741607666,37.04881286621094,37.13488006591797,0.20202131569385529
94.3276596069336,20.01629066467285,37.06608963012695,37.0491828918457,0.19609537720680237
94.99564361572266,20.6897029876709,37.104183197021484,37.00624084472656,0.19551695883274078
92.3322525024414,17.955286026000977,37.127803802490234,37.04752731323242,0.2016395628452301
93.23107147216797,18.851097106933594,37.1199836730957,37.05723571777344,0.20275241136550903
93.12739562988281,18.82123374938965,37.08883285522461,37.01966857910156,0.19766153395175934
92.95140838623047,18.648576736450195,37.07383728027344,37.03217697143555,0.19681431353092194
93.70403289794922,19.329776763916016,37.09062957763672,37.08193588256836,0.20168833434581757
93.2108154296875,18.83780288696289,37.1287956237793,37.04250717163086,0.20170274376869202
93.45677185058594,19.15998649597168,37.160545349121094,36.93946838378906,0.19676661491394043
92.91509246826172,18.621931076049805,37.14680480957031,36.94955825805664,0.19679927825927734
93.58100128173828,19.21531867980957,37.08473205566406,37.07918930053711,0.20176014304161072
92.83348846435547,18.464454650878906,37.04222106933594,37.1248893737793,0.20193003118038177
93.61919403076172,19.324241638183594,37.06014633178711,37.03774642944336,0.19706176221370697
92.7974853515625,18.51117706298828,37.11568832397461,36.973514556884766,0.19710765779018402
93.2663803100586,18.913419723510742,37.15195083618164,36.99883270263672,0.20218244194984436
92.16053771972656,17.801719665527344,37.129878997802734,37.02743911743164,0.2014995515346527
93.80134582519531,19.509281158447266,37.07924270629883,37.016300201416016,0.19651451706886292
92.3714828491211,18.088212966918945,37.07644271850586,37.01007080078125,0.19675616919994354
93.3105239868164,18.965116500854492,37.10478973388672,37.038185119628906,0.2024301141500473
91.69889831542969,17.34910774230957,37.09257507324219,37.055198669433594,0.20202022790908813
93.91040802001953,19.625347137451172,37.06450653076172,37.02400588989258,0.19654740393161774
92.33221435546875,18.05388069152832,37.096435546875,36.98516845703125,0.19672991335391998
92.75677490234375,18.417640686035156,37.150489807128906,36.986305236816406,0.20234249532222748
91.38319396972656,17.04358673095703,37.1304817199707,37.00712966918945,0.2019982784986496
93.1255874633789,18.850343704223633,37.07721710205078,37.00142288208008,0.1966019719839096
91.84588623046875,17.571077346801758,37.09153366088867,36.98674392700195,0.1965331882238388
91.8377914428711,17.499109268188477,37.12188720703125,37.014774322509766,0.202021986246109
90.58600616455078,16.253055572509766,37.080360412597656,37.05073165893555,0.20186148583889008
92.28945922851562,18.025157928466797,37.03071594238281,37.036556243896484,0.19702981412410736
90.91295623779297,16.644987106323242,37.06148910522461,37.009681701660156,0.1968032717704773
91.12921142578125,16.79288101196289,37.11404800415039,37.02040100097656,0.20188063383102417
89.61463165283203,15.28622817993164,37.10631561279297,37.02058410644531,0.20149707794189453
91.64289093017578,17.386323928833008,37.07963943481445,36.97970962524414,0.19720910489559174
89.98101806640625,15.721907615661621,37.0892219543457,36.97282791137695,0.19706326723098755
90.6298828125,16.30013084411621,37.10743713378906,37.020687103271484,0.20162701606750488
88.97369384765625,14.646240234375,37.106048583984375,37.020320892333984,0.20107780396938324
91.06441497802734,16.808317184448242,37.09099197387695,36.967891693115234,0.19721592962741852
89.43570709228516,15.18569564819336,37.073150634765625,36.97941589355469,0.19743962585926056
90.16535949707031,15.849506378173828,37.07001495361328,37.044036865234375,0.20180049538612366
88.66829681396484,14.345778465270996,37.08578109741211,37.036033630371094,0.2007073014974594
90.58480072021484,16.32622528076172,37.09488296508789,36.96681213378906,0.19687312841415405
88.98541259765625,14.740020751953125,37.08070373535156,36.967166900634766,0.19752620160579681
90.02660369873047,15.723498344421387,37.07590866088867,37.025062561035156,0.2021314948797226
88.34408569335938,14.028738021850586,37.09037780761719,37.02419662475586,0.20077770948410034
90.58148193359375,16.321422576904297,37.08823776245117,36.97520446777344,0.19661973416805267
88.78157043457031,14.5375394821167,37.0679931640625,36.978580474853516,0.19745518267154694
89.95195770263672,15.659329414367676,37.066978454589844,37.02347183227539,0.2021825909614563
88.29141235351562,13.98812198638916,37.07870101928711,37.023738861083984,0.20085404813289642
90.28180694580078,16.02706527709961,37.076541900634766,36.98165512084961,0.19653891026973724
88.80903625488281,14.564095497131348,37.08041763305664,36.967124938964844,0.19740651547908783
89.44802856445312,15.156713485717773,37.09907150268555,36.99015808105469,0.20208849012851715
88.38778686523438,14.094346046447754,37.08945846557617,37.00301742553711,0.20096950232982635
89.57608032226562,15.33389949798584,37.05628967285156,36.989192962646484,0.19670291244983673
88.74718475341797,14.504982948303223,37.06914138793945,36.9755744934082,0.19748902320861816
88.87212371826172,14.576862335205078,37.10236358642578,36.99095153808594,0.20194028317928314
88.28815460205078,14.000115394592285,37.07381820678711,37.01338195800781,0.20084652304649353
88.91991424560547,14.692712783813477,37.020477294921875,37.00989532470703,0.19683332741260529
88.2226333618164,13.987887382507324,37.05600357055664,36.98117446899414,0.19755937159061432
88.64476013183594,14.345718383789062,37.120479583740234,36.9766845703125,0.20187431573867798
87.89617156982422,13.60791301727295,37.096073150634766,36.991493225097656,0.2006939947605133
88.42143249511719,14.203964233398438,37.03571701049805,36.98486328125,0.1968815177679062
87.58116912841797,13.35797119140625,37.062923431396484,36.96280288696289,0.19747017323970795
88.25988006591797,13.965630531311035,37.11368179321289,36.97901916503906,0.20154337584972382
87.40870666503906,13.118261337280273,37.09089279174805,36.99897384643555,0.2005736380815506
87.91839599609375,13.700751304626465,37.04859161376953,36.97201156616211,0.19703851640224457
87.21012878417969,12.998035430908203,37.06010055541992,36.95450210571289,0.19749222695827484
87.75604248046875,13.476333618164062,37.08059310913086,36.998069763183594,0.20105348527431488
86.99919891357422,12.709664344787598,37.073177337646484,37.01597595214844,0.20038828253746033
87.83950805664062,13.614291191101074,37.069034576416016,36.9589958190918,0.19719161093235016
87.048095703125,12.841409683227539,37.06242370605469,36.94662094116211,0.1976470798254013
87.7011489868164,13.440130233764648,37.046810150146484,37.01359939575195,0.2006145566701889
86.56536865234375,12.284934043884277,37.05595779418945,37.024208068847656,0.20027099549770355
88.32514190673828,14.09356689453125,37.08700180053711,36.94707107543945,0.19750533998012543
86.99089050292969,12.781249046325684,37.07596206665039,36.93563461303711,0.1980469822883606
87.8483657836914,13.5994291305542,37.04292297363281,37.005741119384766,0.20027007162570953
86.4756851196289,12.209604263305664,37.04923629760742,37.01662063598633,0.20021620392799377
88.3105697631836,14.082117080688477,37.07698440551758,36.95355224609375,0.19791169464588165
87.13082885742188,12.916516304016113,37.075355529785156,36.94024658203125,0.19871769845485687
87.4465560913086,13.199100494384766,37.06129455566406,36.986148834228516,0.20001129806041718
86.7631607055664,12.509149551391602,37.046512603759766,37.00727462768555,0.20021839439868927
87.54308319091797,13.3274507522583,37.030662536621094,36.986839294433594,0.19812913239002228
87.17496490478516,12.960753440856934,37.05243682861328,36.96255111694336,0.1992294192314148
86.93871307373047,12.685503959655762,37.09636306762695,36.957054138183594,0.19978994131088257
86.95175170898438,12.703631401062012,37.066856384277344,36.98127746582031,0.1999819427728653
86.82571411132812,12.626394271850586,36.994625091552734,37.00660705566406,0.1980893462896347
86.81100463867188,12.603500366210938,37.03207778930664,36.97615051269531,0.1992788314819336
86.7350082397461,12.47646427154541,37.12260055541992,36.93624496459961,0.19969981908798218
86.71846008300781,12.470414161682129,37.086612701416016,36.96186065673828,0.1995665431022644
86.3542709350586,12.166184425354004,36.98591232299805,37.00424575805664,0.1979314237833023
86.21048736572266,12.013833999633789,37.025272369384766,36.97237777709961,0.19899730384349823
86.40753173828125,12.151199340820312,37.119102478027344,36.937530517578125,0.1996966004371643
86.19097137451172,11.940929412841797,37.08522033691406,36.965492248535156,0.19933286309242249
85.91887664794922,11.732654571533203,37.00507736206055,36.9832649230957,0.1978873759508133
85.72979736328125,11.543399810791016,37.03617858886719,36.951602935791016,0.198616161942482
85.92881774902344,11.683045387268066,37.087581634521484,36.95848846435547,0.19971083104610443
85.65577697753906,11.406705856323242,37.05655288696289,36.99311828613281,0.1994049996137619
85.79209899902344,11.601994514465332,37.0254020690918,36.966617584228516,0.19808678328990936
85.53038024902344,11.349835395812988,37.049102783203125,36.93315887451172,0.19828453660011292
85.70543670654297,11.472344398498535,37.05281066894531,36.98056411743164,0.19971109926700592
85.29654693603516,11.052839279174805,37.03105926513672,37.01298522949219,0.19966302812099457
86.0049057006836,11.812012672424316,37.045597076416016,36.94882583618164,0.1984679102897644
85.57354736328125,11.395130157470703,37.064762115478516,36.91555404663086,0.19810166954994202
85.62443542480469,11.400735855102539,37.03915023803711,36.984920501708984,0.19963344931602478
85.20075225830078,10.964301109313965,37.018802642822266,37.01768493652344,0.19996127486228943
86.01618194580078,11.824736595153809,37.04668045043945,36.945926666259766,0.19883693754673004
85.67608642578125,11.499112129211426,37.06947326660156,36.909523010253906,0.19798320531845093
85.36299896240234,11.144623756408691,37.048213958740234,36.970821380615234,0.19934353232383728
85.29729461669922,11.067513465881348,37.017478942871094,37.012142181396484,0.20015887916088104
85.5362548828125,11.349610328674316,37.02094268798828,36.966548919677734,0.19916115701198578
85.61791229248047,11.443273544311523,37.05673599243164,36.9200439453125,0.197859987616539
84.96748352050781,10.752001762390137,37.07289123535156,36.943748474121094,0.1988372802734375
85.39836120605469,11.17428970336914,37.030216217041016,36.99380111694336,0.20005418360233307
84.83000946044922,10.649401664733887,36.98902893066406,36.99209213256836,0.1994839757680893
85.34126281738281,11.169605255126953,37.036190032958984,36.93757247924805,0.1978890299797058
84.61443328857422,10.40120792388916,37.09585189819336,36.91904830932617,0.19832830131053925
85.3111801147461,11.09230899810791,37.047462463378906,36.97181701660156,0.19959403574466705
84.27025604248047,10.095489501953125,36.97037887573242,37.00471878051758,0.19966520369052887
84.95308685302734,10.78466510772705,37.02030563354492,36.949893951416016,0.19822150468826294
84.3106460571289,10.100310325622559,37.10171127319336,36.91054153442383,0.19808314740657806
84.96601104736328,10.752056121826172,37.05439758300781,36.96056365966797,0.19899415969848633
84.00540924072266,9.835613250732422,36.96942901611328,37.00088882446289,0.1994784027338028
84.64376831054688,10.478816986083984,37.014732360839844,36.951534271240234,0.19868484139442444
83.9920883178711,9.785804748535156,37.087955474853516,36.92012023925781,0.19820576906204224
84.5385513305664,10.329232215881348,37.04635238647461,36.96439743041992,0.19857348501682281
83.94811248779297,9.782308578491211,36.983306884765625,36.98355484008789,0.1989392191171646
84.51042175292969,10.349193572998047,37.02363586425781,36.93865966796875,0.1989280730485916
83.72982025146484,9.528366088867188,37.067832946777344,36.93505096435547,0.19857367873191833
84.2602310180664,10.055134773254395,37.029258728027344,36.97732925415039,0.1985120177268982
83.95390319824219,9.791400909423828,37.00016403198242,36.96400451660156,0.19833627343177795
84.4784164428711,10.321247100830078,37.04025650024414,36.91816329956055,0.19875389337539673
83.62188720703125,9.425521850585938,37.05183410644531,36.94563293457031,0.19890032708644867
84.2050552368164,10.003732681274414,37.00801086425781,36.99456024169922,0.19875697791576385
83.87201690673828,9.71225643157959,37.00522232055664,36.9565315246582,0.19800877571105957
84.42552185058594,10.272527694702148,37.05451965332031,36.90016555786133,0.19829997420310974
83.60326385498047,9.412156105041504,37.048309326171875,36.9438591003418,0.1989392787218094
84.30631256103516,10.10872745513916,36.99116897583008,37.00733947753906,0.19907623529434204
83.61392974853516,9.456570625305176,36.99327087402344,36.96598815917969,0.19809675216674805
84.33805847167969,10.188971519470215,37.05831527709961,36.89291000366211,0.19786347448825836
83.50071716308594,9.314888954162598,37.058563232421875,36.92861557006836,0.1986522674560547
84.40186309814453,10.208550453186035,36.98813247680664,37.00596237182617,0.19921588897705078
83.28133392333984,9.126667022705078,36.97316360473633,36.983028411865234,0.19848114252090454
84.26904296875,10.123432159423828,37.049259185791016,36.898681640625,0.1976669877767563
83.24495697021484,9.064034461975098,37.07301712036133,36.90969467163086,0.19821123778820038
84.34172058105469,10.153157234191895,36.998741149902344,36.99073791503906,0.19907771050930023
83.03952026367188,8.888289451599121,36.95823669433594,36.99410629272461,0.1988811492919922
84.2140884399414,10.071857452392578,37.03158187866211,36.91289520263672,0.1977550983428955
82.93668365478516,8.760163307189941,37.078460693359375,36.900211334228516,0.1978558450937271
84.15148162841797,9.967608451843262,37.01364517211914,36.97146224975586,0.19876550137996674
82.88722229003906,8.739960670471191,36.957393646240234,36.990840911865234,0.1990315020084381
84.10784149169922,9.969109535217285,37.015892028808594,36.92484664916992,0.19799154996871948
82.72125244140625,8.548839569091797,37.06964111328125,36.90504455566406,0.1977255493402481
83.97547149658203,9.795958518981934,37.02271270751953,36.95833969116211,0.19846686720848083
82.7405014038086,8.597108840942383,36.97106170654297,36.9734992980957,0.19883202016353607
83.93992614746094,9.804720878601074,37.01105880737305,36.92597961425781,0.19816631078720093
82.63609313964844,8.467888832092285,37.04905700683594,36.921348571777344,0.19780345261096954
83.86812591552734,9.692821502685547,37.017757415771484,36.959228515625,0.1983194351196289
82.62117004394531,8.481316566467285,36.990352630615234,36.95109558105469,0.19840916991233826
83.79117584228516,9.659394264221191,37.01926040649414,36.91437911987305,0.19813957810401917
82.61071014404297,8.44692611694336,37.02680587768555,36.939022064208984,0.1979561746120453
83.78939819335938,9.618443489074707,36.99922561645508,36.973392486572266,0.19833217561244965
82.58070373535156,8.444214820861816,37.003089904785156,36.93538284301758,0.19801560044288635
83.72896575927734,9.600542068481445,37.03612518310547,36.89437484741211,0.19793157279491425
82.57376861572266,8.414474487304688,37.01620101928711,36.945064544677734,0.19802981615066528
83.734130859375,9.567646980285645,36.976688385009766,36.99139404296875,0.1984035074710846
82.57050323486328,8.437475204467773,36.99938201904297,36.935813903808594,0.19782792031764984
83.73089599609375,9.605877876281738,37.05101776123047,36.87632751464844,0.1976768970489502
82.52088928222656,8.365829467773438,37.02497863769531,36.93212890625,0.19795352220535278
83.7242431640625,9.56209659576416,36.96322250366211,37.00050735473633,0.1984170377254486
82.53126525878906,8.402034759521484,36.97755432128906,36.953819274902344,0.19786348938941956
83.73338317871094,9.612001419067383,37.051719665527344,36.87214660644531,0.1975170522928238
82.48943328857422,8.338061332702637,37.04781723022461,36.9057731628418,0.1977805644273758
83.73434448242188,9.576224327087402,36.9672737121582,36.992530822753906,0.19831953942775726
82.49896240234375,8.373966217041016,36.948299407958984,36.97868728637695,0.1980113536119461
83.72293853759766,9.605606079101562,37.03477096557617,36.88505172729492,0.19751015305519104
82.48844909667969,8.340265274047852,37.07035827636719,36.88019943237305,0.19763365387916565
83.72711181640625,9.572541236877441,36.987117767333984,36.96929931640625,0.19814924895763397
82.51707458496094,8.396686553955078,36.9291877746582,36.993099212646484,0.19810514152050018
83.72991180419922,9.617121696472168,37.00865936279297,36.90652847290039,0.1976010948419571
82.4960708618164,8.351014137268066,37.07712173461914,36.87033462524414,0.19760440289974213
83.725830078125,9.57439136505127,37.01030349731445,36.943119049072266,0.19801364839076996
82.54572296142578,8.429848670959473,36.93217849731445,36.98568344116211,0.19801382720470428
83.76223754882812,9.654293060302734,36.98713684082031,36.923160552978516,0.1976507157087326
82.50684356689453,8.365485191345215,37.05924987792969,36.88441848754883,0.1976848691701889
83.77169799804688,9.623291015625,37.02102279663086,36.92937088012695,0.19801107048988342
82.54779815673828,8.435848236083984,36.957462310791016,36.956756591796875,0.19773292541503906
83.80509948730469,9.701882362365723,36.98196029663086,36.92374038696289,0.19751955568790436
82.53889465332031,8.402153968811035,37.02127456665039,36.917686462402344,0.19778062403202057
83.84384155273438,9.698974609375,37.0099983215332,36.93671798706055,0.1981523483991623
82.57089233398438,8.462186813354492,36.99317932128906,36.91811752319336,0.19740404188632965
83.85379028320312,9.754781723022461,36.99737548828125,36.90445327758789,0.19717144966125488
82.60380554199219,8.472272872924805,36.982208251953125,36.951560974121094,0.19776271283626556
83.90337371826172,9.762866973876953,36.98078918457031,36.96138000488281,0.1983444094657898
82.64173126220703,8.53614616394043,37.01799011230469,36.890377044677734,0.19721537828445435
83.90186309814453,9.806565284729004,37.02511978149414,36.87347412109375,0.19671224057674408
82.6880874633789,8.561594009399414,36.96605682373047,36.962886810302734,0.19755086302757263
83.9529800415039,9.817307472229004,36.94888687133789,36.98833465576172,0.19844931364059448
82.72066497802734,8.618871688842773,37.01165771484375,36.89286804199219,0.1972671002149582
83.93746948242188,9.845793724060059,37.04611587524414,36.84922409057617,0.1963348388671875
82.78424835205078,8.661779403686523,36.98588562011719,36.93939208984375,0.19718872010707855
83.98845672607422,9.857439994812012,36.934120178222656,36.99851989746094,0.19836904108524323
82.83464813232422,8.737908363342285,36.971378326416016,36.9278564453125,0.19750522077083588
83.95519256591797,9.867668151855469,37.04296875,36.84834671020508,0.19620221853256226
82.94823455810547,8.82830810546875,37.032737731933594,36.890342712402344,0.19684767723083496
83.98133087158203,9.854307174682617,36.94778823852539,36.981136322021484,0.1980935037136078
83.08409881591797,8.993670463562012,36.917659759521484,36.975013732910156,0.19775432348251343
83.947265625,9.864723205566406,37.013641357421875,36.87255096435547,0.19635358452796936
83.2569580078125,9.138291358947754,37.079524993896484,36.842403411865234,0.1967424899339676
83.933837890625,9.810027122497559,36.9837532043457,36.94234848022461,0.19770851731300354
83.48339080810547,9.399918556213379,36.88224792480469,37.00341796875,0.19780616462230682
83.91217041015625,9.835219383239746,36.97244644165039,36.9078254699707,0.1966789811849594
83.68048095703125,9.5629243850708,37.09492111206055,36.82563781738281,0.19699950516223907
83.86825561523438,9.747115135192871,37.021549224853516,36.9022102355957,0.19738136231899261
83.93669128417969,9.859752655029297,36.88988494873047,36.989540100097656,0.1975075751543045
83.8673324584961,9.796210289001465,36.9395751953125,36.93459701538086,0.19695596396923065
84.10755157470703,9.992393493652344,37.0601921081543,36.85740280151367,0.19755993783473969
83.7991714477539,9.680752754211426,37.038326263427734,36.88279724121094,0.19729448854923248
84.35419464111328,10.28244400024414,36.94229507446289,36.93259811401367,0.1968596875667572
83.82447052001953,9.758881568908691,36.93111801147461,36.93753433227539,0.19693641364574432
84.4822769165039,10.371318817138672,36.98674011230469,36.92604064941406,0.1981734335422516
83.74141693115234,9.626506805419922,37.02217102050781,36.89520263671875,0.1975320428609848
84.68916320800781,10.62130069732666,37.01127243041992,36.86051940917969,0.1960725635290146
83.7791976928711,9.718402862548828,36.954341888427734,36.909969329833984,0.19647888839244843
84.76300811767578,10.657154083251953,36.92048263549805,36.98687744140625,0.1984962373971939
83.7062759399414,9.595970153808594,36.978660583496094,36.93364334106445,0.19800196588039398
84.86186981201172,10.798091888427734,37.04694747924805,36.82132339477539,0.1955045610666275
83.74334716796875,9.686688423156738,36.99824905395508,36.86274719238281,0.19566521048545837
84.85490417480469,10.753432273864746,36.9129753112793,36.99020004272461,0.1982954442501068
83.7120361328125,9.606928825378418,36.930843353271484,36.975826263427734,0.19843894243240356
84.81982421875,10.762175559997559,37.01075744628906,36.85145568847656,0.1954323798418045
83.74433898925781,9.691878318786621,37.030189514160156,36.82743453979492,0.19484049081802368
84.76631164550781,10.667146682739258,36.97679138183594,36.9246940612793,0.19767408072948456
83.73760986328125,9.637393951416016,36.912410736083984,36.989261627197266,0.19854474067687988
84.7014389038086,10.652182579040527,36.91771697998047,36.935768127441406,0.19577334821224213
83.75264739990234,9.705183982849121,37.021602630615234,36.83141326904297,0.19444996118545532
84.65262603759766,10.553874969482422,37.07071304321289,36.83097839355469,0.1970570981502533
83.68766784667969,9.59153938293457,36.94099807739258,36.9569206237793,0.19821472465991974
84.66737365722656,10.626944541931152,36.83323287963867,37.01108169555664,0.19611559808254242
83.70592498779297,9.66436767578125,36.9785270690918,36.868377685546875,0.1946485936641693
84.5577621459961,10.45984935760498,37.13111114501953,36.769901275634766,0.19690142571926117
83.53307342529297,9.439976692199707,36.99734115600586,36.898109436035156,0.1976456642150879
84.65104675292969,10.617461204528809,36.81574630737305,37.02180480957031,0.19602905213832855
83.62113189697266,9.586251258850098,36.92824935913086,36.91153335571289,0.19509807229042053
84.42875671386719,10.334809303283691,37.11056137084961,36.786006927490234,0.19737809896469116
83.4113540649414,9.320487976074219,37.03901290893555,36.854618072509766,0.19723352789878845
84.56804656982422,10.537954330444336,36.87550735473633,36.959251403808594,0.1953357309103012
83.56922912597656,9.541028022766113,36.8991813659668,36.933773040771484,0.1952524185180664
84.3882827758789,10.301626205444336,37.013126373291016,36.875282287597656,0.19825248420238495
83.447021484375,9.358942031860352,37.0330924987793,36.85765075683594,0.1973305344581604
84.54096984863281,10.511893272399902,36.97380447387695,36.86098861694336,0.19428057968616486
83.57792663574219,9.555039405822754,36.913063049316406,36.915042877197266,0.19477535784244537
84.53368377685547,10.455086708068848,36.904911041259766,36.97470474243164,0.19898109138011932
83.6072769165039,9.524043083190918,36.979679107666016,36.9055290222168,0.19802473485469818
84.54705047607422,10.519566535949707,37.038448333740234,36.795528411865234,0.19350756704807281
83.66090393066406,9.641427993774414,36.96507263183594,36.86070251464844,0.19370493292808533
84.55719757080078,10.484551429748535,36.874053955078125,36.999664306640625,0.1989278793334961
83.80963134765625,9.732769966125488,36.91352844238281,36.964378356933594,0.19896169006824493
84.3604736328125,10.338740348815918,36.999549865722656,36.82861328125,0.1935734748840332
83.82539367675781,9.808916091918945,37.004940032958984,36.81896209716797,0.1925739198923111
84.32820892333984,10.257132530212402,36.95515823364258,36.91791534423828,0.1980060189962387
83.9543685913086,9.883423805236816,36.89303207397461,36.978515625,0.19939588010311127
84.22147369384766,10.210323333740234,36.87211608886719,36.94476318359375,0.1942678987979889
83.95243835449219,9.94029712677002,36.983367919921875,36.83651351928711,0.1922590732574463
84.22773742675781,10.154414176940918,37.077308654785156,36.799015045166016,0.1969970315694809
83.8813705444336,9.81486988067627,36.938194274902344,36.929473876953125,0.19882605969905853
84.34646606445312,10.346861839294434,36.76959991455078,37.03532791137695,0.19467133283615112
83.88455200195312,9.878417015075684,36.92921447753906,36.88388442993164,0.1930372714996338
84.21241760253906,10.138138771057129,37.144474029541016,36.73298645019531,0.19682450592517853
83.63831329345703,9.573904991149902,37.011962890625,36.854759216308594,0.197687566280365
84.36787414550781,10.375961303710938,36.77885437011719,37.01908874511719,0.1939697265625
83.71446990966797,9.71633529663086,36.88644027709961,36.91767883300781,0.19401448965072632
84.17121887207031,10.101236343383789,37.0985221862793,36.77355194091797,0.1979069709777832
83.54558563232422,9.48087215423584,37.05404281616211,36.81370544433594,0.1969662755727768
84.38471984863281,10.394913673400879,36.884891510009766,36.912620544433594,0.19229477643966675
83.60208129882812,9.612717628479004,36.87057876586914,36.9246940612793,0.19408945739269257
84.5703125,10.508612632751465,36.96110153198242,36.90074157714844,0.19985602796077728
83.5986328125,9.534425735473633,37.03091812133789,36.8359375,0.1973458230495453
84.88553619384766,10.893898963928223,37.00743865966797,36.7934684753418,0.1907309889793396
83.59667205810547,9.614053726196289,36.892852783203125,36.896976470947266,0.19278831779956818
85.17880249023438,11.127307891845703,36.8460807800293,37.00443649291992,0.2009735107421875
83.7054672241211,9.645009994506836,36.972354888916016,36.888999938964844,0.19910192489624023
85.2528076171875,11.259454727172852,37.05738067626953,36.745479583740234,0.1904878467321396
83.874267578125,9.895089149475098,36.93710708618164,36.85133743286133,0.1907375007867813
85.10871887207031,11.065872192382812,36.845985412597656,36.99740982055664,0.1994461566209793
83.9952392578125,9.941580772399902,36.91856384277344,36.934024810791016,0.20106887817382812
85.2137222290039,11.22574520111084,36.97258758544922,36.82329177856445,0.19210371375083923
84.32018280029297,10.341057777404785,36.942665100097656,36.84658432006836,0.1898757964372635
84.92271423339844,10.879988670349121,36.930843353271484,36.915245056152344,0.19664010405540466
84.06025695800781,10.016488075256348,36.900718688964844,36.942657470703125,0.20039306581020355
85.33706665039062,11.361961364746094,36.84670639038086,36.933837890625,0.19456738233566284
84.29942321777344,10.320104598999023,36.930763244628906,36.85721206665039,0.1913435310125351
84.49971008300781,10.451529502868652,37.01725769042969,36.83554458618164,0.19537292420864105
83.43109130859375,9.39487075805664,36.90818405151367,36.930843353271484,0.1971922367811203
85.08293151855469,11.121363639831543,36.77121353149414,36.995792388916016,0.19456544518470764
84.41091918945312,10.437531471252441,36.938804626464844,36.840614318847656,0.19396881759166718
82.39321899414062,8.34597396850586,37.088748931884766,36.76218032836914,0.19632206857204437
82.43745422363281,8.40481948852539,36.91970443725586,36.91819763183594,0.19472895562648773
83.41226196289062,9.452988624572754,36.7196159362793,37.0476188659668,0.19204124808311462
85.35014343261719,11.386564254760742,36.92043685913086,36.848419189453125,0.19472545385360718
77.73477172851562,3.7093122005462646,37.11954116821289,36.70740509033203,0.19851860404014587
80.2649154663086,6.264001846313477,36.726097106933594,37.083919525146484,0.190896138548851
82.23152923583984,8.248811721801758,36.81394958496094,36.97622299194336,0.19254454970359802
81.13404846191406,7.145694255828857,37.0636100769043,36.728389739990234,0.1963496059179306
79.53128051757812,5.516410827636719,37.025733947753906,36.79208755493164,0.19705109298229218
79.44554901123047,5.452353477478027,36.835540771484375,36.964473724365234,0.19318413734436035
82.88147735595703,8.900521278381348,36.80567932128906,36.98283004760742,0.19245266914367676
77.03787231445312,3.04775333404541,36.87654113769531,36.91993713378906,0.1936386227607727
91.62621307373047,17.584598541259766,37.21262741088867,36.61756896972656,0.21141786873340607
88.5926742553711,14.574566841125488,37.2122802734375,36.601097106933594,0.20473569631576538
82.99263000488281,9.02999496459961,36.9095344543457,36.85995101928711,0.19314685463905334
88.17333221435547,14.188937187194824,36.88113021850586,36.9102668762207,0.1930045485496521
80.16763305664062,6.14493989944458,36.9996452331543,36.8277702331543,0.19528116285800934
91.02886199951172,17.047910690307617,36.933692932128906,36.85470199584961,0.19256092607975006
84.6556167602539,10.69422721862793,37.028316497802734,36.73822021484375,0.1948525756597519
96.61763000488281,22.605255126953125,37.17806625366211,36.629486083984375,0.20481520891189575
102.09371185302734,28.069725036621094,37.10066604614258,36.72677230834961,0.1965419352054596
86.77022552490234,12.753204345703125,36.876014709472656,36.94075012207031,0.20025715231895447
87.33757781982422,13.346932411193848,36.84062576293945,36.95838928222656,0.19162821769714355
91.44837188720703,17.45784568786621,36.932926177978516,36.85073471069336,0.2068743258714676
82.08155822753906,8.115795135498047,37.002384185791016,36.765621185302734,0.1977529525756836
90.2830581665039,16.29371452331543,37.03489685058594,36.75632095336914,0.19812794029712677
87.33912658691406,13.304749488830566,37.023399353027344,36.81106948852539,0.1999078243970871
85.51758575439453,11.47113037109375,36.98505783081055,36.86204528808594,0.19934488832950592
85.00965881347656,11.025238037109375,36.95494079589844,36.83602523803711,0.19344836473464966
85.31204223632812,11.387246131896973,36.91813659667969,36.81907653808594,0.187581405043602
80.41828155517578,6.444183826446533,36.89690017700195,36.88363265991211,0.1935618370771408
84.0776596069336,10.024775505065918,36.87375259399414,36.977516174316406,0.20161496102809906
80.79896545410156,6.770904541015625,36.817420959472656,37.0155143737793,0.19512711465358734
81.62374114990234,7.665165424346924,36.772335052490234,36.99697494506836,0.1892644315958023
80.25636291503906,6.305488109588623,36.81430435180664,36.94521713256836,0.19135594367980957
82.37641906738281,8.366032600402832,37.12069320678711,36.69399642944336,0.1956903338432312
81.7262954711914,7.696725845336914,37.189815521240234,36.641658782958984,0.19809699058532715
92.50313568115234,18.544517517089844,36.852664947509766,36.913543701171875,0.1924065202474594
100.57182312011719,26.650672912597656,36.792240142822266,36.94308853149414,0.18582168221473694
85.54129791259766,11.59185791015625,37.025062561035156,36.73609924316406,0.18827639520168304
85.96376037597656,11.935713768005371,37.06793212890625,36.76274108886719,0.19737590849399567
89.37651062011719,15.325089454650879,36.90685272216797,36.935428619384766,0.20913973450660706
83.26275634765625,9.285003662109375,37.004249572753906,36.778743743896484,0.1947663426399231
84.96409606933594,11.011241912841797,37.29501724243164,36.46866226196289,0.18917518854141235
85.18021392822266,11.203886985778809,37.16581726074219,36.62067794799805,0.18983030319213867
85.08834075927734,11.091268539428711,36.5743408203125,37.22464370727539,0.19808076322078705
87.18794250488281,13.18642807006836,36.31151580810547,37.492374420166016,0.19762299954891205
85.76061248779297,11.762253761291504,36.4718017578125,37.33116149902344,0.19539794325828552
85.14631652832031,11.149497032165527,36.65827178955078,37.14613342285156,0.19241608679294586
83.91291046142578,9.925505638122559,36.88576889038086,36.908504486083984,0.1931319236755371
81.09645080566406,7.132257461547852,37.24942398071289,36.524269104003906,0.19049763679504395
84.37645721435547,10.405149459838867,37.40885925292969,36.37029266357422,0.1921568512916565
81.06768035888672,7.073716640472412,37.325931549072266,36.47256088256836,0.19547034800052643
84.59066009521484,10.58854866027832,37.1003532409668,36.70567321777344,0.19608014822006226
84.67301177978516,10.681347846984863,36.88166427612305,36.919010162353516,0.19098693132400513
81.33193969726562,7.35457181930542,36.702083587646484,37.08551788330078,0.18976901471614838
79.97502136230469,6.007540702819824,36.655364990234375,37.12028503417969,0.19183026254177094
82.73408508300781,8.759235382080078,36.8990364074707,36.877628326416016,0.1981789618730545
81.23297882080078,7.24754524230957,37.183555603027344,36.60615539550781,0.1957271695137024
80.83879089355469,6.8497114181518555,37.2070426940918,36.590179443359375,0.1918552815914154
80.81078338623047,6.831264972686768,36.96357727050781,36.82472229003906,0.19121474027633667
79.87833404541016,5.907109260559082,36.71610641479492,37.06181716918945,0.1933068186044693
78.705810546875,4.7295145988464355,36.67123031616211,37.111698150634766,0.1933639645576477
81.09626007080078,7.115403652191162,36.82059097290039,36.968658447265625,0.19160881638526917
80.33380126953125,6.3583574295043945,37.01521301269531,36.76884460449219,0.1913917064666748
79.4311294555664,5.46054220199585,37.13725280761719,36.6393928527832,0.19394364953041077
78.36943054199219,4.393249034881592,37.10757827758789,36.67530822753906,0.19329959154129028
80.42121887207031,6.442185878753662,36.98575210571289,36.80103302001953,0.19224482774734497
78.76982879638672,4.800722599029541,36.908058166503906,36.86907958984375,0.19196496903896332
80.80795288085938,6.843521595001221,36.93632125854492,36.83314514160156,0.19496139883995056
80.17552185058594,6.204414367675781,36.97463607788086,36.80270004272461,0.1937723308801651
78.78387451171875,4.8037028312683105,36.98942565917969,36.7996711730957,0.19107399880886078
77.72798156738281,3.7564361095428467,36.99208068847656,36.788124084472656,0.19134768843650818
81.32684326171875,7.366980075836182,36.938331604003906,36.82597351074219,0.19555941224098206
80.37163543701172,6.412202835083008,36.834720611572266,36.928627014160156,0.19608131051063538
78.71913146972656,4.750141143798828,36.77298355102539,37.00395202636719,0.19205576181411743
79.0788345336914,5.103438377380371,36.85490798950195,36.928977966308594,0.19150610268115997
78.12007904052734,4.149292945861816,36.940731048583984,36.83731460571289,0.19274505972862244
76.87254333496094,2.9088284969329834,36.93863296508789,36.831787109375,0.19330157339572906
83.43744659423828,9.474405288696289,36.89591979980469,36.87559509277344,0.1915302276611328
83.71147155761719,9.750168800354004,36.892791748046875,36.87672424316406,0.19178687036037445
76.88936614990234,2.9322664737701416,36.95787048339844,36.806312561035156,0.19291344285011292
82.86602783203125,8.904973983764648,37.079158782958984,36.68789291381836,0.1939997524023056
77.20590209960938,3.2384374141693115,37.09540557861328,36.679439544677734,0.19261950254440308
100.24883270263672,26.276039123535156,36.83771896362305,36.94369888305664,0.19137638807296753
111.357666015625,37.38628387451172,36.66395568847656,37.11550521850586,0.19192348420619965
87.01187133789062,13.0535306930542,36.61868667602539,37.148616790771484,0.19103828072547913
95.08988189697266,21.147489547729492,36.83357238769531,36.914634704589844,0.19418182969093323
114.14830780029297,40.20437240600586,37.05282211303711,36.69029998779297,0.20081454515457153
100.92927551269531,26.97718620300293,37.2192497253418,36.532894134521484,0.199954092502594
84.96311950683594,10.997713088989258,37.27865982055664,36.49467849731445,0.1920652836561203
95.43499755859375,21.453615188598633,37.1613883972168,36.62868881225586,0.19129939377307892
98.18875885009766,24.207334518432617,36.897377014160156,36.892330169677734,0.19172047078609467
79.40386962890625,5.434669494628906,36.63399124145508,37.143714904785156,0.1914987564086914
105.5289306640625,31.577159881591797,36.726688385009766,37.027896881103516,0.19718989729881287
124.93000793457031,50.98922348022461,36.89301300048828,36.846195220947266,0.20158448815345764
95.63982391357422,21.707082748413086,37.05802536010742,36.67656707763672,0.19815143942832947
99.3753662109375,25.43095588684082,37.082271575927734,36.672462463378906,0.18967264890670776
126.0405502319336,52.071144104003906,36.99482727050781,36.782283782958984,0.19229935109615326
113.89627075195312,39.90841293334961,36.840538024902344,36.95289611816406,0.19442905485630035
97.88311004638672,23.896455764770508,36.65388870239258,37.14167785644531,0.1910838484764099
99.35531616210938,25.37464141845703,36.573768615722656,37.210693359375,0.19620923697948456
101.4350357055664,27.46375846862793,36.63863754272461,37.129859924316406,0.20278292894363403
96.09818267822266,22.144935607910156,36.82091522216797,36.93711853027344,0.19521445035934448
87.96966552734375,14.022693634033203,36.98765563964844,36.76974105834961,0.18957801163196564
95.14064025878906,21.183486938476562,37.04665756225586,36.71976089477539,0.19073347747325897
92.89466094970703,18.930126190185547,37.02702713012695,36.746952056884766,0.1905587762594223
85.00935363769531,11.041300773620605,36.9608154296875,36.815792083740234,0.19144167006015778
83.92372131347656,9.956165313720703,36.917179107666016,36.856266021728516,0.1941094994544983
83.44921875,9.485543251037598,36.9527473449707,36.818058013916016,0.19286899268627167
79.93831634521484,5.978245258331299,37.062339782714844,36.7074089050293,0.19032138586044312
85.89065551757812,11.933359146118164,37.064125061035156,36.7028694152832,0.19030794501304626
86.20722961425781,12.251603126525879,36.99557113647461,36.76921081542969,0.19084471464157104
83.48469543457031,9.528122901916504,36.89633560180664,36.86851119995117,0.19172753393650055
83.41716766357422,9.459002494812012,36.83456039428711,36.931541442871094,0.19206318259239197
84.6730728149414,10.715285301208496,36.845211029052734,36.92119216918945,0.19138646125793457
81.61245727539062,7.655766487121582,36.89689254760742,36.868995666503906,0.19080688059329987
85.40418243408203,11.446433067321777,36.9360466003418,36.830413818359375,0.1912907510995865
83.65242767333984,9.69417667388916,36.94026184082031,36.8265380859375,0.19145041704177856
83.01949310302734,9.062653541564941,36.9338493347168,36.83155059814453,0.19144314527511597
81.30035400390625,7.347009181976318,36.95597457885742,36.80584716796875,0.19152989983558655
82.6903076171875,8.73937702178955,36.972740173339844,36.786991119384766,0.19120192527770996
81.75367736816406,7.8012375831604,36.93901062011719,36.8222541809082,0.19117780029773712
82.35079193115234,8.394104957580566,36.880619049072266,36.884605407714844,0.1914561241865158
82.01909637451172,8.060525894165039,36.87500762939453,36.89177703857422,0.19178523123264313
81.31681060791016,7.360504150390625,36.938228607177734,36.826107025146484,0.19196733832359314
80.27236938476562,6.319319248199463,36.999244689941406,36.7619514465332,0.19184550642967224
82.08811950683594,8.137317657470703,36.99595260620117,36.76352310180664,0.19132965803146362
80.63660430908203,6.687534809112549,36.942481994628906,36.81572723388672,0.19086216390132904
81.30817413330078,7.359346389770508,36.87131118774414,36.88636779785156,0.19114570319652557
80.10100555419922,6.150658130645752,36.829002380371094,36.92973327636719,0.1916157603263855
81.157958984375,7.204451084136963,36.84941482543945,36.91189956665039,0.19219046831130981
80.09230041503906,6.137591361999512,36.904579162597656,36.857933044433594,0.19219757616519928
81.68783569335938,7.735877513885498,36.93867111206055,36.82175064086914,0.1915336698293686
80.4046401977539,6.456972122192383,36.927364349365234,36.82923889160156,0.191059872508049
80.68544006347656,6.740551948547363,36.89186096191406,36.86207580566406,0.19095048308372498
79.51001739501953,5.564606666564941,36.87836456298828,36.875831604003906,0.19121351838111877
81.32228088378906,7.374022006988525,36.8934211730957,36.86334228515625,0.19149614870548248
80.3433837890625,6.3937835693359375,36.90632629394531,36.851654052734375,0.19161739945411682
80.48363494873047,6.536080837249756,36.91459655761719,36.84135437011719,0.19160276651382446
79.32191467285156,5.377875804901123,36.93449401855469,36.818031311035156,0.19151601195335388
81.0548095703125,7.1118621826171875,36.95469665527344,36.796878814697266,0.19137738645076752
79.94263458251953,5.998093128204346,36.93991470336914,36.813350677490234,0.19127608835697174
80.29174041748047,6.3450822830200195,36.894771575927734,36.860599517822266,0.19129367172718048
79.38570404052734,5.439789772033691,36.87752914428711,36.876949310302734,0.19143420457839966
80.76332092285156,6.821021556854248,36.911705017089844,36.83903121948242,0.1915590614080429
79.70280456542969,5.76309871673584,36.94292449951172,36.80528259277344,0.19150009751319885
80.19728088378906,6.256619453430176,36.932918548583984,36.81643295288086,0.1913142204284668
79.23699188232422,5.2941999435424805,36.90426254272461,36.84733581542969,0.19118890166282654
80.48778533935547,6.544763088226318,36.889827728271484,36.861778259277344,0.19141274690628052
79.40476989746094,5.463963508605957,36.892086029052734,36.85715103149414,0.1915750652551651
80.16692352294922,6.22838020324707,36.91054153442383,36.836421966552734,0.19158430397510529
79.14995574951172,5.211992263793945,36.93564987182617,36.81104278564453,0.19126635789871216
80.3399887084961,6.400787353515625,36.93971633911133,36.808353424072266,0.1911311000585556
79.29464721679688,5.354984760284424,36.90818786621094,36.84024429321289,0.19123345613479614
80.11255645751953,6.174257278442383,36.86968994140625,36.877140045166016,0.19147366285324097
79.10213470458984,5.165775775909424,36.871952056884766,36.87284851074219,0.1915569305419922
80.21139526367188,6.275602340698242,36.90958023071289,36.834861755371094,0.19135594367980957
79.18973541259766,5.253478527069092,36.92738723754883,36.81767272949219,0.1912006288766861
80.04412078857422,6.107748508453369,36.91152572631836,36.83364486694336,0.19120122492313385
79.04873657226562,5.11354923248291,36.898929595947266,36.84501647949219,0.19123920798301697
80.08203887939453,6.148275852203369,36.90130615234375,36.841182708740234,0.19127339124679565
79.09984588623047,5.166721343994141,36.89596176147461,36.84585952758789,0.19130660593509674
79.92976379394531,5.996354579925537,36.88571548461914,36.85633850097656,0.19135688245296478
78.98494720458984,5.051740646362305,36.894996643066406,36.84694290161133,0.19126258790493011
79.98591613769531,6.053503036499023,36.91744613647461,36.823795318603516,0.19118092954158783
79.03227233886719,5.100610733032227,36.91932678222656,36.821163177490234,0.19117899239063263
79.8330078125,5.901553153991699,36.900814056396484,36.839351654052734,0.1912848800420761
78.90628814697266,4.975471496582031,36.896217346191406,36.8433723449707,0.19123058021068573
79.88790130615234,5.958085536956787,36.90859603881836,36.830055236816406,0.19116774201393127
78.9701919555664,5.041215896606445,36.907737731933594,36.830047607421875,0.19119299948215485
79.71878814697266,5.78982400894165,36.89461898803711,36.84303283691406,0.19130732119083405
78.80980682373047,4.88101053237915,36.89842987060547,36.839168548583984,0.19120286405086517
79.79833984375,5.870237350463867,36.915367126464844,36.82168197631836,0.19105271995067596
78.8765640258789,4.949496746063232,36.90988540649414,36.82613754272461,0.1910494863986969
79.62657165527344,5.700002670288086,36.88441467285156,36.85092544555664,0.19122551381587982
78.70600128173828,4.779719352722168,36.8807373046875,36.85432815551758,0.1912154108285904
79.75028991699219,5.824300765991211,36.904537200927734,36.83035659790039,0.1911022663116455
78.81455993652344,4.889277935028076,36.91413116455078,36.820064544677734,0.19108213484287262
79.5565185546875,5.6320672035217285,36.899662017822266,36.83359146118164,0.1911926418542862
78.63017272949219,4.7065324783325195,36.894325256347656,36.83822250366211,0.19109483063220978
79.71377563476562,5.790400981903076,36.90544128417969,36.826961517333984,0.19097070395946503
78.78119659423828,4.8580827713012695,36.9039306640625,36.828189849853516,0.19099625945091248
79.47265625,5.549938678741455,36.88909912109375,36.84242248535156,0.19119448959827423
78.56493377685547,4.643112659454346,36.890052795410156,36.84063720703125,0.19113168120384216
79.66455078125,5.74348258972168,36.905487060546875,36.824623107910156,0.19095708429813385
78.75415802001953,4.833627223968506,36.90363311767578,36.82596206665039,0.19094441831111908
79.38140106201172,5.4611430168151855,36.886817932128906,36.84233474731445,0.1911090910434723
78.5027084350586,4.583066463470459,36.88881301879883,36.83977508544922,0.19105404615402222
79.60045623779297,5.68144416809082,36.90808868408203,36.820011138916016,0.19090700149536133
78.71259307861328,4.7941203117370605,36.90777587890625,36.81977462768555,0.19092386960983276
79.2864761352539,5.36829137802124,36.8873405456543,36.839744567871094,0.1911001056432724
78.42318725585938,4.505706310272217,36.88410186767578,36.84239196777344,0.19098414480686188
79.54922485351562,5.632530689239502,36.90170669555664,36.82416534423828,0.19082316756248474
78.66148376464844,4.745401859283447,36.90337371826172,36.821834564208984,0.19086883962154388
79.21043395996094,5.294520854949951,36.88640213012695,36.8383903503418,0.19111990928649902
78.34579467773438,4.430410861968994,36.88594436645508,36.838436126708984,0.19100137054920197
79.51290893554688,5.598320484161377,36.904563903808594,36.81925582885742,0.19076882302761078
78.62232971191406,4.7085280418396,36.9047737121582,36.81826400756836,0.1907682865858078
79.13926696777344,5.225746154785156,36.88375473022461,36.8387336730957,0.19103489816188812
78.28038024902344,4.367306232452393,36.88002014160156,36.842098236083984,0.19095732271671295
79.47188568115234,5.559411525726318,36.90000534057617,36.821720123291016,0.1907522827386856
78.58556365966797,4.673811912536621,36.90475845336914,36.81623840332031,0.19075757265090942
79.06721496582031,5.155895709991455,36.887386322021484,36.83292770385742,0.1910114735364914
78.21565246582031,4.304947853088379,36.88262939453125,36.83718490600586,0.19088779389858246
79.4308090209961,5.520706653594971,36.897891998291016,36.8215446472168,0.19066929817199707
78.54459381103516,4.635118007659912,36.899349212646484,36.81942367553711,0.19070057570934296
79.00554656982422,5.096388816833496,36.88313293457031,36.83502960205078,0.1909949630498886
78.15605926513672,4.247480392456055,36.882076263427734,36.835636138916016,0.19086571037769318
79.39524841308594,5.487300395965576,36.899879455566406,36.81745910644531,0.19061441719532013
78.50914001464844,4.6019062995910645,36.90076446533203,36.81582260131836,0.1906415969133377
78.94754028320312,5.040750026702881,36.881229400634766,36.834598541259766,0.19096165895462036
78.10443115234375,4.198244094848633,36.877830505371094,36.837528228759766,0.1908232718706131
79.35327911376953,5.447592735290527,36.8972053527832,36.817928314208984,0.19055548310279846
78.47154235839844,4.566428184509277,36.900997161865234,36.813533782958984,0.19058281183242798
78.89096069335938,4.986254692077637,36.88215637207031,36.83161926269531,0.19093365967273712
78.05438995361328,4.1504292488098145,36.87685012817383,36.83631896972656,0.19079183042049408
79.30776977539062,5.404455184936523,36.89469909667969,36.81810760498047,0.19050388038158417
78.42709350585938,4.52438497543335,36.89878845214844,36.813392639160156,0.19052745401859283
78.84292602539062,4.940492153167725,36.88117980957031,36.83036804199219,0.1908896416425705
78.00825500488281,4.106464862823486,36.876583099365234,36.834468841552734,0.19073614478111267
79.26231384277344,5.361192226409912,36.894264221191406,36.8164176940918,0.1904440075159073
78.38092803955078,4.480473518371582,36.89753341674805,36.812442779541016,0.19048404693603516
78.80213928222656,4.901997089385986,36.87863540649414,36.83063888549805,0.19087368249893188
77.96878051757812,4.0693135261535645,36.87369155883789,36.835086822509766,0.1906900554895401
79.21273040771484,5.313910007476807,36.89315414428711,36.8152961730957,0.19037169218063354
78.33106994628906,4.4328742027282715,36.89840316772461,36.809383392333984,0.1904171109199524
78.76746368408203,4.869494438171387,36.87936019897461,36.827754974365234,0.19085097312927246
77.93399810791016,4.036752700805664,36.87245178222656,36.834136962890625,0.19065961241722107
79.15898895263672,5.262490749359131,36.890647888183594,36.81553649902344,0.19031581282615662
78.27503967285156,4.379204273223877,36.896202087402344,36.80928421020508,0.1903562694787979
78.74141693115234,4.845730781555176,36.877811431884766,36.82705307006836,0.19081588089466095
77.90412902832031,4.009094715118408,36.871238708496094,36.833187103271484,0.19061551988124847
79.10336303710938,5.209094047546387,36.89002990722656,36.81398391723633,0.1902560293674469
78.21573638916016,4.322187900543213,36.89594268798828,36.807308197021484,0.19030241668224335
78.72322845458984,4.829873561859131,36.87663269042969,36.8259391784668,0.19078965485095978
77.88109588623047,3.988375663757324,36.86896514892578,36.833187103271484,0.19056887924671173
79.04424285888672,5.152254581451416,36.88825988769531,36.81352996826172,0.19019198417663574
78.15435791015625,4.263068199157715,36.89533996582031,36.80569839477539,0.1902437061071396
78.71002197265625,4.818896293640137,36.87593078613281,36.82442855834961,0.19076679646968842
77.86325073242188,3.9728124141693115,36.8674201965332,36.832489013671875,0.19052720069885254
78.98157501220703,5.091915130615234,36.886783599853516,36.812747955322266,0.19012878835201263
78.09042358398438,4.201470851898193,36.89443588256836,36.80433654785156,0.1901847869157791
78.70098114013672,4.812129497528076,36.8746223449707,36.823486328125,0.19074001908302307
77.84899139404297,3.9608266353607178,36.86557388305664,36.83210754394531,0.1904846578836441
78.91680908203125,5.029445648193359,36.88557434082031,36.81172180175781,0.19006380438804626
78.02499389648438,4.1383442878723145,36.894100189208984,36.802425384521484,0.19012507796287537
78.69426727294922,4.807709217071533,36.873470306396484,36.82238006591797,0.1907127946615219
77.83612823486328,3.950275421142578,36.86335372924805,36.83206558227539,0.19043979048728943
78.85199737548828,4.966956615447998,36.8840217590332,36.81101989746094,0.18999819457530975
77.95993041992188,4.075595855712891,36.89370346069336,36.80056381225586,0.19006343185901642
78.68709564208984,4.802801132202148,36.872493743896484,36.82111740112305,0.19068509340286255
77.82195281982422,3.9383797645568848,36.86140060424805,36.83177947998047,0.19039463996887207
78.78990936279297,4.907222270965576,36.882572174072266,36.810184478759766,0.1899343878030777
77.8974609375,4.015466690063477,36.89321517944336,36.798770904541016,0.19000330567359924
78.67716217041016,4.795139789581299,36.87138366699219,36.81998062133789,0.19065529108047485
77.8044204711914,3.9231369495391846,36.859493255615234,36.83144760131836,0.19034649431705475
78.73303985595703,4.8526811599731445,36.881351470947266,36.809139251708984,0.1898689717054367
77.84022521972656,3.9605872631073,36.89272689819336,36.796966552734375,0.18994417786598206
78.66184997558594,4.782119274139404,36.86983871459961,36.81925964355469,0.19062460958957672
77.78211975097656,3.9031271934509277,36.8571891784668,36.83150863647461,0.1902955025434494
78.68255615234375,4.80452823638916,36.88032150268555,36.807899475097656,0.18980227410793304
77.78971099853516,3.91243052482605,36.892799377441406,36.79460144042969,0.18988345563411713
78.63905334472656,4.761632442474365,36.86863327026367,36.81819534301758,0.19059401750564575
77.7537612915039,3.8770742416381836,36.85476303100586,36.8316764831543,0.19024473428726196
78.63861846923828,4.762955188751221,36.87897491455078,36.80695724487305,0.18973727524280548
77.74598693847656,3.8710670471191406,36.89256286621094,36.792537689208984,0.1898219734430313
78.6084213256836,4.733310222625732,36.86729431152344,36.8172607421875,0.190558061003685
77.71963500976562,3.84525990486145,36.852542877197266,36.83163833618164,0.19019131362438202
78.60016632080078,4.726840972900391,36.878055572509766,36.80559158325195,0.18967264890670776
77.70832061767578,3.8357629776000977,36.89250183105469,36.7902946472168,0.18976236879825592
78.57069396972656,4.697906494140625,36.86573791503906,36.816524505615234,0.19051851332187653
77.68112182617188,3.809093713760376,36.85011291503906,36.831783294677734,0.19013333320617676
78.5648193359375,4.693868637084961,36.87722396850586,36.80412292480469,0.18960723280906677
77.67443084716797,3.80423641204834,36.89260482788086,36.787879943847656,0.1897033154964447
78.5283432006836,4.6578874588012695,36.864112854003906,36.81586837768555,0.19047759473323822
77.64080810546875,3.771118402481079,36.84749984741211,36.83211898803711,0.19007420539855957
78.52957153320312,4.660998344421387,36.87639236450195,36.80263900756836,0.18954207003116608
77.64189910888672,3.774095296859741,36.89268493652344,36.78547668457031,0.189643993973732
78.4838638305664,4.615748405456543,36.862449645996094,36.81523513793945,0.1904318928718567
77.6014633178711,3.7341246604919434,36.84500503540039,36.83232498168945,0.19001226127147675
78.49118041992188,4.624994277954102,36.87583923339844,36.800872802734375,0.18947744369506836
77.60857391357422,3.7431485652923584,36.89284896850586,36.78298568725586,0.18958702683448792
78.43928527832031,4.573512077331543,36.860530853271484,36.81485366821289,0.1903827041387558
77.56501007080078,3.700029134750366,36.84238052368164,36.8326530456543,0.1899476945400238
78.44775390625,4.583958148956299,36.875389099121094,36.79899215698242,0.18941153585910797
77.5734634399414,3.7104337215423584,36.89306640625,36.780433654785156,0.18953076004981995
78.39501190185547,4.5316057205200195,36.85844802856445,36.814632415771484,0.190330371260643
77.53178405761719,3.6691842079162598,36.839664459228516,36.83305740356445,0.18988150358200073
78.39936828613281,4.537999629974365,36.875022888183594,36.797000885009766,0.1893453747034073
77.53714752197266,3.676518440246582,36.893280029296875,36.77787780761719,0.18947462737560272
78.350341796875,4.489290237426758,36.8562126159668,36.81455993652344,0.1902734786272049
77.50096893310547,3.6407549381256104,36.836978912353516,36.83342742919922,0.1898145079612732
78.34742736816406,4.4884867668151855,36.87492370605469,36.79473876953125,0.1892802119255066
77.50138092041016,3.643153190612793,36.89353942871094,36.775264739990234,0.1894199252128601
78.3036117553711,4.444946765899658,36.85380554199219,36.81465530395508,0.1902109533548355
77.47146606445312,3.613640546798706,36.834293365478516,36.83378601074219,0.18974481523036957
78.29360961914062,4.437112808227539,36.874900817871094,36.792381286621094,0.18921519815921783
77.4676742553711,3.611872673034668,36.8936882019043,36.77274703979492,0.18936672806739807
78.253662109375,4.397387981414795,36.8511962890625,36.81494140625,0.19014334678649902
77.44218444824219,3.5867691040039062,36.83168029785156,36.83406066894531,0.18967384099960327
78.23944854736328,4.385409832000732,36.87510681152344,36.7897834777832,0.18915142118930817
77.4371109008789,3.5837385654449463,36.89382553100586,36.77022933959961,0.18931414186954498
78.20052337646484,4.346651554107666,36.84846115112305,36.81534194946289,0.19006900489330292
77.41327667236328,3.560295343399048,36.829139709472656,36.83424377441406,0.1896006166934967
78.18553161621094,4.333959102630615,36.87542724609375,36.78706359863281,0.1890895515680313
77.40959930419922,3.5586678981781006,36.89375305175781,36.76791763305664,0.18926343321800232
78.14537811279297,4.293941020965576,36.84550476074219,36.81594467163086,0.1899888962507248
77.38546752929688,3.534921407699585,36.826744079589844,36.83427047729492,0.18952614068984985
78.13186645507812,4.2827630043029785,36.87590408325195,36.784175872802734,0.1890294998884201
77.384521484375,3.5360121726989746,36.89354705810547,36.7657470703125,0.1892140954732895
78.09020233154297,4.241208076477051,36.842506408691406,36.816585540771484,0.18990269303321838
77.35977172851562,3.511683464050293,36.82460021972656,36.83403015136719,0.18945001065731049
78.07862854003906,4.231997013092041,36.87651062011719,36.78114700317383,0.18897177278995514
77.36116027832031,3.5150930881500244,36.89313888549805,36.76375961303711,0.18916630744934082
78.03670501708984,4.190178871154785,36.83940124511719,36.817317962646484,0.1898113191127777
77.33656311035156,3.490971565246582,36.82265090942383,36.83356475830078,0.18937340378761292
78.02674865722656,4.182604789733887,36.877113342285156,36.778114318847656,0.18891678750514984
77.33917999267578,3.495565176010132,36.892356872558594,36.762142181396484,0.18911956250667572
77.98629760742188,4.142257213592529,36.83620834350586,36.818119049072266,0.18971584737300873
77.31554412841797,3.472466230392456,36.82101058959961,36.83277893066406,0.1892964392900467
77.97766876220703,4.136012554168701,36.87771987915039,36.77507019042969,0.18886448442935944
77.31864929199219,3.477487087249756,36.891292572021484,36.76080322265625,0.18907293677330017
77.93976593017578,4.098229885101318,36.833091735839844,36.81883239746094,0.18961697816848755
77.29595947265625,3.4553945064544678,36.81975173950195,36.83159637451172,0.18922029435634613
77.93305969238281,4.093894004821777,36.87824630737305,36.77210998535156,0.188815176486969
77.29957580566406,3.4608659744262695,36.88979721069336,36.7598876953125,0.18902578949928284
77.89751434326172,4.0585103034973145,36.830078125,36.81941223144531,0.18951600790023804
77.2769546508789,3.438920021057129,36.81884765625,36.830039978027344,0.18914538621902466
77.89380645751953,4.057127952575684,36.87858581542969,36.769325256347656,0.18876877427101135
77.28141784667969,3.445176601409912,36.88795471191406,36.759307861328125,0.18897700309753418
77.8602523803711,4.023787021636963,36.827327728271484,36.81972122192383,0.18941403925418854
77.25808715820312,3.422595977783203,36.818355560302734,36.82806396484375,0.18907199800014496
77.8602523803711,4.026056289672852,36.87863540649414,36.7668342590332,0.188725084066391
77.26375579833984,3.429992914199829,36.885643005371094,36.759193420410156,0.188926562666893
77.82795715332031,3.994051218032837,36.82478332519531,36.819801330566406,0.18931293487548828
77.23883819580078,3.405895233154297,36.818275451660156,36.825660705566406,0.1890006959438324
77.8321304321289,4.000425338745117,36.87843322753906,36.764591217041016,0.18868261575698853
77.24597930908203,3.414710760116577,36.88300323486328,36.75939178466797,0.1888735443353653
77.80011749267578,3.968792200088501,36.8226203918457,36.81949234008789,0.18921422958374023
77.21888732910156,3.388502597808838,36.818485260009766,36.822959899902344,0.18893146514892578
77.80846405029297,3.979250907897949,36.8777961730957,36.762779235839844,0.1886405497789383
77.22772979736328,3.3989546298980713,36.87997817993164,36.75997543334961,0.18881826102733612
77.7760238647461,3.9472808837890625,36.820804595947266,36.81882095336914,0.18911947309970856
77.1982650756836,3.3704442977905273,36.81904220581055,36.81991195678711,0.18886472284793854
77.78787231445312,3.961162567138672,36.8768310546875,36.76128005981445,0.18859705328941345
77.20854187011719,3.382284641265869,36.8767204284668,36.76077651977539,0.18875989317893982
77.75455474853516,3.9283814430236816,36.81938934326172,36.817745208740234,0.1890297830104828
77.17698669433594,3.3517370223999023,36.819801330566406,36.816650390625,0.18880051374435425
77.76896667480469,3.944777727127075,36.875484466552734,36.760154724121094,0.18855105340480804
77.18840789794922,3.364682912826538,36.8733024597168,36.76172637939453,0.18869926035404205
77.7345962524414,3.911003828048706,36.81830978393555,36.81633377075195,0.18894605338573456
77.1552734375,3.3325891494750977,36.820648193359375,36.81330490112305,0.18873821198940277
77.75047302246094,3.928818464279175,36.87374496459961,36.7594108581543,0.18850116431713104
77.16751861572266,3.3463289737701416,36.869781494140625,36.76277160644531,0.18863631784915924
77.7151107788086,3.894097328186035,36.817527770996094,36.81462478637695,0.18886876106262207
77.13349914550781,3.31337571144104,36.8215446472168,36.80990219116211,0.18867778778076172
77.73133087158203,3.9122314453125,36.871768951416016,36.75888442993164,0.18844658136367798
77.1457748413086,3.327141046524048,36.86628723144531,36.76377868652344,0.18857191503047943
77.69561767578125,3.8771514892578125,36.81699752807617,36.81267166137695,0.18879833817481995
77.11196899414062,3.2944109439849854,36.82240676879883,36.8065299987793,0.18861867487430573
77.71080017089844,3.8942739963531494,36.869606018066406,36.7585334777832,0.18838661909103394
77.12345123291016,3.307370901107788,36.86283874511719,36.76473617553711,0.18850597739219666
77.6758041381836,3.859872579574585,36.816585540771484,36.810611724853516,0.18873392045497894
77.09098815917969,3.276003837585449,36.82309341430664,36.80332946777344,0.18856018781661987
77.68876647949219,3.8748466968536377,36.867271423339844,36.75832748413086,0.1883218139410019
77.10077667236328,3.287261962890625,36.85954666137695,36.765525817871094,0.18843962252140045
77.65541076660156,3.8420073986053467,36.81626892089844,36.8084602355957,0.18867522478103638
77.07048797607422,3.258079767227173,36.8236198425293,36.800289154052734,0.1885019838809967
77.66544342041016,3.8541412353515625,36.86488723754883,36.758155822753906,0.18825264275074005
77.07801818847656,3.267080783843994,36.85646057128906,36.76610565185547,0.18837285041809082
77.63449096679688,3.8236043453216553,36.816036224365234,36.80622863769531,0.18862079083919525
77.05055236816406,3.2407126426696777,36.8239860534668,36.79740905761719,0.1884434074163437
77.6412582397461,3.83260178565979,36.86253356933594,36.7579460144043,0.18818005919456482
77.05553436279297,3.247164011001587,36.85357666015625,36.766483306884766,0.18830648064613342
77.61296081542969,3.8045904636383057,36.81570816040039,36.80409240722656,0.18856941163539886
77.03076934814453,3.223527669906616,36.824100494384766,36.79475784301758,0.18838420510292053
77.61682891845703,3.8108255863189697,36.86019515991211,36.7577018737793,0.18810521066188812
77.03348541259766,3.2277045249938965,36.850826263427734,36.766719818115234,0.18824030458927155
77.59104919433594,3.7851812839508057,36.815303802490234,36.80203628540039,0.18851973116397858
77.01119232177734,3.2065412998199463,36.824039459228516,36.79228591918945,0.18832354247570038
77.5923080444336,3.788966417312622,36.857975006103516,36.7573356628418,0.18802909553050995
77.0118408203125,3.2086408138275146,36.84838104248047,36.76665115356445,0.18817459046840668
77.56885528564453,3.7655141353607178,36.81483459472656,36.80003356933594,0.18847046792507172
76.99163818359375,3.1895904541015625,36.82378005981445,36.790000915527344,0.1882621794939041
77.56827545166016,3.767601728439331,36.8558464050293,36.75688171386719,0.1879529058933258
76.99082946777344,3.19020938873291,36.846004486083984,36.76650619506836,0.1881095916032791
77.54638671875,3.7455735206604004,36.81421661376953,36.79817199707031,0.1884203851222992
76.97200775146484,3.1725761890411377,36.823360443115234,36.78786849975586,0.18819962441921234
77.54460906982422,3.746605634689331,36.85386276245117,36.75627136230469,0.18787695467472076
76.9702377319336,3.172199010848999,36.84383010864258,36.766170501708984,0.18804460763931274
77.52391815185547,3.7256453037261963,36.813514709472656,36.79638671875,0.1883690357208252
76.95232391357422,3.1555228233337402,36.82284164428711,36.785831451416016,0.18813633918762207
77.52147674560547,3.726120710372925,36.85196304321289,36.75558853149414,0.18780192732810974
76.95001983642578,3.1545767784118652,36.84172439575195,36.765743255615234,0.1879795491695404
77.5014419555664,3.7057268619537354,36.81263732910156,36.79476547241211,0.18831577897071838
76.9325942993164,3.1384048461914062,36.82215881347656,36.78395462036133,0.1880725920200348
77.49873352050781,3.7060346603393555,36.85009765625,36.75486755371094,0.18772810697555542
76.93002319335938,3.1371724605560303,36.8397102355957,36.76523208618164,0.18791447579860687
77.47923278808594,3.686079978942871,36.8117790222168,36.79310607910156,0.18826057016849518
76.91307830810547,3.12153697013855,36.82148742675781,36.782047271728516,0.18800856173038483
77.47607421875,3.686030387878418,36.848411560058594,36.75397491455078,0.18765512108802795
76.90995788574219,3.119692087173462,36.837799072265625,36.76461410522461,0.1878487467765808
77.45741271972656,3.6668496131896973,36.810829162597656,36.79153060913086,0.1882035881280899
76.89381408691406,3.104895830154419,36.82073974609375,36.78023147583008,0.18794454634189606
77.45354461669922,3.6661553382873535,36.84670639038086,36.75310134887695,0.1875830739736557
76.88994598388672,3.1022934913635254,36.835906982421875,36.76396560668945,0.18778280913829803
77.43580627441406,3.6478376388549805,36.809814453125,36.79000473022461,0.18814553320407867
76.87461853027344,3.0883474349975586,36.81988525390625,36.778507232666016,0.18788033723831177
77.4310531616211,3.646319627761841,36.84499740600586,36.75223159790039,0.18751098215579987
76.86997985839844,3.0849289894104004,36.833988189697266,36.763343811035156,0.1877162605524063
77.41429138183594,3.628925085067749,36.808753967285156,36.78852462768555,0.18808670341968536
76.8554458618164,3.0718271732330322,36.819053649902344,36.77675247192383,0.18781636655330658
77.40880584716797,3.6267244815826416,36.84335708618164,36.751285552978516,0.18743926286697388
76.85015869140625,3.0677289962768555,36.8321418762207,36.762638092041016,0.18764954805374146
77.39276885986328,3.6100242137908936,36.807735443115234,36.7869873046875,0.1880272775888443
76.83629608154297,3.055328607559204,36.81822204589844,36.77499771118164,0.18775218725204468
77.38666534423828,3.607234001159668,36.841678619384766,36.7503776550293,0.18736737966537476
76.83045196533203,3.050633192062378,36.8303108215332,36.76192855834961,0.18758215010166168
77.371337890625,3.5912084579467773,36.80671691894531,36.78544616699219,0.1879674792289734
76.81716918945312,3.0388567447662354,36.8173713684082,36.773250579833984,0.18768788874149323
77.36469268798828,3.5879311561584473,36.839996337890625,36.749473571777344,0.18729525804519653
76.81095123291016,3.0337538719177246,36.82844543457031,36.76123809814453,0.1875147968530655
77.3497543334961,3.5722429752349854,36.80569076538086,36.783912658691406,0.1879076361656189
76.79803466796875,3.02238392829895,36.81648254394531,36.771541595458984,0.18762296438217163
77.34283447265625,3.5687296390533447,36.83830642700195,36.748573303222656,0.18722280859947205
76.7916488647461,3.017070770263672,36.826637268066406,36.760494232177734,0.18744736909866333
77.32817077636719,3.5532851219177246,36.804691314697266,36.782344818115234,0.18784742057323456
76.77902221679688,3.0060501098632812,36.81559371948242,36.76982116699219,0.18755756318569183
77.32093048095703,3.5495049953460693,36.83658981323242,36.74768829345703,0.18715056777000427
76.7723388671875,3.000380516052246,36.8248291015625,36.75974655151367,0.18738031387329102
77.30665588378906,3.5344064235687256,36.8036994934082,36.78076171875,0.18778710067272186
76.76016998291016,2.9899001121520996,36.814701080322266,36.76808166503906,0.18749137222766876
77.29898834228516,3.5302200317382812,36.83490753173828,36.74677658081055,0.18707828223705292
76.75314331054688,2.9838037490844727,36.823020935058594,36.75900650024414,0.18731366097927094
77.28515625,3.515554189682007,36.80267333984375,36.77920150756836,0.18772608041763306
76.74143981933594,2.9738576412200928,36.813758850097656,36.76640319824219,0.18742424249649048
77.27701568603516,3.5109262466430664,36.83317565917969,36.745906829833984,0.1870058923959732
76.7340316772461,2.967320442199707,36.82122802734375,36.75823974609375,0.18724721670150757
77.263671875,3.496715545654297,36.80168151855469,36.77760314941406,0.18766450881958008
76.72280883789062,2.95793080329895,36.81278991699219,36.764732360839844,0.18735677003860474
77.25506591796875,3.4916434288024902,36.83143997192383,36.74504852294922,0.1869339495897293
76.71513366699219,2.9510414600372314,36.8194465637207,36.75746536254883,0.18718098104000092
77.24201202392578,3.4777259826660156,36.800697326660156,36.77598571777344,0.18760204315185547
76.70416259765625,2.941997766494751,36.81187438964844,36.76300048828125,0.1872880905866623
77.23323822021484,3.47249698638916,36.82973861694336,36.744144439697266,0.1868622750043869
76.69639587402344,2.934924364089966,36.81770324707031,36.756649017333984,0.1871149092912674
77.22026824951172,3.45865797996521,36.79969024658203,36.77437973022461,0.18753905594348907
76.68553924560547,2.9261016845703125,36.8109016418457,36.761314392089844,0.18721896409988403
77.21138763427734,3.4533133506774902,36.82803726196289,36.74325180053711,0.18679076433181763
76.6777572631836,2.9189085960388184,36.81593322753906,36.75586700439453,0.1870492845773697
77.19847869873047,3.439556360244751,36.79863357543945,36.7728157043457,0.18747514486312866
76.6669921875,2.910292863845825,36.80986022949219,36.75969314575195,0.18714922666549683
77.1895751953125,3.4341628551483154,36.82630157470703,36.74238967895508,0.18671955168247223
76.65917205810547,2.902939796447754,36.81420135498047,36.75505065917969,0.18698330223560333
77.1767807006836,3.4205543994903564,36.797611236572266,36.77120590209961,0.187410369515419
76.64864349365234,2.8946869373321533,36.808929443359375,36.7579460144043,0.18707899749279022
77.16761016845703,3.414872169494629,36.82469177246094,36.74140167236328,0.18664880096912384
76.64057922363281,2.8869667053222656,36.81249237060547,36.75420379638672,0.18691803514957428
77.15509033203125,3.401567220687866,36.79653549194336,36.76964569091797,0.1873452216386795
76.63025665283203,2.8790531158447266,36.80789566040039,36.75630187988281,0.1870078593492508
77.14575958251953,3.395679235458374,36.82302474975586,36.740474700927734,0.1865779012441635
76.62215423583984,2.8711650371551514,36.810768127441406,36.75336456298828,0.1868528425693512
77.13335418701172,3.3825414180755615,36.7954216003418,36.76811218261719,0.18727964162826538
76.61195373535156,2.8635127544403076,36.80683898925781,36.75466537475586,0.1869363933801651
77.12386322021484,3.376461982727051,36.821346282958984,36.73954772949219,0.1865074783563614
76.60364532470703,2.8552730083465576,36.80905532836914,36.752525329589844,0.18678785860538483
77.11164855957031,3.363558769226074,36.794334411621094,36.766544342041016,0.1872132271528244
76.59366607666016,2.8479928970336914,36.805782318115234,36.753021240234375,0.18686380982398987
77.10206604003906,3.3573288917541504,36.8197135925293,36.738582611083984,0.18643683195114136
76.58528900146484,2.8395438194274902,36.807376861572266,36.75164794921875,0.18672312796115875
77.08992004394531,3.3445472717285156,36.793216705322266,36.7650032043457,0.18714624643325806
76.57536315917969,2.8324854373931885,36.80473709106445,36.75135040283203,0.1867908537387848
77.08027648925781,3.3382132053375244,36.818111419677734,36.737586975097656,0.18636669218540192
76.56704711914062,2.823910713195801,36.80570983886719,36.750762939453125,0.18665890395641327
77.06804656982422,3.325411796569824,36.79210662841797,36.76344299316406,0.18707865476608276
76.55709075927734,2.8170111179351807,36.80368423461914,36.74968338012695,0.18671678006649017
77.05841827392578,3.3190348148345947,36.81651306152344,36.736576080322266,0.18629664182662964
76.54877471923828,2.8082640171051025,36.803985595703125,36.749935150146484,0.18659518659114838
77.04618072509766,3.3063085079193115,36.790897369384766,36.761962890625,0.1870105117559433
76.5388412475586,2.8015594482421875,36.802589416503906,36.748046875,0.18664182722568512
77.03661346435547,3.299894094467163,36.814918518066406,36.73557662963867,0.186226949095726
76.53052520751953,2.792614221572876,36.802330017089844,36.749046325683594,0.1865316927433014
77.02442169189453,3.2873106002807617,36.78976058959961,36.76041030883789,0.1869414746761322
76.52070617675781,2.786238431930542,36.80152893066406,36.746368408203125,0.18656617403030396
77.01470947265625,3.2806570529937744,36.813358306884766,36.734535217285156,0.18615776300430298
76.51232147216797,2.7770347595214844,36.800655364990234,36.7481575012207,0.18646882474422455
77.00257873535156,3.268240451812744,36.788551330566406,36.7589111328125,0.1868717223405838
76.5025634765625,2.770930290222168,36.800418853759766,36.74472427368164,0.1864892542362213
76.99284362792969,3.261457681655884,36.811767578125,36.73352813720703,0.1860886514186859
76.49422454833984,2.761549949645996,36.79896545410156,36.74729919433594,0.1864061802625656
76.98066711425781,3.2491185665130615,36.78731918334961,36.75743103027344,0.18680128455162048
76.484375,2.755587577819824,36.79933166503906,36.743045806884766,0.18641194701194763
76.97108459472656,3.242349863052368,36.81028747558594,36.732425689697266,0.18602007627487183
76.47614288330078,2.746083974838257,36.797325134277344,36.74638748168945,0.18634416162967682
76.95877838134766,3.2300264835357666,36.78612518310547,36.75590133666992,0.1867297738790512
76.46627044677734,2.7403321266174316,36.79825973510742,36.74134826660156,0.18633311986923218
76.94922637939453,3.2231552600860596,36.80875015258789,36.73136901855469,0.18595172464847565
76.45805358886719,2.7305984497070312,36.7956428527832,36.74552917480469,0.18628287315368652
76.93690490722656,3.2109618186950684,36.784828186035156,36.75445556640625,0.18665780127048492
76.44820404052734,2.7251250743865967,36.79713821411133,36.739688873291016,0.1862536072731018
76.92733764648438,3.2039334774017334,36.8072624206543,36.73025894165039,0.1858837604522705
76.43994140625,2.715094804763794,36.793983459472656,36.7446403503418,0.18622182309627533
76.9150161743164,3.1918935775756836,36.7835578918457,36.75297927856445,0.18658500909805298
76.43011474609375,2.709907054901123,36.79603576660156,36.73799514770508,0.18617285788059235
76.90548706054688,3.184736490249634,36.80576705932617,36.72916793823242,0.18581622838974
76.42191314697266,2.699664831161499,36.79228210449219,36.743797302246094,0.1861618608236313
76.89308166503906,3.1727828979492188,36.782264709472656,36.751522064208984,0.1865110993385315
76.41199493408203,2.6946794986724854,36.79496765136719,36.73625946044922,0.18609076738357544
76.88367462158203,3.165574073791504,36.804298400878906,36.72804641723633,0.18574947118759155
76.40387725830078,2.6842501163482666,36.790592193603516,36.74293518066406,0.18610258400440216
76.87113189697266,3.1536812782287598,36.78095626831055,36.75004959106445,0.18643607199192047
76.39392852783203,2.679511785507202,36.793941497802734,36.73447036743164,0.1860072761774063
76.86180877685547,3.1463592052459717,36.80288314819336,36.72688293457031,0.1856829673051834
76.38591003417969,2.6688809394836426,36.788917541503906,36.742069244384766,0.18604396283626556
76.84917449951172,3.134594202041626,36.77963638305664,36.74858474731445,0.18636031448841095
76.37586212158203,2.6643590927124023,36.792850494384766,36.73273468017578,0.18592284619808197
76.83995819091797,3.127155065536499,36.801422119140625,36.725765228271484,0.18561749160289764
76.36791229248047,2.6534762382507324,36.78713607788086,36.741310119628906,0.18598641455173492
76.8271713256836,3.1154510974884033,36.778263092041016,36.74716567993164,0.1862834393978119
76.35782623291016,2.649238348007202,36.79179382324219,36.73095703125,0.18583685159683228
76.8180160522461,3.1078522205352783,36.799991607666016,36.724613189697266,0.18555237352848053
76.34989929199219,2.6380727291107178,36.78540802001953,36.74049377441406,0.18592976033687592
76.8051986694336,3.096383810043335,36.77691650390625,36.745697021484375,0.18620523810386658
76.33983612060547,2.634183883666992,36.79079818725586,36.729103088378906,0.18574947118759155
76.79605865478516,3.0885376930236816,36.79861831665039,36.72341537475586,0.18548811972141266
76.33191680908203,2.6226696968078613,36.78367233276367,36.73969650268555,0.18587402999401093
76.78311157226562,3.077199697494507,36.775569915771484,36.74422073364258,0.18612584471702576
76.32176208496094,2.619062662124634,36.789794921875,36.72724151611328,0.18566030263900757
76.7740478515625,3.069167137145996,36.797183990478516,36.72227478027344,0.18542484939098358
76.31393432617188,2.6072888374328613,36.781856536865234,36.73897171020508,0.1858198195695877
76.76094818115234,3.0579545497894287,36.774169921875,36.7427864074707,0.18604521453380585
76.3036880493164,2.6039609909057617,36.78882598876953,36.72533416748047,0.18556948006153107
76.75202178955078,3.0497705936431885,36.795780181884766,36.721107482910156,0.18536244332790375
76.29598236083984,2.591916561126709,36.78004455566406,36.738258361816406,0.18576660752296448
76.73869323730469,3.0386366844177246,36.77281188964844,36.74128723144531,0.18596258759498596
76.28560638427734,2.588852882385254,36.787899017333984,36.7233772277832,0.1854766458272934
76.72985076904297,3.030219316482544,36.79438781738281,36.719940185546875,0.1853010505437851
76.27799224853516,2.576519012451172,36.77818298339844,36.73757553100586,0.18571500480175018
76.71631622314453,3.019209146499634,36.77145767211914,36.739776611328125,0.18587841093540192
76.26753234863281,2.573768377304077,36.78701400756836,36.72136688232422,0.18538199365139008
76.70759582519531,3.0105934143066406,36.7929573059082,36.718807220458984,0.18524116277694702
76.26004791259766,2.5611572265625,36.776222229003906,36.73700714111328,0.18566487729549408
76.69383239746094,2.9996907711029053,36.770084381103516,36.73826599121094,0.18579255044460297
76.24946594238281,2.558713674545288,36.78620529174805,36.719261169433594,0.18528524041175842
76.68513488769531,2.9907376766204834,36.79156494140625,36.717647552490234,0.1851821094751358
76.24205017089844,2.545727491378784,36.774253845214844,36.736454010009766,0.1856161504983902
76.67121887207031,2.9800539016723633,36.76872253417969,36.73673629760742,0.18570442497730255
76.2314224243164,2.5436980724334717,36.78539276123047,36.71714782714844,0.18518616259098053
76.66251373291016,2.970731258392334,36.79011917114258,36.7165412902832,0.18512526154518127
76.22408294677734,2.5303406715393066,36.77227020263672,36.735904693603516,0.18556953966617584
76.64830780029297,2.960146427154541,36.7674446105957,36.73509979248047,0.18561434745788574
76.21337127685547,2.5286970138549805,36.78470993041992,36.714881896972656,0.18508483469486237
76.63965606689453,2.950479030609131,36.788658142089844,36.715450286865234,0.18506978452205658
76.20616912841797,2.5149948596954346,36.7701416015625,36.735511779785156,0.18552519381046295
76.62515258789062,2.940019130706787,36.766117095947266,36.73349380493164,0.18552154302597046
76.19529724121094,2.5136797428131104,36.784061431884766,36.71257400512695,0.18498073518276215
76.61663055419922,2.930039167404175,36.787174224853516,36.71440124511719,0.1850166767835617
76.18826293945312,2.4996440410614014,36.76797103881836,36.735164642333984,0.18548282980918884
76.60182189941406,2.919729709625244,36.764827728271484,36.73183822631836,0.18542595207691193
76.17738342285156,2.4988393783569336,36.78347396850586,36.7101936340332,0.18487448990345
76.5931396484375,2.90913462638855,36.785621643066406,36.713417053222656,0.18496546149253845
76.17031860351562,2.484255313873291,36.7657356262207,36.734886169433594,0.1854424625635147
76.57809448242188,2.899066209793091,36.76362228393555,36.730079650878906,0.1853272020816803
76.15940856933594,2.4839589595794678,36.783016204833984,36.70766830444336,0.18476511538028717
76.5694351196289,2.8880183696746826,36.78406524658203,36.71243667602539,0.18491710722446442
76.15258026123047,2.4690723419189453,36.763423919677734,36.73468017578125,0.18540477752685547
76.553955078125,2.878011703491211,36.76247787475586,36.72824478149414,0.185225248336792
76.14153289794922,2.4691877365112305,36.7826042175293,36.705081939697266,0.1846529096364975
76.54519653320312,2.8663527965545654,36.78240203857422,36.71157455444336,0.18487128615379333
76.13475799560547,2.453795909881592,36.76097106933594,36.734622955322266,0.18536949157714844
76.52957916259766,2.8567452430725098,36.76133728027344,36.726375579833984,0.18511919677257538
76.12394714355469,2.454744577407837,36.782283782958984,36.70237731933594,0.18453770875930786
76.52051544189453,2.8442349433898926,36.78071212768555,36.71073913574219,0.18482929468154907
76.1172103881836,2.4387807846069336,36.75849533081055,36.734588623046875,0.1853373646736145
76.50458526611328,2.834892511367798,36.76034164428711,36.72434616088867,0.1850084364414215
76.10629272460938,2.4402520656585693,36.7820930480957,36.69953536987305,0.18441890180110931
76.4955825805664,2.8218419551849365,36.77890396118164,36.710044860839844,0.18479079008102417
76.0999526977539,2.4240739345550537,36.755863189697266,36.73470687866211,0.18530778586864471
76.47906494140625,2.8125314712524414,36.75939178466797,36.72224807739258,0.18489332497119904
76.08891296386719,2.4260356426239014,36.78194046020508,36.69664001464844,0.18429774045944214
76.47019958496094,2.7989959716796875,36.776973724365234,36.70947265625,0.18475669622421265
76.08295440673828,2.409615993499756,36.75313949584961,36.734920501708984,0.1852809339761734
76.4532470703125,2.7898964881896973,36.7585563659668,36.72001647949219,0.18477267026901245
76.07196044921875,2.4122700691223145,36.78193283081055,36.69358825683594,0.18417343497276306
76.44420623779297,2.775524139404297,36.77500915527344,36.708946228027344,0.18472713232040405
76.066162109375,2.3953428268432617,36.750370025634766,36.735191345214844,0.18525710701942444
76.4271011352539,2.766983985900879,36.75786209106445,36.71760940551758,0.18464651703834534
76.055419921875,2.3989455699920654,36.78201675415039,36.69041442871094,0.18404613435268402
76.41796112060547,2.751802682876587,36.77284622192383,36.708614349365234,0.1847023069858551
76.04988861083984,2.3816089630126953,36.7474365234375,36.7356071472168,0.18523520231246948
76.4006576538086,2.743779182434082,36.75718688964844,36.71517562866211,0.18451446294784546
76.03934478759766,2.386080741882324,36.7820930480957,36.687255859375,0.1839168667793274
76.39160919189453,2.72794508934021,36.77059555053711,36.7083854675293,0.18468308448791504
76.0343246459961,2.3685758113861084,36.7445182800293,36.73601531982422,0.18521565198898315
76.37401580810547,2.720412254333496,36.7567138671875,36.71250915527344,0.18437649309635162
76.02384185791016,2.3738152980804443,36.78225326538086,36.68399429321289,0.18378552794456482
76.36548614501953,2.70432710647583,36.76821517944336,36.70827865600586,0.18466925621032715
76.0196533203125,2.356440305709839,36.74154281616211,36.736473083496094,0.18519748747348785
76.34747314453125,2.6971664428710938,36.756324768066406,36.709747314453125,0.184232696890831
76.00911712646484,2.3623275756835938,36.782413482666016,36.680721282958984,0.18365322053432465
76.33964538574219,2.680966377258301,36.76567077636719,36.70834732055664,0.18466053903102875
76.00570678710938,2.345039129257202,36.738468170166016,36.737022399902344,0.1851796954870224
76.32168579101562,2.674692153930664,36.755977630615234,36.70693588256836,0.1840834617614746
75.99549102783203,2.351956844329834,36.782554626464844,36.67746353149414,0.18352051079273224
76.31449890136719,2.658315420150757,36.763153076171875,36.708377838134766,0.18465560674667358
75.99279022216797,2.334665298461914,36.735538482666016,36.737422943115234,0.18516111373901367
76.29688262939453,2.6531929969787598,36.755672454833984,36.70408630371094,0.18393102288246155
75.9829330444336,2.3426527976989746,36.78257369995117,36.674320220947266,0.18338912725448608
76.29073333740234,2.637054681777954,36.76051330566406,36.7085075378418,0.1846536248922348
75.98119354248047,2.325639009475708,36.73262023925781,36.737796783447266,0.18514056503772736
76.27316284179688,2.6327829360961914,36.755313873291016,36.701290130615234,0.18377698957920074
75.97125244140625,2.3342180252075195,36.7824592590332,36.67131423950195,0.18325930833816528
76.26874542236328,2.617601156234741,36.75790786743164,36.70858383178711,0.18465156853199005
75.97110748291016,2.318117141723633,36.72980880737305,36.738059997558594,0.18511687219142914
76.25083923339844,2.6137354373931885,36.754783630371094,36.698692321777344,0.18362465500831604
75.96067810058594,2.3269002437591553,36.78218460083008,36.668453216552734,0.18313294649124146
76.24870300292969,2.6001482009887695,36.755496978759766,36.708412170410156,0.18464665114879608
75.96250915527344,2.3121089935302734,36.7271728515625,36.73813247680664,0.18508853018283844
76.2300796508789,2.596209764480591,36.75404357910156,36.69634246826172,0.1834772527217865
75.95126342773438,2.320739984512329,36.78166198730469,36.66584396362305,0.18301044404506683
76.23052215576172,2.584596633911133,36.753353118896484,36.70792770385742,0.18463531136512756
75.95543670654297,2.3076331615448,36.72477340698242,36.737972259521484,0.18505507707595825
76.21052551269531,2.5798420906066895,36.75296401977539,36.69438171386719,0.18333806097507477
75.94285583496094,2.315584421157837,36.78080749511719,36.66356658935547,0.18289251625537872
76.21392822265625,2.5707273483276367,36.75139617919922,36.707183837890625,0.18461422622203827
75.9499282836914,2.3047566413879395,36.722537994384766,36.73762130737305,0.18501590192317963
76.19160461425781,2.5640313625335693,36.75149154663086,36.69287109375,0.1832100749015808
75.9351577758789,2.311154842376709,36.77973175048828,36.661495208740234,0.18277902901172638
76.19878387451172,2.558385133743286,36.74986267089844,36.705955505371094,0.18458062410354614
75.94628143310547,2.303719997406006,36.72058868408203,36.736995697021484,0.1849716603755951
76.1725845336914,2.548041343688965,36.74966812133789,36.691776275634766,0.18309594690799713
75.92825317382812,2.307488441467285,36.778465270996094,36.659629821777344,0.18266935646533966
76.1844711303711,2.5469560623168945,36.74863815307617,36.704341888427734,0.1845317780971527
75.94451904296875,2.304602861404419,36.71872329711914,36.736270904541016,0.18492291867733002
76.15290069580078,2.5312979221343994,36.747371673583984,36.69123077392578,0.18299716711044312
75.9220199584961,2.304497003555298,36.77695083618164,36.65800476074219,0.1825633943080902
76.17066192626953,2.5361156463623047,36.74772644042969,36.70234298706055,0.1844676434993744
75.9447250366211,2.307462453842163,36.717044830322266,36.735347747802734,0.18487052619457245
76.1323471069336,2.513617515563965,36.74484634399414,36.69096374511719,0.18291254341602325
75.9168472290039,2.3025755882263184,36.775333404541016,36.65648651123047,0.1824595332145691
76.15676879882812,2.5252840518951416,36.74706268310547,36.70003890991211,0.18438874185085297
75.9468994140625,2.312307119369507,36.71552658081055,36.734256744384766,0.184816375374794
76.11099243164062,2.495089530944824,36.742088317871094,36.690975189208984,0.18284112215042114
75.91331481933594,2.3022677898406982,36.7735710144043,36.65511703491211,0.18235650658607483
76.14230346679688,2.513929843902588,36.7464485168457,36.697628021240234,0.18429669737815857
75.95065307617188,2.3187501430511475,36.71397399902344,36.73316955566406,0.18476128578186035
76.08971405029297,2.4765732288360596,36.73922348022461,36.69113540649414,0.18278002738952637
75.91229248046875,2.3044779300689697,36.771732330322266,36.65383529663086,0.18225345015525818
76.12657928466797,2.501383066177368,36.74582290649414,36.69517517089844,0.18419471383094788
75.95523834228516,2.3260509967803955,36.71255111694336,36.731929779052734,0.18470686674118042
76.0698013305664,2.459397315979004,36.73652648925781,36.69115447998047,0.18272560834884644
75.91493225097656,2.310330629348755,36.76991271972656,36.65253829956055,0.18214868009090424
76.10879516601562,2.486823558807373,36.74514389038086,36.692745208740234,0.18408513069152832
75.95989227294922,2.333460569381714,36.71111297607422,36.73066329956055,0.1846536099910736
76.05242156982422,2.4447484016418457,36.73392868041992,36.69107437133789,0.18267422914505005
75.9219970703125,2.320607900619507,36.76801681518555,36.651329040527344,0.18204130232334137
76.08863067626953,2.469938278198242,36.74429702758789,36.69042205810547,0.1839715987443924
75.96427917480469,2.3406286239624023,36.70970153808594,36.72934341430664,0.1846025437116623
76.03827667236328,2.4333105087280273,36.73151397705078,36.69082260131836,0.1826218068599701
75.9335708618164,2.3353822231292725,36.766056060791016,36.650203704833984,0.18193186819553375
76.06645202636719,2.4510610103607178,36.743309020996094,36.6882209777832,0.18385805189609528
75.96842956542969,2.347608804702759,36.708370208740234,36.7278938293457,0.1845533847808838
76.02689361572266,2.424682140350342,36.72932434082031,36.69032669067383,0.18256530165672302
75.94854736328125,2.3535284996032715,36.76401138305664,36.64918518066406,0.1818208545446396
76.04367065429688,2.4316060543060303,36.742122650146484,36.68619155883789,0.18374724686145782
75.9732894897461,2.3553526401519775,36.707088470458984,36.72634506225586,0.18450498580932617
76.01710510253906,2.4176414012908936,36.727333068847656,36.68962860107422,0.18250279128551483
75.9653091430664,2.3734328746795654,36.7618408203125,36.64833068847656,0.18170997500419617
76.02218627929688,2.413445234298706,36.74069595336914,36.684410095214844,0.18364311754703522
75.9802017211914,2.365194082260132,36.70592498779297,36.72462463378906,0.18445657193660736
76.00737762451172,2.4106829166412354,36.72555923461914,36.68870162963867,0.18243293464183807
75.98191833496094,2.393125057220459,36.75965118408203,36.64754104614258,0.18160125613212585
76.0040283203125,2.3985869884490967,36.739131927490234,36.68276596069336,0.18354777991771698
75.99024200439453,2.3782193660736084,36.70482635498047,36.72278594970703,0.1844063699245453
75.99675750732422,2.4028513431549072,36.72386169433594,36.687686920166016,0.18235570192337036
75.99712371826172,2.4113543033599854,36.75726318359375,36.64700698852539,0.18149623274803162
75.99034881591797,2.3881776332855225,36.73722839355469,36.68148422241211,0.18346229195594788
76.0035629272461,2.3945984840393066,36.703792572021484,36.720821380615234,0.18435262143611908
75.98548126220703,2.394392728805542,36.722347259521484,36.68647003173828,0.1822711080312729
76.01091003417969,2.4281156063079834,36.75489807128906,36.64649963378906,0.18139570951461792
75.9810562133789,2.3821136951446533,36.73524856567383,36.6803092956543,0.1833852231502533
76.01927185058594,2.413417100906372,36.70292663574219,36.718631744384766,0.18429423868656158
75.97538757324219,2.3871543407440186,36.72097396850586,36.68507766723633,0.1821797788143158
76.02458953857422,2.4447309970855713,36.752410888671875,36.64615249633789,0.18129968643188477
75.97523498535156,2.379502534866333,36.73306655883789,36.67935562133789,0.18331490457057953
76.0358657836914,2.433194875717163,36.7020378112793,36.716407775878906,0.18423061072826385
75.96885681152344,2.383526563644409,36.7197151184082,36.683528900146484,0.18208211660385132
76.03965759277344,2.4626901149749756,36.74980545043945,36.645957946777344,0.181207075715065
75.97207641601562,2.3795130252838135,36.730743408203125,36.67856979370117,0.1832478940486908
76.05201721191406,2.4525678157806396,36.70119857788086,36.71409606933594,0.18416191637516022
75.96800231933594,2.3856401443481445,36.71858596801758,36.68179702758789,0.18197870254516602
76.05699920654297,2.4828994274139404,36.74717712402344,36.64580535888672,0.18111614882946014
75.971923828125,2.3825089931488037,36.728397369384766,36.67784118652344,0.18318304419517517
76.06783294677734,2.4716169834136963,36.70054626464844,36.711578369140625,0.18408995866775513
75.9732894897461,2.3939523696899414,36.71762466430664,36.67984390258789,0.1818707436323166
76.0760269165039,2.5048165321350098,36.744483947753906,36.64570617675781,0.18102531135082245
75.97685241699219,2.3905277252197266,36.725975036621094,36.6772346496582,0.1831207424402237
76.08439636230469,2.491436004638672,36.69985580444336,36.70909118652344,0.1840171217918396
75.98453521728516,2.408298969268799,36.71650314331055,36.677982330322266,0.1817578226327896
76.09579467773438,2.527470111846924,36.7415885925293,36.64580535888672,0.18093249201774597
75.98878479003906,2.4054689407348633,36.723655700683594,36.67660140991211,0.18306241929531097
76.1026611328125,2.5129241943359375,36.699405670166016,36.70638656616211,0.1839451789855957
76.00157165527344,2.4284918308258057,36.71529769897461,36.67613983154297,0.18163920938968658
76.11540985107422,2.550013303756714,36.738529205322266,36.64603042602539,0.18083718419075012
76.00889587402344,2.4285097122192383,36.721500396728516,36.675880432128906,0.18300940096378326
76.12247467041016,2.5359373092651367,36.6991081237793,36.703556060791016,0.18387547135353088
76.02518463134766,2.455368757247925,36.713802337646484,36.67449951171875,0.18151359260082245
76.135009765625,2.5725595951080322,36.73526382446289,36.646446228027344,0.18073776364326477
76.03694152832031,2.4593758583068848,36.71971130371094,36.67489242553711,0.18296319246292114
76.14266967773438,2.55928373336792,36.69904327392578,36.700538635253906,0.18380893766880035
76.05651092529297,2.490053415298462,36.71187210083008,36.67320251464844,0.18137885630130768
76.1546630859375,2.595217227935791,36.73173141479492,36.6470832824707,0.1806350201368332
76.07231140136719,2.4974594116210938,36.71829605102539,36.67362976074219,0.1829255074262619
76.162109375,2.581829071044922,36.699180603027344,36.69735336303711,0.18374566733837128
76.0955581665039,2.532564401626587,36.709449768066406,36.672306060791016,0.1812335103750229
76.17366027832031,2.6172380447387695,36.7280158996582,36.64788055419922,0.18052886426448822
76.11419677734375,2.5419445037841797,36.71749496459961,36.67185974121094,0.18289710581302643
76.17996215820312,2.6027472019195557,36.699615478515625,36.69390869140625,0.18368448317050934
76.14057922363281,2.5811405181884766,36.70644760131836,36.671913146972656,0.18107785284519196
76.1900405883789,2.6366629600524902,36.72420120239258,36.64875793457031,0.18042245507240295
76.16197204589844,2.5921988487243652,36.717201232910156,36.66969299316406,0.18287891149520874
76.19673156738281,2.622577428817749,36.70016860961914,36.69035720825195,0.1836240440607071
76.18775177001953,2.631937265396118,36.702720642089844,36.672176361083984,0.1809137910604477
76.20111846923828,2.6507511138916016,36.72048568725586,36.64956283569336,0.1803191602230072
76.21388244628906,2.6465108394622803,36.717124938964844,36.66737747192383,0.18287013471126556
76.21407318115234,2.642979383468628,36.70101547241211,36.68651580810547,0.18356181681156158
76.22908782958984,2.6769044399261475,36.69831466674805,36.673118591308594,0.1807451844215393
76.20269775390625,2.6553049087524414,36.71747970581055,36.64968490600586,0.18022675812244415
76.26285552978516,2.6978414058685303,36.71657943725586,36.66557312011719,0.18286444246768951
76.2469711303711,2.6789724826812744,36.702903747558594,36.68159484863281,0.18349342048168182
76.21796417236328,2.6691792011260986,36.69243621826172,36.67574691772461,0.1806003898382187
76.1972885131836,2.6527366638183594,36.716678619384766,36.647705078125,0.18017180263996124
76.21617126464844,2.654052495956421,36.713294982910156,36.66605758666992,0.18277139961719513
76.39735412597656,2.8326404094696045,36.708736419677734,36.67257308959961,0.1834002137184143
75.75886535644531,2.2113828659057617,36.68418884277344,36.682552337646484,0.18073946237564087
76.11380767822266,2.5710389614105225,36.72317123413086,36.639286041259766,0.1803102344274521
75.70634460449219,2.150668144226074,36.70768356323242,36.66587829589844,0.1821153312921524
76.25624084472656,2.6964807510375977,36.718074798583984,36.65863037109375,0.183060422539711
74.9156494140625,1.3671215772628784,36.685707092285156,36.681522369384766,0.18130026757717133
76.47486114501953,2.9328134059906006,36.7457275390625,36.61564254760742,0.18067777156829834
74.99359893798828,1.4481137990951538,36.71773910522461,36.64675521850586,0.18099187314510345
75.96215057373047,2.407015800476074,36.697654724121094,36.674476623535156,0.18300408124923706
75.44901275634766,1.8985393047332764,36.67168426513672,36.69668197631836,0.18210430443286896
75.90225982666016,2.363860845565796,36.74087905883789,36.617000579833984,0.18051612377166748
75.0959243774414,1.5555514097213745,36.70561218261719,36.65402603149414,0.18073388934135437
76.59606170654297,3.0435357093811035,36.70066833496094,36.66880798339844,0.18305282294750214
75.31611633300781,1.7643977403640747,36.670509338378906,36.698326110839844,0.18288777768611908
79.60157775878906,6.077148914337158,36.759517669677734,36.58513259887695,0.17977945506572723
77.74974060058594,4.224666118621826,36.73188400268555,36.61376953125,0.17942214012145996
78.80117797851562,5.240411281585693,36.65485382080078,36.72050476074219,0.18540579080581665
78.05928039550781,4.498504161834717,36.637569427490234,36.73820495605469,0.18499980866909027
78.91050720214844,5.384816646575928,36.67436218261719,36.67207336425781,0.17925769090652466
81.44963836669922,7.931608200073242,36.721229553222656,36.61717224121094,0.17962615191936493
75.17888641357422,1.636521577835083,36.70274353027344,36.65781021118164,0.1818183809518814
79.32207489013672,5.760094165802002,36.668418884277344,36.7082405090332,0.1853220909833908
76.38813018798828,2.8367061614990234,36.69517135620117,36.67392349243164,0.18233512341976166
76.66216278076172,3.137056589126587,36.708160400390625,36.637184143066406,0.1797540783882141
75.64720916748047,2.115250587463379,36.699832916259766,36.65079116821289,0.1813332438468933
77.97209930419922,4.425002574920654,36.737430572509766,36.627010345458984,0.18265892565250397
77.12478637695312,3.5736780166625977,36.72610855102539,36.64289855957031,0.18209697306156158
78.32896423339844,4.797091007232666,36.68717956542969,36.66482925415039,0.17986541986465454
79.6926498413086,6.175021648406982,36.69132995605469,36.646427154541016,0.17986954748630524
79.05406188964844,5.532626628875732,36.70328903198242,36.63726806640625,0.18087449669837952
76.26495361328125,2.729550361633301,36.67576599121094,36.677764892578125,0.18187208473682404
81.98873138427734,8.439945220947266,36.65602111816406,36.710201263427734,0.18256615102291107
80.8894271850586,7.339436054229736,36.688377380371094,36.67995834350586,0.18165673315525055
76.77376556396484,3.2356958389282227,36.74699783325195,36.61086654663086,0.18020373582839966
76.8215103149414,3.299733877182007,36.711708068847656,36.62965393066406,0.18041545152664185
78.44368743896484,4.92356538772583,36.627872467041016,36.7114143371582,0.18084126710891724
76.84638977050781,3.3175652027130127,36.62630081176758,36.720985412597656,0.1815328598022461
78.65725708007812,5.12077522277832,36.716678619384766,36.638694763183594,0.18110501766204834
78.98748016357422,5.449270248413086,36.75810241699219,36.599769592285156,0.18033824861049652
77.30457305908203,3.7700560092926025,36.73136520385742,36.62311935424805,0.18002904951572418
75.8716049194336,2.3433427810668945,36.712398529052734,36.63542938232422,0.1804337352514267
79.44153594970703,5.917832851409912,36.71916198730469,36.62301254272461,0.18152950704097748
78.75403594970703,5.232600688934326,36.69109344482422,36.6487922668457,0.18155282735824585
76.93961334228516,3.415666341781616,36.65163803100586,36.69159698486328,0.1807156354188919
76.88887786865234,3.3577728271484375,36.68861389160156,36.66194534301758,0.18054936826229095
77.77278137207031,4.238415241241455,36.76029968261719,36.593570709228516,0.18049952387809753
76.6852035522461,3.1553022861480713,36.74860382080078,36.60092544555664,0.1803670972585678
77.37383270263672,3.8520400524139404,36.65945816040039,36.68220520019531,0.18013347685337067
77.20549774169922,3.6866836547851562,36.624996185302734,36.71340560913086,0.18041402101516724
77.3465347290039,3.823683977127075,36.67445755004883,36.667232513427734,0.18115796148777008
76.43873596191406,2.9118242263793945,36.71028137207031,36.63551330566406,0.18112041056156158
77.89303588867188,4.365530967712402,36.69773483276367,36.64906692504883,0.18070028722286224
77.39322662353516,3.8670578002929688,36.696067810058594,36.650062561035156,0.18004052340984344
76.51972198486328,2.995216131210327,36.70853042602539,36.63580322265625,0.18016818165779114
76.17188262939453,2.650749683380127,36.690277099609375,36.65029525756836,0.18056292831897736
77.89205169677734,4.374050140380859,36.664608001708984,36.672550201416016,0.18084274232387543
77.3563232421875,3.8379876613616943,36.68257141113281,36.65476989746094,0.18099643290042877
76.22881317138672,2.706897020339966,36.72761535644531,36.61359786987305,0.18070131540298462
75.84197235107422,2.317492723464966,36.72378158569336,36.62033462524414,0.1803673952817917
77.88526916503906,4.363333702087402,36.678916931152344,36.66292953491211,0.18008539080619812
77.29204559326172,3.773301124572754,36.66769027709961,36.67097473144531,0.180074080824852
76.2345199584961,2.7175421714782715,36.6926155090332,36.64399337768555,0.18036316335201263
75.82487487792969,2.308095693588257,36.698036193847656,36.63819885253906,0.18054307997226715
77.60770416259766,4.089148998260498,36.68229675292969,36.65555953979492,0.1807052493095398
77.08497619628906,3.564333200454712,36.690486907958984,36.64950942993164,0.18064647912979126
76.23242950439453,2.7115368843078613,36.71200180053711,36.62840270996094,0.18048791587352753
75.8212890625,2.304555654525757,36.693870544433594,36.6426887512207,0.1801757961511612
77.43163299560547,3.9190683364868164,36.65742111206055,36.67508316040039,0.1800631880760193
76.82775115966797,3.315232038497925,36.66227722167969,36.669918060302734,0.18032202124595642
76.30211639404297,2.786356210708618,36.703880310058594,36.63127136230469,0.18061083555221558
75.89351654052734,2.3763644695281982,36.71689224243164,36.619720458984375,0.18053282797336578
77.26485443115234,3.749453067779541,36.68910217285156,36.646121978759766,0.1801789104938507
76.72792053222656,3.2138800621032715,36.67732238769531,36.65672302246094,0.1799936294555664
76.29643249511719,2.78303599357605,36.689056396484375,36.64411926269531,0.18022412061691284
75.9431381225586,2.431628704071045,36.687828063964844,36.64329528808594,0.18038152158260345
76.98155212402344,3.470778703689575,36.67753601074219,36.65277862548828,0.1804570108652115
76.5008316040039,2.98822021484375,36.6911735534668,36.641029357910156,0.18041591346263885
76.34718322753906,2.8328447341918945,36.7161865234375,36.617855072021484,0.18029581010341644
75.93807983398438,2.4264094829559326,36.70413589477539,36.627437591552734,0.18009990453720093
76.8521957397461,3.344224691390991,36.66457748413086,36.66334533691406,0.18004612624645233
76.32940673828125,2.8210885524749756,36.65671157836914,36.671329498291016,0.18028415739536285
76.44759368896484,2.936605215072632,36.688289642333984,36.6422233581543,0.1804763376712799
76.02831268310547,2.5182340145111084,36.70621109008789,36.62360763549805,0.18025819957256317
76.69097137451172,3.183830976486206,36.69207763671875,36.63511276245117,0.17995142936706543
76.22148895263672,2.7140519618988037,36.68335723876953,36.644107818603516,0.17996853590011597
76.46643829345703,2.9569528102874756,36.68998718261719,36.639190673828125,0.18030260503292084
76.07576751708984,2.568173408508301,36.6861572265625,36.64113998413086,0.18029466271400452
76.51885986328125,3.014735221862793,36.67328643798828,36.650753021240234,0.18008647859096527
76.0726089477539,2.5676732063293457,36.68008804321289,36.64480972290039,0.18003910779953003
76.51384735107422,3.0058393478393555,36.70201110839844,36.62576675415039,0.18023277819156647
76.09042358398438,2.5839242935180664,36.70034408569336,36.62599182128906,0.1801634132862091
76.42595672607422,2.9235167503356934,36.673152923583984,36.64932632446289,0.1799604296684265
75.98751068115234,2.484760284423828,36.66350173950195,36.65926742553711,0.17998215556144714
76.53968048095703,3.0339996814727783,36.68594741821289,36.639522552490234,0.1802176833152771
76.11753845214844,2.6133947372436523,36.70150375366211,36.622493743896484,0.18014442920684814
76.3353500366211,2.8351457118988037,36.69156265258789,36.62872314453125,0.17992593348026276
75.92628479003906,2.425201654434204,36.67938232421875,36.64176940917969,0.17992913722991943
76.51480865478516,3.010345458984375,36.680843353271484,36.64345169067383,0.1801685392856598
76.09536743164062,2.5928454399108887,36.68096923828125,36.64146423339844,0.1800876408815384
76.28221893310547,2.784531593322754,36.67549133300781,36.642330169677734,0.17986054718494415
75.8781967163086,2.379866123199463,36.678993225097656,36.63945388793945,0.17988188564777374
76.4895248413086,2.9871339797973633,36.69267654418945,36.62959289550781,0.18012212216854095
76.06258392333984,2.561535358428955,36.69392395019531,36.627071380615234,0.1800519824028015
76.25662994384766,2.7604775428771973,36.6778678894043,36.63847351074219,0.17980645596981049
75.86421966552734,2.367770195007324,36.66897964477539,36.64764404296875,0.17982199788093567
76.43545532226562,2.9353113174438477,36.6808967590332,36.63918685913086,0.1800621896982193
76.0201644897461,2.5216310024261475,36.690792083740234,36.62775802612305,0.17998266220092773
76.2360610961914,2.7422878742218018,36.68409729003906,36.62991714477539,0.17975319921970367
75.85303497314453,2.3584113121032715,36.67472839355469,36.6401252746582,0.17976802587509155
76.372314453125,2.87362003326416,36.67779541015625,36.6408805847168,0.18002289533615112
75.96094512939453,2.464210271835327,36.68278884887695,36.634002685546875,0.17993731796741486
76.23397827148438,2.742631673812866,36.67967224121094,36.63197326660156,0.17969994246959686
75.84711456298828,2.3549649715423584,36.67624282836914,36.63618850708008,0.17972053587436676
76.31891632080078,2.822157859802246,36.68172836303711,36.63505935668945,0.1799716353416443
75.91321563720703,2.4181790351867676,36.685611724853516,36.62953186035156,0.17989212274551392
76.22869110107422,2.7393479347229004,36.67802429199219,36.63167953491211,0.1796371191740036
75.84762573242188,2.357698678970337,36.669673919677734,36.64059829711914,0.17965365946292877
76.26018524169922,2.7655439376831055,36.674903869628906,36.63983154296875,0.17990590631961823
75.86932373046875,2.376345157623291,36.684181213378906,36.62895584106445,0.1798374503850937
76.21186065673828,2.724608898162842,36.682315826416016,36.62533950805664,0.17959292232990265
75.8334732055664,2.3455731868743896,36.673702239990234,36.63459777832031,0.1796068400144577
76.2146224975586,2.721883535385132,36.67345428466797,36.63943099975586,0.17985445261001587
75.82876586914062,2.3378355503082275,36.67934036254883,36.631813049316406,0.17977651953697205
76.19564819335938,2.7106668949127197,36.67868423461914,36.626766204833984,0.17953474819660187
75.8142318725586,2.328500986099243,36.67255783081055,36.63361740112305,0.1795547604560852
76.18416595458984,2.6933369636535645,36.6739387512207,36.637088775634766,0.17980217933654785
75.80319213867188,2.3142099380493164,36.680843353271484,36.628421783447266,0.17972134053707123
76.17051696777344,2.6877317428588867,36.679439544677734,36.62386703491211,0.17947429418563843
75.793701171875,2.3101611137390137,36.67041015625,36.63362121582031,0.17950551211833954
76.15630340576172,2.6674301624298096,36.669437408447266,36.63968276977539,0.17975886166095734
75.784423828125,2.2973577976226807,36.67744445800781,36.62994384765625,0.17967094480991364
76.13651275634766,2.655893564224243,36.679405212402344,36.621803283691406,0.17940574884414673
75.76627349853516,2.284950017929077,36.67179870605469,36.630088806152344,0.17943346500396729
76.13320922851562,2.646324872970581,36.66946029663086,36.63771438598633,0.17970703542232513
75.7663803100586,2.2812883853912354,36.675819396972656,36.629634857177734,0.17963062226772308
76.1032485961914,2.624800682067871,36.677127838134766,36.62196350097656,0.1793597787618637
75.73762512207031,2.258452892303467,36.66946029663086,36.63033676147461,0.17937637865543365
76.1136245727539,2.628704309463501,36.66819763183594,36.6370735168457,0.17964816093444824
75.75028228759766,2.267178535461426,36.676353454589844,36.62718200683594,0.17957158386707306
76.07125091552734,2.595026969909668,36.67800521850586,36.61891555786133,0.1792980134487152
75.71163940429688,2.2347171306610107,36.66824722290039,36.629356384277344,0.17932100594043732
76.09217071533203,2.6092352867126465,36.66483688354492,36.638492584228516,0.17960208654403687
75.73323822021484,2.252053737640381,36.67354965209961,36.628108978271484,0.17952577769756317
76.04113006591797,2.5670487880706787,36.6777229309082,36.61712646484375,0.17923593521118164
75.68766021728516,2.2129909992218018,36.66899108886719,36.62643051147461,0.1792529672384262
76.06890869140625,2.5880556106567383,36.664398193359375,36.63690185546875,0.17954687774181366
75.71416473388672,2.2349867820739746,36.67196273803711,36.62773132324219,0.17948050796985626
76.01463317871094,2.542698383331299,36.67597579956055,36.61677551269531,0.17918342351913452
75.66686248779297,2.1943540573120117,36.667381286621094,36.625938415527344,0.17918814718723297
76.04398345947266,2.565178394317627,36.6630973815918,36.6362190246582,0.17948605120182037
75.69432067871094,2.2171757221221924,36.67127990722656,36.626434326171875,0.17942795157432556
75.98990631103516,2.5201590061187744,36.67544174194336,36.615169525146484,0.17913155257701874
75.64820098876953,2.1779167652130127,36.666072845458984,36.62507629394531,0.17913180589675903
76.01727294921875,2.540508270263672,36.66115951538086,36.636173248291016,0.17942948639392853
75.67330169677734,2.1981518268585205,36.669921875,36.625858306884766,0.17937231063842773
75.96634674072266,2.4987876415252686,36.67515182495117,36.61334228515625,0.17907291650772095
75.6301040649414,2.162090539932251,36.665836334228516,36.623111724853516,0.17907220125198364
75.99056243896484,2.515920400619507,36.65994644165039,36.63532257080078,0.17937587201595306
75.65228271484375,2.179163932800293,36.66815185546875,36.62564468383789,0.1793215274810791
75.94332122802734,2.477900743484497,36.67363357543945,36.612770080566406,0.179014191031456
75.6122817993164,2.1464738845825195,36.664730072021484,36.622074127197266,0.1790081411600113
75.96458435058594,2.4920294284820557,36.659000396728516,36.63423156738281,0.17931871116161346
75.6321029663086,2.1610567569732666,36.66729736328125,36.62448501586914,0.17927156388759613
75.91996002197266,2.456737995147705,36.67273712158203,36.61153030395508,0.1789587140083313
75.59419250488281,2.1306211948394775,36.66350173950195,36.62112045288086,0.17894507944583893
75.9395980834961,2.469156265258789,36.65757751464844,36.63360595703125,0.1792602837085724
75.61299896240234,2.143972396850586,36.666053771972656,36.62375259399414,0.17921946942806244
75.8960952758789,2.4350264072418213,36.6717529296875,36.61041259765625,0.17890317738056183
75.57575225830078,2.114424705505371,36.662559509277344,36.619876861572266,0.17888282239437103
75.91553497314453,2.4472463130950928,36.65650939941406,36.6325798034668,0.17920221388339996
75.59469604492188,2.127748489379883,36.66493225097656,36.62285232543945,0.17916692793369293
75.87162780761719,2.4127237796783447,36.67062759399414,36.609432220458984,0.178846538066864
75.5566177368164,2.0975182056427,36.66144943237305,36.618831634521484,0.17882011830806732
75.89258575439453,2.4264276027679443,36.655391693115234,36.63161849975586,0.17914415895938873
75.57713317871094,2.112274408340454,36.663780212402344,36.62196350097656,0.17911507189273834
75.8470230102539,2.3903043270111084,36.669437408447266,36.60849380493164,0.17879027128219604
75.53732299804688,2.0804731845855713,36.660282135009766,36.61781311035156,0.17875653505325317
75.87041473388672,2.406407594680786,36.65434646606445,36.630577087402344,0.17908482253551483
75.56029510498047,2.097513437271118,36.66268539428711,36.62103271484375,0.1790623515844345
75.82233428955078,2.367776393890381,36.668212890625,36.607608795166016,0.17873498797416687
75.51809692382812,2.0634775161743164,36.65916442871094,36.61676025390625,0.17869462072849274
75.84866333007812,2.386833667755127,36.65347671508789,36.629329681396484,0.17902621626853943
75.54380798339844,2.0831425189971924,36.661746978759766,36.619911193847656,0.1790083646774292
75.79768371582031,2.345297336578369,36.666934967041016,36.606773376464844,0.1786775439977646
75.49893188476562,2.0465402603149414,36.65790939331055,36.6158447265625,0.17863203585147858
75.82719421386719,2.367526054382324,36.652496337890625,36.628196716308594,0.17896844446659088
75.52735900878906,2.0688087940216064,36.660667419433594,36.61892318725586,0.17895598709583282
75.77349853515625,2.3233087062835693,36.66551208496094,36.60606384277344,0.17862027883529663
75.47994232177734,2.029817581176758,36.65655517578125,36.61500930786133,0.17856810986995697
75.8060073852539,2.348527669906616,36.651615142822266,36.626956939697266,0.1789090633392334
75.51109313964844,2.0546722412109375,36.65974044799805,36.61777877807617,0.17890268564224243
75.74971771240234,2.301710605621338,36.66416549682617,36.60527038574219,0.17856338620185852
75.46128845214844,2.0134098529815674,36.65530014038086,36.61407470703125,0.17850525677204132
75.78519439697266,2.3299057483673096,36.65083312988281,36.625606536865234,0.17885041236877441
75.49516296386719,2.040872812271118,36.65886306762695,36.616573333740234,0.1788487583398819
75.72615814208984,2.2803430557250977,36.66271209716797,36.60459518432617,0.17850536108016968
75.44293975830078,1.9973022937774658,36.653907775878906,36.61328125,0.17844198644161224
75.76445770263672,2.3113715648651123,36.6500358581543,36.62425231933594,0.1787920445203781
75.4792709350586,2.027139902114868,36.65796661376953,36.61537170410156,0.1787952482700348
75.70287322998047,2.2592709064483643,36.661216735839844,36.603946685791016,0.1784467250108719
75.42469787597656,1.9813175201416016,36.65251541137695,36.61248779296875,0.17837806046009064
75.7439956665039,2.293114185333252,36.64930725097656,36.62283706665039,0.17873327434062958
75.46348571777344,2.013519525527954,36.657142639160156,36.61408615112305,0.17874155938625336
75.68008422851562,2.238678216934204,36.65966796875,36.60334396362305,0.17838776111602783
75.40677642822266,1.965658187866211,36.65104675292969,36.61175537109375,0.178314208984375
75.72382354736328,2.2751660346984863,36.64863204956055,36.62135696411133,0.1786748319864273
75.44792175292969,2.0001261234283447,36.656410217285156,36.61269760131836,0.17868736386299133
75.65760803222656,2.2184298038482666,36.65809631347656,36.602752685546875,0.17832782864570618
75.38912963867188,1.9502670764923096,36.649539947509766,36.61106491088867,0.17825022339820862
75.70393371582031,2.257493019104004,36.647911071777344,36.61991500854492,0.17861677706241608
75.43258666992188,1.9869694709777832,36.655582427978516,36.61140441894531,0.1786331832408905
75.63545227050781,2.1984941959381104,36.65646743774414,36.60221862792969,0.17826731503009796
75.37165069580078,1.9350556135177612,36.64805603027344,36.610355377197266,0.17818599939346313
75.68441772460938,2.2402002811431885,36.6473274230957,36.61833572387695,0.17855896055698395
75.41747283935547,1.9740321636199951,36.65488052368164,36.6099739074707,0.17857901751995087
75.61361694335938,2.1789026260375977,36.6547966003418,36.601715087890625,0.17820574343204498
75.35444641113281,1.9201228618621826,36.646488189697266,36.609710693359375,0.17812135815620422
75.66515350341797,2.223156213760376,36.64676284790039,36.61673355102539,0.17850162088871002
75.40254974365234,1.96131432056427,36.654197692871094,36.6085090637207,0.17852462828159332
75.59211730957031,2.1596407890319824,36.653106689453125,36.60122299194336,0.17814324796199799
75.33744812011719,1.9054027795791626,36.64484786987305,36.60913848876953,0.17805655300617218
75.64619445800781,2.2064309120178223,36.646148681640625,36.615169525146484,0.17844495177268982
75.38783264160156,1.9488147497177124,36.65348815917969,36.607059478759766,0.17847028374671936
75.57097625732422,2.140758752822876,36.6513557434082,36.60078048706055,0.1780797392129898
75.3207015991211,1.890936255455017,36.64327621459961,36.60849380493164,0.17799122631549835
75.62764739990234,2.1901168823242188,36.64567565917969,36.61346435546875,0.17838837206363678
75.37340545654297,1.936598300933838,36.652835845947266,36.60555648803711,0.17841632664203644
75.55011749267578,2.122161865234375,36.64958953857422,36.600345611572266,0.17801541090011597
75.30419158935547,1.8767234086990356,36.64163589477539,36.60791015625,0.17792564630508423
75.60940551757812,2.1741220951080322,36.645206451416016,36.611751556396484,0.17833219468593597
75.35916900634766,1.9245747327804565,36.6522102355957,36.60402297973633,0.17836186289787292
75.52967834472656,2.104012966156006,36.64773178100586,36.59999084472656,0.17795008420944214
75.28793334960938,1.862747073173523,36.639930725097656,36.60739517211914,0.17785964906215668
75.591552734375,2.1585073471069336,36.64473342895508,36.61003494262695,0.178276926279068
75.34525299072266,1.9128941297531128,36.6515998840332,36.602455139160156,0.1783074140548706
75.5095443725586,2.086153745651245,36.64592742919922,36.59957504272461,0.17788346111774445
75.27191925048828,1.8490287065505981,36.6383056640625,36.606788635253906,0.17779317498207092
75.57400512695312,2.1431989669799805,36.64433288574219,36.60824966430664,0.1782219260931015
75.33151245117188,1.9013786315917969,36.6510124206543,36.60086441040039,0.1782531887292862
75.48979949951172,2.0687084197998047,36.644039154052734,36.599239349365234,0.17781615257263184
75.25614166259766,1.8355591297149658,36.63658905029297,36.60626983642578,0.17772676050662994
75.55683135986328,2.1282758712768555,36.64389419555664,36.60649490356445,0.17816735804080963
75.31804656982422,1.890160083770752,36.650360107421875,36.59932327270508,0.1781986504793167
75.4703598022461,2.0515661239624023,36.6420783996582,36.59896469116211,0.1777476668357849
75.24052429199219,1.82224702835083,36.63487243652344,36.60574722290039,0.17766006290912628
75.54009246826172,2.1137778759002686,36.64353942871094,36.60466003417969,0.1781136393547058
75.30479431152344,1.8791531324386597,36.64977264404297,36.59771728515625,0.1781442016363144
75.4512710571289,2.034792900085449,36.64019775390625,36.59859848022461,0.1776784062385559
75.22509002685547,1.8091177940368652,36.63319396972656,36.605186462402344,0.17759308218955994
75.52385711669922,2.099797487258911,36.643192291259766,36.602806091308594,0.17806008458137512
75.29190063476562,1.8685200214385986,36.6491813659668,36.596107482910156,0.178089439868927
75.4324722290039,2.018312931060791,36.63825988769531,36.59829330444336,0.1776081919670105
75.2097396850586,1.7960797548294067,36.63151931762695,36.604610443115234,0.17752587795257568
75.508056640625,2.086252450942993,36.64284896850586,36.600948333740234,0.17800714075565338
75.27925109863281,1.858134388923645,36.64852523803711,36.59455871582031,0.17803455889225006
75.41395568847656,2.0021302700042725,36.63625717163086,36.59803009033203,0.1775372475385666
75.19451904296875,1.7831875085830688,36.62980651855469,36.60406494140625,0.17745870351791382
75.49280548095703,2.0732533931732178,36.64249801635742,36.59910202026367,0.1779545247554779
75.26690673828125,1.8480643033981323,36.647891998291016,36.59297180175781,0.17797940969467163
75.3957290649414,1.9862271547317505,36.63425827026367,36.59777069091797,0.17746563255786896
75.17938995361328,1.7703747749328613,36.62813949584961,36.60348129272461,0.17739157378673553
75.4780502319336,2.060753107070923,36.6422119140625,36.59718322753906,0.17790238559246063
75.25487518310547,1.8383046388626099,36.64726257324219,36.59138488769531,0.17792421579360962
75.3777084350586,1.9705640077590942,36.6323127746582,36.597442626953125,0.17739337682724
75.1642074584961,1.7575229406356812,36.626529693603516,36.60283279418945,0.17732422053813934
75.46390533447266,2.048872470855713,36.641883850097656,36.59530258178711,0.1778503656387329
75.24322509765625,1.828924536705017,36.64655303955078,36.58987045288086,0.1778685748577118
75.35984802246094,1.9550483226776123,36.63030242919922,36.59717559814453,0.17732082307338715
75.14897155761719,1.7446227073669434,36.62486267089844,36.60223388671875,0.17725688219070435
75.45037841796875,2.0376131534576416,36.641517639160156,36.59345245361328,0.1777985543012619
75.23188781738281,1.8198829889297485,36.645809173583984,36.588382720947266,0.17781274020671844
75.34207916259766,1.9396320581436157,36.628334045410156,36.596866607666016,0.17724797129631042
75.1336441040039,1.7316138744354248,36.6233024597168,36.60153579711914,0.17718976736068726
75.43742370605469,2.026923894882202,36.64118576049805,36.59156799316406,0.17774666845798492
75.22090911865234,1.811203122138977,36.64509201049805,36.58686065673828,0.17775599658489227
75.32435607910156,1.9242626428604126,36.62640380859375,36.59651184082031,0.17717473208904266
75.11814880371094,1.718459963798523,36.621761322021484,36.600807189941406,0.17712301015853882
75.42511749267578,2.0168869495391846,36.640811920166016,36.5897216796875,0.17769497632980347
75.21025848388672,1.8028521537780762,36.64430236816406,36.58540344238281,0.17769931256771088
75.30664825439453,1.9089210033416748,36.62447738647461,36.59614562988281,0.17710156738758087
75.10245513916016,1.7050914764404297,36.620235443115234,36.60007095336914,0.1770562380552292
75.41336059570312,2.0074102878570557,36.640377044677734,36.58792495727539,0.17764297127723694
75.19993591308594,1.794839859008789,36.64346694946289,36.583988189697266,0.17764200270175934
75.28892517089844,1.8935600519180298,36.622615814208984,36.59572219848633,0.17702877521514893
75.0865478515625,1.6915301084518433,36.61882400512695,36.59920883178711,0.17698980867862701
75.40213775634766,1.9984817504882812,36.63996887207031,36.58610153198242,0.1775907278060913
75.19000244140625,1.7872189283370972,36.64259338378906,36.58260726928711,0.17758415639400482
75.27104187011719,1.8780391216278076,36.62076950073242,36.59527587890625,0.17695607244968414
75.07040405273438,1.6777138710021973,36.61738586425781,36.59837341308594,0.1769234985113144
75.3914794921875,1.9901251792907715,36.63943099975586,36.58439254760742,0.17753814160823822
75.18041229248047,1.7799453735351562,36.64167404174805,36.581268310546875,0.17752590775489807
75.25303649902344,1.8624085187911987,36.61900329589844,36.59474182128906,0.17688366770744324
75.05402374267578,1.6636792421340942,36.61605453491211,36.597434997558594,0.17685750126838684
75.38127136230469,1.9822098016738892,36.638877868652344,36.58270263671875,0.17748481035232544
75.17113494873047,1.7729954719543457,36.640689849853516,36.57998275756836,0.17746716737747192
75.23489379882812,1.8466297388076782,36.617252349853516,36.594200134277344,0.17681171000003815
75.03740692138672,1.649411678314209,36.61471176147461,36.59649658203125,0.17679160833358765
75.37147521972656,1.9747200012207031,36.6382942199707,36.581031799316406,0.17743097245693207
75.16217803955078,1.766363263130188,36.639705657958984,36.578697204589844,0.17740808427333832
75.2165298461914,1.8306351900100708,36.61558532714844,36.59356689453125,0.1767403930425644
75.02059936523438,1.6349376440048218,36.61343765258789,36.59549331665039,0.1767261028289795
75.36209106445312,1.967645525932312,36.637577056884766,36.57949447631836,0.1773766577243805
75.15352630615234,1.7600659132003784,36.63865280151367,36.57746505737305,0.17734859883785248
75.19792175292969,1.8144011497497559,36.61403274536133,36.59281921386719,0.17666997015476227
75.00359344482422,1.6202927827835083,36.61223220825195,36.59441375732422,0.1766609102487564
75.35295104980469,1.9608291387557983,36.63685607910156,36.57794189453125,0.17732152342796326
75.14517211914062,1.7540507316589355,36.637535095214844,36.576297760009766,0.17728863656520844
75.17913055419922,1.7979793548583984,36.61247634887695,36.59207534790039,0.17659986019134521
74.98645782470703,1.6055105924606323,36.611026763916016,36.593326568603516,0.17659562826156616
75.34406280517578,1.9542644023895264,36.636043548583984,36.576480865478516,0.17726536095142365
75.13703918457031,1.748273491859436,36.636417388916016,36.57512283325195,0.17722821235656738
75.16020202636719,1.781422734260559,36.610984802246094,36.59126281738281,0.1765306144952774
74.96925354003906,1.5906733274459839,36.6098518371582,36.59220504760742,0.17653049528598785
75.33525848388672,1.9478093385696411,36.63519287109375,36.575050354003906,0.17720860242843628
75.12908935546875,1.7426695823669434,36.63531494140625,36.573936462402344,0.17716754972934723
75.14115142822266,1.764752984046936,36.60960388183594,36.59033203125,0.17646168172359467
74.95207214355469,1.575840711593628,36.608699798583984,36.591060638427734,0.17646536231040955
75.3265380859375,1.9414345026016235,36.63420486450195,36.57374572753906,0.17715086042881012
75.1212158203125,1.7371569871902466,36.634071350097656,36.5728759765625,0.1771065890789032
75.12206268310547,1.7480510473251343,36.60823059082031,36.58938980102539,0.17639370262622833
74.93498992919922,1.5611343383789062,36.60760498046875,36.589847564697266,0.1764003336429596
75.31771850585938,1.9349693059921265,36.63325881958008,36.57239532470703,0.17709232866764069
75.1134033203125,1.731709599494934,36.6329231262207,36.571720123291016,0.17704549431800842
75.10304260253906,1.731410264968872,36.60696029663086,36.588348388671875,0.17632608115673065
74.9180679321289,1.5465878248214722,36.606502532958984,36.58864212036133,0.17633508145809174
75.30882263183594,1.9284343719482422,36.6322021484375,36.57115173339844,0.17703308165073395
75.1056137084961,1.7262934446334839,36.63166809082031,36.5706672668457,0.17698393762111664
75.08415985107422,1.7149169445037842,36.605655670166016,36.58732986450195,0.17625866830348969
74.90143585205078,1.5323433876037598,36.605403900146484,36.58741760253906,0.17626968026161194
75.29962158203125,1.9216125011444092,36.6310920715332,36.569942474365234,0.17697302997112274
75.09767150878906,1.7207309007644653,36.63043212890625,36.56958770751953,0.1769222766160965
75.06550598144531,1.6986552476882935,36.604434967041016,36.58622360229492,0.17619183659553528
74.8851547241211,1.518452763557434,36.60433578491211,36.58616638183594,0.17620402574539185
75.29020690917969,1.914571762084961,36.62995910644531,36.56875991821289,0.17691244184970856
75.08960723876953,1.7150535583496094,36.62916564941406,36.56852722167969,0.176860511302948
75.04723358154297,1.682786226272583,36.60323715209961,36.585086822509766,0.1761251538991928
74.8692855834961,1.5049843788146973,36.60325622558594,36.58489990234375,0.17613819241523743
75.28038024902344,1.9071472883224487,36.628822326660156,36.56756591796875,0.1768510937690735
75.08121490478516,1.709048867225647,36.62791442871094,36.56745529174805,0.17679837346076965
75.0293960571289,1.6673502922058105,36.602046966552734,36.58394241333008,0.17605866491794586
74.85394287109375,1.4920525550842285,36.60215759277344,36.583656311035156,0.17607198655605316
75.27015686035156,1.8993091583251953,36.62760543823242,36.56645584106445,0.1767890751361847
75.0725326538086,1.7027621269226074,36.626625061035156,36.566410064697266,0.17673617601394653
75.0121078491211,1.6524738073349,36.600887298583984,36.5827522277832,0.17599225044250488
74.83917236328125,1.4797114133834839,36.60106658935547,36.582393646240234,0.1760054975748062
75.25942993164062,1.8909870386123657,36.626380920410156,36.565338134765625,0.17672652006149292
75.06348419189453,1.6961170434951782,36.62531661987305,36.56538009643555,0.17667362093925476
74.99542236328125,1.6382049322128296,36.5997314453125,36.58155822753906,0.17592574656009674
74.82502746582031,1.4679888486862183,36.5999870300293,36.581111907958984,0.17593854665756226
75.24815368652344,1.882121205329895,36.62511444091797,36.56425476074219,0.17666366696357727
75.05394744873047,1.6889780759811401,36.62399673461914,36.564361572265625,0.1766108125448227
74.97943115234375,1.6246434450149536,36.59854507446289,36.580379486083984,0.17585904896259308
74.81159973144531,1.4569941759109497,36.59891128540039,36.57981872558594,0.17587123811244965
75.23622131347656,1.8726074695587158,36.623905181884766,36.5631103515625,0.1766003668308258
75.04383087158203,1.6812732219696045,36.622711181640625,36.563297271728516,0.17654822766780853
74.9642562866211,1.6119076013565063,36.597408294677734,36.57914733886719,0.17579247057437897
74.79889678955078,1.4467482566833496,36.59779357910156,36.57855224609375,0.175803542137146
75.22364807128906,1.8624622821807861,36.622623443603516,36.56202697753906,0.1765364408493042
75.03317260742188,1.6730296611785889,36.621376037597656,36.562278747558594,0.176485076546669
74.94984436035156,1.5999466180801392,36.596229553222656,36.57794189453125,0.17572546005249023
74.78692626953125,1.4372426271438599,36.596683502197266,36.577266693115234,0.17573535442352295
75.21039581298828,1.8516284227371216,36.621337890625,36.56095504760742,0.1764722764492035
75.02188110351562,1.6641573905944824,36.62002182006836,36.561275482177734,0.17642194032669067
74.93634033203125,1.5888886451721191,36.59501647949219,36.5767707824707,0.17565827071666718
74.77580261230469,1.4285866022109985,36.59553527832031,36.57601547241211,0.17566674947738647
75.19635009765625,1.840023398399353,36.620059967041016,36.55986022949219,0.17640738189220428
75.00991821289062,1.6546287536621094,36.618709564208984,36.560218811035156,0.17635831236839294
74.92363739013672,1.578668475151062,36.593868255615234,36.57551574707031,0.1755906492471695
74.76544952392578,1.4207062721252441,36.59442138671875,36.57472229003906,0.17559756338596344
75.18159484863281,1.827714204788208,36.61874771118164,36.55879211425781,0.17634260654449463
74.99730682373047,1.6444565057754517,36.61735534667969,36.559207916259766,0.17629465460777283
74.91193389892578,1.569433569908142,36.59267044067383,36.57430648803711,0.17552265524864197
74.7559814453125,1.4137318134307861,36.59328842163086,36.57343292236328,0.17552781105041504
75.1660385131836,1.8146077394485474,36.617435455322266,36.557716369628906,0.17627722024917603
74.98397827148438,1.6335655450820923,36.61598205566406,36.55820083618164,0.17623068392276764
74.90111541748047,1.5610939264297485,36.59144592285156,36.573123931884766,0.17545431852340698
74.74732971191406,1.4075692892074585,36.59212112426758,36.572174072265625,0.17545770108699799
75.14972686767578,1.8007481098175049,36.61610412597656,36.55666732788086,0.1762116253376007
74.96998596191406,1.622002363204956,36.61463928222656,36.55717468261719,0.17616674304008484
74.89122772216797,1.5536994934082031,36.59025573730469,36.5718879699707,0.17538581788539886
74.73945617675781,1.4022201299667358,36.59098815917969,36.570865631103516,0.17538700997829437
75.13272094726562,1.786201000213623,36.61481475830078,36.55555725097656,0.17614538967609406
74.95539855957031,1.6098675727844238,36.6132926940918,36.55613708496094,0.17610235512256622
74.88217163085938,1.5471404790878296,36.58902359008789,36.5706901550293,0.1753167062997818
74.73242950439453,1.3977106809616089,36.58977508544922,36.56963348388672,0.17531579732894897
75.11498260498047,1.770924687385559,36.613441467285156,36.554534912109375,0.17607927322387695
74.94017028808594,1.5970871448516846,36.61187744140625,36.55516052246094,0.17603768408298492
74.87399291992188,1.5414763689041138,36.587799072265625,36.56947326660156,0.17524699866771698
74.72615814208984,1.3939623832702637,36.588600158691406,36.5683479309082,0.17524410784244537
75.09661865234375,1.7550435066223145,36.61210632324219,36.553462982177734,0.17601293325424194
74.92440795898438,1.5837905406951904,36.610511779785156,36.554134368896484,0.1759731024503708
74.86664581298828,1.5366318225860596,36.58656311035156,36.568275451660156,0.17517681419849396
74.72061157226562,1.3909480571746826,36.587398529052734,36.56708908081055,0.1751718819141388
75.07772827148438,1.7386120557785034,36.61076736450195,36.55239486694336,0.17594623565673828
74.90817260742188,1.570009708404541,36.60914611816406,36.553104400634766,0.1759084016084671
74.8599853515625,1.5325005054473877,36.585330963134766,36.56704330444336,0.17510637640953064
74.71569061279297,1.388576865196228,36.58620834350586,36.5658073425293,0.1750989556312561
75.05838775634766,1.7217552661895752,36.60940933227539,36.55133819580078,0.17587940394878387
74.89158630371094,1.5558979511260986,36.60774230957031,36.55210876464844,0.17584365606307983
74.85392761230469,1.5289679765701294,36.58403015136719,36.56589126586914,0.1750352680683136
74.71123504638672,1.3866747617721558,36.5849494934082,36.56459045410156,0.17502592504024506
75.03887939453125,1.7047382593154907,36.60804748535156,36.55027770996094,0.1758125126361847
74.8749008178711,1.5416640043258667,36.606380462646484,36.55107498168945,0.1757785975933075
74.84828186035156,1.5258567333221436,36.58279800415039,36.56466293334961,0.1749638170003891
74.70716094970703,1.3851549625396729,36.583740234375,36.563316345214844,0.1749524474143982
75.01921844482422,1.6875710487365723,36.606727600097656,36.54917907714844,0.17574550211429596
74.85810089111328,1.527334213256836,36.605010986328125,36.5500373840332,0.17571353912353516
74.843017578125,1.523136854171753,36.58152770996094,36.5634651184082,0.17489196360111237
74.70342254638672,1.3839651346206665,36.58248519897461,36.56209182739258,0.17487850785255432
74.99962615966797,1.6704615354537964,36.6053581237793,36.54813003540039,0.17567838728427887
74.84139251708984,1.5131036043167114,36.603633880615234,36.54900360107422,0.17564824223518372
74.83793640136719,1.5206040143966675,36.58024597167969,36.56227111816406,0.1748194545507431
74.69978332519531,1.3828963041305542,36.58122253417969,36.56085968017578,0.17480449378490448
74.98025512695312,1.6535792350769043,36.604034423828125,36.54702377319336,0.175611674785614
74.82492065429688,1.4991005659103394,36.6023063659668,36.54792785644531,0.175583153963089
74.8329086303711,1.5181187391281128,36.57898712158203,36.561058044433594,0.17474648356437683
74.69613647460938,1.3818293809890747,36.579952239990234,36.55963134765625,0.17473004758358002
74.96125793457031,1.6370842456817627,36.60267639160156,36.54595184326172,0.17554505169391632
74.80884552001953,1.4855010509490967,36.600914001464844,36.54690933227539,0.17551809549331665
74.8277816772461,1.5155491828918457,36.57769012451172,36.559871673583984,0.17467325925827026
74.69244384765625,1.3806999921798706,36.57868957519531,36.55839920043945,0.17465554177761078
74.94276428222656,1.6210888624191284,36.60130310058594,36.54489517211914,0.17547866702079773
74.79319763183594,1.4723423719406128,36.599552154541016,36.54584884643555,0.1754528135061264
74.82251739501953,1.5128421783447266,36.57640838623047,36.55867004394531,0.1745992749929428
74.68853759765625,1.379369854927063,36.577449798583984,36.557132720947266,0.17458070814609528
74.9249267578125,1.60575532913208,36.600013732910156,36.54374694824219,0.1754126399755478
74.77818298339844,1.4598113298416138,36.59822463989258,36.54476547241211,0.17538775503635406
74.81690979003906,1.5097960233688354,36.57508850097656,36.55750274658203,0.17452499270439148
74.6843032836914,1.3777103424072266,36.57613754272461,36.55594253540039,0.17450575530529022
74.9077377319336,1.5910652875900269,36.59869384765625,36.54263687133789,0.17534688115119934
74.76373291015625,1.447834849357605,36.59690856933594,36.54366683959961,0.1753227859735489
74.81095886230469,1.5063954591751099,36.573795318603516,36.55630874633789,0.1744503527879715
74.67969512939453,1.3756866455078125,36.57485580444336,36.554725646972656,0.17443083226680756
74.89134216308594,1.5771671533584595,36.59736633300781,36.54153060913086,0.17528146505355835
74.75003814697266,1.436625599861145,36.59556579589844,36.54259490966797,0.17525766789913177
74.80451202392578,1.5025177001953125,36.572479248046875,36.555137634277344,0.17437507212162018
74.67469024658203,1.3732528686523438,36.573543548583984,36.55353546142578,0.1743556708097458
74.87577819824219,1.564103603363037,36.59605407714844,36.540409088134766,0.17521671950817108
74.73705291748047,1.4261161088943481,36.59428405761719,36.54145812988281,0.17519277334213257
74.79765319824219,1.4982320070266724,36.57121658325195,36.55390548706055,0.17429955303668976
74.66919708251953,1.3703492879867554,36.572269439697266,36.552303314208984,0.17428070306777954
74.86103820800781,1.5518505573272705,36.59476089477539,36.53927230834961,0.1751524806022644
74.72474670410156,1.4162976741790771,36.59293746948242,36.540382385253906,0.1751279979944229
74.79029083251953,1.4934349060058594,36.56986999511719,36.55276107788086,0.1742236316204071
74.66327667236328,1.3670073747634888,36.57094955444336,36.55112075805664,0.17420540750026703
74.84712219238281,1.5404422283172607,36.593502044677734,36.538089752197266,0.1750885397195816
74.71316528320312,1.407203197479248,36.59170913696289,36.539188385009766,0.17506331205368042
74.78250885009766,1.4882235527038574,36.56861877441406,36.551517486572266,0.17414703965187073
74.65692138671875,1.3632228374481201,36.56966018676758,36.54990005493164,0.17413033545017242
74.83397674560547,1.5297954082489014,36.59219741821289,36.53695297241211,0.17502492666244507
74.70223236083984,1.398761510848999,36.590396881103516,36.5380744934082,0.17499838769435883
74.77424621582031,1.482517123222351,36.56727600097656,36.550376892089844,0.17407050728797913
74.65013885498047,1.359028697013855,36.56831741333008,36.548736572265625,0.174055278301239
74.82151794433594,1.5198376178741455,36.590904235839844,36.53581237792969,0.17496170103549957
74.69185638427734,1.3908802270889282,36.589134216308594,36.53691101074219,0.17493338882923126
74.76565551757812,1.4765130281448364,36.56595230102539,36.549198150634766,0.1739935576915741
74.64302062988281,1.3544970750808716,36.56698989868164,36.54755783081055,0.1739805042743683
74.80967712402344,1.5105072259902954,36.589656829833984,36.53461837768555,0.17489899694919586
74.68197631835938,1.3834954500198364,36.58792495727539,36.53569030761719,0.1748683601617813
74.75675964355469,1.470180630683899,36.56467056274414,36.54799270629883,0.17391620576381683
74.63557434082031,1.349624514579773,36.5656852722168,36.54636001586914,0.1739056408405304
74.79840850830078,1.5017513036727905,36.58840560913086,36.533416748046875,0.17483632266521454
74.67257690429688,1.3765898942947388,36.58668899536133,36.534488677978516,0.17480303347110748
74.7475814819336,1.4635748863220215,36.56333541870117,36.54684066772461,0.17383888363838196
74.62786865234375,1.3444888591766357,36.564327239990234,36.545223236083984,0.17383092641830444
74.78764343261719,1.493492841720581,36.58712387084961,36.53225326538086,0.17477375268936157
74.66353607177734,1.3700556755065918,36.585445404052734,36.53329849243164,0.1747375726699829
74.73818969726562,1.4567488431930542,36.56203079223633,36.545650482177734,0.17376133799552917
74.61991119384766,1.3391114473342896,36.56297302246094,36.5440673828125,0.17375656962394714
74.77728271484375,1.4856486320495605,36.58590316772461,36.53101348876953,0.1747114062309265
74.65479278564453,1.3638207912445068,36.58424758911133,36.53205108642578,0.17467167973518372
74.72869110107422,1.4498188495635986,36.56068420410156,36.54450988769531,0.17368336021900177
74.61183166503906,1.3336142301559448,36.56157684326172,36.5429573059082,0.17368212342262268
74.76719665527344,1.4780945777893066,36.58464431762695,36.529808044433594,0.17464882135391235
74.64627075195312,1.3578085899353027,36.58305358886719,36.530799865722656,0.1746055632829666
74.7190933227539,1.4427810907363892,36.559391021728516,36.54331970214844,0.17360566556453705
74.60367584228516,1.3280413150787354,36.56024169921875,36.541786193847656,0.17360788583755493
74.75727844238281,1.4707164764404297,36.58346176147461,36.52851867675781,0.17458583414554596
74.63785552978516,1.3519165515899658,36.581871032714844,36.52952575683594,0.17453891038894653
74.70940399169922,1.4356504678726196,36.558006286621094,36.54221725463867,0.17352832853794098
74.59541320800781,1.3223539590835571,36.55881118774414,36.54071807861328,0.17353427410125732
74.74752044677734,1.463498592376709,36.582191467285156,36.52730941772461,0.17452265322208405
74.62954711914062,1.3461476564407349,36.58069610595703,36.528236389160156,0.1744716763496399
74.69971466064453,1.4285163879394531,36.55669403076172,36.541053771972656,0.17345082759857178
74.58711242675781,1.3166224956512451,36.55742645263672,36.53960418701172,0.17346055805683136
74.73790740966797,1.456424355506897,36.58099365234375,36.52602767944336,0.17445917427539825
74.62132263183594,1.340444564819336,36.57957458496094,36.52689743041992,0.17440420389175415
74.68997192382812,1.4213347434997559,36.55537796020508,36.539886474609375,0.17337387800216675
74.57874298095703,1.310834288597107,36.55598449707031,36.53853988647461,0.173387348651886
74.72830200195312,1.449381947517395,36.57974624633789,36.5247802734375,0.17439498007297516
74.61309814453125,1.3347629308700562,36.57841873168945,36.525577545166016,0.174335777759552
74.68023681640625,1.414162516593933,36.55405044555664,36.538734436035156,0.17329704761505127
74.57042694091797,1.305091381072998,36.5545768737793,36.537445068359375,0.17331428825855255
74.71870422363281,1.4423489570617676,36.57847595214844,36.52354431152344,0.17433024942874908
74.60490417480469,1.3291147947311401,36.577213287353516,36.52430725097656,0.1742669939994812
74.67048645019531,1.4069582223892212,36.55264663696289,36.537662506103516,0.1732206493616104
74.56214141845703,1.2993793487548828,36.553157806396484,36.53636169433594,0.1732415407896042
74.70899963378906,1.4352303743362427,36.57733917236328,36.52216720581055,0.17426446080207825
74.59661865234375,1.323392629623413,36.576168060302734,36.52286911010742,0.17419740557670593
74.66083526611328,1.3998472690582275,36.5513801574707,36.53646469116211,0.17314493656158447
74.553955078125,1.2937690019607544,36.551753997802734,36.53526306152344,0.17316903173923492
74.69914245605469,1.4279621839523315,36.57608413696289,36.52090072631836,0.1741979569196701
74.5882568359375,1.3175849914550781,36.5749626159668,36.521583557128906,0.17412742972373962
74.6512680053711,1.392817497253418,36.54994201660156,36.53543472290039,0.173069566488266
74.5458984375,1.288291096687317,36.550254821777344,36.53425598144531,0.1730969250202179
74.6891098022461,1.4205169677734375,36.57486343383789,36.519596099853516,0.17413078248500824
74.57975769042969,1.311655879020691,36.57381820678711,36.52022933959961,0.17405684292316437
74.64173889160156,1.385841965675354,36.54859161376953,36.53430938720703,0.17299461364746094
74.53797149658203,1.2829461097717285,36.54886245727539,36.533138275146484,0.17302489280700684
74.67884063720703,1.4128739833831787,36.57368469238281,36.51822280883789,0.17406226694583893
74.57109832763672,1.3055728673934937,36.57271957397461,36.518821716308594,0.1739853173494339
74.63236236572266,1.379008173942566,36.54722595214844,36.53321075439453,0.17292052507400513
74.53023529052734,1.2778064012527466,36.54738998413086,36.5320930480957,0.17295311391353607
74.66828155517578,1.404930591583252,36.57246017456055,36.51689529418945,0.17399276793003082
74.5622787475586,1.2993313074111938,36.571537017822266,36.51750183105469,0.17391328513622284
74.62310791015625,1.3722925186157227,36.54581069946289,36.532161712646484,0.17284677922725677
74.52275848388672,1.2729023694992065,36.5459098815918,36.531063079833984,0.17288148403167725
74.65736389160156,1.3966561555862427,36.57119369506836,36.51559829711914,0.1739225685596466
74.55323791503906,1.2928837537765503,36.57037353515625,36.51613998413086,0.17384043335914612
74.614013671875,1.3657426834106445,36.544471740722656,36.53102493286133,0.17277362942695618
74.51549530029297,1.2682181596755981,36.54454803466797,36.529911041259766,0.17281001806259155
74.64619445800781,1.388118863105774,36.570030212402344,36.51419448852539,0.17385108768939972
74.54403686523438,1.2862766981124878,36.569217681884766,36.514774322509766,0.17376708984375
74.60508728027344,1.3593519926071167,36.54305648803711,36.52997970581055,0.172700896859169
74.50848388671875,1.263802409172058,36.54307556152344,36.52886962890625,0.17273873090744019
74.63467407226562,1.3792487382888794,36.56877136230469,36.51286697387695,0.1737787425518036
74.5346450805664,1.2794876098632812,36.56800842285156,36.513458251953125,0.17369307577610016
74.59634399414062,1.353145718574524,36.541683197021484,36.52888488769531,0.17262853682041168
74.5017318725586,1.2596468925476074,36.54167175292969,36.52774429321289,0.17266735434532166
74.62287139892578,1.3701205253601074,36.567508697509766,36.51153564453125,0.17370536923408508
74.52519989013672,1.2726460695266724,36.56682205200195,36.51211166381836,0.1736186444759369
74.5876693725586,1.3470035791397095,36.540340423583984,36.527767181396484,0.17255708575248718
74.49517822265625,1.2556902170181274,36.5402717590332,36.526615142822266,0.17259621620178223
74.61092376708984,1.3608425855636597,36.566246032714844,36.51020431518555,0.17363114655017853
74.5157241821289,1.2657856941223145,36.5655403137207,36.5108528137207,0.17354349792003632
74.57899475097656,1.340872883796692,36.538936614990234,36.52669906616211,0.17248575389385223
74.48873138427734,1.2518506050109863,36.53887939453125,36.52547836303711,0.1725253462791443
74.598876953125,1.351482629776001,36.56495666503906,36.508888244628906,0.1735561192035675
74.50627899169922,1.258958339691162,36.56425857543945,36.50959014892578,0.1734679788351059
74.57035827636719,1.3347831964492798,36.537574768066406,36.52558517456055,0.17241482436656952
74.48240661621094,1.2481353282928467,36.537540435791016,36.5242805480957,0.172454372048378
74.58683776855469,1.3421261310577393,36.563690185546875,36.50754928588867,0.17348037660121918
74.49700164794922,1.2522915601730347,36.562984466552734,36.50832748413086,0.17339198291301727
74.56167602539062,1.3286447525024414,36.536251068115234,36.524436950683594,0.17234434187412262
74.47615051269531,1.2444777488708496,36.536190032958984,36.52309799194336,0.17238380014896393
74.57489776611328,1.3328725099563599,36.562320709228516,36.50630187988281,0.1734040528535843
74.48795318603516,1.2458772659301758,36.56163024902344,36.50712585449219,0.17331567406654358
74.55279541015625,1.3223170042037964,36.5349235534668,36.52328872680664,0.1722743660211563
74.46985626220703,1.2408013343811035,36.534915924072266,36.521827697753906,0.17231328785419464
74.56315612792969,1.323824167251587,36.56101608276367,36.5049934387207,0.17332708835601807
74.47924041748047,1.2397994995117188,36.56025695800781,36.50594711303711,0.1732390969991684
74.54370880126953,1.3157683610916138,36.53361511230469,36.52212142944336,0.17220439016819
74.46346282958984,1.2370132207870483,36.53366470336914,36.52054214477539,0.1722428798675537
74.55170440673828,1.3150683641433716,36.55966567993164,36.50372314453125,0.17324994504451752
74.4709243774414,1.2340987920761108,36.55887985229492,36.50477600097656,0.17316240072250366
74.53437805175781,1.308984637260437,36.532310485839844,36.52094650268555,0.172135129570961
74.45698547363281,1.233156442642212,36.532405853271484,36.519248962402344,0.17217302322387695
74.54057312011719,1.3066400289535522,36.55824661254883,36.50251770019531,0.17317214608192444
74.46300506591797,1.2288241386413574,36.55746078491211,36.50363540649414,0.17308518290519714
74.52488708496094,1.3020386695861816,36.531124114990234,36.519657135009766,0.17206589877605438
74.45050048828125,1.2292834520339966,36.53125,36.517860412597656,0.17210321128368378
74.52976989746094,1.2985336780548096,36.55683898925781,36.50130081176758,0.17309428751468658
74.45549774169922,1.2239465713500977,36.555946350097656,36.50259780883789,0.173007994890213
74.51524353027344,1.2949601411819458,36.529869079589844,36.5184211730957,0.17199702560901642
74.44397735595703,1.2253903150558472,36.53007125854492,36.516483306884766,0.17203353345394135
74.51927185058594,1.2907379865646362,36.555355072021484,36.50015640258789,0.1730157434940338
74.4483642578125,1.2194509506225586,36.554443359375,36.50154113769531,0.17293015122413635
74.5055160522461,1.2877819538116455,36.528709411621094,36.51709747314453,0.17192843556404114
74.43751525878906,1.2215561866760254,36.528953552246094,36.51504135131836,0.17196421325206757
74.50899505615234,1.2831748723983765,36.55388259887695,36.49900436401367,0.17293678224086761
74.44151306152344,1.2152366638183594,36.55294418334961,36.500484466552734,0.17285221815109253
74.49588775634766,1.2807070016860962,36.527587890625,36.51573181152344,0.17186003923416138
74.4312515258789,1.217920184135437,36.52786636352539,36.513572692871094,0.17189496755599976
74.49889373779297,1.2757750749588013,36.55229568481445,36.49795913696289,0.1728573739528656
74.43490600585938,1.2112637758255005,36.551326751708984,36.49953842163086,0.17277397215366364
74.48638153076172,1.2737635374069214,36.52652359008789,36.514305114746094,0.1717916578054428
74.42524719238281,1.214552402496338,36.526817321777344,36.51205062866211,0.1718255877494812
74.48895263671875,1.2685630321502686,36.55070495605469,36.49691390991211,0.1727772355079651
74.42861938476562,1.2076104879379272,36.54972457885742,36.49858474731445,0.17269521951675415
74.47701263427734,1.2669628858566284,36.52546310424805,36.51286315917969,0.17172326147556305
74.41946411132812,1.2114176750183105,36.5257682800293,36.510528564453125,0.1717565357685089
74.47923278808594,1.2615491151809692,36.54901885986328,36.4959602355957,0.17269697785377502
74.42255401611328,1.2041966915130615,36.54806900024414,36.497676849365234,0.172616109251976
74.46785736083984,1.2603715658187866,36.524478912353516,36.511348724365234,0.17165525257587433
74.41399383544922,1.2085952758789062,36.52476501464844,36.50895309448242,0.17168745398521423
74.46965789794922,1.2547001838684082,36.54732894897461,36.495018005371094,0.17261578142642975
74.41675567626953,1.201035499572754,36.54640579223633,36.49677276611328,0.17253652215003967
74.45893096923828,1.2540234327316284,36.5235710144043,36.50975036621094,0.1715872436761856
74.40878295898438,1.2060281038284302,36.52376937866211,36.50736999511719,0.1716185361146927
74.46038818359375,1.2481552362442017,36.5455322265625,36.49417495727539,0.17253437638282776
74.41129302978516,1.1982200145721436,36.54472351074219,36.49589538574219,0.17245692014694214
74.45026397705078,1.2479445934295654,36.522705078125,36.50809860229492,0.1715194582939148
74.40387725830078,1.2037845849990845,36.52277755737305,36.50576400756836,0.17154961824417114
74.451416015625,1.2419034242630005,36.543678283691406,36.49338150024414,0.1724521964788437
74.40618896484375,1.1957424879074097,36.543033599853516,36.49502944946289,0.17237679660320282
74.44189453125,1.2421456575393677,36.521907806396484,36.506385803222656,0.17145182192325592
74.3992919921875,1.201874017715454,36.52181625366211,36.504127502441406,0.17148099839687347
74.44279479980469,1.2360045909881592,36.541748046875,36.492671966552734,0.17236970365047455
74.40144348144531,1.193648099899292,36.54127502441406,36.494224548339844,0.172296404838562
74.43376922607422,1.2366125583648682,36.521114349365234,36.50465393066406,0.1713840514421463
74.39495086669922,1.2002034187316895,36.520843505859375,36.50249481201172,0.17141233384609222
74.43466186523438,1.2305985689163208,36.539798736572266,36.49197769165039,0.17228667438030243
74.39713287353516,1.1919679641723633,36.539608001708984,36.49333572387695,0.17221568524837494
74.42603302001953,1.2314740419387817,36.520450592041016,36.50279235839844,0.17131644487380981
74.3909912109375,1.1989271640777588,36.51988220214844,36.5008430480957,0.17134343087673187
74.42688751220703,1.2255526781082153,36.537784576416016,36.49134826660156,0.1722031980752945
74.39313507080078,1.1906145811080933,36.537899017333984,36.492488861083984,0.17213483154773712
74.418701171875,1.2267462015151978,36.519771575927734,36.500938415527344,0.1712491363286972
74.38738250732422,1.198013186454773,36.518856048583984,36.499244689941406,0.17127478122711182
74.41958618164062,1.2209683656692505,36.535640716552734,36.4908561706543,0.1721193492412567
74.38951873779297,1.1896361112594604,36.536170959472656,36.49166488647461,0.17205344140529633
74.41184997558594,1.2225029468536377,36.5191764831543,36.49898910522461,0.17118145525455475
74.38414001464844,1.1974672079086304,36.517826080322266,36.49763870239258,0.17120608687400818
74.41278839111328,1.2169002294540405,36.533565521240234,36.490291595458984,0.17203515768051147
74.3863296508789,1.1890621185302734,36.53459548950195,36.49069595336914,0.1719721108675003
74.40548706054688,1.2187482118606567,36.51864242553711,36.49698257446289,0.17111387848854065
74.3812026977539,1.1972476243972778,36.51670837402344,36.496116638183594,0.17113719880580902
74.40660095214844,1.213433861732483,36.53135681152344,36.4898567199707,0.17195047438144684
74.383544921875,1.1889113187789917,36.53298568725586,36.48976135253906,0.17189040780067444
74.39958953857422,1.215470790863037,36.51814651489258,36.49492645263672,0.1710461527109146
74.37863159179688,1.1973894834518433,36.51559829711914,36.49457550048828,0.17106832563877106
74.4009780883789,1.2105332612991333,36.52914047241211,36.489437103271484,0.1718660295009613
74.38111877441406,1.1890978813171387,36.531429290771484,36.48878479003906,0.17180854082107544
74.39434814453125,1.212857723236084,36.517616271972656,36.492897033691406,0.17097820341587067
74.37647247314453,1.1979625225067139,36.514339447021484,36.493167877197266,0.17099936306476593
74.39596557617188,1.2082351446151733,36.52692413330078,36.489017486572266,0.17178136110305786
74.3791275024414,1.1897121667861938,36.52998352050781,36.48770523071289,0.17172637581825256
74.38958740234375,1.2107237577438354,36.51711654663086,36.49082946777344,0.17091013491153717
74.37455749511719,1.1988073587417603,36.51301574707031,36.4918098449707,0.17093051970005035
74.39156341552734,1.206549882888794,36.524742126464844,36.48857498168945,0.17169667780399323
74.37745666503906,1.1906434297561646,36.52870559692383,36.4864616394043,0.17164362967014313
74.3853988647461,1.2091877460479736,36.51662063598633,36.48875045776367,0.17084148526191711
74.37305450439453,1.200060248374939,36.51154708862305,36.4905891418457,0.17086154222488403
74.38761901855469,1.2053278684616089,36.52247619628906,36.48820495605469,0.17161208391189575
74.37609100341797,1.1918672323226929,36.52741241455078,36.48524475097656,0.17156058549880981
74.3817138671875,1.2081542015075684,36.51606369018555,36.48672103881836,0.17077280580997467
74.371826171875,1.2016050815582275,36.51003646850586,36.48939514160156,0.1707926243543625
74.38418579101562,1.2045996189117432,36.520362854003906,36.487701416015625,0.1715274453163147
74.37504577636719,1.1934126615524292,36.52633285522461,36.483821868896484,0.17147718369960785
74.37844848632812,1.2075530290603638,36.515472412109375,36.48472213745117,0.17070358991622925
74.3709487915039,1.2035140991210938,36.50835418701172,36.48835372924805,0.17072390019893646
74.38111877441406,1.2042332887649536,36.518245697021484,36.48719787597656,0.17144328355789185
74.37438201904297,1.1953208446502686,36.52531814575195,36.48235321044922,0.17139312624931335
74.37541961669922,1.2071894407272339,36.51482009887695,36.4827766418457,0.17063374817371368
74.37039184570312,1.2057669162750244,36.50654602050781,36.487422943115234,0.1706552356481552
74.37821960449219,1.2040449380874634,36.51622009277344,36.48659896850586,0.17135947942733765
74.37406158447266,1.1975520849227905,36.524497985839844,36.4807014465332,0.1713084578514099
74.37254333496094,1.2069836854934692,36.514122009277344,36.48086929321289,0.17056326568126678
74.37017059326172,1.2083736658096313,36.50465393066406,36.48655700683594,0.17058692872524261
74.37537384033203,1.203895092010498,36.514244079589844,36.485965728759766,0.17127572000026703
74.3740234375,1.2000738382339478,36.52366256713867,36.47907257080078,0.17122255265712738
74.36969757080078,1.2068337202072144,36.51325225830078,36.479122161865234,0.17049220204353333
74.37043762207031,1.211497187614441,36.502628326416016,36.48579788208008,0.17051924765110016
74.37229919433594,1.2035090923309326,36.512367248535156,36.485225677490234,0.1711921989917755
74.37438201904297,1.2029576301574707,36.52299499511719,36.477291107177734,0.17113512754440308
74.36668395996094,1.2065176963806152,36.51239013671875,36.477359771728516,0.17042066156864166
74.37113952636719,1.2150523662567139,36.50060272216797,36.48503112792969,0.17045281827449799
74.36892700195312,1.2028300762176514,36.51060104370117,36.48438262939453,0.17110873758792877
74.37516021728516,1.2062723636627197,36.52235412597656,36.47549057006836,0.17104651033878326
74.3633041381836,1.2058460712432861,36.511409759521484,36.47570037841797,0.17034859955310822
74.37239837646484,1.2191898822784424,36.49849319458008,36.48432922363281,0.1703873723745346
74.3650894165039,1.2016783952713013,36.50883483886719,36.48354721069336,0.1710250973701477
74.37644958496094,1.2100715637207031,36.52169418334961,36.47372817993164,0.17095576226711273
74.35963439941406,1.2048912048339844,36.510406494140625,36.47406005859375,0.1702759563922882
74.37428283691406,1.2239683866500854,36.49643325805664,36.48355484008789,0.17032350599765778
74.36082458496094,1.2000998258590698,36.507137298583984,36.482643127441406,0.1709413379430771
74.37835693359375,1.2144914865493774,36.52104568481445,36.47195816040039,0.1708630621433258
74.35559844970703,1.2035982608795166,36.509361267089844,36.47243881225586,0.17020323872566223
74.37687683105469,1.2294819355010986,36.49437713623047,36.48276138305664,0.17026127874851227
74.35619354248047,1.1981440782546997,36.50541305541992,36.48177719116211,0.17085659503936768
74.38093566894531,1.2195672988891602,36.52033996582031,36.47026062011719,0.1707673966884613
74.35138702392578,1.2021366357803345,36.508392333984375,36.47072982788086,0.17013022303581238
74.3802719116211,1.23578679561615,36.4924430847168,36.481834411621094,0.17020194232463837
74.35137176513672,1.1960004568099976,36.50359344482422,36.481014251708984,0.17077098786830902
74.38424682617188,1.2253731489181519,36.51947021484375,36.46873474121094,0.1706688553094864
74.34729766845703,1.200818657875061,36.50746154785156,36.46895980834961,0.170057475566864
74.38457489013672,1.2430392503738403,36.49059295654297,36.480796813964844,0.17014507949352264
74.34669494628906,1.1939713954925537,36.50168228149414,36.48036193847656,0.17068438231945038
74.38833618164062,1.231956124305725,36.51852798461914,36.467281341552734,0.17056670784950256
74.3436508178711,1.199979543685913,36.50674057006836,36.466949462890625,0.16998550295829773
74.3896255493164,1.2510334253311157,36.48893356323242,36.47956848144531,0.17009134590625763
74.34288787841797,1.1927886009216309,36.49957275390625,36.47993469238281,0.17059549689292908
74.3933334350586,1.2394486665725708,36.51736831665039,36.4660530090332,0.1704607903957367
74.34089660644531,1.2000559568405151,36.50613784790039,36.46479034423828,0.16991469264030457
74.39524841308594,1.259596824645996,36.487369537353516,36.478240966796875,0.17004141211509705
74.3405990600586,1.1930972337722778,36.49728775024414,36.479713439941406,0.17050379514694214
74.3990478515625,1.2476699352264404,36.516117095947266,36.464908599853516,0.1703505963087082
74.33985900878906,1.2018892765045166,36.505767822265625,36.46235656738281,0.1698460429906845
74.40139770507812,1.2687046527862549,36.485904693603516,36.4767951965332,0.1699960082769394
74.34039306640625,1.1954421997070312,36.494747161865234,36.47978973388672,0.17040900886058807
74.4050064086914,1.2561246156692505,36.51475524902344,36.46389389038086,0.17023521661758423
74.34146118164062,1.2064000368118286,36.50563430786133,36.45963668823242,0.16978080570697784
74.40777587890625,1.278030514717102,36.48444366455078,36.475345611572266,0.16995477676391602
74.3430404663086,1.2006090879440308,36.4919548034668,36.480167388916016,0.17030857503414154
74.41068267822266,1.2643154859542847,36.51350402832031,36.462745666503906,0.17011477053165436
74.3465347290039,1.214462399482727,36.505802154541016,36.456546783447266,0.16972070932388306
74.41366577148438,1.2868586778640747,36.482887268066406,36.473995208740234,0.16991864144802094
74.34957122802734,1.2096059322357178,36.488895416259766,36.48086166381836,0.17020173370838165
74.41551971435547,1.2716866731643677,36.51241683959961,36.461429595947266,0.16998910903930664
74.35555267333984,1.2265057563781738,36.5061149597168,36.4532585144043,0.1696668118238449
74.41800689697266,1.2941378355026245,36.480934143066406,36.47305679321289,0.16988712549209595
74.36042022705078,1.2228784561157227,36.48565673828125,36.48179626464844,0.17008723318576813
74.4185791015625,1.2772936820983887,36.51176834106445,36.459651947021484,0.16985923051834106
74.36861419677734,1.24264395236969,36.506587982177734,36.44975662231445,0.16962164640426636
74.42018127441406,1.2992091178894043,36.47850036621094,36.47261047363281,0.16985855996608734
74.37487030029297,1.2397218942642212,36.48245620727539,36.482730865478516,0.16996346414089203
74.41896057128906,1.2802817821502686,36.51179504394531,36.457157135009766,0.16972625255584717
74.38468933105469,1.2618341445922852,36.50694274902344,36.446327209472656,0.1695852428674698
74.41993713378906,1.3018507957458496,36.47529602050781,36.472965240478516,0.16983133554458618
74.39058685302734,1.257839322090149,36.47951889038086,36.4833984375,0.1698320060968399
74.41667938232422,1.2806482315063477,36.51270294189453,36.4537353515625,0.16959302127361298
74.40028381347656,1.2805157899856567,36.50691604614258,36.44329833984375,0.16955628991127014
74.4169921875,1.3017412424087524,36.47116470336914,36.47428894042969,0.16980110108852386
74.40400695800781,1.2737231254577637,36.47710418701172,36.48348617553711,0.16969560086727142
74.41191101074219,1.2785820960998535,36.514495849609375,36.44936752319336,0.1694626808166504
74.41158294677734,1.2948355674743652,36.506168365478516,36.441043853759766,0.16953028738498688
74.41152954101562,1.299059271812439,36.46626281738281,36.476436614990234,0.16976557672023773
74.41163635253906,1.2839192152023315,36.475589752197266,36.482574462890625,0.16955870389938354
74.40459442138672,1.274051547050476,36.51705551147461,36.444156646728516,0.16933737695217133
74.41631317138672,1.3025283813476562,36.504581451416016,36.439701080322266,0.16950243711471558
74.40365600585938,1.2939671277999878,36.4609260559082,36.47903823852539,0.16972261667251587
74.41223907470703,1.287176489830017,36.47509765625,36.48053741455078,0.1694265753030777
74.39459991455078,1.2668989896774292,36.51982498168945,36.438655853271484,0.1692173331975937
74.41477966308594,1.3039122819900513,36.50186538696289,36.43952941894531,0.16946840286254883
74.39324188232422,1.2863001823425293,36.45558166503906,36.481693267822266,0.1696712225675583
74.40744018554688,1.2851072549819946,36.47565841674805,36.47737121582031,0.16930171847343445
74.3825454711914,1.2577649354934692,36.522274017333984,36.43339920043945,0.16910198330879211
74.40853118896484,1.3005980253219604,36.49811935424805,36.44038391113281,0.16942594945430756
74.38092803955078,1.2767157554626465,36.450828552246094,36.483768463134766,0.1696130484342575
74.39934539794922,1.2797715663909912,36.47710418701172,36.473289489746094,0.1691838651895523
74.36969757080078,1.247915506362915,36.52391052246094,36.42887878417969,0.1689896434545517
74.399169921875,1.294221043586731,36.49372482299805,36.44184875488281,0.16937613487243652
74.36823272705078,1.2667597532272339,36.44697952270508,36.48495101928711,0.1695489138364792
74.38850402832031,1.2716851234436035,36.478782653808594,36.468971252441406,0.16907072067260742
74.3571548461914,1.2384358644485474,36.5242919921875,36.42555236816406,0.16887961328029633
74.38727569580078,1.2853736877441406,36.489200592041016,36.44338607788086,0.16932053864002228
74.35641479492188,1.2576625347137451,36.444297790527344,36.4849739074707,0.16947948932647705
74.37486267089844,1.2608147859573364,36.4802131652832,36.46487045288086,0.16895999014377594
74.34513092041016,1.2295550107955933,36.52349853515625,36.42330551147461,0.1687731295824051
74.37332153320312,1.274506688117981,36.48503112792969,36.44452667236328,0.16926003992557526
74.34507751464844,1.2490293979644775,36.44269943237305,36.48394012451172,0.16940253973007202
74.35936737060547,1.2481344938278198,36.48113250732422,36.461246490478516,0.16885240375995636
74.33287048339844,1.2205647230148315,36.521610260009766,36.422027587890625,0.16867205500602722
74.358154296875,1.2624341249465942,36.48122787475586,36.44529724121094,0.16919206082820892
74.33283233642578,1.239427089691162,36.44196701049805,36.482120513916016,0.1693160980939865
74.34343719482422,1.2350995540618896,36.481666564941406,36.45791244506836,0.16875146329402924
74.31925201416016,1.21034574508667,36.51876449584961,36.421566009521484,0.1685752272605896
74.34295654296875,1.250301480293274,36.477569580078125,36.44596862792969,0.1691129356622696
74.31834411621094,1.2275041341781616,36.44225311279297,36.47936248779297,0.1692233681678772
74.3288803100586,1.223580002784729,36.48234558105469,36.45429611206055,0.16865991055965424
74.30421447753906,1.1988716125488281,36.51492691040039,36.421939849853516,0.16847604513168335
74.32870483398438,1.2390334606170654,36.47386169433594,36.44679260253906,0.16902384161949158
74.30229187011719,1.2139763832092285,36.443565368652344,36.47561264038086,0.16913363337516785
74.31614685058594,1.2140647172927856,36.48290252685547,36.45060729980469,0.1685718446969986
74.28900146484375,1.1873149871826172,36.50986099243164,36.423465728759766,0.16836509108543396
74.31555938720703,1.2287189960479736,36.470394134521484,36.447509765625,0.1689346879720688
74.28666687011719,1.2009247541427612,36.44620132446289,36.47049331665039,0.16905412077903748
74.30400085449219,1.2053897380828857,36.482818603515625,36.44731521606445,0.16847197711467743
74.27415466308594,1.1761127710342407,36.50318908691406,36.42660903930664,0.16824108362197876
74.30367279052734,1.2195249795913696,36.467796325683594,36.44749450683594,0.16886186599731445
74.27235412597656,1.1893153190612793,36.450313568115234,36.4637451171875,0.16897930204868317
74.2918701171875,1.1969552040100098,36.48143768310547,36.44512939453125,0.16834691166877747
74.25919342041016,1.1646963357925415,36.49514389038086,36.43124008178711,0.1681164652109146
74.29269409179688,1.211180329322815,36.466819763183594,36.44588851928711,0.16880977153778076
74.25855255126953,1.1784979104995728,36.45563888549805,36.45552062988281,0.16889208555221558
74.27921295166016,1.1880351305007935,36.47801208496094,36.4449577331543,0.16820241510868073
74.24394226074219,1.1527891159057617,36.485843658447266,36.43730163574219,0.1680079698562622
74.281005859375,1.2022731304168701,36.46796417236328,36.44200134277344,0.16875852644443512
74.24454498291016,1.1677395105361938,36.461917877197266,36.446109771728516,0.1687788963317871
74.26538848876953,1.1777896881103516,36.47259521484375,36.44694519042969,0.16806085407733917
74.22862243652344,1.1406548023223877,36.476173400878906,36.44387435913086,0.16792210936546326
74.267822265625,1.192243218421936,36.471046447753906,36.43585205078125,0.16868248581886292
74.2297134399414,1.1563140153884888,36.46827697753906,36.43647766113281,0.16864439845085144
74.25161743164062,1.167258381843567,36.46560287475586,36.450809478759766,0.1679432988166809
74.21328735351562,1.128525733947754,36.46664810180664,36.45026779174805,0.16784897446632385
74.25415802001953,1.1821306943893433,36.47511291503906,36.428348541259766,0.16857054829597473
74.21356201171875,1.1435383558273315,36.47419357299805,36.42732620239258,0.1685052216053009
74.23894500732422,1.1575555801391602,36.45812225341797,36.45541000366211,0.16785402595996857
74.19773864746094,1.1163579225540161,36.457679748535156,36.455928802490234,0.16777126491069794
74.24002838134766,1.1717926263809204,36.47935485839844,36.42044448852539,0.16843269765377045
74.19612121582031,1.1293247938156128,36.479732513427734,36.41868209838867,0.16837827861309052
74.2262191772461,1.14776611328125,36.450740814208984,36.45993423461914,0.16777585446834564
74.18191528320312,1.1041760444641113,36.44905090332031,36.46101379394531,0.16767825186252594
74.22457122802734,1.1601325273513794,36.48323059082031,36.412906646728516,0.16829605400562286
74.17852020263672,1.114816427230835,36.4847297668457,36.410709381103516,0.16826516389846802
74.21231842041016,1.136988639831543,36.44377517700195,36.463863372802734,0.16768397390842438
74.1666030883789,1.0926387310028076,36.441036224365234,36.4653434753418,0.16757957637310028
74.20852661132812,1.147708535194397,36.486507415771484,36.406131744384766,0.16817879676818848
74.16233825683594,1.1017483472824097,36.489051818847656,36.403385162353516,0.16814899444580078
74.19757080078125,1.1256471872329712,36.43772888183594,36.46662521362305,0.16757525503635406
74.1520767211914,1.0819004774093628,36.43362045288086,36.46907043457031,0.16748851537704468
74.19318389892578,1.135912537574768,36.48865509033203,36.400550842285156,0.16807164251804352
74.14764404296875,1.0903046131134033,36.49289321899414,36.39642333984375,0.1680217832326889
74.18315124511719,1.1147220134735107,36.432411193847656,36.46855545043945,0.16746355593204498
74.1379165649414,1.0714936256408691,36.426273345947266,36.47274398803711,0.16740621626377106
74.17902374267578,1.125325083732605,36.49043273925781,36.39530944824219,0.16796205937862396
74.13350677490234,1.0795128345489502,36.496620178222656,36.38949203491211,0.16788755357265472
74.16923522949219,1.1043143272399902,36.42695617675781,36.470603942871094,0.16735519468784332
74.12399291992188,1.061375379562378,36.41926574707031,36.47602462768555,0.1673259139060974
74.16516876220703,1.115118384361267,36.49263381958008,36.38956832885742,0.16784808039665222
74.11969757080078,1.0690308809280396,36.49958419799805,36.38332748413086,0.16775180399417877
74.15567016601562,1.0943243503570557,36.42091369628906,36.47317886352539,0.1672486662864685
74.11055755615234,1.0518624782562256,36.413185119628906,36.478271484375,0.16724582016468048
74.15145111083984,1.1050416231155396,36.495113372802734,36.38356399536133,0.1677335649728775
74.10567474365234,1.0583370923995972,36.501224517822266,36.37849807739258,0.16761359572410583
74.14305114746094,1.0854026079177856,36.41470718383789,36.475791931152344,0.16714173555374146
74.09711456298828,1.0424151420593262,36.40862274169922,36.478904724121094,0.16716676950454712
74.13812255859375,1.0953131914138794,36.497562408447266,36.377628326416016,0.16761957108974457
74.0910415649414,1.0470505952835083,36.501182556152344,36.37533187866211,0.16747064888477325
74.13105010986328,1.0772427320480347,36.40886306762695,36.4779052734375,0.16703516244888306
74.08342742919922,1.0327935218811035,36.40556716918945,36.477970123291016,0.16709022223949432
74.1252670288086,1.0860390663146973,36.4991569519043,36.3725700378418,0.16750334203243256
74.07664489746094,1.0360592603683472,36.499351501464844,36.37390899658203,0.1673254370689392
74.11891174316406,1.0690490007400513,36.40467834472656,36.47825622558594,0.16692857444286346
74.0691909790039,1.022720456123352,36.40338134765625,36.476078033447266,0.1670135110616684
74.11317443847656,1.0775110721588135,36.499900817871094,36.36837387084961,0.16739003360271454
74.06489562988281,1.0277446508407593,36.49558639526367,36.374385833740234,0.16717810928821564
74.09880065917969,1.0530692338943481,36.40501403808594,36.473899841308594,0.16681550443172455
74.05612182617188,1.013936996459961,36.39847183227539,36.47677230834961,0.1669442504644394
74.06861114501953,1.0361828804016113,36.502559661865234,36.36259841918945,0.1672743707895279
74.11629486083984,1.0830546617507935,36.48527908325195,36.38092041015625,0.16704536974430084
73.86470031738281,0.8248075842857361,36.434173583984375,36.43899917602539,0.16672028601169586
74.03646087646484,1.0001338720321655,36.389892578125,36.47944641113281,0.16698402166366577
73.79412078857422,0.7626224756240845,36.4608039855957,36.403541564941406,0.16714881360530853
74.06742095947266,1.0336735248565674,36.45515060424805,36.41195297241211,0.16665050387382507
73.96707153320312,0.9325094223022461,36.47532653808594,36.39272689819336,0.16650180518627167
74.11422729492188,1.085748553276062,36.40687561035156,36.454341888427734,0.16726666688919067
74.08184051513672,1.054237961769104,36.447166442871094,36.41314697265625,0.16729003190994263
73.84492492675781,0.8148114681243896,36.44386291503906,36.4196891784668,0.16656197607517242
74.00171661376953,0.9722394943237305,36.46751403808594,36.39557647705078,0.1663857102394104
73.78822326660156,0.7618209719657898,36.4337043762207,36.42597579956055,0.16672079265117645
73.94577026367188,0.9208635687828064,36.47645568847656,36.38136291503906,0.16708405315876007
73.8230209350586,0.7984970211982727,36.422122955322266,36.43558120727539,0.166816845536232
74.03382110595703,1.0092761516571045,36.44424057006836,36.41408920288086,0.16621273756027222
74.0380630493164,1.0144026279449463,36.4447135925293,36.412776947021484,0.16616755723953247
73.85492706298828,0.8332138061523438,36.48291015625,36.37192153930664,0.16687801480293274
73.87828826904297,0.8589383959770203,36.38131332397461,36.47099685668945,0.16703590750694275
74.02531433105469,1.004926323890686,36.40070343017578,36.45363998413086,0.16604286432266235
74.03011322021484,1.0089924335479736,36.4956169128418,36.359779357910156,0.16572584211826324
74.34031677246094,1.3233762979507446,36.48019027709961,36.36949157714844,0.16725823283195496
74.75984191894531,1.7459510564804077,36.404624938964844,36.44072341918945,0.1685386449098587
74.61083984375,1.5979819297790527,36.33424758911133,36.5108528137207,0.16775459051132202
74.08113098144531,1.066945195198059,36.384456634521484,36.4633903503418,0.16633255779743195
74.24388885498047,1.2271188497543335,36.51020812988281,36.34107971191406,0.1654796451330185
74.39503479003906,1.3775748014450073,36.52659606933594,36.32540512084961,0.16545692086219788
74.08955383300781,1.0746628046035767,36.43105697631836,36.417850494384766,0.1659858673810959
73.98434448242188,0.9733509421348572,36.392215728759766,36.45206069946289,0.1667165905237198
74.34365844726562,1.3351393938064575,36.44841003417969,36.39291000366211,0.167196586728096
74.37089538574219,1.362752914428711,36.454288482666016,36.3868293762207,0.167022705078125
73.91001892089844,0.9001975655555725,36.404296875,36.43917465209961,0.1663537621498108
73.88463592529297,0.8723589181900024,36.418453216552734,36.42815017700195,0.16567187011241913
74.27825164794922,1.2679319381713867,36.50416564941406,36.340335845947266,0.1658138930797577
74.10953521728516,1.1020280122756958,36.513824462890625,36.327518463134766,0.16616201400756836
73.98486328125,0.9793024063110352,36.43617248535156,36.403011322021484,0.1663835197687149
74.0651626586914,1.0594536066055298,36.39929962158203,36.44004821777344,0.16635988652706146
73.95706939697266,0.9502096772193909,36.42142868041992,36.41917419433594,0.16625462472438812
73.83445739746094,0.8271360397338867,36.415218353271484,36.425960540771484,0.16613776981830597
74.1333999633789,1.1274065971374512,36.399444580078125,36.44054412841797,0.16600771248340607
74.1484375,1.144265055656433,36.44059753417969,36.39772033691406,0.16585169732570648
73.90485382080078,0.9020763039588928,36.50381851196289,36.33318328857422,0.16577555239200592
73.8290023803711,0.8262247443199158,36.455196380615234,36.381553649902344,0.1660226732492447
74.11585998535156,1.1119613647460938,36.35915756225586,36.47842025756836,0.1663230061531067
74.07508087158203,1.0710482597351074,36.35599136352539,36.48164367675781,0.1663966178894043
73.91131591796875,0.9089202284812927,36.44028091430664,36.39596176147461,0.1661534458398819
73.89759063720703,0.897233247756958,36.47175598144531,36.36280822753906,0.16579540073871613
73.96907806396484,0.9693790078163147,36.43058776855469,36.40341567993164,0.1656973510980606
73.9013900756836,0.9013100266456604,36.428138732910156,36.40613555908203,0.16581279039382935
73.94822692871094,0.9480068683624268,36.46261978149414,36.37156677246094,0.16603314876556396
73.93447875976562,0.9349212050437927,36.439693450927734,36.39373779296875,0.166123166680336
73.9437484741211,0.9452888369560242,36.38259506225586,36.449806213378906,0.16605371236801147
73.87002563476562,0.8726378083229065,36.40093994140625,36.4305305480957,0.16591650247573853
73.95155334472656,0.9547491669654846,36.46925735473633,36.36174774169922,0.16580042243003845
73.93828582763672,0.9415323138237,36.466026306152344,36.3650016784668,0.1657227873802185
73.89151000976562,0.8945316076278687,36.404327392578125,36.42688751220703,0.1657615751028061
73.85196685791016,0.8554481267929077,36.405128479003906,36.42552185058594,0.16587047278881073
73.92716217041016,0.9321718811988831,36.45698165893555,36.37205123901367,0.16596423089504242
73.88571166992188,0.892047107219696,36.44595718383789,36.381778717041016,0.16592265665531158
73.89289093017578,0.8992515802383423,36.38800811767578,36.4398193359375,0.1658059060573578
73.85144805908203,0.8573742508888245,36.400779724121094,36.42755889892578,0.1657303273677826
73.92217254638672,0.9284535050392151,36.46805191040039,36.35997009277344,0.1656976193189621
73.87335968017578,0.8806366324424744,36.46598815917969,36.36106872558594,0.16566449403762817
73.8851089477539,0.8932784795761108,36.40193176269531,36.4241943359375,0.1657055765390396
73.86128997802734,0.8700311183929443,36.397518157958984,36.427913665771484,0.1658250242471695
73.88626861572266,0.8956315517425537,36.44892883300781,36.37580871582031,0.16590361297130585
73.84375762939453,0.8536622524261475,36.444095611572266,36.3802490234375,0.16575080156326294
73.88214874267578,0.8921020030975342,36.393306732177734,36.431209564208984,0.16553522646427155
73.84793853759766,0.8579811453819275,36.405277252197266,36.4191780090332,0.16550499200820923
73.87371826171875,0.8845861554145813,36.46342468261719,36.36002731323242,0.16568265855312347
73.83306121826172,0.8451642990112305,36.45314407348633,36.36897277832031,0.16578036546707153
73.8841323852539,0.8969354629516602,36.38890075683594,36.4326171875,0.16568011045455933
73.84759521484375,0.8605284094810486,36.39018249511719,36.431278228759766,0.16560010612010956
73.85719299316406,0.8703365921974182,36.44989013671875,36.371360778808594,0.16560611128807068
73.82693481445312,0.840610921382904,36.45138931274414,36.36935806274414,0.1655714213848114
73.86785888671875,0.8821205496788025,36.39924621582031,36.420997619628906,0.1654968112707138
73.83126831054688,0.8461263179779053,36.40248489379883,36.41714859008789,0.16551163792610168
73.85192108154297,0.8676044344902039,36.452083587646484,36.366615295410156,0.16562187671661377
73.81838989257812,0.8348341584205627,36.442264556884766,36.375667572021484,0.16561777889728546
73.85997009277344,0.8765754103660583,36.38759231567383,36.430301666259766,0.16549989581108093
73.82159423828125,0.83827805519104,36.39640426635742,36.42145919799805,0.16545134782791138
73.851806640625,0.8692495226860046,36.454959869384766,36.36209487915039,0.16549938917160034
73.8192138671875,0.8377254009246826,36.450706481933594,36.36530685424805,0.16547715663909912
73.843017578125,0.8619803786277771,36.39332580566406,36.42231369018555,0.16540125012397766
73.81021881103516,0.8292204141616821,36.39445495605469,36.421112060546875,0.1654306799173355
73.8453140258789,0.8648791909217834,36.44700622558594,36.367889404296875,0.16553419828414917
73.81111907958984,0.8317251205444336,36.44384002685547,36.37006759643555,0.16548550128936768
73.83436584472656,0.8555749654769897,36.39313507080078,36.42032241821289,0.16532723605632782
73.79966735839844,0.8209574222564697,36.39851379394531,36.414894104003906,0.16529637575149536
73.84098052978516,0.8626471161842346,36.448883056640625,36.36403274536133,0.1654108613729477
73.80422973632812,0.8267755508422852,36.44180679321289,36.3702278137207,0.1654183268547058
73.83103942871094,0.8542699217796326,36.38964080810547,36.421810150146484,0.16531012952327728
73.79741668701172,0.8210191130638123,36.395782470703125,36.41531753540039,0.1652986705303192
73.82991027832031,0.8540363311767578,36.4478759765625,36.36260986328125,0.16538622975349426
73.79511260986328,0.8200131058692932,36.44205856323242,36.367706298828125,0.165338933467865
73.82609558105469,0.851388156414032,36.389549255371094,36.419960021972656,0.1652020961046219
73.79191589355469,0.8173948526382446,36.39371109008789,36.415611267089844,0.16519621014595032
73.82140350341797,0.8475900888442993,36.444496154785156,36.36398696899414,0.16532555222511292
73.785888671875,0.8131201267242432,36.440120697021484,36.36733627319336,0.16531211137771606
73.82288360595703,0.8505709171295166,36.390377044677734,36.416751861572266,0.1651832014322281
73.78739166259766,0.8151417374610901,36.394691467285156,36.41238784790039,0.16516628861427307
73.81517028808594,0.8434757590293884,36.44282150268555,36.36361312866211,0.16525854170322418
73.781005859375,0.8103039264678955,36.4367561340332,36.368736267089844,0.16520929336547852
73.81524658203125,0.8450706601142883,36.388099670410156,36.41699981689453,0.1650804579257965
73.7808837890625,0.8108761310577393,36.394100189208984,36.41080856323242,0.16510017216205597
73.80905151367188,0.8396650552749634,36.44294357299805,36.361209869384766,0.16523897647857666
73.77536010742188,0.8069183826446533,36.43696212768555,36.36628723144531,0.16519273817539215
73.80789947509766,0.839876115322113,36.38749313354492,36.41550064086914,0.16503165662288666
73.77318572998047,0.8052993416786194,36.39199447631836,36.41087341308594,0.1650189906358719
73.80520629882812,0.8380601406097412,36.44013595581055,36.36186599731445,0.1651487499475479
73.7710952758789,0.8049513101577759,36.43548583984375,36.365543365478516,0.16511328518390656
73.80115509033203,0.8353316783905029,36.387962341308594,36.41288757324219,0.16497372090816498
73.76737213134766,0.8016388416290283,36.392547607421875,36.408199310302734,0.16498558223247528
73.79954528808594,0.8346193432807922,36.439048767089844,36.36076736450195,0.16511715948581696
73.76640319824219,0.8025238513946533,36.433406829833984,36.365413665771484,0.16505569219589233
73.79410552978516,0.8305232524871826,36.386043548583984,36.41264724731445,0.1648908257484436
73.7614974975586,0.7979870438575745,36.39084243774414,36.40776443481445,0.1648988127708435
73.79329681396484,0.830600917339325,36.43770217895508,36.35993957519531,0.16505317389965057
73.76054382324219,0.7988777160644531,36.433048248291016,36.363609313964844,0.16500817239284515
73.78852081298828,0.8270960450172424,36.386322021484375,36.41025161743164,0.16484597325325012
73.75650024414062,0.7952287793159485,36.3902702331543,36.40615463256836,0.16484925150871277
73.78691864013672,0.8265687823295593,36.43552017211914,36.35983657836914,0.16499143838882446
73.75494384765625,0.7955846786499023,36.430458068847656,36.36396789550781,0.1649336963891983
73.78290557861328,0.8236295580863953,36.384803771972656,36.40969467163086,0.1647682934999466
73.7517318725586,0.7926168441772461,36.38972473144531,36.40460205078125,0.16478368639945984
73.78032684326172,0.8222793340682983,36.43524932861328,36.357852935791016,0.16494165360927582
73.74923706054688,0.7921825051307678,36.43004608154297,36.362125396728516,0.16488569974899292
73.77735137939453,0.8202979564666748,36.383766174316406,36.408573150634766,0.1647106260061264
73.74677276611328,0.7898849844932556,36.387733459472656,36.40443420410156,0.164716899394989
73.77435302734375,0.8186180591583252,36.432899475097656,36.35795974731445,0.16487251222133636
73.74407196044922,0.7892841100692749,36.42857360839844,36.361392974853516,0.16481809318065643
73.77167510986328,0.8167855739593506,36.38359451293945,36.40664291381836,0.1646469235420227
73.74183654785156,0.7871897220611572,36.38768768310547,36.40229797363281,0.16466113924980164
73.76854705810547,0.8151740431785583,36.43174362182617,36.356807708740234,0.16481906175613403
73.7391128540039,0.7866369485855103,36.426631927490234,36.361087799072266,0.16475829482078552
73.7657470703125,0.8130569458007812,36.38187026977539,36.40624237060547,0.16457778215408325
73.73651885986328,0.7841143012046814,36.38645553588867,36.40135955810547,0.1645914763212204
73.76322174072266,0.8121864795684814,36.430789947509766,36.35548400878906,0.16475731134414673
73.73420715332031,0.7840070724487305,36.42597961425781,36.359519958496094,0.16470098495483398
73.76016235351562,0.8096724152565002,36.38138198852539,36.40459060668945,0.1645173877477646
73.73125457763672,0.7811229825019836,36.385498046875,36.40010070800781,0.16452986001968384
73.75826263427734,0.8096052408218384,36.429019927978516,36.35494613647461,0.16469526290893555
73.72953796386719,0.7816321849822998,36.42411804199219,36.359153747558594,0.16463808715343475
73.75464630126953,0.8063417077064514,36.38032531738281,36.40352249145508,0.16445086896419525
73.72611236572266,0.7782623767852783,36.38490295410156,36.398475646972656,0.16446587443351746
73.7532958984375,0.8070017099380493,36.428035736083984,36.35362243652344,0.16463559865951538
73.72484588623047,0.7792370319366455,36.42283630371094,36.358192443847656,0.16457843780517578
73.74921417236328,0.8031522631645203,36.37923812866211,36.40243911743164,0.1643858700990677
73.72091674804688,0.7753587365150452,36.383785247802734,36.39737319946289,0.16440097987651825
73.74842071533203,0.80446857213974,36.42658996582031,36.352787017822266,0.16457433998584747
73.72006225585938,0.7767282128334045,36.421539306640625,36.35727310180664,0.164517343044281
73.74400329589844,0.8001978397369385,36.37847137451172,36.40101623535156,0.16431967914104462
73.71578979492188,0.7725582122802734,36.38302230834961,36.395870208740234,0.16433647274971008
73.74365234375,0.8020467162132263,36.4251708984375,36.35192108154297,0.16451464593410492
73.71532440185547,0.7742747664451599,36.419979095458984,36.35661315917969,0.16445662081241608
73.7387924194336,0.7972524166107178,36.377479553222656,36.39980697631836,0.16425244510173798
73.71065521240234,0.7697561383247375,36.382102966308594,36.394527435302734,0.16427050530910492
73.73888397216797,0.7996204495429993,36.423828125,36.35097885131836,0.16445483267307281
73.71058654785156,0.7718185782432556,36.418701171875,36.35566329956055,0.1643965095281601
73.73359680175781,0.7943589687347412,36.37663269042969,36.39842224121094,0.16418537497520447
73.70547485351562,0.7669212222099304,36.38113021850586,36.39321517944336,0.16420449316501617
73.73423767089844,0.7972953915596008,36.42226791381836,36.350276947021484,0.16439500451087952
73.70589447021484,0.7694281935691833,36.41720962524414,36.35491943359375,0.16433607041835785
73.72837829589844,0.7914621829986572,36.37582778930664,36.39697265625,0.16411782801151276
73.7003173828125,0.7641214728355408,36.38043212890625,36.391624450683594,0.16413849592208862
73.7295913696289,0.7949775457382202,36.42099380493164,36.349281311035156,0.16433526575565338
73.70133972167969,0.7671644687652588,36.415771484375,36.354129791259766,0.16427479684352875
73.72305297851562,0.7884693741798401,36.374752044677734,36.39577865600586,0.16404958069324493
73.69509887695312,0.7612738013267517,36.379364013671875,36.3903923034668,0.16407249867916107
73.72499084472656,0.7926902770996094,36.41958236694336,36.34843826293945,0.16427655518054962
73.69677734375,0.7649028301239014,36.414466857910156,36.35319137573242,0.16421374678611755
73.71772766113281,0.7855117321014404,36.37389373779297,36.394344329833984,0.1639808565378189
73.68990325927734,0.7584334015846252,36.378482818603516,36.388973236083984,0.1640060544013977
73.72042083740234,0.7904377579689026,36.418209075927734,36.347557067871094,0.16421674191951752
73.69227600097656,0.7627192139625549,36.41303634643555,36.35236740112305,0.16415201127529144
73.71240997314453,0.7825689315795898,36.372901916503906,36.393028259277344,0.1639121174812317
73.68472290039062,0.7556251883506775,36.37760925292969,36.387542724609375,0.16394026577472687
73.71585083007812,0.7881834506988525,36.416927337646484,36.34658432006836,0.16415785253047943
73.68777465820312,0.7605424523353577,36.41166687011719,36.35147476196289,0.16408972442150116
73.70711517333984,0.7796791195869446,36.371891021728516,36.39170837402344,0.16384240984916687
73.67957305908203,0.752863347530365,36.37661361694336,36.386226654052734,0.16387403011322021
73.71128845214844,0.7859209179878235,36.41551208496094,36.34575653076172,0.16409868001937866
73.68323516845703,0.7583414316177368,36.41019821166992,36.35067367553711,0.1640274077653885
73.70193481445312,0.7768874764442444,36.37092590332031,36.39034652709961,0.16377343237400055
73.67451477050781,0.7501756548881531,36.37582778930664,36.384700775146484,0.16380800306797028
73.7066650390625,0.7836284637451172,36.41421890258789,36.34477996826172,0.1640387922525406
73.67864227294922,0.7560974359512329,36.40871047973633,36.349876403808594,0.16396386921405792
73.69683074951172,0.7741897702217102,36.36983871459961,36.389095306396484,0.163704052567482
73.66950225830078,0.7475467324256897,36.374935150146484,36.383277893066406,0.16374219954013824
73.7020034790039,0.7812868356704712,36.412933349609375,36.34379959106445,0.163978710770607
73.67398834228516,0.7537931203842163,36.40727615356445,36.34901428222656,0.16389964520931244
73.69184112548828,0.7716102600097656,36.36880111694336,36.387794494628906,0.1636345535516739
73.6645736694336,0.7449975609779358,36.37397766113281,36.381919860839844,0.16367655992507935
73.6972885131836,0.7789130806922913,36.411502838134766,36.342952728271484,0.1639181673526764
73.66926574707031,0.7514436841011047,36.4057731628418,36.34821319580078,0.1638350486755371
73.68695831298828,0.7691348791122437,36.36783218383789,36.38642120361328,0.1635652333498001
73.65972137451172,0.7425413131713867,36.37319564819336,36.380374908447266,0.16361089050769806
73.69246673583984,0.7764472365379333,36.410160064697266,36.34200668334961,0.16385650634765625
73.66445922851562,0.7490065097808838,36.40419387817383,36.34748077392578,0.16376924514770508
73.68211364746094,0.7666991949081421,36.366729736328125,36.38518142700195,0.1634964495897293
73.65494537353516,0.7401527166366577,36.3723030090332,36.378944396972656,0.16354550421237946
73.68754577636719,0.7738952040672302,36.40877151489258,36.34108352661133,0.16379417479038239
73.65955352783203,0.7464988231658936,36.40266418457031,36.34668731689453,0.1637028306722641
73.6773452758789,0.7643436789512634,36.36577606201172,36.38379669189453,0.16342784464359283
73.65019226074219,0.7377930283546448,36.37144470214844,36.37746810913086,0.1634805053472519
73.68258666992188,0.7713094353675842,36.40733337402344,36.3402099609375,0.16373099386692047
73.65463256835938,0.7439689636230469,36.401065826416016,36.3459587097168,0.1636357456445694
73.67259216308594,0.7620033025741577,36.36471939086914,36.382511138916016,0.163359597325325
73.6454849243164,0.7354926466941833,36.37055969238281,36.376014709472656,0.16341526806354523
73.67753601074219,0.7686532735824585,36.40589141845703,36.33932113647461,0.16366678476333618
73.64962005615234,0.7413662075996399,36.39950180053711,36.34518814086914,0.16356807947158813
73.6678695678711,0.7596889734268188,36.36377716064453,36.38111114501953,0.1632918268442154
73.64082336425781,0.73324054479599,36.369754791259766,36.374473571777344,0.16335046291351318
73.67242431640625,0.7659375667572021,36.4044303894043,36.33844757080078,0.16360154747962952
73.64461517333984,0.7387571334838867,36.397865295410156,36.3444938659668,0.16349969804286957
73.66311645507812,0.7573612332344055,36.36276626586914,36.37976837158203,0.16322454810142517
73.63614654541016,0.7309930920600891,36.36890411376953,36.37296676635742,0.1632855087518692
73.66725158691406,0.7631847858428955,36.40291213989258,36.33761978149414,0.16353556513786316
73.63958740234375,0.7361364960670471,36.39619064331055,36.34383010864258,0.16343103349208832
73.6583251953125,0.754992663860321,36.361820220947266,36.37835693359375,0.1631574034690857
73.63145446777344,0.728731095790863,36.368099212646484,36.37140655517578,0.16322067379951477
73.66207885742188,0.7604265809059143,36.401405334472656,36.33677673339844,0.16346868872642517
73.63458251953125,0.7335443496704102,36.3945426940918,36.343135833740234,0.16336160898208618
73.6534652709961,0.7525612115859985,36.36086654663086,36.376949310302734,0.16309082508087158
73.62676239013672,0.7264708280563354,36.3672981262207,36.369834899902344,0.16315607726573944
73.65685272216797,0.75762939453125,36.39985656738281,36.33597183227539,0.16340114176273346
73.62958526611328,0.730964720249176,36.39289855957031,36.34243392944336,0.16329175233840942
73.64857482910156,0.7501084804534912,36.35997009277344,36.37547302246094,0.16302436590194702
73.62206268310547,0.7242136597633362,36.36650085449219,36.36825180053711,0.1630917340517044
73.65159606933594,0.7547902464866638,36.39824676513672,36.33523178100586,0.16333267092704773
73.62459564208984,0.7283942699432373,36.391170501708984,36.3418083190918,0.16322125494480133
73.64359283447266,0.7475742697715759,36.35910415649414,36.37395477294922,0.16295848786830902
73.61732482910156,0.7219429612159729,36.36573791503906,36.36662292480469,0.16302739083766937
73.64631652832031,0.7519323825836182,36.396663665771484,36.33445739746094,0.16326342523097992
73.61962127685547,0.7258579730987549,36.38943862915039,36.34117889404297,0.1631501466035843
73.63855743408203,0.7449889779090881,36.358219146728516,36.37245178222656,0.16289301216602325
73.61259460449219,0.7196665406227112,36.36496353149414,36.36500549316406,0.16296333074569702
73.64098358154297,0.7490467429161072,36.39496994018555,36.33377456665039,0.16319304704666138
73.61467742919922,0.7233552932739258,36.387718200683594,36.34052658081055,0.16307847201824188
73.63346099853516,0.7423622012138367,36.357418060302734,36.370853424072266,0.16282789409160614
73.60790252685547,0.7174203395843506,36.36423873901367,36.36334228515625,0.16289947926998138
73.63561248779297,0.746112048625946,36.39332580566406,36.33305358886719,0.16312193870544434
73.60975646972656,0.7208713889122009,36.38597106933594,36.339900970458984,0.16300639510154724
73.62831115722656,0.7396877408027649,36.35665512084961,36.369205474853516,0.16276313364505768
73.60317993164062,0.7151700854301453,36.36351013183594,36.361663818359375,0.16283543407917023
73.6302261352539,0.7431765198707581,36.391597747802734,36.332401275634766,0.16304978728294373
73.6048355102539,0.7184140682220459,36.3841667175293,36.33932113647461,0.16293391585350037
73.62312316894531,0.73697429895401,36.35584259033203,36.367610931396484,0.16269905865192413
73.5984878540039,0.7129479050636292,36.36274337768555,36.360023498535156,0.16277183592319489
73.62480926513672,0.7402141690254211,36.38982391357422,36.331790924072266,0.1629767268896103
73.59996032714844,0.7160013318061829,36.382442474365234,36.338661193847656,0.16286082565784454
73.6178970336914,0.7342206835746765,36.35518264770508,36.36585998535156,0.16263532638549805
73.59379577636719,0.7107431292533875,36.362037658691406,36.35831069946289,0.1627080738544464
73.619384765625,0.7372583746910095,36.388004302978516,36.33121871948242,0.16290298104286194
73.59513092041016,0.7136324644088745,36.380672454833984,36.33803939819336,0.16278742253780365
73.6126480102539,0.7314692139625549,36.354488372802734,36.36412048339844,0.16257204115390778
73.58912658691406,0.7085595726966858,36.36130905151367,36.35661697387695,0.16264453530311584
73.61398315429688,0.7343196868896484,36.38615417480469,36.330684661865234,0.16282834112644196
73.59033203125,0.7113087177276611,36.37886047363281,36.33745193481445,0.16271361708641052
73.60739135742188,0.7286964058876038,36.35385513305664,36.36233139038086,0.16250918805599213
73.58447265625,0.7063988447189331,36.36054611206055,36.35494613647461,0.16258060932159424
73.60858154296875,0.7314029932022095,36.384254455566406,36.330169677734375,0.16275285184383392
73.58561706542969,0.70905601978302,36.37710952758789,36.3368034362793,0.1626397967338562
73.60210418701172,0.7259008884429932,36.3532600402832,36.360496520996094,0.1624467521905899
73.57982635498047,0.7042518854141235,36.35982894897461,36.353233337402344,0.1625169962644577
73.60324096679688,0.7285382747650146,36.38235855102539,36.32966613769531,0.16267652809619904
73.58094787597656,0.7068776488304138,36.375328063964844,36.33617401123047,0.16256560385227203
73.5967788696289,0.7230796217918396,36.3526611328125,36.3586540222168,0.16238470375537872
73.5751953125,0.7021229267120361,36.359092712402344,36.35152816772461,0.16245301067829132
73.59791564941406,0.7257053852081299,36.380455017089844,36.32915496826172,0.1625996232032776
73.57632446289062,0.7047495245933533,36.37361145019531,36.335472106933594,0.16249161958694458
73.59146118164062,0.7202733755111694,36.35206604003906,36.35680389404297,0.1623232066631317
73.570556640625,0.6999877691268921,36.35823440551758,36.34994125366211,0.1623888462781906
73.59269714355469,0.7229819893836975,36.378440856933594,36.32875061035156,0.16252194344997406
73.57178497314453,0.7027141451835632,36.37187576293945,36.334781646728516,0.16241733729839325
73.58614349365234,0.7174719572067261,36.351524353027344,36.35488510131836,0.16226178407669067
73.56591796875,0.6978720426559448,36.357460021972656,36.348262786865234,0.16232435405254364
73.58755493164062,0.7203478217124939,36.376502990722656,36.32826232910156,0.16244377195835114
73.56732940673828,0.7007606029510498,36.370208740234375,36.33401870727539,0.1623430699110031
73.58086395263672,0.7147106528282166,36.35099792480469,36.35295486450195,0.16220052540302277
73.56130981445312,0.6957789063453674,36.35663604736328,36.34663009643555,0.16225968301296234
73.58248901367188,0.7177897691726685,36.37453842163086,36.32779312133789,0.16236552596092224
73.56290435791016,0.6988456845283508,36.3685302734375,36.3332633972168,0.16226910054683685
73.57560729980469,0.7119796276092529,36.35039520263672,36.35108947753906,0.1621391624212265
73.55670166015625,0.6937034130096436,36.355716705322266,36.345088958740234,0.16219428181648254
73.57752227783203,0.7153362035751343,36.3725471496582,36.327354431152344,0.16228677332401276
73.5585708618164,0.6970210671424866,36.36689376831055,36.332462310791016,0.16219525039196014
73.57038879394531,0.7092841863632202,36.34984588623047,36.34917449951172,0.16207794845104218
73.55209350585938,0.6916329860687256,36.354827880859375,36.34351348876953,0.16212835907936096
73.5726547241211,0.7129808664321899,36.37061309814453,36.326847076416016,0.16220808029174805
73.55427551269531,0.6952515244483948,36.36532211303711,36.33157730102539,0.16212202608585358
73.56521606445312,0.7066501379013062,36.349266052246094,36.347286224365234,0.16201646625995636
73.54751586914062,0.6895768642425537,36.353851318359375,36.34202575683594,0.16206181049346924
73.56786346435547,0.710716962814331,36.36867904663086,36.32633972167969,0.16212919354438782
73.55003356933594,0.6935324668884277,36.36378479003906,36.330665588378906,0.16204895079135895
73.56011199951172,0.704086184501648,36.3486213684082,36.3454475402832,0.16195465624332428
73.54293823242188,0.6875472664833069,36.35280990600586,36.3405876159668,0.16199448704719543
73.56320190429688,0.7085949182510376,36.36676025390625,36.325801849365234,0.1620507836341858
73.5458755493164,0.6918941140174866,36.36228942871094,36.329708099365234,0.1619766354560852
73.55503845214844,0.7015546560287476,36.34797286987305,36.34362030029297,0.16189220547676086
73.53837585449219,0.6855326890945435,36.35177230834961,36.33914566040039,0.16192632913589478
73.55863952636719,0.7065662145614624,36.36491775512695,36.32518005371094,0.16197295486927032
73.54174041748047,0.6903101205825806,36.36079788208008,36.328731536865234,0.1619047075510025
73.55001831054688,0.6990852952003479,36.34726333618164,36.34184265136719,0.16182909905910492
73.53380584716797,0.6835124492645264,36.3506965637207,36.33774185180664,0.16185761988162994
73.55416870117188,0.7046406865119934,36.36312484741211,36.32450866699219,0.16189561784267426
73.53764343261719,0.6887552738189697,36.359375,36.32768249511719,0.16183309257030487
73.5450668334961,0.6966825127601624,36.34646224975586,36.340152740478516,0.16176484525203705
73.52925109863281,0.6815076470375061,36.34953308105469,36.33642578125,0.16178810596466064
73.54976654052734,0.7027892470359802,36.36137390136719,36.32378387451172,0.16181935369968414
73.53358459472656,0.6872450709342957,36.35797882080078,36.32659912109375,0.16176210343837738
73.54013061523438,0.6943095326423645,36.345645904541016,36.33847427368164,0.1616998314857483
73.52469635009766,0.6795064806938171,36.348388671875,36.335079193115234,0.16171814501285553
73.54545593261719,0.7010254263877869,36.35970687866211,36.322975158691406,0.16174349188804626
73.52954864501953,0.685759961605072,36.356624603271484,36.325469970703125,0.16169117391109467
73.53529357910156,0.6920250058174133,36.344749450683594,36.33687973022461,0.16163381934165955
73.52017974853516,0.6775637269020081,36.347171783447266,36.333797454833984,0.16164745390415192
73.5411376953125,0.6992810964584351,36.358062744140625,36.3221321105957,0.16166839003562927
73.52552795410156,0.6842988729476929,36.35527038574219,36.32433319091797,0.1616203337907791
73.53047180175781,0.689778745174408,36.343753814697266,36.33537292480469,0.16156648099422455
73.51567077636719,0.6756255626678467,36.34589767456055,36.332576751708984,0.1615763008594513
73.5368881225586,0.6975953578948975,36.356529235839844,36.321170806884766,0.16159455478191376
73.52149963378906,0.6828318238258362,36.35399627685547,36.3231201171875,0.16154994070529938
73.5257339477539,0.6876072287559509,36.3427619934082,36.333866119384766,0.1614982634782791
73.51122283935547,0.6737380623817444,36.34466552734375,36.3313102722168,0.1615050882101059
73.53264617919922,0.6959142684936523,36.35501480102539,36.320194244384766,0.16152164340019226
73.51744842529297,0.6813663840293884,36.35268783569336,36.321922302246094,0.16147929430007935
73.52104949951172,0.6854992508888245,36.3416862487793,36.33243179321289,0.16142894327640533
73.50679779052734,0.671898603439331,36.343387603759766,36.330078125,0.16143332421779633
73.52836608886719,0.694223165512085,36.353511810302734,36.31918716430664,0.16144898533821106
73.51338195800781,0.6798719167709351,36.3513298034668,36.320777893066406,0.16140900552272797
73.51644897460938,0.6834728717803955,36.340538024902344,36.33108139038086,0.16135913133621216
73.50243377685547,0.6701207756996155,36.34214401245117,36.32880783081055,0.1613617092370987
73.52410888671875,0.6925323009490967,36.35215377807617,36.31804275512695,0.1613772213459015
73.50929260253906,0.6783557534217834,36.35005187988281,36.31954574584961,0.16133807599544525
73.51190185546875,0.6815124154090881,36.339351654052734,36.32975769042969,0.161288321018219
73.49812316894531,0.6683865189552307,36.34085464477539,36.32758712768555,0.1612899899482727
73.51980590820312,0.69081711769104,36.35076904296875,36.31690979003906,0.16130563616752625
73.50517272949219,0.6768178343772888,36.34873962402344,36.31834411621094,0.16126704216003418
73.5074234008789,0.6796214580535889,36.338138580322266,36.32844543457031,0.1612168699502945
73.49384307861328,0.6667110919952393,36.3395881652832,36.32632827758789,0.16121834516525269
73.51546478271484,0.6890723705291748,36.349422454833984,36.31574249267578,0.161234512925148
73.50102233886719,0.6752476096153259,36.347412109375,36.31716537475586,0.1611958146095276
73.50302124023438,0.6778039932250977,36.33684539794922,36.32722473144531,0.16114522516727448
73.48963928222656,0.6650953888893127,36.33832931518555,36.32506561279297,0.16114665567874908
73.51112365722656,0.6873123049736023,36.348079681396484,36.3145637512207,0.16116319596767426
73.49681854248047,0.6736422181129456,36.346065521240234,36.315982818603516,0.1611240655183792
73.4986801147461,0.67606520652771,36.3355598449707,36.325984954833984,0.1610732525587082
73.4854736328125,0.6635411381721497,36.3370361328125,36.32382583618164,0.161075159907341
73.50672149658203,0.685516357421875,36.346797943115234,36.31331253051758,0.16109175980091095
73.4925765991211,0.6720016598701477,36.34479904174805,36.31472396850586,0.16105224192142487
73.49439239501953,0.6743680834770203,36.33431625366211,36.32469940185547,0.16100142896175385
73.48136138916016,0.6620256304740906,36.335792541503906,36.32253646850586,0.16100354492664337
73.50228118896484,0.6836921572685242,36.34544372558594,36.312129974365234,0.16101984679698944
73.48831939697266,0.6703431606292725,36.3433837890625,36.31361389160156,0.16097992658615112
73.49015045166016,0.672731876373291,36.332984924316406,36.32350158691406,0.16092965006828308
73.47727966308594,0.6605535745620728,36.33451843261719,36.3212776184082,0.16093197464942932
73.49784851074219,0.6818630695343018,36.344120025634766,36.310916900634766,0.16094790399074554
73.48405456542969,0.6686789989471436,36.34201431274414,36.31245422363281,0.16090737283229828
73.48594665527344,0.6711333394050598,36.331687927246094,36.322265625,0.16085772216320038
73.47323608398438,0.6591305136680603,36.333251953125,36.31999969482422,0.16086024045944214
73.49337005615234,0.6799978017807007,36.34279251098633,36.30970764160156,0.16087569296360016
73.47974395751953,0.6669822335243225,36.3406982421875,36.31122970581055,0.16083499789237976
73.48180389404297,0.6695997714996338,36.33041763305664,36.32099914550781,0.1607860028743744
73.46923065185547,0.6577387452125549,36.332008361816406,36.318695068359375,0.16078847646713257
73.48888397216797,0.6781265735626221,36.341468811035156,36.30848693847656,0.16080300509929657
73.47541046142578,0.6652640700340271,36.339332580566406,36.31005859375,0.160762220621109
73.47767639160156,0.6680938601493835,36.32910919189453,36.319759368896484,0.16071413457393646
73.46526336669922,0.656394362449646,36.330692291259766,36.31745910644531,0.1607164591550827
73.484375,0.6762426495552063,36.34006118774414,36.307342529296875,0.1607302576303482
73.4710922241211,0.6635513305664062,36.33787536621094,36.30897521972656,0.16068965196609497
73.4736099243164,0.6666467785835266,36.3277702331543,36.31855010986328,0.16064240038394928
73.46133422851562,0.655094563961029,36.32945251464844,36.31614303588867,0.1606442779302597
73.47984313964844,0.6743310689926147,36.33879089355469,36.30606460571289,0.1606571227312088
73.46673583984375,0.6618199944496155,36.336570739746094,36.307735443115234,0.16061675548553467
73.46954345703125,0.6652157306671143,36.326515197753906,36.3172492980957,0.1605704426765442
73.45741271972656,0.6538011431694031,36.328182220458984,36.314857482910156,0.16057202219963074
73.47532653808594,0.6724304556846619,36.33744812011719,36.30486297607422,0.16058403253555298
73.4623794555664,0.6600782871246338,36.33517837524414,36.306575775146484,0.16054393351078033
73.46552276611328,0.6638094782829285,36.325164794921875,36.3160514831543,0.1604984849691391
73.45352935791016,0.6525525450706482,36.326873779296875,36.3135986328125,0.1604994833469391
73.47077941894531,0.6705339550971985,36.33606719970703,36.30367660522461,0.16051067411899567
73.45805358886719,0.6583775877952576,36.33378601074219,36.305419921875,0.16047091782093048
73.46149444580078,0.662423849105835,36.32383346557617,36.3148193359375,0.1604263335466385
73.44963836669922,0.6513023376464844,36.32558822631836,36.312320709228516,0.16042694449424744
73.4662857055664,0.6686538457870483,36.33475112915039,36.30244445800781,0.160437673330307
73.45372009277344,0.6566570401191711,36.33243179321289,36.30422592163086,0.16039815545082092
73.45751953125,0.6610731482505798,36.32255172729492,36.31353759765625,0.1603541523218155
73.44577026367188,0.6500796675682068,36.32433319091797,36.311004638671875,0.16035419702529907
73.4617691040039,0.66678386926651,36.33343505859375,36.301185607910156,0.16036422550678253
73.44939422607422,0.6549627780914307,36.33103942871094,36.30306625366211,0.1603250801563263
73.45350646972656,0.6597064137458801,36.321189880371094,36.31233215332031,0.16028174757957458
73.44187927246094,0.6488461494445801,36.323036193847656,36.30971908569336,0.16028152406215668
73.4572982788086,0.6649404168128967,36.332061767578125,36.30000305175781,0.16029100120067596
73.4450912475586,0.653291642665863,36.32960891723633,36.301937103271484,0.16025209426879883
73.44950103759766,0.6583433151245117,36.319854736328125,36.311092376708984,0.16020937263965607
73.43801879882812,0.6476279497146606,36.321773529052734,36.308406829833984,0.16020876169204712
73.45283508300781,0.6631082892417908,36.33074951171875,36.29875564575195,0.1602175086736679
73.44080352783203,0.651637852191925,36.32819747924805,36.300785064697266,0.16017897427082062
73.44549560546875,0.6569979190826416,36.3184928894043,36.309871673583984,0.16013692319393158
73.43413543701172,0.6464033722877502,36.32050323486328,36.30709457397461,0.16013577580451965
73.44837951660156,0.6613041162490845,36.329444885253906,36.29749298095703,0.16014409065246582
73.4365463256836,0.6500173211097717,36.326866149902344,36.299556732177734,0.1601058840751648
73.44148254394531,0.6556299924850464,36.31721496582031,36.308570861816406,0.1600639969110489
73.43025207519531,0.6451755166053772,36.31922912597656,36.305782318115234,0.16006292402744293
73.44398498535156,0.6595363616943359,36.32804870605469,36.29632568359375,0.1600707769393921
73.43231201171875,0.6484191417694092,36.32538986206055,36.298465728759766,0.1600324958562851
73.43746185302734,0.6542742848396301,36.31584167480469,36.30735778808594,0.15999114513397217
73.42635345458984,0.6439484357833862,36.31797790527344,36.304439544677734,0.1599898785352707
73.4395980834961,0.6577906012535095,36.326725006103516,36.295082092285156,0.15999735891819
73.42809295654297,0.6468495726585388,36.323978424072266,36.297306060791016,0.15995903313159943
73.43343353271484,0.6529085636138916,36.31454086303711,36.30606460571289,0.1599181592464447
73.4224624633789,0.6427158117294312,36.31673049926758,36.303096771240234,0.1599169224500656
73.43523406982422,0.6560749411582947,36.325374603271484,36.293861389160156,0.1599235087633133
73.42391204833984,0.6453142166137695,36.32255935668945,36.2961540222168,0.15988551080226898
73.42935943603516,0.6515122652053833,36.31321716308594,36.30479049682617,0.1598455309867859
73.41854095458984,0.6414632797241211,36.31547164916992,36.3017578125,0.1598438173532486
73.430908203125,0.6543874740600586,36.32400131225586,36.292667388916016,0.15984998643398285
73.41976165771484,0.6438014507293701,36.32113265991211,36.295013427734375,0.159811869263649
73.42529296875,0.6501191854476929,36.311885833740234,36.30351638793945,0.15977226197719574
73.41461944580078,0.6402135491371155,36.3142204284668,36.3004150390625,0.15977059304714203
73.42658996582031,0.6527217626571655,36.32261276245117,36.29147720336914,0.15977595746517181
73.41561889648438,0.6423149704933167,36.31969451904297,36.29387283325195,0.15973815321922302
73.42121887207031,0.6487292647361755,36.31060791015625,36.302188873291016,0.15969914197921753
73.41070556640625,0.6389729380607605,36.31300354003906,36.29902648925781,0.15969739854335785
73.42228698730469,0.651076078414917,36.32125473022461,36.290260314941406,0.15970219671726227
73.41150665283203,0.6408536434173584,36.31822967529297,36.292755126953125,0.1596643030643463
73.41714477539062,0.6473398804664612,36.30927658081055,36.300907135009766,0.15962599217891693
73.40678405761719,0.6377416253089905,36.311737060546875,36.29768371582031,0.15962405502796173
73.41800689697266,0.6494340300559998,36.31985855102539,36.289085388183594,0.15962821245193481
73.40739440917969,0.6394060850143433,36.31675720214844,36.29164505004883,0.15959054231643677
73.41307830810547,0.6459501385688782,36.307987213134766,36.299583435058594,0.15955258905887604
73.40287017822266,0.6364994645118713,36.310523986816406,36.296287536621094,0.15955080091953278
73.41374206542969,0.6478259563446045,36.3184814453125,36.287879943847656,0.15955425798892975
73.40331268310547,0.6379815340042114,36.31535339355469,36.290462493896484,0.15951663255691528
73.40898895263672,0.6445624828338623,36.306705474853516,36.298248291015625,0.15947942435741425
73.39895629882812,0.6352683305740356,36.30929183959961,36.294918060302734,0.1594775766134262
73.40947723388672,0.646222710609436,36.31705856323242,36.286720275878906,0.159480020403862
73.39924621582031,0.6365718245506287,36.3138427734375,36.289390563964844,0.1594424545764923
73.40492248535156,0.643181324005127,36.3054084777832,36.29692077636719,0.15940596163272858
73.39502716064453,0.6340358257293701,36.308074951171875,36.29351806640625,0.15940430760383606
73.4052505493164,0.6446426510810852,36.31565475463867,36.285545349121094,0.15940570831298828
73.39517974853516,0.6351814866065979,36.312374114990234,36.28825759887695,0.15936808288097382
73.40084838867188,0.6418085098266602,36.304134368896484,36.29557418823242,0.15933261811733246
73.39111328125,0.6328076124191284,36.3068733215332,36.2921028137207,0.15933094918727875
73.4010009765625,0.6430639028549194,36.31424331665039,36.284366607666016,0.15933135151863098
73.39112854003906,0.6338034272193909,36.310890197753906,36.287139892578125,0.15929383039474487
73.39674377441406,0.6404143571853638,36.30287551879883,36.2942008972168,0.15925951302051544
73.38719177246094,0.6315813660621643,36.30565643310547,36.29069900512695,0.15925756096839905
73.39678192138672,0.6415055990219116,36.312801361083984,36.28321838378906,0.1592566967010498
73.38709259033203,0.6324403882026672,36.30937957763672,36.28605270385742,0.1592193990945816
73.39266967773438,0.6390356421470642,36.301597595214844,36.292850494384766,0.15918616950511932
73.3832778930664,0.6303573250770569,36.30445098876953,36.289283752441406,0.15918390452861786
73.392578125,0.6399751305580139,36.31132125854492,36.2821044921875,0.1591818928718567
73.38306427001953,0.631102979183197,36.307884216308594,36.28493881225586,0.1591450721025467
73.38858795166016,0.637664258480072,36.30037307739258,36.291439056396484,0.15911272168159485
73.3793716430664,0.6291426420211792,36.30326843261719,36.28784942626953,0.15911030769348145
73.38838195800781,0.6384502053260803,36.309852600097656,36.28097915649414,0.15910714864730835
73.37905883789062,0.6297708749771118,36.30635070800781,36.28385925292969,0.1590704768896103
73.38450622558594,0.6362943053245544,36.29916763305664,36.29000473022461,0.15903937816619873
73.37545776367188,0.627930760383606,36.302127838134766,36.2863655090332,0.15903644263744354
73.38420104980469,0.6369417309761047,36.30836486816406,36.27986145019531,0.15903231501579285
73.37506103515625,0.628471314907074,36.304813385009766,36.282779693603516,0.15899600088596344
73.38043212890625,0.6349236369132996,36.297935485839844,36.288604736328125,0.15896569192409515
73.37157440185547,0.6267342567443848,36.300899505615234,36.28497314453125,0.15896278619766235
73.37999725341797,0.6354267597198486,36.3068733215332,36.278743743896484,0.1589573174715042
73.37106323242188,0.6271747946739197,36.30329132080078,36.281681060791016,0.15892131626605988
73.37633514404297,0.6335505843162537,36.2967643737793,36.287132263183594,0.1588919311761856
73.36766815185547,0.6255365014076233,36.29976272583008,36.283477783203125,0.15888890624046326
73.37581634521484,0.6339358687400818,36.305355072021484,36.27764892578125,0.15888220071792603
73.3670654296875,0.6258824467658997,36.301700592041016,36.280643463134766,0.1588463932275772
73.37226104736328,0.6321795582771301,36.29549789428711,36.285762786865234,0.15881845355033875
73.36376953125,0.6243381500244141,36.29855728149414,36.28205871582031,0.15881523489952087
73.37165069580078,0.6324543356895447,36.303836822509766,36.27655029296875,0.15880702435970306
73.36310577392578,0.6246182918548584,36.30019760131836,36.27952194213867,0.15877138078212738
73.36817169189453,0.6308130621910095,36.29438781738281,36.28422927856445,0.15874463319778442
73.35987854003906,0.6231518387794495,36.29743957519531,36.280540466308594,0.15874120593070984
73.36749267578125,0.63099205493927,36.30226516723633,36.27550506591797,0.15873181819915771
73.35916137695312,0.6233739852905273,36.298583984375,36.27850341796875,0.15869683027267456
73.36408233642578,0.6294425129890442,36.29322052001953,36.282752990722656,0.158671036362648
73.3559799194336,0.621968686580658,36.29627990722656,36.27906799316406,0.1586669534444809
73.36333465576172,0.6295443177223206,36.30070877075195,36.27442932128906,0.15865646302700043
73.35521697998047,0.6221418976783752,36.29704284667969,36.27740478515625,0.15862178802490234
73.36000061035156,0.6280771493911743,36.29206466674805,36.2812614440918,0.15859706699848175
73.35209655761719,0.6207870244979858,36.29511642456055,36.2775993347168,0.1585928052663803
73.35922241210938,0.6281155347824097,36.29911422729492,36.27340316772461,0.15858115255832672
73.3512954711914,0.6209356784820557,36.29544448852539,36.276363372802734,0.15854674577713013
73.35590362548828,0.6266999840736389,36.29092025756836,36.27975845336914,0.15852318704128265
73.34819793701172,0.6196095943450928,36.29397201538086,36.27610397338867,0.1585187166929245
73.35507202148438,0.6266948580741882,36.29751205444336,36.272361755371094,0.15850582718849182
73.34736633300781,0.6197445392608643,36.29386901855469,36.27528381347656,0.15847168862819672
73.351806640625,0.6253166198730469,36.2898063659668,36.27823257446289,0.1584489941596985
73.34432983398438,0.6184520125389099,36.2928466796875,36.27458953857422,0.15844404697418213
73.3509521484375,0.6252850890159607,36.29592514038086,36.271305084228516,0.15843036770820618
73.34346771240234,0.6185677647590637,36.29228973388672,36.27421569824219,0.15839679539203644
73.34772491455078,0.6239550113677979,36.288700103759766,36.27668762207031,0.1583748310804367
73.34046936035156,0.6173024773597717,36.29170227050781,36.273094177246094,0.15836963057518005
73.34681701660156,0.6238855719566345,36.29425048828125,36.270328521728516,0.1583547592163086
73.33956909179688,0.6173919439315796,36.29067611694336,36.273170471191406,0.15832148492336273
73.34363555908203,0.6225990056991577,36.287601470947266,36.27513122558594,0.1583004742860794
73.33660888671875,0.6161670088768005,36.290565490722656,36.27158737182617,0.1582951545715332
73.34269714355469,0.6224994659423828,36.29261779785156,36.26930236816406,0.15827935934066772
73.33567810058594,0.6162404417991638,36.28909683227539,36.2720947265625,0.15824612975120544
73.3395767211914,0.6212527751922607,36.28653335571289,36.273563385009766,0.15822578966617584
73.33275604248047,0.615037202835083,36.289405822753906,36.27009582519531,0.1582205444574356
73.33860778808594,0.6211445927619934,36.290916442871094,36.26834487915039,0.1582038551568985
73.33181762695312,0.6151198148727417,36.287445068359375,36.27108383178711,0.1581706702709198
73.33548736572266,0.6198937296867371,36.28543472290039,36.27200698852539,0.1581512838602066
73.32891082763672,0.6139154434204102,36.28828430175781,36.2685661315918,0.1581459641456604
73.33453369140625,0.6198004484176636,36.289283752441406,36.2673225402832,0.15812833607196808
73.3279800415039,0.6140156984329224,36.28589630126953,36.26996994018555,0.158095121383667
73.33141326904297,0.6185463070869446,36.284427642822266,36.270362854003906,0.15807656943798065
73.32508087158203,0.6128048300743103,36.28715515136719,36.26704788208008,0.15807117521762848
73.33045959472656,0.6184735894203186,36.287574768066406,36.266357421875,0.1580524444580078
73.32413482666016,0.6129216551780701,36.28427505493164,36.268917083740234,0.1580193042755127
73.32736206054688,0.617216944694519,36.2833137512207,36.26882553100586,0.1580020785331726
73.32125091552734,0.6117141246795654,36.286006927490234,36.26553726196289,0.15799672901630402
73.32640075683594,0.6171759963035583,36.2858772277832,36.265377044677734,0.15797671675682068
73.32032012939453,0.6118506193161011,36.28263854980469,36.267887115478516,0.15794357657432556
73.32330322265625,0.6158899068832397,36.28225326538086,36.26722717285156,0.15792717039585114
73.31742858886719,0.6106281876564026,36.28486251831055,36.264015197753906,0.1579218953847885
73.32237243652344,0.6158983111381531,36.28421401977539,36.264366149902344,0.15790054202079773
73.31651306152344,0.6107960939407349,36.281063079833984,36.266788482666016,0.15786756575107574
73.31925201416016,0.6145799160003662,36.281192779541016,36.265628814697266,0.15785259008407593
73.31360626220703,0.6095464825630188,36.28364562988281,36.2625732421875,0.15784715116024017
73.31836700439453,0.6146451830863953,36.2824821472168,36.2634162902832,0.15782417356967926
73.31271362304688,0.6097583174705505,36.27951431274414,36.265655517578125,0.15779155492782593
73.31523132324219,0.613297700881958,36.28020095825195,36.26396179199219,0.1577778458595276
73.3097915649414,0.6084808707237244,36.28248977661133,36.261051177978516,0.15777204930782318
73.31437683105469,0.6134223341941833,36.280738830566406,36.26246643066406,0.15774787962436676
73.30895233154297,0.6087360978126526,36.277889251708984,36.264610290527344,0.15771542489528656
73.31121826171875,0.6120121479034424,36.27914047241211,36.26236343383789,0.1577029526233673
73.30599975585938,0.6074303388595581,36.28132629394531,36.25954818725586,0.15769712626934052
73.31040954589844,0.6122202277183533,36.27904510498047,36.261474609375,0.15767163038253784
73.30518341064453,0.6077326536178589,36.276283264160156,36.26353073120117,0.1576392650604248
73.30723571777344,0.6107655167579651,36.27804946899414,36.26078796386719,0.1576278805732727
73.30220031738281,0.6063808798789978,36.28012466430664,36.25807189941406,0.15762203931808472
73.30647277832031,0.6110517382621765,36.277347564697266,36.260475158691406,0.15759487450122833
73.30143737792969,0.6067507266998291,36.274757385253906,36.26237106323242,0.1575627475976944
73.30323028564453,0.6095101833343506,36.27702331542969,36.25914001464844,0.15755297243595123
73.29840087890625,0.6053406596183777,36.2789192199707,36.256595611572266,0.1575470119714737
73.30253601074219,0.6099043488502502,36.27558898925781,36.25952911376953,0.15751828253269196
73.2977066040039,0.6057733297348022,36.273170471191406,36.26127624511719,0.1574861705303192
73.29926300048828,0.6082996726036072,36.27593994140625,36.25754928588867,0.1574779450893402
73.29461669921875,0.604322075843811,36.27769088745117,36.25513458251953,0.1574719399213791
73.29864501953125,0.6087775826454163,36.273860931396484,36.25857162475586,0.15744124352931976
73.29397583007812,0.6048088669776917,36.271610260009766,36.26015090942383,0.15740971267223358
73.2953109741211,0.6070932745933533,36.274879455566406,36.25593566894531,0.15740326046943665
73.29083251953125,0.6033070087432861,36.276493072509766,36.253639221191406,0.1573965698480606
73.29476928710938,0.6076778769493103,36.27219009399414,36.257537841796875,0.15736395120620728
73.29025268554688,0.6038550734519958,36.270057678222656,36.25900650024414,0.15733300149440765
73.29136657714844,0.6059110164642334,36.273780822753906,36.25434875488281,0.15732845664024353
73.28704833984375,0.6022979617118835,36.27522277832031,36.25221252441406,0.15732106566429138
73.29090118408203,0.6065941452980042,36.27045822143555,36.256561279296875,0.15728656947612762
73.28654479980469,0.6029137372970581,36.26852798461914,36.25784683227539,0.1572563201189041
73.28744506835938,0.6047453284263611,36.272674560546875,36.25277328491211,0.15725329518318176
73.28327941894531,0.601295530796051,36.27394104003906,36.250797271728516,0.157245472073555
73.28706359863281,0.6055403351783752,36.26875686645508,36.255558013916016,0.1572093665599823
73.28284454345703,0.6019832491874695,36.26701354980469,36.25666809082031,0.15717963874340057
73.28352355957031,0.6035921573638916,36.27159881591797,36.251155853271484,0.15717831254005432
73.27950286865234,0.6002940535545349,36.2726936340332,36.24934005737305,0.1571696549654007
73.28324890136719,0.6044983863830566,36.267112731933594,36.25450134277344,0.15713168680667877
73.27915954589844,0.6010742783546448,36.265480041503906,36.25550079345703,0.15710292756557465
73.27960205078125,0.6024507880210876,36.27040100097656,36.2496452331543,0.15710316598415375
73.2757339477539,0.5993079543113708,36.27138137817383,36.247947692871094,0.15709400177001953
73.27943420410156,0.6034755110740662,36.265445709228516,36.25346374511719,0.1570541113615036
73.27548217773438,0.6001686453819275,36.263980865478516,36.25429916381836,0.15702594816684723
73.27571105957031,0.6013290882110596,36.2692756652832,36.24807357788086,0.1570277065038681
73.27196502685547,0.5983259081840515,36.270084381103516,36.24653244018555,0.1570177674293518
73.27562713623047,0.6024555563926697,36.263816833496094,36.252384185791016,0.15697643160820007
73.27179718017578,0.5992681384086609,36.262489318847656,36.25308609008789,0.15694905817508698
73.27181243896484,0.600224494934082,36.2680778503418,36.246559143066406,0.15695232152938843
73.26818084716797,0.5973449945449829,36.26872253417969,36.245174407958984,0.15694160759449005
73.27185821533203,0.6014649868011475,36.262149810791016,36.2513427734375,0.15689881145954132
73.26812744140625,0.5983821749687195,36.260986328125,36.251888275146484,0.15687206387519836
73.26792907714844,0.5991344451904297,36.266883850097656,36.245033264160156,0.156876802444458
73.2644271850586,0.5963844656944275,36.26738357543945,36.2437858581543,0.15686535835266113
73.2680892944336,0.6004796624183655,36.260562896728516,36.250221252441406,0.15682090818881989
73.26445770263672,0.5975030660629272,36.259525299072266,36.250633239746094,0.15679489076137543
73.26405334472656,0.5980619788169861,36.265663146972656,36.243534088134766,0.15680097043514252
73.26067352294922,0.5954322218894958,36.266048431396484,36.24240493774414,0.1567886471748352
73.26432037353516,0.5995106101036072,36.25897979736328,36.249088287353516,0.15674299001693726
73.26078796386719,0.5966242551803589,36.2580680847168,36.24938201904297,0.15671800076961517
73.26020050048828,0.5970079302787781,36.264404296875,36.2420654296875,0.15672534704208374
73.25691986083984,0.5944786071777344,36.26463317871094,36.2410888671875,0.15671204030513763
73.26055908203125,0.5985414981842041,36.25737380981445,36.247982025146484,0.1566651463508606
73.25713348388672,0.5957631468772888,36.256587982177734,36.248146057128906,0.15664084255695343
73.25633239746094,0.5959556102752686,36.263126373291016,36.24060821533203,0.15664908289909363
73.25315856933594,0.5935373902320862,36.263248443603516,36.239742279052734,0.1566350907087326
73.25682830810547,0.5975985527038574,36.25584411621094,36.24679946899414,0.15658719837665558
73.25347137451172,0.5949034690856934,36.255184173583984,36.246826171875,0.15656358003616333
73.25248718261719,0.594919741153717,36.26188659667969,36.23910903930664,0.1565728783607483
73.24940490722656,0.592596709728241,36.261878967285156,36.238372802734375,0.15655814111232758
73.25308990478516,0.5966578722000122,36.2542724609375,36.24565124511719,0.15650945901870728
73.24982452392578,0.5940542221069336,36.253719329833984,36.245567321777344,0.15648645162582397
73.2486572265625,0.5939048528671265,36.26055908203125,36.23769760131836,0.1564963459968567
73.24565124511719,0.5916615128517151,36.26042175292969,36.237091064453125,0.15648111701011658
73.24935913085938,0.5957367420196533,36.25271224975586,36.24448013305664,0.15643149614334106
73.2461929321289,0.5932188034057617,36.25226974487305,36.244293212890625,0.1564091295003891
73.24481201171875,0.5928843021392822,36.259220123291016,36.236289978027344,0.15641961991786957
73.24191284179688,0.5907309651374817,36.25899124145508,36.235782623291016,0.15640351176261902
73.24566650390625,0.5948328971862793,36.25120544433594,36.24326705932617,0.1563536673784256
73.24254608154297,0.5923867225646973,36.25088119506836,36.242942810058594,0.15633191168308258
73.24098205566406,0.5918866991996765,36.25791931152344,36.234832763671875,0.15634262561798096
73.23815155029297,0.5897985100746155,36.257572174072266,36.23445510864258,0.15632599592208862
73.24195098876953,0.5939428806304932,36.24972152709961,36.24201583862305,0.1562756597995758
73.2389144897461,0.5915669202804565,36.24944305419922,36.24164581298828,0.15625439584255219
73.23715209960938,0.590890645980835,36.256526947021484,36.23347473144531,0.1562655121088028
73.23440551757812,0.5888802409172058,36.25608825683594,36.23318862915039,0.1562485694885254
73.23825073242188,0.5930526256561279,36.24819564819336,36.240806579589844,0.15619800984859467
73.23526763916016,0.5907508730888367,36.248023986816406,36.240318298339844,0.15617677569389343
73.23333740234375,0.5899107456207275,36.255149841308594,36.23208999633789,0.15618814527988434
73.23065185546875,0.5879520177841187,36.25465393066406,36.231876373291016,0.1561707705259323
73.23455047607422,0.5921816229820251,36.24675369262695,36.239498138427734,0.15611988306045532
73.23164367675781,0.5899500250816345,36.246639251708984,36.23895263671875,0.15609925985336304
73.22952270507812,0.588925302028656,36.25375747680664,36.23072814941406,0.15611054003238678
73.2269058227539,0.5870457291603088,36.25314712524414,36.23061752319336,0.15609262883663177
73.23087310791016,0.5913169384002686,36.24527359008789,36.238243103027344,0.15604209899902344
73.22799682617188,0.5891392827033997,36.24523162841797,36.23760223388672,0.15602149069309235
73.22570037841797,0.5879641175270081,36.252323150634766,36.22938537597656,0.1560324728488922
73.22314453125,0.5861229300498962,36.251651763916016,36.22935485839844,0.1560145914554596
73.22718048095703,0.5904598236083984,36.24384307861328,36.23691177368164,0.15596412122249603
73.22435760498047,0.5883438587188721,36.24384689331055,36.23622131347656,0.15594346821308136
73.2219009399414,0.5870004296302795,36.25090026855469,36.22804260253906,0.15595431625843048
73.21940612792969,0.5852392315864563,36.250144958496094,36.228084564208984,0.1559363454580307
73.22348022460938,0.5896028876304626,36.24237823486328,36.23561477661133,0.1558861881494522
73.22071838378906,0.5875454545021057,36.242469787597656,36.23482894897461,0.15586525201797485
73.21810150146484,0.5860620737075806,36.249481201171875,36.22667694091797,0.15587583184242249
73.21566009521484,0.5843256115913391,36.24863052368164,36.22684097290039,0.15585818886756897
73.21978759765625,0.5887574553489685,36.240970611572266,36.234249114990234,0.15580755472183228
73.2170639038086,0.5867480039596558,36.24107360839844,36.233455657958984,0.15578697621822357
73.21428680419922,0.5851107835769653,36.24795913696289,36.22542190551758,0.15579742193222046
73.2119140625,0.583466649055481,36.24711608886719,36.22555923461914,0.1557796150445938
73.21609497070312,0.5879004001617432,36.23955535888672,36.232906341552734,0.15572963654994965
73.2134017944336,0.5859555602073669,36.23971939086914,36.23202133178711,0.15570829808712006
73.21049499511719,0.5841989517211914,36.24652099609375,36.22406005859375,0.15571841597557068
73.20817565917969,0.5825607776641846,36.245567321777344,36.22434997558594,0.15570168197155
73.21235656738281,0.5870642066001892,36.23823547363281,36.23141098022461,0.15565074980258942
73.2097396850586,0.5851449370384216,36.23831558227539,36.230648040771484,0.15562959015369415
73.20671081542969,0.5832604169845581,36.244930267333984,36.22288513183594,0.15564008057117462
73.2044677734375,0.5817554593086243,36.24413299560547,36.222957611083984,0.1556224822998047
73.2086410522461,0.5861652493476868,36.23675537109375,36.23015213012695,0.15557263791561127
73.20603942871094,0.5843409895896912,36.23699951171875,36.229156494140625,0.15555046498775482
73.20295715332031,0.5824117660522461,36.24350357055664,36.22147750854492,0.1555604487657547
73.20074462890625,0.5808413624763489,36.242393493652344,36.22195816040039,0.15554477274417877
73.20487213134766,0.5853675007820129,36.23563003540039,36.2283821105957,0.1554921269416809
73.20233154296875,0.5834862589836121,36.2356071472168,36.22776412963867,0.1554713398218155
73.1991958618164,0.5814802050590515,36.24185562133789,36.22037887573242,0.15548235177993774
73.19710540771484,0.58021479845047,36.241207122802734,36.220218658447266,0.15546436607837677
73.20111846923828,0.5843122005462646,36.233787536621094,36.227603912353516,0.15541619062423706
73.1985092163086,0.5826045274734497,36.234352111816406,36.22616195678711,0.15539111196994781
73.19556427001953,0.5808517932891846,36.240631103515625,36.21867370605469,0.15540152788162231
73.19355773925781,0.5793179273605347,36.239139556884766,36.21971130371094,0.1553894728422165
73.19708251953125,0.583523690700531,36.233482360839844,36.22474670410156,0.15533125400543213
73.19445037841797,0.5813520550727844,36.23283767700195,36.224952697753906,0.15531350672245026
73.1921157836914,0.5800836086273193,36.23863220214844,36.21807098388672,0.15532620251178741
73.19059753417969,0.5796747803688049,36.23879623413086,36.21682357788086,0.15530401468276978
73.1927490234375,0.581508219242096,36.23086166381836,36.22511291503906,0.1552632600069046
73.1897201538086,0.5796840190887451,36.232086181640625,36.22271728515625,0.1552325338125229
73.18932342529297,0.5804999470710754,36.237953186035156,36.21562576293945,0.15524402260780334
73.18756866455078,0.5789710283279419,36.236053466796875,36.217308044433594,0.15523524582386017
73.1879653930664,0.5802865624427795,36.231449127197266,36.2210578918457,0.15517427027225494
73.18531799316406,0.5779741406440735,36.230438232421875,36.22174835205078,0.15515808761119843
73.18636322021484,0.5801355242729187,36.23603820800781,36.21501159667969,0.15517106652259827
73.18443298339844,0.5792624950408936,36.23611068725586,36.21391296386719,0.15514887869358063
73.18379211425781,0.5784626603126526,36.228797912597656,36.22142028808594,0.15510454773902893
73.18144226074219,0.5771118402481079,36.22952651977539,36.219730377197266,0.1550767421722412
73.18286895751953,0.5797370672225952,36.2349853515625,36.21305465698242,0.15508998930454254
73.1806411743164,0.5779796838760376,36.23373031616211,36.2138557434082,0.15507668256759644
73.18001556396484,0.5778696537017822,36.228187561035156,36.218936920166016,0.15502001345157623
73.17800903320312,0.5764715671539307,36.227752685546875,36.218788146972656,0.15499943494796753
73.1788330078125,0.5784111618995667,36.23320007324219,36.21220397949219,0.15501324832439423
73.17667388916016,0.5770924091339111,36.232757568359375,36.211830139160156,0.15499421954154968
73.1767349243164,0.5772687792778015,36.22620391845703,36.218318939208984,0.15494383871555328
73.17475891113281,0.5761086344718933,36.22648239135742,36.21724319458008,0.15491926670074463
73.17466735839844,0.5772185921669006,36.23171615600586,36.2108039855957,0.15493254363536835
73.17253875732422,0.5756555199623108,36.23077392578125,36.21118927001953,0.15491759777069092
73.17353057861328,0.5770613551139832,36.22517013549805,36.21643829345703,0.15486159920692444
73.17158508300781,0.5757741332054138,36.22480392456055,36.21616744995117,0.1548406183719635
73.17046356201172,0.5757920742034912,36.22998046875,36.2098388671875,0.15485458076000214
73.16848754882812,0.5745870471000671,36.2294807434082,36.20957946777344,0.15483655035495758
73.17042541503906,0.5766474604606628,36.223148345947266,36.21583938598633,0.1547848880290985
73.16840362548828,0.5755051970481873,36.223480224609375,36.214656829833984,0.15475983917713165
73.16634368896484,0.5746003985404968,36.228538513183594,36.208431243896484,0.15477433800697327
73.1644515991211,0.5732492208480835,36.22740173339844,36.209041595458984,0.15476050972938538
73.1672134399414,0.5765690207481384,36.222469329833984,36.21347427368164,0.15469984710216522
73.16519165039062,0.5750701427459717,36.22170639038086,36.21373748779297,0.1546817272901535
73.16226959228516,0.5732733011245728,36.226566314697266,36.20772933959961,0.1546974778175354
73.16082763671875,0.5727983713150024,36.22671127319336,36.20663833618164,0.15467560291290283
73.16400146484375,0.5757336020469666,36.21969985961914,36.21393585205078,0.1546301543712616
73.16146087646484,0.5744133591651917,36.2208251953125,36.21162033081055,0.15459902584552765
73.15857696533203,0.5727365016937256,36.22572708129883,36.205501556396484,0.15461325645446777
73.15863037109375,0.5728306770324707,36.22320556640625,36.207984924316406,0.15460847318172455
73.15799713134766,0.5735307335853577,36.22163009643555,36.20829391479492,0.15454243123531342
73.15496063232422,0.5705142617225647,36.21942901611328,36.210479736328125,0.1545330137014389
73.1572265625,0.57431560754776,36.224666595458984,36.20370101928711,0.15454033017158508
73.15389251708984,0.5715706944465637,36.223609924316406,36.20419692993164,0.15452033281326294
73.15731811523438,0.5749462842941284,36.216922760009766,36.21098327636719,0.15446563065052032
73.15666198730469,0.5753796100616455,36.217350006103516,36.20949935913086,0.15443432331085205
73.14910888671875,0.5689815878868103,36.22180938720703,36.2038688659668,0.15444833040237427
73.15327453613281,0.5729427933692932,36.21867370605469,36.207210540771484,0.15445321798324585
73.14860534667969,0.5701091289520264,36.21998596191406,36.20412063598633,0.15438923239707947
73.14698028564453,0.5683550238609314,36.21706008911133,36.20718765258789,0.15438051521778107
73.15306854248047,0.5767797827720642,36.222293853759766,36.19963836669922,0.15435746312141418
73.14399719238281,0.5674343705177307,36.21920394897461,36.2030029296875,0.1543574333190918
73.1546630859375,0.5780686736106873,36.21247863769531,36.209842681884766,0.15427590906620026
73.15116119384766,0.5760529637336731,36.21377182006836,36.207088470458984,0.15424229204654694
73.14288330078125,0.5692655444145203,36.21902847290039,36.20030212402344,0.15428201854228973
73.15933990478516,0.5848676562309265,36.2161979675293,36.20396041870117,0.1543094962835312
73.14894104003906,0.5754668712615967,36.21610641479492,36.203102111816406,0.1542646437883377
73.15379333496094,0.5829911828041077,36.218196868896484,36.198429107666016,0.15417324006557465
73.15387725830078,0.5834491848945618,36.215232849121094,36.2010383605957,0.15414945781230927
73.14470672607422,0.5730881094932556,36.210670471191406,36.206764221191406,0.1541839987039566
73.14118194580078,0.5705816745758057,36.214298248291016,36.202117919921875,0.1541844606399536
73.15375518798828,0.5857635140419006,36.22012710571289,36.1937255859375,0.15413470566272736
73.14501953125,0.577273428440094,36.21812057495117,36.19551086425781,0.15411707758903503
73.15077209472656,0.5810497403144836,36.20942687988281,36.20616149902344,0.1541304886341095
73.15399169921875,0.5847024917602539,36.207908630371094,36.207279205322266,0.15410152077674866
73.13456726074219,0.5678844451904297,36.213401794433594,36.199222564697266,0.1540512889623642
73.13540649414062,0.5693730711936951,36.21613693237305,36.195796966552734,0.15409845113754272
73.14323425292969,0.5758107900619507,36.21131134033203,36.20204162597656,0.15407057106494904
73.13278198242188,0.5667062997817993,36.21086502075195,36.201210021972656,0.15399685502052307
73.16795349121094,0.6054392457008362,36.216060638427734,36.19241714477539,0.1540381759405136
73.16230010986328,0.6001145243644714,36.21592712402344,36.19218826293945,0.1540735512971878
73.13630676269531,0.57157301902771,36.21084976196289,36.1998291015625,0.15405426919460297
73.14801788330078,0.5830197334289551,36.2087287902832,36.20234680175781,0.15391962230205536
73.13485717773438,0.5727154016494751,36.210845947265625,36.19743728637695,0.15385490655899048
73.14014434814453,0.5792162418365479,36.211246490478516,36.19571304321289,0.1539679765701294
73.13683319091797,0.5740363597869873,36.209449768066406,36.19929504394531,0.15404902398586273
73.1408920288086,0.5783112645149231,36.21049880981445,36.19813537597656,0.15394942462444305
73.13123321533203,0.5713475942611694,36.21232223510742,36.19375991821289,0.15380100905895233
73.13300323486328,0.5737562775611877,36.209407806396484,36.19597625732422,0.15386134386062622
73.13530731201172,0.5741022229194641,36.206993103027344,36.20022964477539,0.15398463606834412
73.13227081298828,0.5716311931610107,36.209354400634766,36.19736099243164,0.15392659604549408
73.13923645019531,0.5821844935417175,36.21273422241211,36.19057846069336,0.15374091267585754
73.14250946044922,0.586353063583374,36.2113151550293,36.19111633300781,0.15372413396835327
73.1240005493164,0.5656523704528809,36.2068977355957,36.19758605957031,0.1538635790348053
73.12989044189453,0.5708315968513489,36.20793151855469,36.19723892211914,0.15388984978199005
73.12794494628906,0.5722485780715942,36.20986557006836,36.19211196899414,0.15372003614902496
73.1267318725586,0.5718483328819275,36.208072662353516,36.19309616088867,0.15371160209178925
73.13938903808594,0.5813242197036743,36.206214904785156,36.19795227050781,0.15390203893184662
73.14208221435547,0.584043562412262,36.206783294677734,36.19735336303711,0.15389896929264069
73.12135314941406,0.5669577121734619,36.2081184387207,36.19258117675781,0.15369318425655365
73.1293716430664,0.5768144130706787,36.206111907958984,36.19282150268555,0.15362554788589478
73.12250518798828,0.5676694512367249,36.20568084716797,36.195369720458984,0.15378481149673462
73.12366485595703,0.5685880184173584,36.20790481567383,36.19336700439453,0.15380027890205383
73.13223266601562,0.5809831023216248,36.2063102722168,36.19137954711914,0.15356622636318207
73.13138580322266,0.580843448638916,36.20419692993164,36.19281005859375,0.15353697538375854
73.12419128417969,0.570774495601654,36.204933166503906,36.19473648071289,0.15374980866909027
73.12934875488281,0.575827956199646,36.207374572753906,36.19235610961914,0.15379489958286285
73.11930084228516,0.5692002177238464,36.20672607421875,36.18979263305664,0.1535855382680893
73.12259674072266,0.5735254287719727,36.20314025878906,36.19241714477539,0.15350741147994995
73.1235580444336,0.5718689560890198,36.20393371582031,36.194061279296875,0.1536903977394104
73.12359619140625,0.5721398591995239,36.20619583129883,36.19154357910156,0.15371881425380707
73.124755859375,0.5772170424461365,36.2049674987793,36.1890754699707,0.15349839627742767
73.12953186035156,0.5829853415489197,36.20271301269531,36.190391540527344,0.15343883633613586
73.1146011352539,0.5654785633087158,36.20273208618164,36.19279479980469,0.15359647572040558
73.12159729003906,0.5719764232635498,36.205047607421875,36.190914154052734,0.15365459024906158
73.11540985107422,0.5691628456115723,36.20388412475586,36.18888854980469,0.15347382426261902
73.1179428100586,0.5727481842041016,36.201560974121094,36.190208435058594,0.1534239500761032
73.12018585205078,0.5722798109054565,36.20304870605469,36.191261291503906,0.15359753370285034
73.12147521972656,0.5736995339393616,36.20420837402344,36.189964294433594,0.15360039472579956
73.11626434326172,0.5722283720970154,36.20223617553711,36.18840789794922,0.1533912569284439
73.12138366699219,0.5784410238265991,36.20074462890625,36.18885040283203,0.15335321426391602
73.1110610961914,0.5656567215919495,36.20214080810547,36.18974304199219,0.15352007746696472
73.11570739746094,0.5701234936714172,36.20298767089844,36.189064025878906,0.15353359282016754
73.11198425292969,0.5697400569915771,36.20048904418945,36.18841552734375,0.15333782136440277
73.11234283447266,0.570868194103241,36.199771881103516,36.18838119506836,0.15332402288913727
73.11578369140625,0.5717597603797913,36.2026481628418,36.187870025634766,0.15350711345672607
73.11389923095703,0.5703129172325134,36.20242691040039,36.18767547607422,0.15347956120967865
73.11372375488281,0.5737804770469666,36.198482513427734,36.188201904296875,0.15326131880283356
73.11376190185547,0.574457585811615,36.198204040527344,36.18785095214844,0.15325476229190826
73.10900115966797,0.567240297794342,36.20161437988281,36.18671417236328,0.15343685448169708
73.10783386230469,0.5664931535720825,36.20108413696289,36.186851501464844,0.15340426564216614
73.11311340332031,0.5752549171447754,36.197105407714844,36.18754959106445,0.1531989723443985
73.11092376708984,0.5735764503479004,36.197486877441406,36.1866569519043,0.15320345759391785
73.10721588134766,0.5674216747283936,36.20106506347656,36.185340881347656,0.1533854901790619
73.10655212402344,0.5671488642692566,36.19983673095703,36.18621063232422,0.1533508449792862
73.10738372802734,0.5713279843330383,36.196041107177734,36.18686294555664,0.1531507819890976
73.10590362548828,0.5704156160354614,36.197181701660156,36.18514633178711,0.15315838158130646
73.10517883300781,0.5673922896385193,36.20041275024414,36.18403625488281,0.15333402156829834
73.10433197021484,0.5669273138046265,36.19834899902344,36.185752868652344,0.15329469740390778
73.10285186767578,0.5686571002006531,36.194759368896484,36.18633270263672,0.1530982255935669
73.10183715820312,0.5682788491249084,36.19673156738281,36.1837158203125,0.15310893952846527
73.10176086425781,0.5660914778709412,36.199607849121094,36.18279266357422,0.15327750146389008
73.10037231445312,0.56512051820755,36.19693374633789,36.18509292602539,0.1532304435968399
73.10015869140625,0.567996621131897,36.193721771240234,36.185401916503906,0.15303756296634674
73.09911346435547,0.5675673484802246,36.195899963378906,36.18259048461914,0.15305092930793762
73.09771728515625,0.5642001628875732,36.1983528137207,36.181941986083984,0.1532178521156311
73.09651184082031,0.5634217262268066,36.19548416137695,36.18443298339844,0.1531679332256317
73.09723663330078,0.5671069025993347,36.193023681640625,36.18412780761719,0.15297792851924896
73.09600067138672,0.5664639472961426,36.19521713256836,36.181331634521484,0.1529923528432846
73.09464263916016,0.563234806060791,36.197044372558594,36.18120193481445,0.1531601846218109
73.09380340576172,0.5628266334533691,36.194252014160156,36.18361282348633,0.15311299264431
73.093505859375,0.5653615593910217,36.19223403930664,36.1829833984375,0.15292301774024963
73.09245300292969,0.5648881196975708,36.194454193115234,36.18016815185547,0.15293611586093903
73.09192657470703,0.562610387802124,36.195796966552734,36.180423736572266,0.1531028002500534
73.09095001220703,0.5621044635772705,36.193058013916016,36.1827392578125,0.15305641293525696
73.09040832519531,0.5643239617347717,36.19131851196289,36.18190002441406,0.15286585688591003
73.0894546508789,0.5639342665672302,36.19348907470703,36.17915344238281,0.1528773158788681
73.08876037597656,0.5615520477294922,36.19456481933594,36.17959976196289,0.15304189920425415
73.08757781982422,0.5608943700790405,36.19184494018555,36.18184280395508,0.1529945433139801
73.0877914428711,0.5638307929039001,36.19051742553711,36.18063735961914,0.15280570089817047
73.08653259277344,0.5630893707275391,36.192649841308594,36.177978515625,0.1528179794549942
73.0858154296875,0.5607239007949829,36.19330978393555,36.178794860839844,0.15298166871070862
73.08457946777344,0.5600399374961853,36.19057846069336,36.1810302734375,0.15293477475643158
73.08464813232422,0.5627862811088562,36.189762115478516,36.17935562133789,0.15274785459041595
73.08321380615234,0.5618333220481873,36.1919059753418,36.17671203613281,0.1527610719203949
73.08303833007812,0.5600646734237671,36.191837310791016,36.17820739746094,0.15292192995548248
73.08157348632812,0.5591843128204346,36.18916320800781,36.18034362792969,0.15287438035011292
73.08162689208984,0.5618775486946106,36.18911361694336,36.17794418334961,0.15268950164318085
73.08010864257812,0.5608292818069458,36.19117736816406,36.17539978027344,0.15270283818244934
73.07994079589844,0.5591260194778442,36.190311431884766,36.177635192871094,0.15285934507846832
73.07832336425781,0.5581479668617249,36.18779373168945,36.17957305908203,0.15281060338020325
73.07872772216797,0.5611315369606018,36.188533782958984,36.176429748535156,0.1526300460100174
73.07706451416016,0.5598980188369751,36.190311431884766,36.17420959472656,0.15264439582824707
73.07694244384766,0.558305025100708,36.18875503540039,36.177093505859375,0.15279684960842133
73.07535552978516,0.5573856830596924,36.18661117553711,36.178611755371094,0.15274833142757416
73.07559967041016,0.5601418018341064,36.187992095947266,36.17489242553711,0.15257178246974945
73.07398223876953,0.5589268207550049,36.18935012817383,36.173118591308594,0.15258648991584778
73.073974609375,0.5575132966041565,36.18716049194336,36.17656707763672,0.15273334085941315
73.0723648071289,0.5566058158874512,36.185428619384766,36.17763900756836,0.1526847928762436
73.0726318359375,0.5593399405479431,36.18736267089844,36.17341613769531,0.15251268446445465
73.07102966308594,0.5581150650978088,36.18830871582031,36.172080993652344,0.15252694487571716
73.07093048095703,0.5566844344139099,36.18562316894531,36.17594909667969,0.15266864001750946
73.06929779052734,0.5557980537414551,36.184288024902344,36.17659378051758,0.15262021124362946
73.06967163085938,0.5585587620735168,36.18672180175781,36.17194366455078,0.15245352685451508
73.06798553466797,0.5572142004966736,36.18724822998047,36.171058654785156,0.1524682492017746
73.06800079345703,0.5559865832328796,36.184085845947266,36.175323486328125,0.15260349214076996
73.06632995605469,0.5550888776779175,36.1832160949707,36.175472259521484,0.15255571901798248
73.0666275024414,0.5576822757720947,36.18600082397461,36.17054748535156,0.15239465236663818
73.0649642944336,0.5563470721244812,36.18608093261719,36.17012405395508,0.15240907669067383
73.06494140625,0.5551955699920654,36.182640075683594,36.1745719909668,0.1525372862815857
73.06330871582031,0.5543463230133057,36.182212829589844,36.174259185791016,0.15249010920524597
73.06359100341797,0.5568296313285828,36.18515396118164,36.16926574707031,0.15233565866947174
73.06200408935547,0.5555734634399414,36.184837341308594,36.169246673583984,0.1523490697145462
73.06185150146484,0.5543879270553589,36.181331634521484,36.17366409301758,0.15246997773647308
73.0603256225586,0.5536475777626038,36.18130874633789,36.17294692993164,0.1524241715669632
73.06050872802734,0.5559455156326294,36.184207916259766,36.16808319091797,0.15227676928043365
73.05899810791016,0.5547702312469482,36.183494567871094,36.1684455871582,0.1522892564535141
73.058837890625,0.5536754131317139,36.18008041381836,36.172672271728516,0.15240247547626495
73.05736541748047,0.5529913902282715,36.18033981323242,36.17167663574219,0.15235783159732819
73.05746459960938,0.5551050305366516,36.18312454223633,36.167022705078125,0.15221776068210602
73.05602264404297,0.5540164113044739,36.18223190307617,36.167545318603516,0.15222884714603424
73.05579376220703,0.5529650449752808,36.17898941040039,36.1715087890625,0.1523338258266449
73.05437469482422,0.552310585975647,36.17936325073242,36.170406341552734,0.1522907167673111
73.0544662475586,0.5543217062950134,36.181884765625,36.166099548339844,0.15215840935707092
73.05306243896484,0.5533098578453064,36.180912017822266,36.16667556762695,0.15216729044914246
73.05272674560547,0.552255392074585,36.17792510986328,36.170291900634766,0.1522635966539383
73.05135345458984,0.5516189932823181,36.178382873535156,36.16912841796875,0.1522238850593567
73.05145263671875,0.553534746170044,36.18069076538086,36.16512680053711,0.15210013091564178
73.05007934570312,0.5526014566421509,36.179691314697266,36.165679931640625,0.1521046906709671
73.0496826171875,0.5515736937522888,36.17689514160156,36.16902160644531,0.15219233930110931
73.04835510253906,0.5509383082389832,36.177310943603516,36.16794204711914,0.15215742588043213
73.04841613769531,0.5527546405792236,36.179439544677734,36.164188385009766,0.15204177796840668
73.0470962524414,0.5519129633903503,36.178428649902344,36.16471481323242,0.15204058587551117
73.04662322998047,0.5508878231048584,36.17579650878906,36.16781234741211,0.15212029218673706
73.04530334472656,0.5502235889434814,36.17622375488281,36.16676330566406,0.1520921140909195
73.04541015625,0.5520050525665283,36.17820739746094,36.163211822509766,0.15198272466659546
73.04411315917969,0.5512515306472778,36.17721939086914,36.16366195678711,0.15197427570819855
73.04351043701172,0.5501737594604492,36.17470932006836,36.16657638549805,0.15204814076423645
73.04222869873047,0.5494943857192993,36.1751708984375,36.16553497314453,0.15202739834785461
73.04239654541016,0.5512855648994446,36.177005767822266,36.16218566894531,0.15192247927188873
73.04113006591797,0.5506104826927185,36.17597579956055,36.16263198852539,0.15190646052360535
73.04037475585938,0.5494325160980225,36.173587799072266,36.165374755859375,0.1519765853881836
73.03914642333984,0.5487549304962158,36.17412185668945,36.164306640625,0.15196329355239868
73.03935241699219,0.5505576133728027,36.17581558227539,36.16111755371094,0.15186025202274323
73.03813171386719,0.5499661564826965,36.17470932006836,36.161617279052734,0.15183788537979126
73.0372543334961,0.5486976504325867,36.17244338989258,36.16419982910156,0.15190649032592773
73.03610229492188,0.5480678081512451,36.17304611206055,36.163082122802734,0.15189968049526215
73.0362548828125,0.5498021841049194,36.17453384399414,36.16012954711914,0.15179604291915894
73.03510284423828,0.5492918491363525,36.17338562011719,36.160648345947266,0.15176880359649658
73.03416442871094,0.5480013489723206,36.17132568359375,36.16299819946289,0.1518382877111435
73.03308868408203,0.547434389591217,36.171974182128906,36.16184997558594,0.15183605253696442
73.03312683105469,0.5490107536315918,36.17328643798828,36.15909194946289,0.15173035860061646
73.03202819824219,0.5485885739326477,36.172142028808594,36.15959167480469,0.15169955790042877
73.03112030029297,0.5473484396934509,36.170265197753906,36.161739349365234,0.15177153050899506
73.0301284790039,0.5468443632125854,36.17089080810547,36.160621643066406,0.151772141456604
73.02996063232422,0.5482115149497986,36.172000885009766,36.15808868408203,0.15166401863098145
73.02893829345703,0.5478703379631042,36.17083740234375,36.15859603881836,0.15163084864616394
73.02809143066406,0.5467116832733154,36.16913604736328,36.16054153442383,0.1517053246498108
73.02715301513672,0.5462653040885925,36.169681549072266,36.15950012207031,0.1517075151205063
73.02680969238281,0.5474294424057007,36.1706657409668,36.15712356567383,0.1515970379114151
73.02586364746094,0.5471730828285217,36.16959762573242,36.15753173828125,0.1515621840953827
73.02503967285156,0.5460696220397949,36.16810607910156,36.15922164916992,0.15163849294185638
73.02415466308594,0.5456669330596924,36.168582916259766,36.158260345458984,0.15164171159267426
73.0237045288086,0.546682596206665,36.16936492919922,36.1561279296875,0.15153013169765472
73.02281951904297,0.5464981198310852,36.1683349609375,36.15648651123047,0.15149380266666412
73.02195739746094,0.5454170107841492,36.166969299316406,36.157997131347656,0.15157102048397064
73.02111053466797,0.5450472235679626,36.16740417480469,36.15708541870117,0.15157531201839447
73.0206069946289,0.5459582209587097,36.16804504394531,36.15513610839844,0.15146300196647644
73.019775390625,0.5458460450172424,36.16708755493164,36.15541076660156,0.15142522752285004
73.01885986328125,0.5447590351104736,36.165870666503906,36.1567268371582,0.1515025496482849
73.01808166503906,0.5444359183311462,36.166236877441406,36.1558952331543,0.1515086144208908
73.01750183105469,0.5452296733856201,36.1667594909668,36.154117584228516,0.15139639377593994
73.01673889160156,0.5452068448066711,36.16587829589844,36.154293060302734,0.15135660767555237
73.01577758789062,0.5441246032714844,36.1648063659668,36.15541076660156,0.15143348276615143
73.01506042480469,0.5438422560691833,36.165069580078125,36.154701232910156,0.15144161880016327
73.0143814086914,0.544489324092865,36.16539001464844,36.153175354003906,0.1513298898935318
73.01368713378906,0.5445632338523865,36.16456604003906,36.153263092041016,0.151288241147995
73.0126953125,0.5434988737106323,36.16366195678711,36.154170989990234,0.1513645350933075
73.01204681396484,0.543256938457489,36.163875579833984,36.15353775024414,0.15137463808059692
73.01127624511719,0.5437652468681335,36.16413879394531,36.15210723876953,0.15126368403434753
73.01063537597656,0.5439221262931824,36.16340255737305,36.1520881652832,0.15121959149837494
73.00963592529297,0.5428916215896606,36.162601470947266,36.15283966064453,0.1512950211763382
73.00901794433594,0.5426691770553589,36.16271209716797,36.1523323059082,0.1513073593378067
73.0081787109375,0.5430616736412048,36.16279983520508,36.151119232177734,0.15119758248329163
73.00758361816406,0.5432899594306946,36.162109375,36.15102767944336,0.1511508822441101
73.00655364990234,0.542279064655304,36.161415100097656,36.15163803100586,0.15122514963150024
73.0059814453125,0.5420745611190796,36.16148376464844,36.15118408203125,0.15123949944972992
73.00509643554688,0.5423834919929504,36.161495208740234,36.15008544921875,0.15113072097301483
73.0045394897461,0.5426668524742126,36.16085433959961,36.14992904663086,0.15108221769332886
73.00347900390625,0.5416632294654846,36.160282135009766,36.15037536621094,0.15115509927272797
73.0029296875,0.5414748787879944,36.16032409667969,36.149959564208984,0.15117134153842926
73.00202178955078,0.5417261123657227,36.16026306152344,36.14897155761719,0.1510637104511261
73.00148010253906,0.5420365929603577,36.159645080566406,36.14877700805664,0.15101341903209686
73.00040435791016,0.5410637259483337,36.15913009643555,36.14912414550781,0.1510852724313736
72.9998779296875,0.5408790111541748,36.15913391113281,36.148765563964844,0.15110278129577637
72.99893188476562,0.5410668849945068,36.158939361572266,36.14793395996094,0.15099643170833588
72.99840545654297,0.5414009094238281,36.15837097167969,36.14768981933594,0.15094484388828278
72.99734497070312,0.5404695272445679,36.15798568725586,36.14787292480469,0.15101517736911774
72.99681091308594,0.540291965007782,36.15793228149414,36.147560119628906,0.1510339379310608
72.99585723876953,0.5404143333435059,36.157615661621094,36.14690017700195,0.15092892944812775
72.99533081054688,0.5407697558403015,36.15705871582031,36.14662551879883,0.15087606012821198
72.9942626953125,0.5398747324943542,36.15681838989258,36.14662170410156,0.15094496309757233
72.9937515258789,0.5396922826766968,36.156776428222656,36.14631652832031,0.15096469223499298
72.99278259277344,0.5397787690162659,36.15632247924805,36.145816802978516,0.15086086094379425
72.99225616455078,0.5401397347450256,36.155784606933594,36.14552307128906,0.15080706775188446
72.99119567871094,0.5392857193946838,36.15568542480469,36.14535140991211,0.1508750021457672
72.99066162109375,0.5390865802764893,36.15561294555664,36.14506530761719,0.15089529752731323
72.98970794677734,0.539154052734375,36.15501403808594,36.144744873046875,0.15079188346862793
72.9891586303711,0.5395105481147766,36.15449142456055,36.1444206237793,0.1507374793291092
72.98811340332031,0.5387020707130432,36.15455627441406,36.1440544128418,0.15080522000789642
72.9875717163086,0.5384860038757324,36.15447235107422,36.14379119873047,0.1508258432149887
72.98661804199219,0.5385338068008423,36.15367126464844,36.14369201660156,0.15072254836559296
72.98605346679688,0.5388791561126709,36.153141021728516,36.143367767333984,0.1506679207086563
72.98503875732422,0.5381218194961548,36.153385162353516,36.14279556274414,0.1507357358932495
72.98446655273438,0.5378789901733398,36.153263092041016,36.14257049560547,0.1507558971643448
72.98352813720703,0.5379249453544617,36.152286529541016,36.14266586303711,0.15065230429172516
72.98294830322266,0.5382487177848816,36.151859283447266,36.14223861694336,0.15059784054756165
72.98194885253906,0.5375304818153381,36.15231704711914,36.14143371582031,0.15066583454608917
72.9813461303711,0.5372584462165833,36.15208435058594,36.14131164550781,0.15068559348583221
72.98043060302734,0.5373205542564392,36.150882720947266,36.14164733886719,0.15058109164237976
72.97982788085938,0.5376325249671936,36.150516510009766,36.14114761352539,0.15052765607833862
72.97882843017578,0.5369304418563843,36.15121841430664,36.14008331298828,0.15059608221054077
72.97821807861328,0.5366432070732117,36.15092086791992,36.140037536621094,0.1506151556968689
72.97731018066406,0.5367048978805542,36.149497985839844,36.14059829711914,0.15050998330116272
72.97669219970703,0.5369991660118103,36.14920425415039,36.14002990722656,0.15045708417892456
72.9757080078125,0.5363273024559021,36.150089263916016,36.13875961303711,0.15052621066570282
72.9750747680664,0.5360304713249207,36.14973449707031,36.13876724243164,0.15054409205913544
72.97418212890625,0.5360937714576721,36.14808654785156,36.13956069946289,0.15043817460536957
72.97354125976562,0.5363814830780029,36.14786911010742,36.13890838623047,0.15038610994815826
72.97256469726562,0.5357100963592529,36.14897155761719,36.13742446899414,0.15045611560344696
72.97191619873047,0.5354061722755432,36.14850616455078,36.13752746582031,0.1504727602005005
72.97103881835938,0.5354906320571899,36.14665603637695,36.13852310180664,0.1503654569387436
72.97039031982422,0.5357661843299866,36.14656448364258,36.13774490356445,0.1503147929906845
72.9693832397461,0.5350726246833801,36.14789962768555,36.136024475097656,0.1503855139017105
72.96874237060547,0.5347877144813538,36.14729309082031,36.136268615722656,0.15040093660354614
72.96786499023438,0.5348716378211975,36.14525604248047,36.137447357177734,0.15029287338256836
72.96723175048828,0.5351435542106628,36.1452751159668,36.13656234741211,0.15024366974830627
72.96621704101562,0.5344480872154236,36.14674377441406,36.134708404541016,0.15031473338603973
72.96559143066406,0.5341758131980896,36.14602279663086,36.135066986083984,0.15032842755317688
72.96468353271484,0.5342469811439514,36.14384460449219,36.13636779785156,0.1502203345298767
72.96404266357422,0.5345225930213928,36.144004821777344,36.13534927368164,0.15017279982566833
72.96302795410156,0.5338127613067627,36.145633697509766,36.13333511352539,0.15024340152740479
72.96239471435547,0.5335540771484375,36.14476013183594,36.133827209472656,0.15025514364242554
72.96148681640625,0.5336255431175232,36.14240646362305,36.13530731201172,0.15014775097370148
72.96086120605469,0.5338959097862244,36.14266586303711,36.134193420410156,0.15010195970535278
72.9598159790039,0.5331752896308899,36.14442443847656,36.13204574584961,0.1501711755990982
72.95919799804688,0.5329338312149048,36.14347839355469,36.13260269165039,0.15018106997013092
72.95829010009766,0.5330185294151306,36.14107894897461,36.134117126464844,0.1500747948884964
72.95764923095703,0.533260703086853,36.14143371582031,36.1329231262207,0.15003100037574768
72.95661926269531,0.5325475335121155,36.14322280883789,36.13075256347656,0.1500987708568573
72.95598602294922,0.5323148369789124,36.142173767089844,36.13139343261719,0.15010671317577362
72.95508575439453,0.5324024558067322,36.139766693115234,36.132911682128906,0.15000230073928833
72.95442962646484,0.5326144695281982,36.14019775390625,36.13165283203125,0.1499599814414978
72.95340728759766,0.5319160223007202,36.14195251464844,36.129512786865234,0.15002550184726715
72.9527587890625,0.531694233417511,36.14079284667969,36.13024139404297,0.15003161132335663
72.95185852050781,0.5317819118499756,36.13846206665039,36.13167953491211,0.14992985129356384
72.95118713378906,0.5319700241088867,36.13898849487305,36.130340576171875,0.14988891780376434
72.95018005371094,0.5312871336936951,36.14065170288086,36.128292083740234,0.14995142817497253
72.94950103759766,0.5310724377632141,36.13944625854492,36.129032135009766,0.14995616674423218
72.94861602783203,0.531160295009613,36.13723373413086,36.130367279052734,0.1498573124408722
72.94793701171875,0.5313225388526917,36.13776779174805,36.1290283203125,0.1498173624277115
72.94694519042969,0.5306611657142639,36.13930892944336,36.12709426879883,0.1498769223690033
72.94625854492188,0.5304489135742188,36.13806915283203,36.12786102294922,0.14988066256046295
72.94536590576172,0.5305372476577759,36.135963439941406,36.12907791137695,0.14978447556495667
72.94466400146484,0.5306714773178101,36.136505126953125,36.127750396728516,0.14974528551101685
72.94368743896484,0.5300267338752747,36.13786315917969,36.12599182128906,0.14980188012123108
72.9429931640625,0.529825747013092,36.13666915893555,36.12669372558594,0.14980478584766388
72.94210815429688,0.5299161672592163,36.134822845458984,36.12765884399414,0.14971129596233368
72.94139862060547,0.5300253629684448,36.13532638549805,36.126373291015625,0.14967277646064758
72.9404067993164,0.5293954610824585,36.136470794677734,36.124813079833984,0.1497267633676529
72.93970489501953,0.5291957259178162,36.13530731201172,36.12547302246094,0.14972878992557526
72.93882751464844,0.529296338558197,36.13362503051758,36.12627029418945,0.149637371301651
72.93809509277344,0.5293647646903992,36.134010314941406,36.125125885009766,0.1495998203754425
72.93714141845703,0.5287719964981079,36.13499069213867,36.12372589111328,0.14965157210826874
72.93640899658203,0.5285716652870178,36.133941650390625,36.124244689941406,0.14965258538722992
72.935546875,0.5286670327186584,36.13248062133789,36.12482833862305,0.14956313371658325
72.93480682373047,0.5287145972251892,36.13273620605469,36.12382888793945,0.14952614903450012
72.933837890625,0.5281357169151306,36.13352966308594,36.122596740722656,0.14957599341869354
72.93309783935547,0.5279362201690674,36.132564544677734,36.12302017211914,0.14957644045352936
72.9322280883789,0.5280274748802185,36.131343841552734,36.12336730957031,0.14948886632919312
72.9314956665039,0.5280590057373047,36.131404876708984,36.12257766723633,0.14945267140865326
72.93049621582031,0.5274790525436401,36.13209533691406,36.12142562866211,0.14949876070022583
72.92977142333984,0.5273056030273438,36.13113021850586,36.12184143066406,0.14949971437454224
72.92876434326172,0.5272136330604553,36.13034439086914,36.12178039550781,0.14942044019699097
72.92816162109375,0.5273680090904236,36.130027770996094,36.12138748168945,0.149381622672081
72.92691802978516,0.5266309976577759,36.13066864013672,36.120208740234375,0.14940792322158813
72.9263687133789,0.5265894532203674,36.12942123413086,36.12093734741211,0.1494191288948059
72.92520141601562,0.5262067317962646,36.12925720214844,36.12036895751953,0.1493719220161438
72.92469024658203,0.5265145897865295,36.128910064697266,36.11994552612305,0.14931446313858032
72.92362976074219,0.5261102914810181,36.12921905517578,36.118988037109375,0.14930617809295654
72.92305755615234,0.5259279608726501,36.12774658203125,36.12004089355469,0.14934463798999786
72.92213439941406,0.5256810784339905,36.127994537353516,36.119136810302734,0.14932164549827576
72.92155456542969,0.5260894894599915,36.12808609008789,36.11814880371094,0.14923082292079926
72.92072296142578,0.5259837508201599,36.127906799316406,36.11763000488281,0.1492084115743637
72.91967010498047,0.5252016186714172,36.12625503540039,36.11894989013672,0.1492670327425003
72.91891479492188,0.5251427292823792,36.12714385986328,36.11738586425781,0.14924611151218414
72.91805267333984,0.5251513719558716,36.126792907714844,36.11692810058594,0.14917536079883575
72.91730499267578,0.5251755118370056,36.12620162963867,36.11678695678711,0.1491394340991974
72.91646575927734,0.5246471166610718,36.124786376953125,36.117835998535156,0.1491943746805191
72.91558837890625,0.5244880318641663,36.12613296508789,36.11579895019531,0.14916729927062988
72.91476440429688,0.5245445966720581,36.12574768066406,36.11537170410156,0.1491004377603531
72.91390228271484,0.52443927526474,36.124732971191406,36.11566162109375,0.14906956255435944
72.91321563720703,0.5240867137908936,36.123390197753906,36.11662292480469,0.14911872148513794
72.91232299804688,0.5238761305809021,36.12458801269531,36.114768981933594,0.14909619092941284
72.91140747070312,0.5238460898399353,36.124515533447266,36.11402130126953,0.14902569353580475
72.91063690185547,0.5238695740699768,36.12339401245117,36.114376068115234,0.14899660646915436
72.90967559814453,0.523332417011261,36.12191390991211,36.11540222167969,0.14902347326278687
72.90898895263672,0.5232071876525879,36.12342834472656,36.11334228515625,0.14901341497898102
72.90798950195312,0.5229554772377014,36.12336349487305,36.112693786621094,0.14896920323371887
72.90735626220703,0.5232376456260681,36.12171936035156,36.113460540771484,0.1489304155111313
72.90635681152344,0.5228265523910522,36.12040710449219,36.114200592041016,0.1489284634590149
72.90573120117188,0.5225743055343628,36.12275695800781,36.11146545410156,0.1489349901676178
72.90478515625,0.5222949385643005,36.12239074707031,36.1111946105957,0.1489100605249405
72.90406036376953,0.5226366519927979,36.12018966674805,36.11238098144531,0.14885763823986053
72.9031753540039,0.5223879218101501,36.118980407714844,36.11296463012695,0.14884401857852936
72.90247344970703,0.5219807624816895,36.121177673339844,36.11045837402344,0.1488584727048874
72.90161895751953,0.521704912185669,36.121089935302734,36.1099853515625,0.1488446146249771
72.90084075927734,0.5220798850059509,36.118900299072266,36.111080169677734,0.14878302812576294
72.89998626708984,0.5218920111656189,36.11787414550781,36.11145782470703,0.14876317977905273
72.8992919921875,0.5214194655418396,36.11979675292969,36.109283447265625,0.14878474175930023
72.89850616455078,0.5211555361747742,36.11968231201172,36.10888671875,0.1487790048122406
72.89763641357422,0.5215083360671997,36.11753845214844,36.10988235473633,0.14870792627334595
72.89668273925781,0.5212393999099731,36.117164611816406,36.109596252441406,0.1486853063106537
72.89694213867188,0.521378219127655,36.119163513183594,36.10765075683594,0.1487501710653305
72.89598083496094,0.5211058259010315,36.118873596191406,36.10726547241211,0.14873263239860535
72.8941879272461,0.5208403468132019,36.116390228271484,36.10832595825195,0.148628368973732
72.89376068115234,0.5213080644607544,36.115379333496094,36.10848617553711,0.1485830396413803
72.89239501953125,0.5200371146202087,36.11627197265625,36.10745620727539,0.14862681925296783
72.89199829101562,0.5201606750488281,36.116729736328125,36.106468200683594,0.14863406121730804
72.8907470703125,0.5198324918746948,36.115726470947266,36.106605529785156,0.14858347177505493
72.8901596069336,0.5202745795249939,36.11509704589844,36.10627365112305,0.14851678907871246
72.8891372680664,0.5197768211364746,36.11399841308594,36.10683822631836,0.14852096140384674
72.88837432861328,0.5193600058555603,36.11447525024414,36.10599136352539,0.14854906499385834
72.88751983642578,0.5191856026649475,36.114864349365234,36.10494613647461,0.1485201120376587
72.88665771484375,0.5193114280700684,36.11424255371094,36.10465621948242,0.14845092594623566
72.8858871459961,0.5192208886146545,36.112586975097656,36.10564041137695,0.1484401673078537
72.88493347167969,0.5187431573867798,36.11265563964844,36.10507583618164,0.14845895767211914
72.88422393798828,0.5185447931289673,36.11329650878906,36.10394287109375,0.1484472155570984
72.88325500488281,0.5183587074279785,36.11372375488281,36.1027717590332,0.14839789271354675
72.88264465332031,0.5185909271240234,36.1107292175293,36.104957580566406,0.1483706831932068
72.88169860839844,0.5183306932449341,36.11027526855469,36.10472869873047,0.14836278557777405
72.88097381591797,0.5179281830787659,36.11332321166992,36.10135269165039,0.14836975932121277
72.88009643554688,0.5177446603775024,36.11273193359375,36.10129165649414,0.14833427965641022
72.87923431396484,0.5177749991416931,36.10984802246094,36.10331726074219,0.1482960730791092
72.8783950805664,0.5177146196365356,36.109554290771484,36.102840423583984,0.14828762412071228
72.87767791748047,0.5173801779747009,36.110816955566406,36.1011848449707,0.14829204976558685
72.8768310546875,0.5170697569847107,36.11172103881836,36.09976577758789,0.14827200770378113
72.87613677978516,0.5174773335456848,36.1077766418457,36.10266876220703,0.1482124775648117
72.8752670288086,0.5173526406288147,36.107540130615234,36.1021728515625,0.1481987088918686
72.87425231933594,0.5166706442832947,36.109561920166016,36.09980392456055,0.14821435511112213
72.87354278564453,0.5165404081344604,36.110042572021484,36.098777770996094,0.14818820357322693
72.87261962890625,0.5164598822593689,36.10779571533203,36.1002197265625,0.14815129339694977
72.87179565429688,0.5164957642555237,36.10741424560547,36.09975814819336,0.14813104271888733
72.8709716796875,0.5161600112915039,36.10786056518555,36.098819732666016,0.1481347233057022
72.87017822265625,0.5159059762954712,36.10743713378906,36.09872055053711,0.148116797208786
72.86927032470703,0.5157591700553894,36.106956481933594,36.09847640991211,0.1480812132358551
72.86860656738281,0.5159608721733093,36.10697937011719,36.09761428833008,0.14805398881435394
72.86763763427734,0.5156030058860779,36.105655670166016,36.09833526611328,0.14804573357105255
72.86713409423828,0.5154004693031311,36.10633850097656,36.097347259521484,0.14804767072200775
72.86611938476562,0.5150916576385498,36.10664367675781,36.09635925292969,0.1480228155851364
72.86554718017578,0.5158030390739441,36.1051139831543,36.09665298461914,0.14796923100948334
72.86473083496094,0.5157007575035095,36.10336685180664,36.09770965576172,0.14795254170894623
72.86369323730469,0.5147629380226135,36.10414123535156,36.09682846069336,0.1479678750038147
72.86302185058594,0.5146381855010986,36.10594940185547,36.094486236572266,0.14795221388339996
72.862060546875,0.5147623419761658,36.10478210449219,36.0946044921875,0.1479087471961975
72.86140441894531,0.5150261521339417,36.102169036865234,36.096336364746094,0.14787425100803375
72.86038208007812,0.5143284201622009,36.101566314697266,36.096614837646484,0.14787641167640686
72.85966491699219,0.5139253735542297,36.104408264160156,36.093448638916016,0.14788495004177094
72.85884857177734,0.5140060186386108,36.104190826416016,36.09280776977539,0.14784502983093262
72.85799407958984,0.5140802264213562,36.10176086425781,36.0943489074707,0.1478017121553421
72.85728454589844,0.5138382315635681,36.10029602050781,36.09534454345703,0.14780689775943756
72.85636901855469,0.5133389234542847,36.10160827636719,36.09360885620117,0.14780843257904053
72.85586547851562,0.5136604905128479,36.103023529052734,36.0914192199707,0.14776483178138733
72.85509490966797,0.5137174725532532,36.102455139160156,36.0911979675293,0.14772891998291016
72.85405731201172,0.5132253170013428,36.09951400756836,36.09359359741211,0.14772717654705048
72.85359191894531,0.5131399035453796,36.09870910644531,36.09400939941406,0.14773477613925934
72.85243225097656,0.512546181678772,36.100276947021484,36.09188461303711,0.14772063493728638
72.85247802734375,0.5138709545135498,36.10050582885742,36.0904655456543,0.14763355255126953
72.85182189941406,0.513910710811615,36.099857330322266,36.090450286865234,0.14759689569473267
72.8501205444336,0.5122748613357544,36.09895324707031,36.09124755859375,0.14764221012592316
72.85018157958984,0.5126627683639526,36.09864044189453,36.0911865234375,0.14769433438777924
72.84902954101562,0.5122119784355164,36.098533630371094,36.090614318847656,0.1476728916168213
72.8484115600586,0.5127090215682983,36.098228454589844,36.08992385864258,0.14754189550876617
72.84883880615234,0.5140435695648193,36.09782409667969,36.08950424194336,0.14746974408626556
72.84700775146484,0.5125693678855896,36.09756851196289,36.089351654052734,0.14751113951206207
72.84603881835938,0.5116458535194397,36.097679138183594,36.0891227722168,0.14759020507335663
72.8460693359375,0.511936366558075,36.09761047363281,36.088932037353516,0.14759255945682526
72.84526062011719,0.5116978287696838,36.0969352722168,36.08907699584961,0.14755545556545258
72.84400177001953,0.5112850666046143,36.09583282470703,36.08938217163086,0.1474977731704712
72.84375,0.5118249654769897,36.09566116333008,36.088809967041016,0.14745163917541504
72.84304809570312,0.5115352272987366,36.0965576171875,36.08750915527344,0.14744190871715546
72.84223175048828,0.5109038949012756,36.09685134887695,36.087005615234375,0.14746738970279694
72.84190368652344,0.5108968019485474,36.095462799072266,36.088050842285156,0.1474941074848175
72.84114837646484,0.5106651782989502,36.094844818115234,36.088165283203125,0.14746695756912231
72.84071350097656,0.5110219120979309,36.09527587890625,36.0870361328125,0.14738813042640686
72.84014129638672,0.511041522026062,36.09496307373047,36.0867805480957,0.14735868573188782
72.83952331542969,0.5106929540634155,36.0944938659668,36.08694076538086,0.14740122854709625
72.83892059326172,0.5103563070297241,36.09495544433594,36.086185455322266,0.14742527902126312
72.83851623535156,0.5104435682296753,36.09502029418945,36.08566665649414,0.14738519489765167
72.83779907226562,0.5102916955947876,36.0937614440918,36.08639907836914,0.14734375476837158
72.8373031616211,0.5103330016136169,36.09247970581055,36.087154388427734,0.14732934534549713
72.83671569824219,0.5102481245994568,36.09321594238281,36.085933685302734,0.14732319116592407
72.83597564697266,0.5098898410797119,36.094505310058594,36.08426284790039,0.1473158448934555
72.83551025390625,0.5097053050994873,36.09361267089844,36.084877014160156,0.14731793105602264
72.83484649658203,0.5094435214996338,36.09213638305664,36.08595275878906,0.14731365442276
72.83432006835938,0.5095646977424622,36.09248352050781,36.084991455078125,0.14727860689163208
72.83370971679688,0.5095106959342957,36.09275817871094,36.084190368652344,0.1472468376159668
72.83335876464844,0.5094046592712402,36.09182357788086,36.08486557006836,0.14725929498672485
72.83267974853516,0.5090447068214417,36.09189987182617,36.084468841552734,0.1472671627998352
72.83245086669922,0.5094565749168396,36.092716217041016,36.08303451538086,0.14724232256412506
72.83194732666016,0.5095746517181396,36.092124938964844,36.083038330078125,0.1472116857767105
72.83087158203125,0.5089617371559143,36.09049987792969,36.084228515625,0.14718827605247498
72.83045196533203,0.5087045431137085,36.0909309387207,36.0836181640625,0.14719250798225403
72.829833984375,0.5084477663040161,36.092124938964844,36.08205795288086,0.1471998542547226
72.82916259765625,0.5084877014160156,36.09078598022461,36.08271026611328,0.14718066155910492
72.82892608642578,0.50882488489151,36.088985443115234,36.083988189697266,0.1471303552389145
