loss,res_loss,d0_loss,d1_loss,neu_loss
101279.3828125,27690746.0,20.46171760559082,55.96772766113281,768.3163452148438
1738542.25,84648120.0,57.53677749633789,17.673093795776367,136234.46875
493624.65625,55477636.0,106.0954818725586,2.334975481033325,10654.36328125
521037.25,31601062.0,125.6011962890625,1.0124850273132324,20492.19140625
252207.421875,9736252.0,103.5840072631836,2.9714555740356445,10156.716796875
191897.25,12436493.0,69.40579223632812,12.560989379882812,167.5933074951172
128816.1796875,5730008.0,47.823978424072266,24.42546844482422,1247.1339111328125
73884.734375,2329736.25,36.49728012084961,33.46304702758789,162.87892150878906
82234.6171875,2612293.75,31.859291076660156,37.87294387817383,34.72071075439453
67356.21875,1583136.375,31.31475257873535,38.32518005371094,87.35314178466797
58461.546875,1067199.5,31.435853958129883,38.15892028808594,18.577373504638672
54955.14453125,835722.5625,31.124345779418945,38.407752990722656,13.175549507141113
49658.296875,570007.0625,32.85102844238281,36.55989074707031,13.265326499938965
48792.1953125,496950.71875,35.888240814208984,33.75697326660156,5.4966511726379395
46317.63671875,373739.625,39.70188903808594,30.38738250732422,6.0811238288879395
44810.41015625,301564.78125,38.47599792480469,31.739229202270508,5.272087097167969
43426.0234375,247036.203125,37.341976165771484,32.646846771240234,3.2381019592285156
42683.65625,214665.4375,35.0190315246582,34.81363296508789,3.936523675918579
40648.125,153477.28125,35.06610870361328,34.53059387207031,1.763532280921936
40800.6640625,151321.34375,35.649314880371094,33.80682373046875,1.9740662574768066
41280.18359375,156946.453125,36.137367248535156,33.19241714477539,2.353849172592163
40360.39453125,128562.3203125,34.49050521850586,34.87333679199219,2.172867774963379
39025.4375,92811.109375,33.48729705810547,35.975669860839844,2.46420955657959
39940.88671875,107513.2578125,33.53437805175781,35.99514389038086,1.5489997863769531
38961.7578125,83289.8828125,34.77260208129883,34.7985725402832,1.167938232421875
39411.5390625,88697.3984375,37.12445068359375,32.41136169433594,3.1366846561431885
38407.1328125,66982.3984375,37.270938873291016,32.27153396606445,1.8844982385635376
39455.08203125,84602.46875,35.46774673461914,33.9548225402832,0.6057660579681396
38899.234375,72471.0234375,33.8212776184082,35.55978775024414,0.5381186604499817
38512.85546875,63852.546875,32.71120834350586,36.6318359375,1.0181214809417725
38728.6875,65888.609375,34.06143569946289,35.214378356933594,0.568439245223999
38075.0234375,52951.02734375,35.98928451538086,33.37425994873047,0.43870994448661804
38618.72265625,59699.0390625,36.837825775146484,32.50492858886719,0.7205493450164795
38058.13671875,49703.12890625,36.354835510253906,32.989219665527344,0.6298034191131592
38346.03125,52376.48828125,34.30322265625,35.047142028808594,0.44902849197387695
38483.328125,52616.7265625,33.427005767822266,35.941654205322266,1.0597659349441528
38028.5,45345.28125,32.36593246459961,36.972694396972656,0.363654226064682
38184.375,46402.453125,33.85369110107422,35.43748474121094,1.2199296951293945
38368.90234375,48298.0,36.09810256958008,33.09843444824219,0.33963853120803833
38125.890625,43579.76953125,36.98147201538086,32.28946304321289,0.40399038791656494
38238.93359375,44351.66015625,36.240360260009766,32.95884704589844,0.24961020052433014
37984.80078125,40474.94921875,34.50181579589844,34.66083908081055,0.3578677475452423
38154.640625,41917.71484375,33.517417907714844,35.577701568603516,0.21562427282333374
38024.62109375,39435.78515625,33.05384826660156,36.05084991455078,0.19241882860660553
38118.1953125,40068.54296875,34.25352478027344,34.766746520996094,0.18889065086841583
37987.27734375,38047.046875,34.95293045043945,34.016353607177734,0.23089970648288727
38241.2578125,39436.5859375,36.341514587402344,32.71299743652344,0.6961827874183655
38051.7109375,37113.03515625,35.61227035522461,33.35898971557617,0.3230942487716675
38580.609375,42006.40625,35.23118591308594,33.69260025024414,0.20891724526882172
37994.76171875,35492.0625,34.047813415527344,34.83811569213867,0.2594902813434601
39422.97265625,49240.80078125,33.52401351928711,35.272579193115234,0.21122457087039948
38668.4921875,41163.921875,33.57225036621094,35.1854133605957,0.8615795373916626
39472.6875,48139.6484375,34.144107818603516,34.57742691040039,0.9118621349334717
39677.09375,49329.9765625,34.6494140625,34.040897369384766,0.4305700361728668
38488.359375,37531.90625,34.731990814208984,33.965843200683594,1.09365975856781
39142.234375,42761.09375,35.10987854003906,33.58523178100586,0.5432514548301697
39094.54296875,41739.30859375,35.25283432006836,33.391014099121094,1.433800458908081
38630.81640625,37145.140625,34.611263275146484,34.021278381347656,0.571092426776886
39182.7578125,41136.4609375,34.43222427368164,34.21708679199219,0.4005856215953827
38842.08984375,37759.6640625,34.06126403808594,34.556148529052734,0.22227980196475983
38836.63671875,37281.65625,33.96531677246094,34.58502960205078,1.310010552406311
38837.3515625,36832.921875,34.91709899902344,33.61392593383789,0.4557560086250305
38579.671875,34405.69140625,34.63823318481445,33.84665298461914,0.211351215839386
38527.67578125,33918.43359375,34.329463958740234,34.039058685302734,0.18548764288425446
38847.3046875,36274.65625,33.78506088256836,34.47397232055664,0.20877712965011597
38639.33984375,34517.015625,34.01803970336914,34.141353607177734,0.3397255539894104
38983.90625,36833.4375,34.03384017944336,34.04618453979492,0.8214915990829468
38782.01953125,35234.38671875,34.41152572631836,33.560359954833984,0.41998907923698425
38517.39453125,33311.41015625,34.2838020324707,33.55381774902344,0.16146184504032135
39372.1171875,39336.078125,33.45719909667969,34.260250091552734,0.6339115500450134
38563.32421875,33690.3046875,33.44047164916992,34.11481857299805,0.16573737561702728
40368.63671875,46376.34765625,34.232566833496094,33.127464294433594,1.0427582263946533
40001.9453125,43518.75,34.40304946899414,32.8779182434082,0.7723591327667236
39778.1953125,41695.2109375,33.66598892211914,33.54267883300781,0.2971108555793762
39379.21875,38792.30078125,33.56386947631836,33.55223083496094,0.2324516326189041
39326.76953125,38256.671875,33.904136657714844,33.115482330322266,0.19408325850963593
39036.90234375,36040.9921875,34.27391052246094,32.694129943847656,0.2569863796234131
39198.1875,36974.4609375,33.840457916259766,33.01565170288086,0.21182695031166077
38849.04296875,34721.4609375,33.2718620300293,33.44793701171875,0.3146589398384094
39269.94140625,37404.01171875,32.603458404541016,33.96175765991211,0.26924043893814087
39619.40625,39785.96484375,33.07481384277344,33.2699089050293,0.1719159334897995
39496.78515625,38862.609375,33.42774963378906,32.8143424987793,0.2270558774471283
39199.27734375,37141.43359375,34.19367599487305,31.86748695373535,0.3217497766017914
38804.28125,35261.52734375,33.40132141113281,32.3545036315918,0.24308925867080688
39330.77734375,38670.5078125,32.57785415649414,32.93136215209961,0.21853436529636383
38960.7734375,36706.76171875,31.974987030029297,33.3057746887207,0.6828200817108154
39099.29296875,37805.00390625,32.248844146728516,32.78868103027344,0.24650545418262482
38553.12890625,34700.828125,32.172664642333984,32.7139892578125,0.2457769364118576
39190.9921875,38692.796875,33.48870849609375,31.112520217895508,0.3063451945781708
38367.6328125,34187.5546875,33.12185287475586,31.30156898498535,0.2159668356180191
39138.12890625,39005.41015625,33.07453918457031,30.99822998046875,0.27619490027427673
37954.6484375,33048.83984375,31.55650520324707,32.17329025268555,0.8767166137695312
39337.828125,41637.76171875,31.181913375854492,31.970115661621094,1.7185670137405396
38943.01171875,40035.8125,30.725934982299805,32.04383850097656,3.139540672302246
38773.80078125,40007.96484375,31.266132354736328,31.07093620300293,0.37531718611717224
39046.83203125,41478.55859375,31.087541580200195,31.018888473510742,2.973344564437866
38214.73828125,37600.0078125,31.890504837036133,29.9393367767334,0.5418614745140076
38441.2890625,38858.40234375,30.912109375,30.696088790893555,2.094160318374634
37961.44921875,36976.52734375,31.433399200439453,29.832019805908203,0.7384945154190063
37723.7734375,35977.453125,30.335735321044922,30.70507049560547,0.787960410118103
37719.30859375,36743.265625,31.2287540435791,29.355060577392578,0.5262807607650757
37096.19140625,34290.46875,29.698816299438477,30.496784210205078,0.31381770968437195
38534.26953125,42815.7734375,29.51476287841797,29.898725509643555,0.7471111416816711
36772.453125,35196.4140625,29.03264045715332,29.862642288208008,0.3958604633808136
38888.01953125,46407.78515625,29.088756561279297,29.183250427246094,0.6379088759422302
36405.72265625,35574.2109375,29.89977264404297,27.81926918029785,0.4473820626735687
37558.14453125,42166.4609375,28.527599334716797,28.445972442626953,4.773859024047852
37040.19140625,40959.046875,27.6176815032959,28.757606506347656,0.5393216013908386
36143.35546875,37950.53515625,28.61406707763672,27.031042098999023,4.758060932159424
36673.2578125,41939.56640625,28.28636932373047,26.596097946166992,0.5321902632713318
34972.96875,35404.63671875,26.637290954589844,27.558958053588867,1.501754879951477
37194.18359375,47231.86328125,26.510337829589844,26.70594024658203,0.6104012131690979
34686.0234375,37623.40625,25.711824417114258,26.642675399780273,0.5881677865982056
36012.0234375,45685.4765625,25.70823860168457,25.433319091796875,2.4957656860351562
35987.69921875,47329.6484375,25.835243225097656,24.352296829223633,0.8109714388847351
34019.0625,40170.140625,25.5827693939209,23.797218322753906,0.95928955078125
36723.828125,53247.1640625,23.949987411499023,24.556079864501953,1.0959128141403198
33362.73046875,40308.48828125,24.1169376373291,23.55884552001953,1.2036899328231812
34694.90234375,47483.8828125,23.308021545410156,23.435636520385742,2.1909849643707275
34423.98828125,47819.484375,24.144248962402344,21.637868881225586,5.625399589538574
32797.51171875,42329.58984375,23.003150939941406,22.06476402282715,1.9792113304138184
34009.11328125,48742.47265625,21.57866668701172,22.625587463378906,1.382556438446045
33109.98046875,46097.06640625,20.757280349731445,22.7654972076416,0.8716461658477783
31431.0078125,40838.609375,21.743810653686523,20.842660903930664,0.9797279238700867
33675.97265625,51348.27734375,21.290342330932617,20.344160079956055,2.1653060913085938
31291.748046875,43130.90234375,20.551916122436523,20.269350051879883,1.2126247882843018
31954.705078125,47557.6796875,20.67949867248535,19.039779663085938,1.5416274070739746
31045.40625,45307.44921875,19.210779190063477,19.66289520263672,0.9862987995147705
30908.830078125,46429.94921875,19.556316375732422,18.279069900512695,1.2210522890090942
29709.70703125,43360.87109375,18.243635177612305,18.60999870300293,0.9064943194389343
30898.39453125,49831.578125,18.465572357177734,17.200227737426758,0.962119460105896
28852.603515625,43531.00390625,17.514711380004883,17.180614471435547,1.275515079498291
29284.037109375,46835.5,16.63477897644043,16.97552490234375,2.064350128173828
27843.958984375,43356.0859375,16.274263381958008,16.140705108642578,1.70412015914917
28582.2109375,48001.53515625,15.770519256591797,15.441669464111328,1.5700215101242065
28160.404296875,48318.62109375,15.305296897888184,14.6293306350708,5.042355060577393
28464.4453125,51006.265625,13.800599098205566,15.154443740844727,1.1206072568893433
27110.95703125,47916.328125,14.679937362670898,13.068167686462402,1.1999943256378174
26179.216796875,45893.5,12.819339752197266,13.998897552490234,1.1705994606018066
26088.990234375,47292.21484375,13.672113418579102,11.99505615234375,1.3584067821502686
25468.939453125,46497.94921875,11.7597017288208,12.924755096435547,1.4290287494659424
26591.123046875,52279.05078125,12.544899940490723,10.903489112854004,1.9678696393966675
24913.396484375,47573.80859375,10.77440357208252,11.81439208984375,1.288931965827942
25814.5390625,52298.546875,11.528632164001465,9.951977729797363,1.2253532409667969
22727.029296875,42578.3125,10.135154724121094,10.596712112426758,1.3384475708007812
27864.25,61700.88671875,10.670161247253418,8.981974601745605,2.1522750854492188
21316.92578125,40185.828125,9.103720664978027,9.871532440185547,1.4663517475128174
33760.98046875,83564.6640625,10.182600021362305,7.802049160003662,3.351651668548584
21106.5703125,41622.5390625,8.922524452209473,8.455246925354004,1.4167439937591553
64388.12890625,186158.359375,6.907060146331787,9.966655731201172,10.375906944274902
67351.03125,195108.40625,7.340467929840088,9.338028907775879,8.904383659362793
33963.97265625,83418.796875,9.483755111694336,7.699186325073242,1.3193142414093018
38866.94140625,97341.671875,9.390999794006348,8.730644226074219,1.9570128917694092
40157.37890625,98675.53125,8.81414794921875,10.680336952209473,1.807383418083191
30099.84375,63267.4375,10.338088989257812,10.596319198608398,1.9734209775924683
36104.453125,79523.9765625,13.083251953125,9.444096565246582,2.9295639991760254
31450.447265625,61448.19921875,13.125177383422852,11.132416725158691,2.6916677951812744
32371.8203125,61017.80078125,11.959137916564941,14.157970428466797,3.164116621017456
31164.34765625,54533.09765625,13.901766777038574,13.623679161071777,6.010002136230469
28992.765625,45423.41015625,16.576276779174805,12.325913429260254,0.6180501580238342
29585.57421875,45480.94921875,15.858819007873535,13.986881256103516,1.7858943939208984
28302.1953125,40498.078125,15.663073539733887,14.687198638916016,0.5682033896446228
27518.935546875,37824.515625,15.969420433044434,14.396254539489746,0.5305889248847961
28228.77734375,40478.953125,14.99074649810791,14.901196479797363,0.5709913372993469
25946.169921875,35036.88671875,15.553119659423828,13.168834686279297,2.3020339012145996
27849.099609375,43185.54296875,13.246127128601074,13.744185447692871,1.634292721748352
24487.6796875,35391.83203125,12.346587181091309,12.948780059814453,1.9123517274856567
29018.02734375,51920.203125,11.387377738952637,11.735329627990723,1.148640751838684
27786.546875,50938.05859375,10.722959518432617,10.377496719360352,1.92540442943573
26411.134765625,49291.203125,9.92875862121582,9.304425239562988,3.5533411502838135
26601.041015625,51822.58984375,8.44625186920166,9.2914400100708,0.886903703212738
24452.419921875,47111.36328125,7.87530517578125,8.569330215454102,2.379206657409668
25648.640625,51987.72265625,7.710378646850586,7.594247341156006,0.8573814034461975
25080.61328125,51338.38671875,7.178120136260986,7.198475360870361,2.6558520793914795
24831.458984375,51566.890625,6.654613971710205,6.884767532348633,1.3356971740722656
25178.544921875,53207.83984375,6.799891471862793,6.060348033905029,1.9265244007110596
22733.8359375,46578.40234375,6.230434894561768,6.219555854797363,2.00850772857666
21834.615234375,44313.56640625,6.380622386932373,5.6680755615234375,3.463670492172241
27899.630859375,61397.80859375,5.178966999053955,6.6242995262146,1.7581177949905396
21493.94921875,43695.625,5.909368515014648,5.557321548461914,3.0178492069244385
26087.79296875,56486.87890625,6.0086822509765625,5.2311482429504395,1.962956190109253
24699.34375,52428.31640625,5.793224811553955,5.397249221801758,2.0201594829559326
25759.162109375,55047.93359375,6.284820079803467,4.915770053863525,1.1324901580810547
25236.966796875,52839.56640625,5.064508438110352,6.4931321144104,1.3186298608779907
23411.54296875,47282.578125,6.114439010620117,5.6408772468566895,3.9329299926757812
23078.28515625,45829.38671875,6.924738883972168,5.110743999481201,1.2012425661087036
22995.107421875,44898.328125,5.864804267883301,6.45913553237915,4.1162333488464355
23705.8203125,46476.0234375,6.648568630218506,5.791398525238037,1.0851548910140991
21636.603515625,40262.41015625,6.229829788208008,6.499441146850586,5.277702808380127
21265.384765625,39225.90234375,7.369595050811768,5.314808368682861,1.7340134382247925
23612.525390625,45081.1640625,5.761380672454834,6.983210563659668,1.922646403312683
21214.642578125,38911.3984375,6.981213569641113,5.505025863647461,2.9544827938079834
22416.642578125,42092.28515625,5.840848922729492,6.478025913238525,0.9583053588867188
21296.58984375,39412.640625,6.928441047668457,4.9849934577941895,4.776785373687744
23455.98046875,45028.80859375,4.707578182220459,7.061629772186279,1.0142019987106323
22301.58203125,42707.41796875,6.494702339172363,4.587981700897217,1.8932980298995972
21043.1875,39673.2109375,5.290497303009033,5.514707565307617,0.9339751601219177
22220.34765625,42960.98828125,5.55454683303833,4.825728893280029,1.7660893201828003
20776.412109375,39577.07421875,4.860471725463867,5.170620918273926,0.9188767075538635
20838.310546875,40062.99609375,4.740440845489502,4.861999034881592,1.1891804933547974
19155.201171875,36161.84375,4.702435493469238,4.50523042678833,1.4306713342666626
22866.783203125,45601.66015625,4.319502830505371,4.532369613647461,1.7775460481643677
17911.123046875,33620.1328125,4.2347636222839355,4.267632007598877,1.0152729749679565
24915.375,51268.57421875,4.202154159545898,3.7626535892486572,1.5392407178878784
20865.890625,41391.546875,3.4603750705718994,4.3082685470581055,1.103521704673767
24172.537109375,49517.7890625,4.251546859741211,3.232351779937744,2.925712823867798
20719.3984375,40972.3671875,3.365853786468506,4.100193500518799,2.3813765048980713
27141.5,56479.125,4.156644821166992,3.089451789855957,2.313431978225708
23766.931640625,47861.828125,3.7525007724761963,3.6542470455169678,5.731433868408203
23386.9609375,46401.53125,3.6021666526794434,4.171606063842773,1.1431061029434204
24900.306640625,49305.48828125,4.7017741203308105,3.322672128677368,8.116830825805664
21597.306640625,40869.296875,3.9121320247650146,4.5686869621276855,2.8315160274505615
20812.8828125,38544.75390625,4.710413455963135,4.002809524536133,3.6207213401794434
20866.328125,38083.52734375,4.445418834686279,4.648309707641602,1.9712233543395996
21600.267578125,39405.96484375,5.395272731781006,3.873302698135376,2.141582727432251
21941.73046875,39695.6875,4.344568252563477,5.164307117462158,3.8756582736968994
20788.052734375,37000.859375,5.525123119354248,3.91544246673584,0.9398924112319946
21881.916015625,39125.64453125,3.966262102127075,5.635238170623779,2.2383973598480225
20172.037109375,35370.20703125,5.492883205413818,3.8478188514709473,0.9535813927650452
21199.169921875,37717.33984375,4.520949840545654,4.663349151611328,1.1390379667282104
18488.61328125,31694.533203125,4.813599109649658,4.114191055297852,1.573459506034851
23019.39453125,42224.81640625,4.111055374145508,4.410590648651123,1.0754319429397583
18033.203125,31246.576171875,4.030930042266846,4.1286301612854,1.7448253631591797
23705.513671875,44374.546875,4.148038387298584,3.433004856109619,3.519582509994507
21081.265625,38739.890625,3.8503990173339844,3.371868371963501,3.718250036239624
21927.103515625,40807.51953125,3.3039352893829346,3.609137535095215,2.5568807125091553
21298.48828125,39431.79296875,3.073137044906616,3.6397829055786133,3.999448537826538
20845.9375,38545.01953125,3.6564841270446777,2.834007501602173,2.41623854637146
22240.876953125,41432.35546875,2.9938278198242188,3.465177297592163,3.5356414318084717
20797.712890625,38275.171875,3.4289755821228027,2.930455207824707,1.1417402029037476
20039.52734375,36358.9296875,2.86576771736145,3.5680878162384033,2.4773850440979004
20404.412109375,37117.95703125,3.624699592590332,2.7091310024261475,1.476301908493042
21594.43359375,39332.328125,2.8857932090759277,3.601818799972534,2.176102638244629
19616.849609375,34999.0625,3.57574462890625,2.857038974761963,2.0895912647247314
18442.642578125,32332.037109375,2.9865059852600098,3.485556125640869,1.0555163621902466
24357.06640625,44863.8671875,4.032280921936035,2.3028218746185303,1.3769053220748901
18536.9140625,32273.294921875,2.883058786392212,3.5647504329681396,1.5466595888137817
22637.546875,40913.00390625,3.82138991355896,2.480943202972412,1.1791472434997559
20369.357421875,35924.2734375,2.975590467453003,3.3609120845794678,2.9302268028259277
21788.9375,38851.12890625,3.620181083679199,2.6381776332855225,1.1217421293258667
21541.546875,38031.89453125,3.009019613265991,3.367465019226074,2.193178176879883
19856.142578125,34351.015625,3.478795051574707,2.956773519515991,1.2466384172439575
20476.6328125,35412.92578125,3.1636228561401367,3.3450417518615723,1.1619318723678589
19326.953125,32894.421875,3.5092337131500244,3.0036003589630127,1.8058162927627563
22367.04296875,38999.51953125,3.1695854663848877,3.3241662979125977,1.0401482582092285
19198.31640625,32376.35546875,3.4217112064361572,3.087740421295166,1.4424376487731934
20259.6953125,34418.703125,3.115651845932007,3.3778786659240723,1.008898377418518
18655.51953125,31134.5546875,3.3818891048431396,3.0127389430999756,1.5465915203094482
25292.970703125,44467.55859375,2.898608922958374,3.375300645828247,1.1171177625656128
20443.0703125,34709.3984375,3.40869140625,2.7367780208587646,1.5636672973632812
24496.974609375,42617.0859375,2.807039499282837,3.3789479732513428,1.0204349756240845
24313.47265625,41984.421875,2.98952317237854,3.2840559482574463,1.653542399406433
19678.07421875,32529.8046875,3.657672166824341,2.7527287006378174,1.279289722442627
28028.42578125,48643.51171875,2.7402732372283936,3.873950719833374,1.0410113334655762
22733.201171875,37928.8125,3.47904109954834,3.2662413120269775,1.6867358684539795
26655.072265625,45112.10546875,4.184767246246338,2.897357702255249,1.6611977815628052
25727.318359375,42641.640625,3.5287718772888184,4.064166069030762,1.3047492504119873
24488.30859375,39554.64453125,3.9993302822113037,4.068246364593506,4.432497024536133
22426.28125,34998.71484375,4.827327251434326,3.7471883296966553,0.9689604043960571
24026.775390625,37392.66015625,4.253081798553467,4.822032451629639,4.503675937652588
21796.70703125,32770.34765625,5.1139092445373535,4.244384288787842,1.1439385414123535
22327.10546875,33415.3359375,4.68519926071167,4.905755043029785,2.199474573135376
21682.16015625,32099.298828125,5.178451061248779,4.3959574699401855,1.0722776651382446
21138.369140625,31030.17578125,4.590836524963379,4.900503635406494,0.8765783905982971
21101.583984375,31335.54296875,5.191586971282959,3.7703559398651123,1.2777987718582153
24177.978515625,37357.32421875,3.631838798522949,4.935011863708496,2.0454726219177246
19827.142578125,29625.51171875,4.567277431488037,3.4233107566833496,1.1826304197311401
25647.78125,40750.91796875,3.3051061630249023,4.265613079071045,1.9928821325302124
19341.955078125,29417.076171875,3.6363580226898193,3.3759820461273193,0.9397785663604736
33270.671875,55660.1015625,3.55279541015625,2.854708194732666,1.0464874505996704
33819.68359375,56589.453125,3.0713517665863037,3.2002999782562256,1.2374428510665894
20733.80078125,32095.068359375,3.1155900955200195,3.4072022438049316,1.26849365234375
30262.880859375,49344.76171875,3.7534422874450684,2.867250680923462,1.0295544862747192
26206.302734375,41365.1484375,3.278334617614746,3.7595396041870117,1.9266422986984253
22771.380859375,34560.0859375,3.4183318614959717,4.08227014541626,1.3033467531204224
28881.646484375,45182.30078125,4.681495189666748,3.1744253635406494,1.30562162399292
20495.40625,29240.908203125,4.228172779083252,4.320732593536377,2.1490190029144287
30351.83203125,46629.98046875,4.234323978424072,4.578988552093506,1.8905483484268188
30270.693359375,45959.9609375,4.876723766326904,4.291133403778076,4.110414505004883
25125.43359375,36065.12109375,5.0668625831604,4.772213459014893,0.9426748752593994
25508.09375,36004.25390625,5.244448661804199,5.272807598114014,1.5074154138565063
26486.22265625,37143.578125,6.177294731140137,4.87839937210083,0.9396539330482483
22390.85546875,29349.748046875,5.987891674041748,5.554862976074219,0.7522031664848328
26330.060546875,36245.54296875,6.159736156463623,5.310392379760742,0.7527574896812439
23621.564453125,31354.712890625,5.923435688018799,5.547998428344727,1.3662937879562378
24799.978515625,33516.515625,5.539341449737549,5.700697422027588,0.8512561321258545
25672.7421875,35326.0234375,5.741057872772217,5.022862434387207,1.3645440340042114
22359.958984375,29779.21875,5.423200607299805,4.969656467437744,1.0701394081115723
24358.955078125,33653.74609375,5.284378528594971,4.5088887214660645,1.0455105304718018
24562.26171875,34290.72265625,4.4075727462768555,4.917112827301025,1.1299445629119873
19704.78125,26332.443359375,4.4573140144348145,4.282254219055176,0.9516412615776062
30862.0390625,46065.890625,3.461588144302368,4.432153701782227,1.268834114074707
27208.396484375,40210.1640625,3.7057645320892334,3.529322862625122,2.769667625427246
29317.90625,43891.9765625,4.051515579223633,2.946902275085449,1.0215226411819458
26583.1796875,39061.82421875,3.4921038150787354,3.5418360233306885,1.9734039306640625
30337.71875,45107.140625,3.258263349533081,3.970755100250244,1.9781016111373901
26714.82421875,38644.421875,3.5466597080230713,3.9541656970977783,0.9626591205596924
27250.70703125,39100.140625,3.8072257041931152,4.058411598205566,1.4205702543258667
26194.650390625,36824.15234375,4.448977947235107,3.8831727504730225,0.7732038497924805
27182.751953125,37849.3828125,4.780115127563477,4.146360874176025,0.9882021546363831
25028.921875,33587.38671875,4.6829752922058105,4.918750286102295,0.845058262348175
25578.96875,34088.796875,5.263639450073242,4.698602676391602,0.8214620351791382
25127.419921875,32929.76171875,5.3858232498168945,4.940412998199463,0.8864484429359436
24313.068359375,31213.580078125,5.280913829803467,5.370168685913086,0.9671868681907654
23365.453125,29536.501953125,5.79128885269165,4.88770866394043,0.86883944272995
24880.962890625,32117.017578125,5.376575946807861,5.056469440460205,0.8827114701271057
23035.455078125,29346.466796875,5.812655925750732,4.2052226066589355,0.7785911560058594
24978.087890625,32748.517578125,4.574041366577148,5.018606662750244,0.8678016066551208
23644.71875,30934.357421875,4.819242477416992,4.218616962432861,0.8357973694801331
24228.390625,32162.67578125,4.062407493591309,4.496090412139893,0.8280491232872009
22499.578125,29776.1171875,4.531512260437012,3.40936279296875,0.8395652770996094
25245.029296875,34478.72265625,3.5205576419830322,3.922287940979004,0.888385534286499
24115.25,32924.078125,3.5836000442504883,3.408316135406494,0.8820278644561768
21715.80078125,29206.15625,3.2071950435638428,3.5239264965057373,0.8773658275604248
21897.056640625,29685.462890625,3.3944244384765625,2.977430820465088,0.9286906719207764
22957.18359375,31450.189453125,2.6650381088256836,3.4771852493286133,0.9551454186439514
20617.376953125,27970.92578125,2.9213953018188477,2.8272440433502197,0.9490179419517517
27844.70703125,39407.08984375,2.372633218765259,3.1714577674865723,0.9753668308258057
27633.287109375,39084.63671875,3.253227949142456,2.121528148651123,0.9911438226699829
19178.87109375,25662.966796875,2.8487205505371094,2.640230417251587,1.0096787214279175
31252.4140625,44088.296875,1.814151644706726,4.060354232788086,1.0472153425216675
20619.259765625,27734.7578125,3.2108612060546875,2.2837467193603516,1.07719087600708
27818.845703125,38707.765625,2.6615686416625977,2.9436097145080566,1.103971004486084
24384.96484375,33147.57421875,2.98162841796875,2.807389497756958,1.082764744758606
26654.408203125,36362.51171875,3.779451608657837,2.2384119033813477,0.9845262765884399
27054.771484375,36548.671875,2.980726718902588,3.4498443603515625,0.9752852916717529
23387.990234375,30527.5859375,3.5604851245880127,3.266342878341675,0.9535054564476013
23526.61328125,30314.263671875,4.148419380187988,3.1126296520233154,0.9929250478744507
23852.10546875,30427.2265625,3.6049234867095947,4.038853645324707,0.9101665616035461
23707.154296875,30047.080078125,4.54374885559082,3.1902976036071777,0.9057134985923767
23774.01953125,29794.841796875,3.5372002124786377,4.545003414154053,0.8733263611793518
22081.326171875,27237.46875,4.818309307098389,3.1553831100463867,0.8802476525306702
23728.578125,29660.30078125,3.4076032638549805,4.520073413848877,1.0980439186096191
23639.65234375,29799.7890625,4.518736839294434,2.9309511184692383,0.8550574779510498
20593.90625,25295.34375,3.3278074264526367,3.941004753112793,1.1619459390640259
22127.142578125,27976.806640625,4.087062835693359,2.547107696533203,0.9641666412353516
25217.4453125,32680.1875,2.4363439083099365,3.918208360671997,1.372322916984558
19765.0390625,25000.8203125,3.1659255027770996,2.5432498455047607,0.9895830750465393
23947.142578125,31433.892578125,2.5271811485290527,2.7173986434936523,1.2675440311431885
18951.572265625,24276.494140625,2.469310760498047,2.3951361179351807,1.1333119869232178
33211.26953125,45436.66015625,2.283294677734375,2.1271183490753174,1.8260611295700073
31511.90234375,42864.734375,2.0880892276763916,2.2595839500427246,1.8587164878845215
22934.26171875,30144.029296875,2.1748766899108887,2.3141653537750244,1.0935606956481934
27784.720703125,36964.83984375,2.4924087524414062,2.1886112689971924,1.2401081323623657
23209.482421875,29909.8125,2.3098394870758057,2.8123106956481934,1.0633925199508667
23428.99609375,29843.03125,2.6077654361724854,2.927408456802368,1.0030725002288818
21859.44140625,27220.48828125,2.994271755218506,2.9167633056640625,1.2905051708221436
23176.73828125,28826.4609375,3.1014060974121094,3.1055185794830322,1.0058716535568237
21533.24609375,26255.46875,3.4668424129486084,2.9201695919036865,1.3421733379364014
26092.4296875,32543.767578125,2.921647787094116,3.6723296642303467,1.4805573225021362
24299.251953125,29874.056640625,3.6883368492126465,2.936328172683716,1.5332705974578857
21894.830078125,26239.123046875,3.688553810119629,3.1272263526916504,1.4597244262695312
23330.416015625,28209.513671875,3.3922998905181885,3.4163007736206055,1.0198824405670166
22817.083984375,27464.94921875,4.093263149261475,2.621095895767212,1.4719843864440918
23515.177734375,28349.150390625,3.1283152103424072,3.622178554534912,1.2033227682113647
21420.83984375,25495.6328125,3.590688467025757,2.922384738922119,1.1412543058395386
21315.9609375,25454.880859375,3.2603812217712402,3.0014994144439697,1.0234546661376953
19225.05078125,22695.857421875,3.1280527114868164,2.7991979122161865,1.1191612482070923
28356.115234375,35704.578125,2.6403794288635254,2.7782957553863525,1.0891480445861816
24848.515625,30940.4609375,2.4718239307403564,2.6494240760803223,1.0758284330368042
24246.626953125,30149.568359375,2.654825448989868,2.2668721675872803,1.7788994312286377
28917.865234375,36563.97265625,2.4619176387786865,2.407252788543701,1.096537470817566
22709.740234375,27736.564453125,2.3208837509155273,2.7862956523895264,1.940515398979187
29262.509765625,36571.109375,2.7697806358337402,2.4869017601013184,1.0399744510650635
30308.7578125,37632.03515625,2.855208396911621,2.7697854042053223,2.487416982650757
27269.986328125,32908.49609375,2.6810503005981445,3.6563637256622314,1.2260501384735107
22294.177734375,25658.751953125,3.3030853271484375,3.590460777282715,1.3879494667053223
23991.263671875,27659.529296875,4.254432678222656,2.995131015777588,0.9068929553031921
24826.94921875,28293.0234375,3.3190255165100098,4.552076816558838,1.1147853136062622
22352.26953125,24838.95703125,4.0902814865112305,3.834273338317871,0.9163787961006165
21262.646484375,23385.5859375,4.5550217628479,3.248816728591919,0.8623998761177063
30894.58984375,36407.2265625,3.1584317684173584,4.438975811004639,0.8910489678382874
23037.716796875,26019.8828125,3.7281112670898438,3.5075807571411133,0.9039424657821655
41967.05078125,51272.9375,5.100950241088867,2.1112618446350098,0.8784410357475281
41638.65625,50655.3515625,4.636173725128174,2.637695074081421,1.020786166191101
31997.435546875,37262.94140625,3.1190435886383057,4.802803039550781,1.4780281782150269
29941.486328125,34034.05859375,3.4917991161346436,5.050062656402588,0.8877314925193787
28715.353515625,32075.982421875,5.31046199798584,3.597726583480835,1.1818312406539917
29423.2734375,32435.5546875,5.638055801391602,4.013893127441406,1.114769697189331
26517.07421875,27896.119140625,4.837865829467773,5.777851581573486,0.8164031505584717
25118.21484375,25627.01171875,5.124471664428711,6.033999443054199,1.1196033954620361
27963.873046875,29304.904296875,6.083278179168701,5.052942276000977,0.6815219521522522
23521.095703125,23374.044921875,6.270601272583008,4.947232246398926,0.7661744952201843
30048.95703125,32073.19921875,5.449802875518799,5.362349033355713,1.0664315223693848
28912.8515625,30725.08203125,5.235891819000244,5.255768775939941,0.8708593845367432
26886.345703125,28264.61328125,5.750288009643555,4.35421085357666,1.3814167976379395
28265.384765625,30162.419921875,5.669206142425537,4.150718688964844,0.9709240198135376
25460.78515625,26505.33203125,4.750828742980957,4.998344421386719,1.805976152420044
26274.400390625,27692.357421875,4.564040660858154,4.8686394691467285,1.3405723571777344
22728.943359375,23373.4140625,4.90312385559082,4.063717365264893,1.4260907173156738
27055.830078125,29263.751953125,3.9988975524902344,4.32627534866333,0.8989536166191101
21213.77734375,22079.90234375,3.9495038986206055,3.8320462703704834,1.2358455657958984
38041.93359375,43952.89453125,3.599459171295166,3.371872663497925,0.9294025897979736
38918.58984375,45089.32421875,2.9625320434570312,3.7893264293670654,1.2271842956542969
26526.673828125,29360.5078125,2.5720930099487305,4.073419094085693,0.9115323424339294
28115.041015625,31434.3359375,3.5576963424682617,2.8513593673706055,1.4518718719482422
29235.5703125,32621.287109375,3.973144769668579,2.676976203918457,0.920766294002533
24920.119140625,26948.0859375,3.2219345569610596,3.6901297569274902,1.3412532806396484
26368.17578125,28608.25,3.4203238487243652,3.6352484226226807,1.100684642791748
26590.259765625,28702.33203125,3.987429618835449,3.2315163612365723,1.8921184539794922
23446.533203125,24705.57421875,3.8599624633789062,3.3861913681030273,0.9585073590278625
24894.8828125,26342.2109375,3.930410146713257,3.4740450382232666,1.3516430854797363
24679.94921875,26250.345703125,4.3375420570373535,2.6812002658843994,1.2798514366149902
22695.169921875,23832.193359375,3.7298805713653564,3.1228370666503906,1.2398604154586792
27133.501953125,29326.0625,2.7565762996673584,3.9652559757232666,1.847459316253662
22702.974609375,24017.85546875,3.4693665504455566,2.911372423171997,1.0107617378234863
26936.66015625,29300.82421875,3.53875732421875,2.570744514465332,3.1038994789123535
23855.408203125,25529.09375,3.266345739364624,2.757110357284546,1.1938815116882324
27061.31640625,29352.767578125,3.138418674468994,2.898540496826172,3.227285623550415
26545.544921875,28561.392578125,2.792538642883301,3.4311113357543945,1.3379484415054321
24553.580078125,25975.849609375,2.8932862281799316,3.439636468887329,3.4970109462738037
24625.927734375,25974.263671875,3.516641139984131,2.8962509632110596,1.6688933372497559
24412.1328125,25481.857421875,3.3660833835601807,3.302142858505249,3.0004923343658447
24692.572265625,25637.724609375,3.116556406021118,3.7792394161224365,1.663716435432434
22513.16015625,22918.2421875,3.521944999694824,3.4153494834899902,2.237316846847534
22676.962890625,23100.890625,3.824612617492676,3.066582441329956,1.1423341035842896
23914.58203125,24567.505859375,2.9341492652893066,3.8808753490448,1.777119755744934
21222.01953125,21476.943359375,3.3305647373199463,3.1844427585601807,0.9791935086250305
26554.845703125,28013.61328125,3.479306221008301,2.647388458251953,1.6089770793914795
23977.251953125,25008.279296875,3.426591396331787,2.4881691932678223,1.29188072681427
25175.609375,26425.92578125,2.744436025619507,3.078394889831543,1.3565318584442139
25233.880859375,26461.986328125,2.600956678390503,3.172637701034546,1.316831111907959
22538.435546875,23252.71484375,3.106750249862671,2.601328134536743,1.259871006011963
24673.431640625,25716.42578125,3.0207579135894775,2.6835625171661377,1.3741446733474731
21050.880859375,21376.705078125,2.9101195335388184,2.830216407775879,1.0514130592346191
25918.23046875,27064.54296875,2.7454702854156494,2.9503610134124756,1.132433295249939
22350.611328125,22849.408203125,2.964900016784668,2.689145565032959,1.0193827152252197
24371.6875,25149.2109375,2.5384225845336914,3.1246907711029053,1.24070405960083
22133.521484375,22549.3984375,2.9322030544281006,2.619762659072876,1.01556396484375
24016.126953125,24718.9453125,3.0294106006622314,2.466118335723877,1.0069193840026855
23250.4453125,23727.6640625,2.535006523132324,3.039041042327881,1.017654538154602
22804.62109375,23237.328125,2.893937110900879,2.540757894515991,1.0221632719039917
24163.8359375,24773.580078125,2.8277053833007812,2.571676731109619,1.0223695039749146
20339.638671875,20334.482421875,2.8578848838806152,2.4968338012695312,1.1950005292892456
23754.923828125,24230.10546875,2.3641273975372314,2.9645140171051025,1.0411409139633179
20565.578125,20638.171875,2.798642873764038,2.312321186065674,1.3609472513198853
25623.24609375,26454.84375,2.6811704635620117,2.2988502979278564,1.1702733039855957
22081.173828125,22401.212890625,2.7793900966644287,2.0966100692749023,1.9711781740188599
24034.4921875,24625.712890625,2.2343997955322266,2.567051410675049,1.2389931678771973
25338.71875,26028.61328125,2.2109498977661133,2.620631217956543,1.7747445106506348
21169.69140625,21225.85546875,2.929776906967163,1.9445350170135498,1.1330467462539673
22918.642578125,23074.841796875,2.387190818786621,2.623840093612671,1.4967567920684814
21937.96875,21961.6796875,2.5414154529571533,2.3965797424316406,1.0922924280166626
20879.349609375,20723.2109375,2.4046411514282227,2.5264668464660645,1.1583526134490967
22878.50390625,22983.681640625,2.742729425430298,2.0746073722839355,1.4358947277069092
19664.015625,19284.7265625,2.4470224380493164,2.4547135829925537,1.1171878576278687
23559.833984375,23722.685546875,2.539644718170166,2.1311542987823486,1.6353142261505127
19742.41796875,19437.560546875,2.2592155933380127,2.3715851306915283,1.0962591171264648
26508.646484375,27035.908203125,2.500124931335449,1.896199345588684,3.223794460296631
24313.8046875,24552.908203125,2.3575217723846436,2.0459959506988525,1.4429523944854736
23766.974609375,23823.45703125,2.255561590194702,2.231788396835327,3.454035997390747
25370.763671875,25502.537109375,2.2810707092285156,2.324376106262207,1.3748527765274048
23232.056640625,22913.611328125,2.288935899734497,2.58982515335083,3.294311761856079
22310.0,21768.181640625,2.828930139541626,2.227236032485962,1.641006350517273
22578.419921875,21848.44921875,2.5765933990478516,2.7625410556793213,2.676373243331909
21596.892578125,20644.583984375,2.484699010848999,3.0279977321624756,1.2684177160263062
22657.3828125,21793.34375,2.9546430110931396,2.4819090366363525,1.9992942810058594
21384.580078125,20351.943359375,3.200082302093506,2.2573182582855225,1.3497717380523682
24917.19140625,24108.0,2.4406301975250244,3.1045966148376465,1.3434031009674072
23518.38671875,22591.068359375,2.6179215908050537,2.824043035507202,1.3620997667312622
21264.1953125,20138.43359375,3.0628488063812256,2.3081016540527344,1.108643651008606
22562.041015625,21521.197265625,2.9280264377593994,2.397904396057129,1.348970890045166
23066.0625,22086.0859375,2.8755877017974854,2.3309781551361084,1.106417179107666
20754.859375,19551.392578125,2.4760472774505615,2.7236571311950684,1.1315690279006958
20498.69140625,19345.154296875,2.703009843826294,2.2868072986602783,1.2788742780685425
20779.541015625,19684.060546875,2.2786834239959717,2.566671133041382,1.131861925125122
22290.162109375,21431.439453125,2.7164361476898193,1.8022185564041138,1.386954426765442
20899.99609375,19968.001953125,2.025115966796875,2.371722459793091,1.1527868509292603
20748.35546875,19876.126953125,2.1415536403656006,2.022524833679199,2.2509918212890625
19291.68359375,18359.7421875,2.0362441539764404,2.0062308311462402,1.2286497354507446
20670.021484375,19904.94921875,1.9648991823196411,1.8357748985290527,1.9222381114959717
20254.001953125,19490.869140625,1.9106956720352173,1.7737236022949219,1.241184115409851
19187.931640625,18359.791015625,1.777113437652588,1.819313883781433,2.1357903480529785
20532.8515625,19798.236328125,1.7500057220458984,1.7523963451385498,1.2922801971435547
19213.44140625,18427.267578125,1.8894346952438354,1.4974743127822876,1.408165693283081
22231.58984375,21514.662109375,1.4637298583984375,2.0064518451690674,1.453835368156433
19502.4375,18667.3671875,1.8935294151306152,1.4650444984436035,1.4483000040054321
19975.85546875,19093.373046875,1.6980037689208984,1.7184436321258545,1.4366552829742432
19333.140625,18376.712890625,1.923486590385437,1.5029778480529785,1.5018386840820312
22202.3203125,21247.9609375,1.613335132598877,1.9663612842559814,1.442935585975647
18300.626953125,17153.6640625,1.968113660812378,1.6029415130615234,1.3276314735412598
21077.4921875,19969.712890625,1.919943928718567,1.7069282531738281,1.3254780769348145
18636.26953125,17361.876953125,1.9504414796829224,1.7491592168807983,1.4895031452178955
23848.779296875,22687.2265625,1.9713131189346313,1.7775918245315552,1.3092468976974487
20289.84765625,18918.888671875,1.9771159887313843,1.8740898370742798,1.292272686958313
22707.63671875,21318.5234375,2.0973434448242188,1.8488736152648926,1.2922449111938477
21417.958984375,19842.876953125,2.265967607498169,1.889915943145752,1.3057101964950562
22970.119140625,21268.89453125,2.118760824203491,2.274383306503296,1.5105258226394653
23445.68359375,21597.3046875,2.223165988922119,2.399061918258667,1.2406879663467407
19469.611328125,17385.515625,2.5885961055755615,2.2465829849243164,1.4217067956924438
23524.232421875,21388.4453125,2.44472336769104,2.571294069290161,1.2771588563919067
20412.396484375,18105.904296875,2.7320716381073,2.421710252761841,1.929444432258606
21408.77734375,19086.650390625,2.578336238861084,2.5771842002868652,1.157925009727478
19019.53125,16637.125,2.638047218322754,2.489698886871338,1.817989706993103
24361.359375,22107.994140625,2.7832207679748535,2.1250319480895996,2.0318946838378906
22048.31640625,19727.52734375,2.4482717514038086,2.4551005363464355,2.6924736499786377
21903.798828125,19621.21875,2.644559621810913,2.1207082271575928,1.7670937776565552
20173.11328125,17866.9609375,2.2950756549835205,2.4262144565582275,1.697658896446228
25722.265625,23468.654296875,2.4670732021331787,2.068631649017334,3.2696969509124756
24505.03125,22195.345703125,2.333700180053711,2.2213683128356934,3.215216875076294
21273.921875,18878.06640625,2.2040505409240723,2.552053689956665,1.7803505659103394
24523.048828125,22099.216796875,2.54194974899292,2.270602226257324,1.7556248903274536
21099.625,18564.970703125,2.3699636459350586,2.671628475189209,1.385669231414795
20475.49609375,17908.716796875,2.545262098312378,2.5567476749420166,1.577389121055603
23537.767578125,20996.982421875,2.569488286972046,2.4879369735717773,1.207138180732727
17376.009765625,14773.849609375,2.4108474254608154,2.7682149410247803,1.2628573179244995
35718.67578125,33345.546875,3.250941276550293,1.459517002105713,1.7899136543273926
32068.376953125,29730.455078125,2.934340000152588,1.6980618238449097,2.1720046997070312
25965.185546875,23433.52734375,2.187025308609009,2.8521084785461426,1.2090824842453003
29910.943359375,27248.6484375,2.724947929382324,2.568946599960327,1.5347727537155151
26213.53515625,23270.201171875,3.4802305698394775,2.3827757835388184,1.182916522026062
26349.6484375,23047.8046875,3.1721150875091553,3.4008398056030273,1.5366278886795044
24484.9921875,20919.470703125,3.663799285888672,3.4396607875823975,1.3790454864501953
27808.400390625,24103.529296875,4.332880020141602,3.051262855529785,1.27997887134552
25738.966796875,21793.7578125,3.7950148582458496,4.067715167999268,1.3844497203826904
24473.3671875,20291.22265625,3.6686758995056152,4.6626434326171875,1.648478627204895
26516.849609375,22332.412109375,4.628329277038574,3.685352325439453,2.759584665298462
21574.3203125,17306.8828125,4.533484935760498,3.982513666152954,0.9437021017074585
29040.43359375,24825.07421875,3.757284641265869,4.627838611602783,2.279680013656616
26330.0,22249.091796875,4.305644989013672,3.8280951976776123,1.4038176536560059
27137.169921875,23118.1796875,5.010198593139648,2.9880411624908447,1.9871059656143188
26909.87890625,22884.587890625,4.363070487976074,3.617375373840332,3.506798028945923
26976.802734375,22894.8671875,3.7137367725372314,4.428924083709717,1.060539960861206
24003.408203125,19891.314453125,4.3086371421813965,3.864445447921753,2.5553667545318604
27786.443359375,23695.5859375,4.843418598175049,3.3147711753845215,1.176198959350586
23449.470703125,19319.974609375,4.397939682006836,3.8341176509857178,1.3465971946716309
29517.580078125,25429.494140625,3.8124701976776123,4.335113048553467,1.429526686668396
26725.1484375,22708.578125,3.9189417362213135,4.092613697052002,1.0793620347976685
25456.96484375,21475.341796875,4.155864238739014,3.7867021560668945,1.0339252948760986
24692.474609375,20656.904296875,3.754830837249756,4.295406818389893,1.0451128482818604
24016.408203125,19899.244140625,3.655404806137085,4.558438301086426,1.0242997407913208
23004.51953125,18975.5234375,4.26666259765625,3.7725448608398438,0.9392139911651611
23810.078125,19911.236328125,4.191200256347656,3.5858640670776367,1.0309048891067505
22528.076171875,18757.6484375,3.3925015926361084,4.126165866851807,1.1094422340393066
23887.71875,20363.064453125,3.279078483581543,3.7431066036224365,1.3562105894088745
22285.4921875,18950.021484375,3.7151434421539307,2.931335210800171,1.2231357097625732
24488.6015625,21242.0234375,3.530806064605713,2.9397644996643066,1.129392385482788
22785.615234375,19555.23828125,3.1723897457122803,3.263493299484253,1.2436195611953735
24902.33203125,21747.419921875,3.3735921382904053,2.9134104251861572,1.1410177946090698
23557.900390625,20420.36328125,3.5867202281951904,2.664637565612793,1.1857763528823853
22626.88671875,19456.001953125,3.210425615310669,3.106881618499756,1.222966194152832
21565.955078125,18335.43359375,2.9095048904418945,3.526888847351074,1.2324353456497192
23950.146484375,20794.98046875,3.278522253036499,3.0086586475372314,1.157668113708496
22448.0859375,19292.36328125,3.489548683166504,2.7994132041931152,1.124125599861145
23170.970703125,19972.462890625,3.117734670639038,3.2564752101898193,1.1401702165603638
22305.7265625,19044.16015625,3.044534921646118,3.4535768032073975,1.2510452270507812
21832.265625,18584.7890625,3.3708226680755615,3.098151922225952,1.2987509965896606
20460.685546875,17230.560546875,3.341799259185791,3.0964057445526123,1.1023082733154297
23723.54296875,20543.22265625,2.972425699234009,3.364717721939087,1.1748390197753906
22025.8203125,18879.154296875,3.033182382583618,3.236238718032837,1.195480465888977
21721.69921875,18622.486328125,3.362455129623413,2.8094043731689453,1.3282508850097656
20384.677734375,17316.16015625,3.3244097232818604,2.7901241779327393,1.1249287128448486
22324.158203125,19299.8359375,3.016496419906616,3.007077693939209,1.2535923719406128
20261.87890625,17273.953125,2.965862989425659,2.9861490726470947,1.191978096961975
22723.29296875,19826.255859375,3.1247575283050537,2.6396982669830322,1.4809437990188599
21276.5859375,18423.859375,3.1470441818237305,2.530404806137085,1.4002900123596191
20746.45703125,17892.5390625,2.887488603591919,2.796178102493286,1.2083011865615845
19423.244140625,16559.806640625,2.723003625869751,2.9784653186798096,1.2702631950378418
22200.94921875,19441.466796875,2.8920748233795166,2.6008074283599854,1.3041023015975952
20352.759765625,17654.736328125,2.9066619873046875,2.4590110778808594,1.5187954902648926
21415.4140625,18744.384765625,2.574704170227051,2.742194175720215,1.258103847503662
20088.568359375,17401.36328125,2.5149776935577393,2.8339173793792725,1.2757974863052368
20947.376953125,18282.15625,2.787780284881592,2.51755690574646,1.2552984952926636
19370.359375,16713.173828125,2.8102643489837646,2.478412389755249,1.284718632698059
21563.41796875,18937.544921875,2.5359599590301514,2.6903176307678223,1.2734001874923706
19991.267578125,17375.33203125,2.5263586044311523,2.679337978363037,1.3087050914764404
20438.990234375,17850.7890625,2.734807014465332,2.4150404930114746,1.327659010887146
19046.69921875,16461.607421875,2.7428078651428223,2.4021477699279785,1.2613062858581543
20930.9296875,18356.8828125,2.525728464126587,2.597034215927124,1.2666462659835815
19449.02734375,16876.4765625,2.5160269737243652,2.603116035461426,1.2978968620300293
20217.375,17691.525390625,2.7130675315856934,2.3113527297973633,1.3638148307800293
18927.86328125,16428.884765625,2.690643310546875,2.2819745540618896,1.266953945159912
20306.052734375,17821.876953125,2.383949041366577,2.558534622192383,1.2934030294418335
18793.59765625,16316.28125,2.3759055137634277,2.55218768119812,1.3270207643508911
20346.7578125,17923.826171875,2.6579554080963135,2.159745454788208,1.4082642793655396
18895.951171875,16491.099609375,2.610769510269165,2.172762870788574,1.3085941076278687
19853.392578125,17453.619140625,2.2545430660247803,2.5185508728027344,1.32261323928833
18323.740234375,15939.2333984375,2.2867014408111572,2.4557454586029053,1.32826828956604
20191.701171875,17864.4453125,2.5579919815063477,2.0667600631713867,1.4880321025848389
18530.115234375,16214.759765625,2.473895788192749,2.1290624141693115,1.387777328491211
19723.4765625,17411.5234375,2.170893669128418,2.4259345531463623,1.353951334953308
18132.783203125,15835.63671875,2.2252986431121826,2.3422176837921143,1.338781476020813
19795.90234375,17544.9765625,2.439997434616089,2.0311951637268066,1.5329796075820923
18114.849609375,15868.5322265625,2.3871257305145264,2.0760109424591064,1.4747424125671387
19624.771484375,17384.033203125,2.162032127380371,2.2920703887939453,1.3687752485275269
18018.443359375,15785.5244140625,2.191683292388916,2.2468950748443604,1.3629555702209473
19456.16796875,17262.279296875,2.3640034198760986,1.993026852607727,1.53734290599823
17896.2890625,15706.5654296875,2.3112592697143555,2.0379183292388916,1.5134648084640503
19352.37890625,17167.859375,2.0960540771484375,2.2454330921173096,1.377540946006775
17874.076171875,15701.962890625,2.154555320739746,2.1622138023376465,1.3727998733520508
19111.484375,16974.03125,2.3220930099487305,1.9221367835998535,1.5337715148925781
17750.37890625,15612.7724609375,2.2181901931762695,2.026707649230957,1.5158854722976685
18925.013671875,16791.955078125,2.0217785835266113,2.2166860103607178,1.3826380968093872
17626.279296875,15511.4619140625,2.116730213165283,2.0852646827697754,1.3821171522140503
18782.328125,16699.689453125,2.2787554264068604,1.8562384843826294,1.5141212940216064
17566.1953125,15489.32421875,2.1657400131225586,1.9578909873962402,1.5054775476455688
18483.861328125,16418.287109375,1.9508239030838013,2.1523656845092773,1.3978339433670044
17258.427734375,15218.2099609375,2.040001630783081,2.0124406814575195,1.3996611833572388
18503.998046875,16500.35546875,2.2232587337493896,1.7536853551864624,1.516965389251709
17305.505859375,15305.744140625,2.0967493057250977,1.8726837635040283,1.5044455528259277
18029.109375,16040.3447265625,1.8698521852493286,2.079223394393921,1.422640323638916
16824.74609375,14868.0244140625,1.96271550655365,1.9221633672714233,1.4280740022659302
18204.41015625,16290.23046875,2.1079442501068115,1.6892414093017578,1.558505892753601
17029.501953125,15116.6162109375,1.99993896484375,1.7952805757522583,1.5274993181228638
17622.3515625,15717.2177734375,1.8200924396514893,1.9613335132598877,1.4419578313827515
16514.0859375,14632.4775390625,1.880594253540039,1.8536349534988403,1.4493752717971802
17910.443359375,16072.2255859375,1.986009955406189,1.6588858366012573,1.5768722295761108
16786.951171875,14947.6474609375,1.9115012884140015,1.7366782426834106,1.5214203596115112
17373.28515625,15539.322265625,1.7746834754943848,1.8640446662902832,1.4598968029022217
16317.0341796875,14496.38671875,1.824727177619934,1.7870545387268066,1.4756757020950317
17651.50390625,15866.6025390625,1.8921009302139282,1.6459101438522339,1.5897053480148315
16543.650390625,14755.396484375,1.8439478874206543,1.7022830247879028,1.5139274597167969
17233.107421875,15453.40625,1.7570228576660156,1.772817611694336,1.4781306982040405
16198.19921875,14421.01171875,1.7889584302902222,1.735287070274353,1.5064884424209595
17396.265625,15642.578125,1.8258429765701294,1.6499232053756714,1.5804905891418457
16288.0595703125,14531.5693359375,1.797125220298767,1.6856789588928223,1.508795142173767
17169.00390625,15428.90625,1.740080714225769,1.7102669477462769,1.4922904968261719
16095.671875,14355.6806640625,1.7669048309326172,1.6825199127197266,1.5279697179794312
17161.78125,15433.6689453125,1.7808676958084106,1.6438918113708496,1.573189616203308
16044.59375,14317.1630859375,1.756710171699524,1.6679080724716187,1.512068510055542
17038.296875,15335.9853515625,1.7276860475540161,1.6467992067337036,1.506767988204956
15904.818359375,14205.3056640625,1.736303687095642,1.631805419921875,1.545814871788025
16979.8515625,15286.6416015625,1.7356406450271606,1.6190369129180908,1.5871387720108032
15846.150390625,14157.9228515625,1.72100830078125,1.624941349029541,1.5252670049667358
16776.439453125,15113.599609375,1.695634365081787,1.5996586084365845,1.519381046295166
15609.666015625,13954.0712890625,1.6874186992645264,1.5926095247268677,1.5579718351364136
16800.6484375,15153.52734375,1.684677004814148,1.5773277282714844,1.611884355545044
15673.798828125,14033.6337890625,1.679336667060852,1.570104718208313,1.544395923614502
16394.8828125,14774.9619140625,1.652537226676941,1.55665922164917,1.532190203666687
15266.201171875,13654.9873046875,1.6334198713302612,1.557674765586853,1.56657075881958
16600.1171875,15003.771484375,1.6416563987731934,1.518373966217041,1.633067011833191
15524.4267578125,13934.337890625,1.6364115476608276,1.5123515129089355,1.5706863403320312
15974.6640625,14399.1162109375,1.6004090309143066,1.519737958908081,1.5474181175231934
14932.369140625,13365.01171875,1.5898083448410034,1.5133904218673706,1.5757801532745361
16398.392578125,14849.4697265625,1.6020042896270752,1.462938666343689,1.645114541053772
15385.7421875,13841.521484375,1.5918389558792114,1.4646637439727783,1.596856713294983
15595.4736328125,14064.1474609375,1.5533943176269531,1.477989673614502,1.5634255409240723
14629.1962890625,13104.2783203125,1.550137996673584,1.4679187536239624,1.5889731645584106
16240.51171875,14733.96875,1.5603466033935547,1.419703722000122,1.6517555713653564
15255.283203125,13751.9521484375,1.5474735498428345,1.4268873929977417,1.6150035858154297
15288.4306640625,13798.2314453125,1.5178706645965576,1.430918574333191,1.5804694890975952
14359.490234375,12873.3779296875,1.5129145383834839,1.4271985292434692,1.605584979057312
16119.0517578125,14650.474609375,1.514289379119873,1.389843463897705,1.6510818004608154
15132.2294921875,13666.208984375,1.5089011192321777,1.3906117677688599,1.6264519691467285
15032.6845703125,13578.6494140625,1.4899131059646606,1.3861116170883179,1.6022635698318481
14119.7802734375,12667.56640625,1.475979208946228,1.3960171937942505,1.6215424537658691
16005.6376953125,14571.8583984375,1.4715536832809448,1.3629974126815796,1.6503523588180542
15014.7119140625,13582.53515625,1.4711570739746094,1.36045503616333,1.637098789215088
14783.240234375,13361.3095703125,1.4681388139724731,1.3432284593582153,1.62468421459198
13899.9873046875,12478.0,1.437759280204773,1.3735493421554565,1.633279800415039
15908.435546875,14507.6845703125,1.4402440786361694,1.328033208847046,1.6612356901168823
15111.0146484375,13708.587890625,1.4300373792648315,1.3419016599655151,1.6457031965255737
14144.4443359375,12747.56640625,1.459537386894226,1.301435947418213,1.639123558998108
13730.1591796875,12335.60546875,1.3919739723205566,1.3642836809158325,1.6425217390060425
16122.794921875,14760.0927734375,1.4438674449920654,1.2476767301559448,1.6929478645324707
16925.06640625,15547.203125,1.3904424905776978,1.332193374633789,1.654415249824524
10753.3916015625,9342.3291015625,1.4737616777420044,1.315514087677002,1.6424461603164673
10715.5595703125,9472.1474609375,1.3014384508132935,1.1505351066589355,1.7426224946975708
23353.03515625,22365.830078125,1.248391032218933,0.6887483596801758,1.8635178804397583
18862.357421875,17980.869140625,1.0649038553237915,0.6600401997566223,1.9016051292419434
12605.87890625,11733.134765625,0.9472833275794983,0.7566803097724915,2.0762505531311035
20134.052734375,19256.345703125,0.9649868011474609,0.7518424987792969,1.929331660270691
12868.333984375,11874.9140625,0.9362874627113342,1.0130953788757324,1.8728935718536377
17849.65234375,16810.517578125,1.1284065246582031,0.9095176458358765,2.017146110534668
11883.119140625,10681.5166015625,1.1799044609069824,1.1781291961669922,2.25860595703125
31049.810546875,29646.248046875,1.059203028678894,1.698378086090088,2.4770936965942383
27031.90625,25463.38671875,1.4048911333084106,1.6820470094680786,2.505145788192749
18857.74609375,17029.6015625,2.0836822986602783,1.5351662635803223,1.8721178770065308
25341.9296875,23062.341796875,2.2015209197998047,2.302694082260132,2.7480931282043457
18437.443359375,15510.6083984375,2.7388830184936523,3.081953287124634,1.641639232635498
27696.8828125,24317.7109375,3.9410996437072754,2.790675401687622,1.328451156616211
27515.375,23644.017578125,4.233052730560303,3.4786183834075928,1.5521739721298218
25342.119140625,20966.0,3.7414815425872803,4.989294052124023,1.0732380151748657
21387.396484375,16719.3515625,4.322824001312256,4.986456871032715,1.3404818773269653
29213.275390625,24392.17578125,6.031312465667725,3.584934949874878,1.2977133989334106
25163.388671875,19857.314453125,6.8870038986206055,3.7053558826446533,0.9893801212310791
28833.07421875,23116.923828125,6.265662670135498,5.147441387176514,0.9596738219261169
25650.57421875,19828.35546875,6.0685715675354,5.557912349700928,0.8976536393165588
23996.04296875,18471.158203125,6.5984344482421875,4.430349349975586,1.04924738407135
21489.90625,16268.1259765625,6.257347583770752,4.165578842163086,1.0316143035888672
26247.44921875,21289.14453125,4.741485595703125,5.154632091522217,1.0245438814163208
23899.490234375,19118.169921875,4.258611679077148,5.2823591232299805,1.0833407640457153
24332.142578125,19842.560546875,5.1581950187683105,3.796584129333496,1.2192978858947754
23971.67578125,19682.056640625,5.344046115875244,3.211768388748169,1.171108365058899
20821.46484375,16732.08203125,4.14055061340332,4.015598297119141,1.1309516429901123
19627.140625,15771.6474609375,3.2013769149780273,4.483656883239746,1.297562599182129
23470.03125,20088.751953125,3.396352529525757,3.330092430114746,1.8056961297988892
21413.076171875,18282.8515625,3.4594786167144775,2.77140736579895,1.4781036376953125
21814.076171875,18769.505859375,2.7591092586517334,3.3018136024475098,1.4109164476394653
22157.109375,19083.1171875,2.4583775997161865,3.6626150608062744,1.3496805429458618
18567.22265625,15553.515625,2.8580198287963867,3.137284278869629,1.6054493188858032
18791.357421875,15829.53125,2.979351758956909,2.9124534130096436,1.5923954248428345
19582.41796875,16648.83203125,2.302637815475464,3.5362050533294678,1.4163843393325806
17514.44921875,14709.0849609375,2.3399035930633545,3.2419469356536865,1.4439510107040405
21668.72265625,19129.509765625,2.9890830516815186,2.0582075119018555,1.5567328929901123
17769.0859375,15283.931640625,2.796994209289551,2.142646074295044,1.5333458185195923
23447.1015625,20899.63671875,1.9778324365615845,3.08903431892395,1.4031189680099487
20320.9453125,17732.185546875,2.3846421241760254,2.7658047676086426,1.3536206483840942
19465.296875,16724.060546875,3.693519353866577,1.756962537765503,1.5995395183563232
17156.306640625,14262.72265625,3.635910987854004,2.1208724975585938,1.5191662311553955
21552.861328125,18526.1796875,2.744410753250122,3.278439521789551,1.5255348682403564
18684.556640625,15532.3994140625,3.1725893020629883,3.100508689880371,1.560837984085083
20963.599609375,17684.654296875,4.499822616577148,2.028641700744629,1.471307635307312
19237.4609375,15847.0751953125,4.478170394897461,2.261108875274658,2.07463002204895
19714.044921875,16205.4228515625,3.4628515243530273,3.5271530151367188,1.3619316816329956
17123.759765625,13624.8837890625,3.395836591720581,3.573561191558838,1.4176790714263916
22037.482421875,18663.421875,4.1832075119018555,2.5395822525024414,1.2665915489196777
18896.744140625,15551.3408203125,4.034794330596924,2.6257681846618652,1.5122113227844238
19655.546875,16206.6396484375,3.1335387229919434,3.7345893383026123,1.4843624830245972
17758.9140625,14390.6728515625,2.8509278297424316,3.8593673706054688,1.3093273639678955
19348.55859375,16271.9052734375,3.249800205230713,2.8768789768218994,1.3313641548156738
17693.529296875,14751.962890625,3.087244987487793,2.7690367698669434,1.342604160308838
19365.666015625,16488.716796875,2.234673500061035,3.493046522140503,1.3090136051177979
18273.423828125,15501.9833984375,2.1223032474517822,3.393688440322876,1.344480276107788
18343.71484375,15832.57421875,2.5977232456207275,2.3944311141967773,1.5062733888626099
16506.40234375,14076.0615234375,2.5318257808685303,2.2959723472595215,1.644144892692566
19745.958984375,17295.84375,1.8467422723770142,3.0249245166778564,1.4282164573669434
17063.470703125,14651.0283203125,1.9864392280578613,2.809199571609497,1.4622936248779297
18810.064453125,16463.49609375,2.838421583175659,1.825711727142334,1.4502402544021606
16893.041015625,14503.6005859375,2.899292230606079,1.8500059843063354,1.4790167808532715
18068.99609375,15583.375,2.2613983154296875,2.680406093597412,1.4718506336212158
16349.6826171875,13762.072265625,2.4928667545318604,2.6522984504699707,1.502705693244934
18569.6875,15937.5771484375,3.3687491416931152,1.864975094795227,1.52479887008667
16817.44140625,14180.7470703125,3.2741317749023438,1.9707471132278442,1.4254531860351562
17579.134765625,14897.8740234375,2.563955068588257,2.7690820693969727,1.4741706848144531
15440.0888671875,12736.4091796875,2.6725034713745117,2.7059342861175537,1.446050763130188
18913.62890625,16234.0068359375,3.2872731685638428,2.0372426509857178,1.7363148927688599
16483.033203125,13815.7001953125,3.0161492824554443,2.28810453414917,1.520717978477478
18213.62890625,15478.7822265625,2.233228921890259,3.2084648609161377,1.3999266624450684
16525.923828125,13830.5595703125,2.2724549770355225,3.0900914669036865,1.4092246294021606
17767.609375,15242.5185546875,2.901370048522949,2.116579294204712,1.6117641925811768
16198.341796875,13683.3037109375,2.824049234390259,2.176753282546997,1.463667392730713
17892.474609375,15278.4990234375,2.052870035171509,3.1470093727111816,1.4035823345184326
16680.494140625,14084.1572265625,2.036837100982666,3.1270437240600586,1.439591646194458
16874.732421875,14457.4541015625,2.794489860534668,2.006488800048828,1.6788281202316284
16107.99609375,13713.39453125,2.9396560192108154,1.82072913646698,1.440919041633606
17065.64453125,14609.7158203125,2.197011709213257,2.6837103366851807,1.5568677186965942
16431.724609375,13935.615234375,2.0838871002197266,2.8798575401306152,1.423638939857483
16535.03515625,14124.958984375,2.8143563270568848,1.9693797826766968,1.820688247680664
15921.388671875,13535.4072265625,3.0038747787475586,1.7376357316970825,1.5226600170135498
16477.962890625,14099.3720703125,2.2992587089538574,2.425527334213257,1.6197967529296875
15538.3076171875,13123.572265625,2.1178627014160156,2.6810967922210693,1.5255317687988281
16431.5234375,14071.9931640625,2.680623769760132,2.0031657218933105,1.7636538743972778
15507.216796875,13181.9130859375,2.7652461528778076,1.849366307258606,1.7997294664382935
15861.9658203125,13574.2353515625,2.121307373046875,2.424480438232422,1.4837292432785034
14852.3671875,12577.0771484375,1.9720584154129028,2.547420024871826,1.5550665855407715
16400.01171875,14227.8408203125,2.436124086380005,1.8762054443359375,1.6005481481552124
15165.3359375,13028.1552734375,2.4632787704467773,1.7770640850067139,1.700856328010559
16060.4560546875,13923.3125,1.8863903284072876,2.357135534286499,1.5381306409835815
14804.8974609375,12675.828125,1.8087464570999146,2.4187638759613037,1.5314478874206543
16233.654296875,14193.5478515625,2.338897466659546,1.7095867395401,1.5864272117614746
14798.4580078125,12757.26171875,2.4164743423461914,1.6347607374191284,1.5579547882080078
16142.0517578125,14044.53125,1.8501899242401123,2.3140814304351807,1.5384399890899658
14895.3095703125,12764.416015625,1.7931770086288452,2.436168909072876,1.6221089363098145
15778.724609375,13714.8115234375,2.4252593517303467,1.6709667444229126,1.5799369812011719
14675.537109375,12599.9599609375,2.543440341949463,1.576817274093628,1.5448405742645264
15874.7470703125,13742.94921875,1.9017962217330933,2.3316450119018555,1.5077300071716309
14826.52734375,12658.412109375,1.8034782409667969,2.4974260330200195,1.7663270235061646
15659.1376953125,13578.0380859375,2.451641082763672,1.6772462129592896,1.665592074394226
14764.3173828125,12693.40234375,2.549921989440918,1.560795545578003,1.5555773973464966
15462.8369140625,13358.291015625,1.8406208753585815,2.3377623558044434,1.5354350805282593
14480.435546875,12354.3681640625,1.7067416906356812,2.508864402770996,1.826412558555603
15600.2080078125,13598.5947265625,2.3132126331329346,1.6524810791015625,1.876641869544983
14573.177734375,12597.0400390625,2.415534734725952,1.505879282951355,1.5430203676223755
15212.3271484375,13217.287109375,1.7507362365722656,2.2068257331848145,1.625892996788025
14180.646484375,12175.7021484375,1.6342003345489502,2.3412904739379883,1.7198840379714966
15338.2568359375,13438.474609375,2.2059597969055176,1.5541428327560425,1.9729995727539062
14184.3701171875,12299.96875,2.30747127532959,1.4302659034729004,1.5532783269882202
15184.8310546875,13276.150390625,1.709998607635498,2.074889898300171,1.6236538887023926
14113.1220703125,12189.9462890625,1.6306904554367065,2.183103322982788,1.6278889179229736
15087.2294921875,13230.837890625,2.1951234340667725,1.4804621934890747,1.8598599433898926
14033.66015625,12173.4208984375,2.2709152698516846,1.4177347421646118,1.591434359550476
15029.640625,13125.8837890625,1.6922545433044434,2.0839650630950928,1.5646659135818481
13971.8525390625,12046.8134765625,1.6477470397949219,2.170367956161499,1.5981431007385254
15048.130859375,13183.5126953125,2.2408483028411865,1.454688310623169,1.6849170923233032
14041.966796875,12176.5810546875,2.26765775680542,1.431068778038025,1.6022906303405762
14821.482421875,12903.8408203125,1.6400054693222046,2.1636159420013428,1.58311128616333
13827.337890625,11894.82421875,1.6193431615829468,2.213527202606201,1.607835292816162
14983.9921875,13128.2353515625,2.261420249938965,1.418392539024353,1.5850273370742798
13999.5869140625,12154.1728515625,2.2567358016967773,1.4024945497512817,1.579866886138916
14697.310546875,12801.4208984375,1.5705761909484863,2.1877739429473877,1.671481966972351
13774.265625,11866.912109375,1.5648016929626465,2.2170073986053467,1.6449310779571533
14797.4130859375,12971.2099609375,2.2478854656219482,1.3730982542037964,1.5711207389831543
13859.3076171875,12037.603515625,2.2626426219940186,1.3494811058044434,1.5642247200012207
14573.259765625,12701.22265625,1.5649126768112183,2.143636465072632,1.7762610912322998
13685.30078125,11795.6083984375,1.5543018579483032,2.1910879611968994,1.6997287273406982
14610.57421875,12792.2744140625,2.244570016860962,1.359920620918274,1.6055068969726562
13736.92578125,11906.4482421875,2.3019163608551025,1.3277435302734375,1.5647526979446411
14393.59765625,12504.75,1.6273845434188843,2.112771987915039,1.8769710063934326
13534.8193359375,11622.03125,1.5851173400878906,2.205291509628296,1.7584095001220703
14570.60546875,12732.36328125,2.244518518447876,1.3990544080734253,1.6456012725830078
13739.02734375,11882.4619140625,2.3335371017456055,1.348145604133606,1.5724830627441406
14193.4326171875,12270.6943359375,1.6864380836486816,2.120190382003784,1.9424190521240234
13375.990234375,11429.7412109375,1.607631802558899,2.248667001724243,1.810007095336914
14572.45703125,12715.8740234375,2.2356836795806885,1.4441640377044678,1.6659525632858276
13773.72265625,11904.7392578125,2.335153341293335,1.3710869550704956,1.5862953662872314
13932.9306640625,11999.0615234375,1.692591905593872,2.136072874069214,1.9537227153778076
13238.3349609375,11284.5244140625,1.5958672761917114,2.275177001953125,1.828790307044983
14372.3466796875,12522.1689453125,2.2124948501586914,1.4547573328018188,1.6552094221115112
13682.900390625,11832.0322265625,2.301785469055176,1.3680787086486816,1.5935171842575073
13687.8740234375,11784.5859375,1.640283226966858,2.127431631088257,1.9430218935012817
13198.341796875,11277.2001953125,1.5519027709960938,2.2542502880096436,1.8065414428710938
13952.4833984375,12131.01171875,2.181398868560791,1.4288581609725952,1.6342711448669434
13394.66015625,11576.5322265625,2.259990930557251,1.344414234161377,1.592537760734558
13601.369140625,11739.6484375,1.580965518951416,2.103220224380493,1.9628264904022217
13166.0107421875,11285.5869140625,1.510980486869812,2.2145698070526123,1.7648868560791016
13584.4931640625,11788.5146484375,2.165335178375244,1.394087314605713,1.6267963647842407
13046.310546875,11246.5078125,2.2511484622955322,1.316392183303833,1.6032675504684448
13539.193359375,11694.7587890625,1.5648188591003418,2.0840985774993896,1.9975570440292358
12992.5966796875,11129.3583984375,1.498698353767395,2.1932713985443115,1.725289225578308
13423.595703125,11640.107421875,2.172856330871582,1.3614481687545776,1.6336250305175781
12855.880859375,11058.13671875,2.2736802101135254,1.2891265153884888,1.634128212928772
13364.609375,11512.5146484375,1.5779579877853394,2.0862200260162354,2.0006027221679688
12768.7119140625,10901.7744140625,1.497942328453064,2.201852798461914,1.7040480375289917
13449.84375,11674.1630859375,2.1836557388305664,1.3349714279174805,1.6366775035858154
12855.4921875,11058.1884765625,2.290332078933716,1.2707020044326782,1.6787031888961792
13301.6884765625,11434.8623046875,1.5763832330703735,2.1187148094177246,1.9277557134628296
12729.8671875,10850.62890625,1.486775279045105,2.2376511096954346,1.7025196552276611
13543.953125,11771.52734375,2.1852636337280273,1.3269410133361816,1.63234281539917
12867.01953125,11068.1083984375,2.2880845069885254,1.275411605834961,1.7163517475128174
13498.798828125,11617.68359375,1.5511752367019653,2.1752562522888184,1.7898986339569092
12840.3173828125,10943.0849609375,1.4720250368118286,2.2884438037872314,1.6998176574707031
13709.345703125,11933.7978515625,2.186197519302368,1.331688404083252,1.6604968309402466
12920.509765625,11115.5380859375,2.28513240814209,1.2900974750518799,1.7356541156768799
13654.984375,11761.3369140625,1.5356547832489014,2.2179806232452393,1.6829934120178223
12863.89453125,10944.2353515625,1.4756144285202026,2.3300273418426514,1.683753252029419
13958.41015625,12172.634765625,2.201096534729004,1.3355339765548706,1.7459594011306763
13083.2255859375,11272.7509765625,2.297558307647705,1.288082242012024,1.7654128074645996
13576.7763671875,11681.5615234375,1.5526608228683472,2.2044618129730225,1.6653212308883667
12883.8505859375,10945.5361328125,1.4970554113388062,2.3461968898773193,1.6688029766082764
13929.0,12121.099609375,2.218872308731079,1.3589718341827393,1.897821307182312
13265.7744140625,11451.16796875,2.31929612159729,1.2730807065963745,1.8417835235595703
13081.1435546875,11202.2001953125,1.5985145568847656,2.1244516372680664,1.7459912300109863
12706.498046875,10777.0556640625,1.5154426097869873,2.3097922801971436,1.6824722290039062
13729.9580078125,11921.7666015625,2.2038252353668213,1.3694013357162476,2.157799005508423
13347.3125,11560.9833984375,2.295342206954956,1.2376151084899902,1.9850502014160156
12384.54296875,10561.6845703125,1.6141705513000488,1.9932703971862793,1.9137420654296875
12334.8994140625,10465.4912109375,1.4886478185653687,2.2155814170837402,1.7293492555618286
13420.9033203125,11663.759765625,2.1165900230407715,1.348263144493103,2.4716455936431885
13273.8837890625,11559.2568359375,2.18852162361145,1.1971482038497925,2.17915940284729
11314.6044921875,9583.37109375,1.593543529510498,1.8277310132980347,2.0596046447753906
11746.61328125,9993.7724609375,1.4176021814346313,2.052794933319092,1.764260172843933
12814.9267578125,11180.552734375,1.9220982789993286,1.2953635454177856,2.5643107891082764
13757.7197265625,12180.9912109375,1.9896531105041504,1.115433692932129,2.4184417724609375
8651.3671875,7067.74853515625,1.5792557001113892,1.5499438047409058,1.9018492698669434
10760.423828125,9275.9521484375,1.2579447031021118,1.6748378276824951,1.8080521821975708
11295.134765625,10010.67578125,1.5221174955368042,1.0050159692764282,2.08920955657959
13903.15625,12741.67578125,1.4707661867141724,0.8119995594024658,2.009807825088501
7113.8876953125,5978.32177734375,1.1944069862365723,1.0394924879074097,1.8616083860397339
19989.3046875,18957.333984375,0.8174495697021484,1.1922619342803955,2.711615562438965
11813.6611328125,10782.1474609375,0.8492233753204346,1.1691412925720215,2.233126163482666
23350.9609375,22318.283203125,1.2388046979904175,0.7807590961456299,2.289594888687134
28646.583984375,27343.658203125,1.5594497919082642,1.0060529708862305,2.0174643993377686
10272.734375,8272.078125,1.7362223863601685,2.230354070663452,1.7367914915084839
23967.54296875,21626.19140625,1.7056400775909424,2.9475464820861816,1.4757614135742188
25925.619140625,23256.955078125,2.1786229610443115,3.1299729347229004,1.4365626573562622
11548.9052734375,8394.6953125,3.5683858394622803,2.710575580596924,1.4729251861572266
25945.794921875,22587.974609375,4.623358726501465,2.0673110485076904,1.2486919164657593
29949.9609375,26250.3515625,5.022751331329346,2.3526341915130615,1.19153892993927
23449.376953125,19115.580078125,4.809540271759033,3.8352766036987305,1.138921856880188
16807.810546875,11869.15625,4.699738502502441,5.155741214752197,1.0913949012756348
27575.181640625,23242.708984375,4.6992573738098145,3.940875768661499,1.2406785488128662
26998.22265625,23059.189453125,4.70631742477417,3.14692759513855,1.2410861253738403
29586.1953125,25838.580078125,4.481163501739502,2.9829535484313965,1.5556617975234985
26658.669921875,22780.611328125,4.398577690124512,3.3274526596069336,1.5042608976364136
20140.07421875,15928.7353515625,4.448371887207031,3.9538609981536865,1.0223323106765747
19720.4296875,15382.9912109375,4.509653091430664,4.144917011260986,1.0154930353164673
19253.40625,15067.55078125,4.3791093826293945,3.969452142715454,1.1574246883392334
16556.455078125,12546.146484375,4.248501777648926,3.7412073612213135,1.545535683631897
21002.837890625,17273.876953125,3.9885377883911133,3.442946672439575,1.3218189477920532
17518.99609375,14069.7744140625,3.7307517528533936,3.140726327896118,1.3481721878051758
21642.298828125,18630.892578125,3.3760986328125,2.6163344383239746,1.519006371498108
19934.884765625,17147.580078125,3.332170248031616,2.208674669265747,1.6882370710372925
17275.6875,14538.04296875,3.4434118270874023,1.9993332624435425,1.627130389213562
15372.0224609375,12678.5498046875,3.292663812637329,2.0627448558807373,1.5768624544143677
18242.224609375,15613.2802734375,2.8934977054595947,2.3330507278442383,1.5670247077941895
15893.2705078125,13216.8408203125,2.6547372341156006,2.6687841415405273,1.4668740034103394
18665.013671875,15910.2900390625,2.6148717403411865,2.8646957874298096,1.4939942359924316
17345.5390625,14475.8896484375,2.6594159603118896,3.051002264022827,1.4439631700515747
15331.6513671875,12337.9990234375,2.71836256980896,3.2330572605133057,1.7942031621932983
14132.6162109375,11056.2626953125,2.7871110439300537,3.3309290409088135,1.733264446258545
17456.796875,14431.3525390625,2.8732666969299316,3.1503255367279053,1.3648933172225952
15150.90625,12227.09765625,2.8885929584503174,2.930671453475952,1.4175715446472168
15519.431640625,12771.32421875,2.7838797569274902,2.6851301193237305,1.3602488040924072
14125.3662109375,11472.4716796875,2.6863908767700195,2.588534355163574,1.5431675910949707
15314.5380859375,12690.71875,2.659780740737915,2.553971290588379,1.6943649053573608
13290.6220703125,10732.517578125,2.580890417098999,2.5007669925689697,1.7276421785354614
16116.0576171875,13715.7197265625,2.4368715286254883,2.332732915878296,1.5536268949508667
14228.685546875,11895.54296875,2.4350461959838867,2.2022247314453125,1.4507144689559937
14679.4189453125,12374.984375,2.499755859375,2.0788919925689697,1.5110043287277222
13164.318359375,10902.587890625,2.4224157333374023,2.072098731994629,1.4472575187683105
15571.07421875,13406.765625,2.153129816055298,2.1406407356262207,1.7423241138458252
13824.810546875,11680.796875,2.028055429458618,2.2273025512695312,1.6335135698318481
14822.3525390625,12701.9345703125,2.0031635761260986,2.208340644836426,1.4666080474853516
13038.6513671875,10954.8212890625,1.9750981330871582,2.1630942821502686,1.4732959270477295
15155.5595703125,13153.35546875,1.9156171083450317,2.0556962490081787,1.6547648906707764
13110.2080078125,11096.677734375,1.9995155334472656,1.99713933467865,1.5202652215957642
14699.4228515625,12635.05078125,2.128934144973755,1.9704723358154297,1.466911792755127
13202.2626953125,11084.2939453125,2.199284791946411,2.0076963901519775,1.447879433631897
14122.3642578125,11991.56640625,2.222921371459961,2.0032081604003906,1.7733575105667114
12647.443359375,10462.490234375,2.3264992237091064,2.0100507736206055,1.667747139930725
14677.6630859375,12443.708984375,2.430373191833496,2.0075337886810303,1.5000815391540527
13278.8896484375,11016.8369140625,2.4445509910583496,2.050266981124878,1.464340329170227
13767.458984375,11523.7734375,2.3724915981292725,2.0813024044036865,1.6788703203201294
12571.4521484375,10316.0341796875,2.3305716514587402,2.144352436065674,1.7955628633499146
14207.8759765625,11959.1533203125,2.3158352375030518,2.153074026107788,1.4268758296966553
12925.6943359375,10704.697265625,2.2820165157318115,2.1317460536956787,1.4115986824035645
13609.25,11454.9501953125,2.1988325119018555,2.0800042152404785,1.4881091117858887
12333.22265625,10202.376953125,2.136147975921631,2.094677448272705,1.5433554649353027
13696.6259765625,11593.7431640625,2.1094584465026855,2.0668485164642334,1.4729225635528564
12160.4228515625,10098.0185546875,2.0970075130462646,1.9978764057159424,1.4961895942687988
13693.703125,11711.150390625,2.0356595516204834,1.8959730863571167,1.67360258102417
12147.3583984375,10196.0390625,1.9759608507156372,1.8942290544509888,1.622506022453308
13454.7158203125,11526.52734375,1.9204497337341309,1.9058362245559692,1.5045738220214844
11919.7099609375,10012.5322265625,1.8658877611160278,1.9179370403289795,1.5265469551086426
13558.15625,11707.283203125,1.7983852624893188,1.8702086210250854,1.657629132270813
12017.76953125,10174.662109375,1.8037022352218628,1.8516745567321777,1.541892170906067
13363.974609375,11519.9443359375,1.8306368589401245,1.827572226524353,1.4925991296768188
11849.599609375,10000.982421875,1.8293654918670654,1.837739109992981,1.5064281225204468
13431.4228515625,11616.6044921875,1.7843033075332642,1.8107936382293701,1.7269439697265625
11871.490234375,10043.212890625,1.8198901414871216,1.8045021295547485,1.6081271171569824
13323.51953125,11477.828125,1.8834853172302246,1.777966022491455,1.4965662956237793
11805.6953125,9951.0009765625,1.9009791612625122,1.7785309553146362,1.4939883947372437
13215.767578125,11400.4365234375,1.84636390209198,1.7480895519256592,1.8104573488235474
11736.4072265625,9912.54296875,1.8637473583221436,1.750365138053894,1.6807750463485718
13071.6396484375,11231.9521484375,1.9150141477584839,1.734920859336853,1.4719367027282715
11627.1728515625,9781.80078125,1.9309536218643188,1.730286717414856,1.475156307220459
13036.1162109375,11233.091796875,1.8740154504776,1.698823094367981,1.6605286598205566
11582.5517578125,9771.22265625,1.863358974456787,1.7248822450637817,1.7208069562911987
12983.947265625,11160.0556640625,1.8822264671325684,1.7359508275985718,1.4802814722061157
11539.62109375,9713.853515625,1.8889256715774536,1.7330361604690552,1.478744626045227
12982.697265625,11198.6748046875,1.8447529077529907,1.6904984712600708,1.6396145820617676
11586.912109375,9795.484375,1.8278698921203613,1.7210932970046997,1.6945972442626953
12781.5234375,10977.42578125,1.827114224433899,1.7512736320495605,1.4904075860977173
11394.2001953125,9590.4345703125,1.8186557292938232,1.7592692375183105,1.480241060256958
12887.7255859375,11127.2255859375,1.7745932340621948,1.7140979766845703,1.6154121160507202
11506.85546875,9743.2333984375,1.762719988822937,1.7323912382125854,1.6066734790802002
12575.6533203125,10803.0693359375,1.7753944396972656,1.7398663759231567,1.4954406023025513
11214.8193359375,9448.1435546875,1.7815773487091064,1.7214820384979248,1.5146297216415405
12744.02734375,11027.3681640625,1.7434207201004028,1.6566921472549438,1.6602349281311035
11361.703125,9651.3818359375,1.7256970405578613,1.6637492179870605,1.5597813129425049
12425.75390625,10713.5615234375,1.7262390851974487,1.6683367490768433,1.490400791168213
11082.7119140625,9379.484375,1.7223765850067139,1.6536885499954224,1.5195057392120361
12558.6513671875,10905.13671875,1.6776447296142578,1.5947476625442505,1.7318345308303833
11168.96875,9522.6328125,1.6586967706680298,1.6028132438659668,1.5580742359161377
12335.22265625,10687.0693359375,1.6553550958633423,1.6109604835510254,1.4996063709259033
10961.990234375,9318.81640625,1.64850652217865,1.6075026988983154,1.516885757446289
12420.0791015625,10820.9169921875,1.6051918268203735,1.5567172765731812,1.8208096027374268
10997.3408203125,9401.4375,1.5990978479385376,1.5604584217071533,1.6124645471572876
12287.603515625,10688.1787109375,1.6105155944824219,1.5579530000686646,1.5190072059631348
10894.4013671875,9294.93359375,1.6166473627090454,1.5521481037139893,1.507009506225586
12258.560546875,10695.890625,1.5806918144226074,1.5080043077468872,1.8321785926818848
10833.54296875,9268.244140625,1.5788272619247437,1.5185219049453735,1.662421703338623
12230.2177734375,10658.0693359375,1.5950604677200317,1.5190353393554688,1.510064959526062
10817.173828125,9239.6162109375,1.609214425086975,1.5160578489303589,1.4921836853027344
12135.4638671875,10588.16796875,1.5805052518844604,1.4786864519119263,1.7699966430664062
10726.4921875,9170.505859375,1.5792018175125122,1.49863862991333,1.7066128253936768
12134.6728515625,10569.9384765625,1.5949088335037231,1.5047470331192017,1.4905803203582764
10730.14453125,9158.7646484375,1.6114928722381592,1.5015194416046143,1.4874080419540405
12037.103515625,10494.392578125,1.5871453285217285,1.4642926454544067,1.6992454528808594
10647.9384765625,9094.3330078125,1.582173466682434,1.491143822669983,1.6946600675582886
12024.580078125,10461.9208984375,1.5909507274627686,1.5045894384384155,1.4888825416564941
10638.6640625,9073.08203125,1.6002033948898315,1.5012421607971191,1.4859333038330078
11942.8583984375,10409.95703125,1.5731502771377563,1.4596893787384033,1.6481285095214844
10581.3876953125,9040.05078125,1.5647419691085815,1.485002040863037,1.6465119123458862
11879.5986328125,10330.5732421875,1.5703891515731812,1.497827410697937,1.4917380809783936
10527.5947265625,8981.2255859375,1.5725460052490234,1.4903285503387451,1.49317467212677
11813.2373046875,10305.06640625,1.540709376335144,1.442626714706421,1.6503009796142578
10465.080078125,8952.5556640625,1.5310420989990234,1.4617291688919067,1.6138983964920044
11750.16015625,10232.095703125,1.5364108085632324,1.4698753356933594,1.4921406507492065
10409.732421875,8896.7109375,1.5338568687438965,1.4621119499206543,1.5037167072296143
11665.0087890625,10191.2978515625,1.497127890586853,1.4168387651443481,1.6727924346923828
10310.7646484375,8834.63671875,1.4859107732772827,1.434447169303894,1.5949223041534424
11659.0927734375,10179.681640625,1.490910291671753,1.438029170036316,1.4941277503967285
10313.1962890625,8838.9208984375,1.4883086681365967,1.4299854040145874,1.5128216743469238
11505.5205078125,10068.8427734375,1.4533389806747437,1.385890245437622,1.7063510417938232
10148.4072265625,8710.2412109375,1.4446643590927124,1.3997883796691895,1.5939666032791138
11572.04296875,10132.8193359375,1.4500222206115723,1.3984923362731934,1.4966925382614136
10202.7626953125,8767.291015625,1.4497541189193726,1.3908913135528564,1.5149403810501099
11385.611328125,9984.48046875,1.4189984798431396,1.3488266468048096,1.7218552827835083
10022.705078125,8618.478515625,1.413856029510498,1.3626643419265747,1.5966655015945435
11464.2255859375,10058.0478515625,1.4207324981689453,1.3617318868637085,1.4945489168167114
10079.4248046875,8674.19921875,1.4237803220748901,1.3564198017120361,1.5126434564590454
11302.4443359375,9928.5068359375,1.3963936567306519,1.3171378374099731,1.7171599864959717
9942.505859375,8562.734375,1.3934788703918457,1.33408784866333,1.5987956523895264
11330.6923828125,9946.2255859375,1.403462290763855,1.3356026411056519,1.4934865236282349
9961.9111328125,8576.166015625,1.4108448028564453,1.3303810358047485,1.5132092237472534
11215.8671875,9859.970703125,1.384904384613037,1.2930138111114502,1.6937791109085083
9879.681640625,8516.1064453125,1.3807973861694336,1.314510703086853,1.592106580734253
11183.5673828125,9813.0,1.392988681793213,1.3182940483093262,1.4925708770751953
9863.5517578125,8491.4130859375,1.4033359289169312,1.3105976581573486,1.5172016620635986
11089.8134765625,9747.7392578125,1.376046061515808,1.2748302221298218,1.6635499000549316
9796.5361328125,8446.6591796875,1.3680232763290405,1.3002680540084839,1.5731391906738281
11046.3486328125,9688.9541015625,1.3815287351608276,1.3033757209777832,1.4942481517791748
9792.126953125,8434.24609375,1.3939458131790161,1.2912136316299438,1.5301071405410767
10915.0322265625,9587.45703125,1.3640456199645996,1.2582515478134155,1.6426838636398315
9688.1923828125,8353.734375,1.3503203392028809,1.2875428199768066,1.5525981187820435
10903.9013671875,9562.9814453125,1.3631962537765503,1.2886526584625244,1.4995166063308716
9716.66015625,8376.982421875,1.3761928081512451,1.2721363306045532,1.5513087511062622
10727.29296875,9417.9716796875,1.3435956239700317,1.2424569129943848,1.6295104026794434
9575.3349609375,8260.4521484375,1.3258041143417358,1.273213267326355,1.5373951196670532
10741.759765625,9422.177734375,1.339159369468689,1.2698761224746704,1.506465196609497
9613.8017578125,8297.1875,1.3530523777008057,1.2486950159072876,1.5740090608596802
10567.4814453125,9281.1708984375,1.3185979127883911,1.22178316116333,1.6119837760925293
9481.5556640625,8190.16064453125,1.2992393970489502,1.253016710281372,1.526700496673584
10567.9814453125,9272.2568359375,1.313442587852478,1.2476383447647095,1.5184166431427002
9495.9931640625,8203.5556640625,1.327621340751648,1.2252910137176514,1.5981045961380005
10437.884765625,9175.17578125,1.2921111583709717,1.2015568017959595,1.5874592065811157
9395.2255859375,8126.99560546875,1.273861050605774,1.2322211265563965,1.5188660621643066
10430.58984375,9157.48828125,1.2894247770309448,1.2260233163833618,1.5377647876739502
9401.287109375,8130.5966796875,1.3037735223770142,1.205223560333252,1.6191189289093018
10328.6416015625,9086.318359375,1.2688430547714233,1.1846712827682495,1.5566372871398926
9310.431640625,8061.4814453125,1.253780722618103,1.2138957977294922,1.5111428499221802
10343.5576171875,9088.7353515625,1.270975947380066,1.20735764503479,1.5655014514923096
9331.7626953125,8078.14501953125,1.285264492034912,1.1892391443252563,1.6366368532180786
10243.95703125,9017.578125,1.2514266967773438,1.1707814931869507,1.5274689197540283
9230.490234375,7996.349609375,1.2395200729370117,1.19868803024292,1.5036938190460205
10290.97265625,9049.552734375,1.2575874328613281,1.193250298500061,1.6000542640686035
9274.685546875,8033.63720703125,1.271012783050537,1.1780697107315063,1.6506611108779907
10174.6943359375,8961.0087890625,1.2377229928970337,1.1595568656921387,1.5045758485794067
9151.412109375,7929.89501953125,1.2272839546203613,1.1858298778533936,1.4959574937820435
10251.3623046875,9021.818359375,1.2446208000183105,1.1818004846572876,1.633307933807373
9223.0595703125,7994.17041015625,1.2563881874084473,1.1681008338928223,1.6644304990768433
10098.4609375,8898.447265625,1.223260521888733,1.146955966949463,1.4905041456222534
9066.154296875,7859.62939453125,1.2124066352844238,1.1708530187606812,1.4894999265670776
10206.5546875,8992.3115234375,1.2272895574569702,1.1680561304092407,1.6569911241531372
9172.7177734375,7960.16064453125,1.2369458675384521,1.1545792818069458,1.6793708801269531
10003.279296875,8821.4541015625,1.2042092084884644,1.1297849416732788,1.4828475713729858
8975.3369140625,7788.896484375,1.1918983459472656,1.1512856483459473,1.4848545789718628
10148.7001953125,8955.45703125,1.2032008171081543,1.1499606370925903,1.6661925315856934
9123.5908203125,7932.81884765625,1.2112234830856323,1.136415958404541,1.6952617168426514
9893.4609375,8734.37109375,1.1802006959915161,1.1083934307098389,1.4792709350585938
8888.9775390625,7726.68017578125,1.167057991027832,1.1278958320617676,1.4819965362548828
10074.9169921875,8906.5283203125,1.175075888633728,1.1284502744674683,1.6625758409500122
9073.0537109375,7907.02197265625,1.1828147172927856,1.1150468587875366,1.7100826501846313
9784.07421875,8649.3525390625,1.1552231311798096,1.084670066833496,1.4775371551513672
8815.576171875,7678.0595703125,1.1426650285720825,1.102767825126648,1.4799972772598267
9989.53515625,8845.98046875,1.1481502056121826,1.1058971881866455,1.6531543731689453
9017.380859375,7875.2265625,1.1563763618469238,1.0934709310531616,1.7230857610702515
9690.23046875,8578.21484375,1.1328476667404175,1.0616711378097534,1.4755845069885254
8756.7880859375,7641.619140625,1.1219667196273804,1.0788100957870483,1.4780606031417847
9902.0859375,8780.4052734375,1.125553011894226,1.0849018096923828,1.6452832221984863
8955.984375,7834.38330078125,1.1340525150299072,1.0744444131851196,1.735245943069458
9619.03515625,8526.3818359375,1.1138949394226074,1.0419704914093018,1.472029447555542
8709.609375,7613.1669921875,1.105159878730774,1.0582020282745361,1.4761828184127808
9821.0029296875,8717.4150390625,1.1074119806289673,1.0668686628341675,1.6447091102600098
8890.990234375,7786.24951171875,1.1154440641403198,1.0590415000915527,1.74979829788208
9570.2041015625,8493.6806640625,1.0972256660461426,1.0264891386032104,1.4666489362716675
8670.4677734375,7589.55908203125,1.0907254219055176,1.0415973663330078,1.474661946296692
9750.9560546875,8662.28125,1.0926016569137573,1.0517076253890991,1.652085542678833
8826.1826171875,7735.322265625,1.0998526811599731,1.0465010404586792,1.7683354616165161
9539.2255859375,8476.3115234375,1.0821747779846191,1.0144439935684204,1.4604483842849731
8637.7548828125,7569.90478515625,1.0775023698806763,1.028708577156067,1.4745090007781982
9691.9619140625,8615.693359375,1.0798704624176025,1.039353847503662,1.6656547784805298
8765.5107421875,7686.2001953125,1.086710810661316,1.036054253578186,1.7928019762039185
9519.3330078125,8468.0849609375,1.0687874555587769,1.004617691040039,1.4546303749084473
8611.0478515625,7554.36572265625,1.064983606338501,1.0188498497009277,1.4765706062316895
9641.2138671875,8575.4833984375,1.0680732727050781,1.02975594997406,1.6815624237060547
8712.08984375,7642.68017578125,1.0753912925720215,1.0269570350646973,1.8235130310058594
9504.41015625,8463.51953125,1.057297945022583,0.9954957962036133,1.4494576454162598
8591.6083984375,7544.85302734375,1.053138256072998,1.0107395648956299,1.4816842079162598
9594.2763671875,8537.85546875,1.0564650297164917,1.0224312543869019,1.6973129510879517
8667.3134765625,7606.76904296875,1.0653175115585327,1.0185414552688599,1.861514925956726
9491.712890625,8460.3701171875,1.0478531122207642,0.9859321117401123,1.4449925422668457
8582.2958984375,7544.61376953125,1.0422015190124512,1.0033437013626099,1.4909039735794067
9547.6748046875,8499.55859375,1.044784426689148,1.0172004699707031,1.712424397468567
8632.1376953125,7579.50048828125,1.0559804439544678,1.0111466646194458,1.9073315858840942
9480.970703125,8458.28515625,1.040359616279602,0.9761847853660583,1.4413471221923828
8585.6025390625,7555.9736328125,1.0327454805374146,0.9964069128036499,1.5053147077560425
9500.015625,8458.9384765625,1.0337605476379395,1.0138344764709473,1.727936863899231
8606.7109375,7560.65283203125,1.0475941896438599,1.0052865743637085,1.961714267730713
9472.80859375,8457.4052734375,1.0348594188690186,0.967166543006897,1.4390223026275635
8600.705078125,7577.6669921875,1.0254120826721191,0.9901447296142578,1.5259926319122314
9453.9677734375,8418.365234375,1.0243449211120605,1.0119608640670776,1.7449467182159424
8591.8193359375,7550.71728515625,1.040411353111267,1.0012942552566528,2.024923801422119
9466.2021484375,8456.3525390625,1.0309993028640747,0.9599283337593079,1.4385977983474731
8622.94140625,7604.78857421875,1.020133137702942,0.9850900769233704,1.5540738105773926
9414.64453125,8383.0322265625,1.0168185234069824,1.0111331939697266,1.7636557817459106
8588.6103515625,7551.00048828125,1.0343488454818726,0.9989206790924072,2.097543239593506
9457.783203125,8451.8759765625,1.0281935930252075,0.9548183679580688,1.440178632736206
8645.0400390625,7630.2626953125,1.016226887702942,0.9815202355384827,1.5903507471084595
9387.369140625,8358.787109375,1.0106825828552246,1.0108197927474976,1.7830990552902222
8597.4501953125,7562.47314453125,1.0290530920028687,0.9973066449165344,2.1796796321868896
9444.111328125,8441.06640625,1.0259305238723755,0.9512954950332642,1.443131923675537
8660.859375,7648.44482421875,1.0127695798873901,0.9793582558631897,1.6350536346435547
9373.8515625,8348.0029296875,1.0050090551376343,1.0106492042541504,1.8019884824752808
8615.3408203125,7582.82470703125,1.0241965055465698,0.9954279065132141,2.270385503768921
9425.3095703125,8424.7021484375,1.0240119695663452,0.9482689499855042,1.4466437101364136
8668.70703125,7658.17919921875,1.0090657472610474,0.9782394766807556,1.6874706745147705
9369.99609375,8346.9921875,0.999051034450531,1.0105624198913574,1.819773554801941
8634.8212890625,7604.9951171875,1.0196800231933594,0.9926360845565796,2.3667731285095215
9406.1083984375,8408.0205078125,1.0224848985671997,0.9446831345558167,1.450423002243042
8671.1220703125,7662.41357421875,1.00489342212677,0.9776081442832947,1.7458176612854004
9367.7392578125,8347.78515625,0.9926194548606873,1.0105482339859009,1.8369660377502441
8646.21484375,7619.3984375,1.0155940055847168,0.9887518286705017,2.4643211364746094
9392.3330078125,8397.14453125,1.0213459730148315,0.9399300217628479,1.455083966255188
8670.169921875,7663.4716796875,1.0003859996795654,0.9768623113632202,1.807441234588623
9360.853515625,8344.1005859375,0.985954999923706,1.0104525089263916,1.85486900806427
8642.8134765625,7619.26708984375,1.0118721723556519,0.984043538570404,2.5588834285736084
9384.0244140625,8392.2119140625,1.0202645063400269,0.9341304302215576,1.4614982604980469
8661.9619140625,7657.6015625,0.9957432150840759,0.9755811095237732,1.8698102235794067
9348.716796875,8335.42578125,0.9793481826782227,1.0097397565841675,1.874699354171753
8624.0595703125,7604.18408203125,1.0080755949020386,0.9786821007728577,2.6497151851654053
9371.7646484375,8383.9560546875,1.018492579460144,0.9277284741401672,1.469862461090088
8637.18359375,7635.7314453125,0.990817666053772,0.9734375476837158,1.932438611984253
9331.66796875,8322.6484375,0.9726713299751282,1.0074408054351807,1.896419882774353
8592.50390625,7577.333984375,1.0032910108566284,0.9722275137901306,2.741142511367798
9340.8046875,8358.224609375,1.0147324800491333,0.9208389520645142,1.4793938398361206
8588.9814453125,7591.755859375,0.984575629234314,0.9699106216430664,1.9982320070266724
9302.1171875,8299.2470703125,0.9650769829750061,1.002297282218933,1.9182261228561401
8547.896484375,7539.62060546875,0.9962828159332275,0.9634542465209961,2.840747594833374
9280.8828125,8306.0234375,1.0072029829025269,0.9127311706542969,1.4892162084579468
8520.6689453125,7530.3876953125,0.9750284552574158,0.9640767574310303,2.0728628635406494
9244.794921875,8251.2197265625,0.955171525478363,0.9932276010513306,1.9376144409179688
8486.8447265625,7488.7578125,0.9859611988067627,0.9511152505874634,2.9548704624176025
9192.7490234375,8229.380859375,0.994274377822876,0.9024689197540283,1.4996215105056763
8443.2587890625,7463.95654296875,0.9603002667427063,0.9550706744194031,2.161754608154297
9151.6591796875,8171.20947265625,0.9421411156654358,0.9796693921089172,1.9543488025665283
8410.51953125,7426.01611328125,0.9722548127174377,0.9350395202636719,3.085639238357544
9084.6533203125,8136.4501953125,0.9757933020591736,0.8903629779815674,1.5124588012695312
8364.76953125,7400.31982421875,0.9404815435409546,0.9430831670761108,2.266677141189575
9034.3388671875,8070.21142578125,0.9270517230033875,0.9617180228233337,1.9742426872253418
8329.490234375,7360.5673828125,0.9566726088523865,0.9165361523628235,3.2318575382232666
8963.955078125,8032.53173828125,0.9536313414573669,0.8785833716392517,1.5315945148468018
8284.384765625,7336.626953125,0.9181747436523438,0.9296344518661499,2.3853721618652344
8913.8466796875,7967.4111328125,0.9127321839332581,0.9399137496948242,2.011275291442871
8252.83203125,7299.47216796875,0.9415737390518188,0.8973251581192017,3.3910088539123535
8838.109375,7922.60595703125,0.9303379058837891,0.8693504929542542,1.5658752918243408
8200.5498046875,7269.06982421875,0.8964767456054688,0.9161994457244873,2.514204263687134
8798.21484375,7868.953125,0.9015297293663025,0.9152514934539795,2.0870864391326904
8175.74365234375,7236.681640625,0.9283386468887329,0.8786312341690063,3.5577104091644287
8717.771484375,7816.306640625,0.9073245525360107,0.862953245639801,1.6325832605361938
8116.2451171875,7199.8564453125,0.876835823059082,0.9029691815376282,2.6486520767211914
8683.240234375,7769.58447265625,0.8934777975082397,0.8892711997032166,2.228126049041748
8091.13427734375,7164.82763671875,0.916654646396637,0.8615407347679138,3.7209208011627197
8605.58203125,7716.16357421875,0.8852964043617249,0.858462929725647,1.7538584470748901
8030.037109375,7127.6298828125,0.8598417043685913,0.8894204497337341,2.7776145935058594
8571.0390625,7670.87353515625,0.8874192833900452,0.8637425899505615,2.458484649658203
8001.47705078125,7086.18310546875,0.9058036208152771,0.8475571274757385,3.8613767623901367
8500.009765625,7620.14794921875,0.8655461668968201,0.8552453517913818,1.9466235637664795
7940.16064453125,7050.25634765625,0.8469851016998291,0.8752377033233643,2.879300832748413
8470.3330078125,7580.4970703125,0.883043110370636,0.8409530520439148,2.783790349960327
7909.22265625,7002.146484375,0.8958551287651062,0.8393334746360779,3.948176383972168
8416.5634765625,7542.73291015625,0.8500001430511475,0.8534417748451233,2.2108964920043945
7857.59228515625,6977.70361328125,0.8406398892402649,0.8606145977973938,2.926116943359375
8394.0712890625,7509.8779296875,0.8808395862579346,0.8241283893585205,3.170905351638794
7827.1181640625,6923.544921875,0.8877031803131104,0.8404375314712524,3.950289726257324
8368.697265625,7495.63134765625,0.8415669798851013,0.8545148968696594,2.502511978149414
7802.6240234375,6928.25439453125,0.8428664803504944,0.8478956818580627,2.8988072872161865
8345.5673828125,7461.45263671875,0.8806203603744507,0.8171899318695068,3.521043300628662
7783.93115234375,6878.4267578125,0.8823060393333435,0.8514436483383179,3.862917900085449
8331.6328125,7454.158203125,0.8424047827720642,0.8583385944366455,2.7102344036102295
7786.72412109375,6913.294921875,0.8513098359107971,0.8395073413848877,2.8020339012145996
8292.6015625,7406.28955078125,0.8780742883682251,0.8208605051040649,3.684490919113159
7779.2294921875,6871.69091796875,0.8766695261001587,0.8643779158592224,3.7014715671539307
8268.857421875,7389.634765625,0.8473659157752991,0.8564777374267578,2.7300915718078613
7790.25341796875,6920.59326171875,0.8545293211936951,0.831692099571228,2.6549222469329834
8213.16796875,7331.5810546875,0.8623043298721313,0.8290891051292419,3.5890450477600098
7783.20654296875,6884.052734375,0.8628906011581421,0.8657326102256775,3.484252691268921
8179.76953125,7312.427734375,0.8463723659515381,0.8369371294975281,2.5687146186828613
7781.6376953125,6926.89404296875,0.8410788178443909,0.8188337683677673,2.478729248046875
8134.509765625,7269.71923828125,0.8286195993423462,0.834828794002533,3.3066465854644775
7775.943359375,6898.404296875,0.8415270447731018,0.8488585948944092,3.234600782394409
8106.365234375,7263.6513671875,0.8382898569107056,0.800737738609314,2.319995641708374
7756.8203125,6924.74072265625,0.8146513104438782,0.8034202456474304,2.30439829826355
8100.5458984375,7258.599609375,0.7910766005516052,0.8336278796195984,2.959425926208496
7773.31494140625,6920.74169921875,0.826018750667572,0.8191540241241455,2.998668670654297
8069.138671875,7249.9970703125,0.8304935693740845,0.7665067315101624,2.0641543865203857
7750.50341796875,6937.54541015625,0.7875528931617737,0.7949008941650391,2.1731116771698
8078.892578125,7257.58935546875,0.7669020295143127,0.8233034014701843,2.620059013366699
7788.6630859375,6956.271484375,0.8239111304283142,0.7844768762588501,2.8197901248931885
8033.56396484375,7230.6845703125,0.8217057585716248,0.7471542358398438,1.8449028730392456
7789.7685546875,6991.3623046875,0.7612950801849365,0.7934783697128296,2.1019551753997803
8007.162109375,7206.1767578125,0.7551730871200562,0.8003444075584412,2.322641372680664
7806.33056640625,6994.12158203125,0.8229871988296509,0.7473228573799133,2.7054197788238525
8010.95361328125,7226.04736328125,0.7971681952476501,0.7389771938323975,1.683359980583191
7884.62548828125,7103.626953125,0.7295583486557007,0.7906299829483032,2.0904295444488525
7925.9228515625,7147.83251953125,0.7472645044326782,0.7674636840820312,2.072620153427124
7856.92578125,7066.1669921875,0.8125562071800232,0.7153052091598511,2.6828253269195557
8002.97607421875,7237.60498046875,0.7611913681030273,0.7380563616752625,1.5747028589248657
7948.826171875,7184.18408203125,0.7021417021751404,0.7840108275413513,2.1566121578216553
7948.9345703125,7192.06982421875,0.7458332180976868,0.7291573882102966,1.9369601011276245
7892.98388671875,7122.0966796875,0.7978313565254211,0.6879849433898926,2.797877311706543
8046.99609375,7300.83935546875,0.7275937795639038,0.7329431176185608,1.588836669921875
7781.234375,7028.853515625,0.6858083605766296,0.7730594277381897,2.2946951389312744
8207.3515625,7475.400390625,0.7476493716239929,0.6736788153648376,2.1286869049072266
8278.7724609375,7532.44482421875,0.7659074664115906,0.6674492359161377,2.964954137802124
7116.2294921875,6378.2109375,0.7232117056846619,0.7237539291381836,1.4535489082336426
9389.103515625,8652.4951171875,0.6639470458030701,0.759143590927124,2.506364583969116
4459.44921875,3731.334228515625,0.738707959651947,0.6921848058700562,1.2668614387512207
10060.3974609375,9487.365234375,0.6113085150718689,0.4850042462348938,2.487616539001465
6396.28515625,5891.96337890625,0.5650068521499634,0.39318838715553284,2.522416591644287
9888.4970703125,9406.08984375,0.41220661997795105,0.4804873466491699,3.606090784072876
8653.783203125,8117.99169921875,0.45027706027030945,0.571995198726654,2.4655563831329346
7468.7099609375,6833.58740234375,0.527014970779419,0.6833253502845764,2.9952590465545654
10679.234375,9979.796875,0.6446943283081055,0.692894697189331,3.064295768737793
4723.90380859375,3939.3623046875,0.7679985165596008,0.7772939801216125,1.1894952058792114
12578.119140625,11947.9189453125,0.6663703322410583,0.5600374341011047,1.6996455192565918
11361.724609375,10746.8916015625,0.7558225393295288,0.4442785084247589,1.4782649278640747
6762.4453125,6084.595703125,0.8049108386039734,0.527131974697113,1.1827994585037231
9022.0302734375,8410.365234375,0.7209296822547913,0.4682038426399231,1.7098771333694458
8469.4013671875,7843.55419921875,0.5814655423164368,0.6414710879325867,1.4378718137741089
7146.1376953125,6455.365234375,0.43494507670402527,0.9159421920776367,1.5328516960144043
8107.00341796875,7519.1357421875,0.46633803844451904,0.6847763657569885,1.2310576438903809
8412.9384765625,7883.240234375,0.6811389327049255,0.35261088609695435,1.2823723554611206
5748.052734375,5215.8984375,0.7178999781608582,0.3132706880569458,1.6568816900253296
8619.8125,8195.56640625,0.48313581943511963,0.33689171075820923,1.423281192779541
8390.78125,7984.7734375,0.3860718607902527,0.3956162631511688,1.516454815864563
4796.66015625,4312.564453125,0.3914436995983124,0.5522379279136658,1.225508213043213
10284.0888671875,9808.705078125,0.49538567662239075,0.4310731887817383,1.215427279472351
7102.46923828125,6548.04638671875,0.551616370677948,0.5317266583442688,1.2751234769821167
12419.5361328125,11838.1572265625,0.535274088382721,0.5962022542953491,1.5640145540237427
13200.8125,12537.23046875,0.6591057777404785,0.6320331692695618,1.801300048828125
14123.9140625,13300.5556640625,0.9947426319122314,0.626011848449707,1.2981019020080566
13317.3876953125,12190.2373046875,1.3688716888427734,0.8655891418457031,0.9919828772544861
9254.57421875,7688.6279296875,1.6216925382614136,1.4875434637069702,1.1328097581863403
10008.4462890625,8258.609375,1.7719206809997559,1.708889365196228,0.9431405663490295
7653.685546875,5961.1328125,2.024944305419922,1.3399300575256348,1.0115948915481567
8214.615234375,6912.185546875,1.7233531475067139,0.8546262383460999,1.3439993858337402
8154.8671875,7261.484375,1.1018657684326172,0.6569087505340576,1.39954674243927
5994.81396484375,5403.11865234375,0.6960422396659851,0.4593569040298462,1.399566650390625
9200.55078125,8798.01171875,0.47121211886405945,0.28583258390426636,2.4016411304473877
6711.72265625,6332.58642578125,0.23911486566066742,0.49010077118873596,1.4528532028198242
12581.015625,12041.4853515625,0.17674373090267181,0.8606748580932617,2.0821313858032227
10269.7724609375,9748.478515625,0.1882227063179016,0.821236252784729,1.6564327478408813
10622.4287109375,10056.0947265625,0.5329722762107849,0.561804473400116,1.894487738609314
12116.296875,11260.3994140625,0.8515767455101013,0.8303759098052979,1.4920883178710938
7148.39501953125,5880.1474609375,1.1516731977462769,1.3655046224594116,0.9658452868461609
9826.8359375,8553.380859375,1.7202682495117188,0.8075250387191772,0.9558759331703186
6948.9990234375,5714.88623046875,1.8751775026321411,0.571307897567749,1.0870212316513062
10454.5947265625,9535.951171875,1.2655518054962158,0.5459158420562744,1.2910584211349487
8780.1259765625,8059.79736328125,0.7935559749603271,0.621030867099762,1.3035283088684082
10042.3486328125,9447.1162109375,0.5305893421173096,0.6228519082069397,1.8511950969696045
11330.1806640625,10760.6181640625,0.43137454986572266,0.6784892678260803,1.4630482196807861
8414.71875,7766.9609375,0.46582090854644775,0.7993253469467163,1.5184352397918701
8247.0283203125,7547.84375,0.5767167806625366,0.7981614470481873,1.1745132207870483
9352.41015625,8612.9365234375,0.5841017365455627,0.8561845421791077,1.9330312013626099
6975.17626953125,6159.080078125,0.6300625801086426,0.9755172729492188,1.3306262493133545
10970.07421875,10227.6162109375,0.8778873682022095,0.5813358426094055,1.2846951484680176
9939.904296875,9156.3916015625,1.1052571535110474,0.4333418607711792,1.4212777614593506
9717.4296875,8869.5859375,1.151310682296753,0.5153841376304626,1.449612021446228
9259.001953125,8352.498046875,1.039137363433838,0.7321235537528992,2.0872952938079834
9203.3447265625,8310.220703125,0.8194396495819092,0.945522665977478,1.0643061399459839
6763.86865234375,5927.2021484375,0.8117308020591736,0.829659104347229,1.5971660614013672
11102.423828125,10367.5673828125,0.7869207262992859,0.6569772362709045,1.290714979171753
9680.1904296875,8959.9990234375,0.616055428981781,0.7912681102752686,1.6529021263122559
9051.5791015625,8417.62890625,0.5816687345504761,0.6642178893089294,1.10065758228302
11012.7666015625,10431.0439453125,0.7402774691581726,0.4003487527370453,1.1409296989440918
7289.67626953125,6647.212890625,0.7190002202987671,0.5441480875015259,1.088929295539856
8745.3662109375,7959.103515625,0.48145076632499695,1.0663005113601685,1.2386990785598755
7728.50146484375,6980.177734375,0.6216477751731873,0.8429102301597595,1.6044762134552002
6607.7685546875,5947.16552734375,0.8240843415260315,0.46942654252052307,1.384758472442627
7796.7685546875,7260.8876953125,0.6705778241157532,0.37524279952049255,1.2970560789108276
7742.375,7239.4560546875,0.5483718514442444,0.4196789562702179,1.8893440961837769
5678.17626953125,5176.021484375,0.553002655506134,0.415071576833725,1.811750054359436
6319.390625,5879.55126953125,0.3729664087295532,0.4680277705192566,1.9342246055603027
7016.94921875,6644.8095703125,0.3143315017223358,0.40274733304977417,1.3600150346755981
5372.08203125,5004.634765625,0.24047671258449554,0.4660493731498718,1.4183838367462158
6462.2080078125,6171.0751953125,0.24155400693416595,0.3163983225822449,1.2156809568405151
5900.60498046875,5590.2705078125,0.2984597682952881,0.29557541012763977,1.3316702842712402
5316.9736328125,4990.2666015625,0.3878875970840454,0.2402716726064682,1.2627344131469727
5781.72021484375,5410.60595703125,0.35459181666374207,0.36029717326164246,1.367011547088623
6007.287109375,5614.92431640625,0.5079553127288818,0.25243809819221497,1.2165985107421875
5421.0380859375,4984.732421875,0.4624421298503876,0.3795830011367798,1.5292938947677612
5200.15380859375,4734.720703125,0.3521452844142914,0.5556038618087769,1.1558594703674316
5624.05322265625,5213.83251953125,0.44018518924713135,0.3555992841720581,1.2328529357910156
5207.5771484375,4829.45751953125,0.4566020667552948,0.27372628450393677,1.2955691814422607
4739.1953125,4374.6923828125,0.3587040603160858,0.34452810883522034,1.2886937856674194
4788.275390625,4439.8095703125,0.3484458923339844,0.3175853490829468,1.545023798942566
4647.0556640625,4325.87841796875,0.27682754397392273,0.34037840366363525,1.2574005126953125
4570.78662109375,4289.01513671875,0.30121347308158875,0.23739342391490936,1.2468363046646118
4082.013916015625,3797.76025390625,0.2998136878013611,0.24400858581066132,1.2342408895492554
4919.3544921875,4612.939453125,0.2441886067390442,0.33535635471343994,1.66424560546875
3952.203369140625,3637.7958984375,0.2430388331413269,0.36057397723197937,1.2601191997528076
4441.01513671875,4151.02783203125,0.3228961229324341,0.2321949452161789,1.244185447692871
4357.64306640625,4053.492919921875,0.32358649373054504,0.26024696230888367,1.2233513593673706
4015.84375,3680.488525390625,0.298379510641098,0.3431539535522461,1.4588359594345093
4395.4716796875,4064.569580078125,0.3198080360889435,0.31680890917778015,1.2593879699707031
3484.5732421875,3165.485107421875,0.3088687062263489,0.30508530139923096,1.2111096382141113
4564.85302734375,4261.603515625,0.3167065978050232,0.26560238003730774,1.2095280885696411
3076.923583984375,2775.885986328125,0.3346249759197235,0.23992083966732025,1.376468539237976
5711.755859375,5435.38232421875,0.2575676739215851,0.2692393958568573,1.2970315217971802
3326.19921875,3048.34765625,0.24042139947414398,0.28821659088134766,1.353251338005066
6551.1025390625,6295.1064453125,0.2899390757083893,0.19450093805789948,1.3776112794876099
4925.884765625,4649.22900390625,0.2782682180404663,0.25131505727767944,1.1864066123962402
5872.39404296875,5548.93017578125,0.26576298475265503,0.3562658131122589,1.2449595928192139
5250.74462890625,4840.61572265625,0.33365824818611145,0.4495263397693634,1.8536845445632935
5478.87353515625,5024.001953125,0.4490049183368683,0.43678018450737,1.1978815793991089
5425.677734375,4951.56591796875,0.5841922760009766,0.3387341797351837,1.2648285627365112
4983.798828125,4492.763671875,0.5945435166358948,0.3643883764743805,1.1569390296936035
5530.306640625,5040.470703125,0.4848954975605011,0.4650733172893524,1.4851584434509277
4853.23828125,4384.953125,0.42741718888282776,0.4865776300430298,1.1287542581558228
5562.0888671875,5182.53564453125,0.4399864971637726,0.29540693759918213,1.1856476068496704
5297.9052734375,4955.02001953125,0.352209210395813,0.3096145689487457,1.1973528861999512
3812.17041015625,3478.349853515625,0.29282504320144653,0.3485187888145447,1.3148680925369263
6041.15283203125,5739.396484375,0.2158290445804596,0.35685500502586365,1.5414752960205078
4144.6123046875,3879.4951171875,0.21114593744277954,0.29469549655914307,1.2196404933929443
4945.0947265625,4687.36767578125,0.2143721580505371,0.2755279839038849,1.2776728868484497
4402.54248046875,4142.76611328125,0.30204838514328003,0.19186782836914062,1.281846523284912
4980.5654296875,4701.99560546875,0.24935585260391235,0.280099093914032,1.384211778640747
4550.0087890625,4237.24609375,0.2820422351360321,0.3187122941017151,1.2385197877883911
4094.92138671875,3770.10400390625,0.3493378758430481,0.27726513147354126,1.15159273147583
4930.259765625,4598.52294921875,0.380484938621521,0.25942477583885193,1.1781824827194214
5019.78564453125,4675.57080078125,0.3475297689437866,0.3177656829357147,1.156681776046753
3116.5869140625,2771.621337890625,0.3659522235393524,0.29730746150016785,1.3335665464401245
6412.2978515625,6099.94189453125,0.2491244226694107,0.3519352078437805,1.1826037168502808
3303.585205078125,3012.4931640625,0.25018903613090515,0.3085588216781616,1.1718134880065918
8486.2041015625,8212.4345703125,0.3268696963787079,0.17569305002689362,2.248853921890259
6986.03173828125,6711.25927734375,0.29828742146492004,0.21859019994735718,1.6333515644073486
7960.255859375,7615.4736328125,0.225820392370224,0.42164182662963867,2.1051175594329834
9200.8154296875,8753.763671875,0.32215583324432373,0.5465614199638367,1.2693613767623901
5762.57958984375,5109.70654296875,0.6236401796340942,0.6383172869682312,2.1894662380218506
7160.38916015625,6445.95458984375,0.7902188897132874,0.617971658706665,1.0339298248291016
7081.2265625,6383.02978515625,0.9836531281471252,0.389578253030777,1.1580822467803955
5475.708984375,4845.48046875,0.7867494225502014,0.45079275965690613,1.1457314491271973
7193.55517578125,6661.27978515625,0.5113173723220825,0.528223991394043,1.250495433807373
5761.6005859375,5283.8974609375,0.43937447667121887,0.4856581389904022,1.5186814069747925
5562.2626953125,5160.08935546875,0.44426843523979187,0.33799612522125244,1.104091763496399
6207.4267578125,5847.548828125,0.30058610439300537,0.385536789894104,1.6816356182098389
4461.974609375,4127.0751953125,0.2687499225139618,0.3730311691761017,1.4009007215499878
6048.66259765625,5730.408203125,0.23151229321956635,0.3675832450389862,1.8706504106521606
6399.85400390625,6094.4560546875,0.23874376714229584,0.34714263677597046,1.2454571723937988
3133.17919921875,2812.003173828125,0.3184411823749542,0.30160534381866455,1.1152900457382202
8369.6611328125,8070.18310546875,0.3181172013282776,0.2369370460510254,2.1951282024383545
6942.18603515625,6622.85107421875,0.32854822278022766,0.2665995657444,2.1761302947998047
6335.96923828125,5957.296875,0.4397130310535431,0.2775726020336151,2.003002643585205
7078.85986328125,6592.90966796875,0.6039540767669678,0.34329766035079956,1.2324010133743286
5908.744140625,5268.6337890625,0.545644998550415,0.6965727210044861,1.9001606702804565
6095.84912109375,5406.53955078125,0.5930939316749573,0.7567312121391296,1.4396981000900269
4779.462890625,4155.552734375,0.786550760269165,0.4343428313732147,1.3463383913040161
7792.095703125,7263.611328125,0.5774796009063721,0.455718994140625,1.1885387897491455
5248.20556640625,4780.47021484375,0.47412416338920593,0.435982346534729,1.2681975364685059
9768.8095703125,9403.40625,0.45452573895454407,0.2553968131542206,1.0441914796829224
9447.5986328125,9049.009765625,0.3548922538757324,0.41649720072746277,1.2894545793533325
6458.5498046875,5870.82958984375,0.301723837852478,0.8494933843612671,1.2111868858337402
7208.6318359375,6640.44970703125,0.44557276368141174,0.6654508113861084,1.267061710357666
6086.44482421875,5545.439453125,0.5684071183204651,0.4897879660129547,1.1907711029052734
5450.6201171875,4922.68017578125,0.6542163491249084,0.3698338270187378,1.591511607170105
6792.78955078125,6304.21875,0.5964612364768982,0.3595011830329895,1.0589252710342407
4484.54052734375,3998.52978515625,0.5388675332069397,0.4137461483478546,0.970399796962738
7221.716796875,6810.10986328125,0.39202386140823364,0.40893080830574036,1.1129170656204224
5088.74267578125,4716.14599609375,0.35555118322372437,0.3644588589668274,1.259165644645691
9729.853515625,9394.25390625,0.28161346912384033,0.35333025455474854,1.8127974271774292
8968.7705078125,8584.1259765625,0.3044363260269165,0.43926289677619934,1.2794461250305176
7660.1875,7192.63623046875,0.4190407693386078,0.49311959743499756,1.147122859954834
8145.65869140625,7514.287109375,0.6227002143859863,0.6203750967979431,0.983418881893158
5959.42041015625,5098.64306640625,0.8413474559783936,0.8574291467666626,1.1389193534851074
6492.4794921875,5636.11083984375,0.9792787432670593,0.7146252989768982,0.9416463375091553
5630.0302734375,4879.06005859375,1.0052576065063477,0.476756751537323,0.9962969422340393
5643.8310546875,5047.16552734375,0.8165159821510315,0.35721251368522644,0.9801079034805298
6065.0556640625,5616.76904296875,0.36678990721702576,0.5103769898414612,0.970292329788208
5247.9853515625,4899.728515625,0.25575020909309387,0.414110004901886,1.3326499462127686
5200.27978515625,4939.427734375,0.2160903364419937,0.2818402051925659,1.188653826713562
4744.11865234375,4497.208984375,0.16909381747245789,0.30068957805633545,1.2018094062805176
6231.224609375,5969.380859375,0.15352743864059448,0.33222997188568115,1.8965020179748535
5007.4521484375,4746.6357421875,0.22573600709438324,0.2643997073173523,1.5748389959335327
5138.193359375,4846.74853515625,0.323804646730423,0.227660670876503,1.571184515953064
4839.70361328125,4473.42919921875,0.39224159717559814,0.3191460371017456,1.0580403804779053
5962.99853515625,5536.380859375,0.4503653347492218,0.37682196497917175,1.3023747205734253
4924.71875,4452.884765625,0.4743771553039551,0.44568899273872375,1.180077075958252
5855.60302734375,5381.95751953125,0.6081334948539734,0.31875646114349365,1.0200622081756592
5771.232421875,5301.83642578125,0.5902836322784424,0.327939510345459,1.0284351110458374
4918.49462890625,4435.67041015625,0.4255933463573456,0.5208284854888916,0.9613128900527954
6396.76171875,5954.93115234375,0.37319764494895935,0.4782085418701172,1.612737774848938
3808.3330078125,3415.351318359375,0.32826754450798035,0.43549424409866333,1.11007559299469
5391.73974609375,5071.30322265625,0.30640292167663574,0.31072768568992615,1.1871044635772705
4328.62109375,4038.925537109375,0.26010292768478394,0.2970930337905884,1.1097863912582397
4901.12646484375,4638.91357421875,0.3062797784805298,0.19703048467636108,1.0557398796081543
5243.330078125,4992.7138671875,0.2668401598930359,0.2136387676000595,1.037688136100769
3250.992919921875,2959.963134765625,0.2349848747253418,0.3204042613506317,1.3335176706314087
5270.00830078125,4994.47607421875,0.2976483404636383,0.2326558232307434,1.0380444526672363
3901.412109375,3603.696044921875,0.3377572298049927,0.23403726518154144,1.1818745136260986
4793.412109375,4482.3876953125,0.25797364115715027,0.3421836197376251,1.094574213027954
5110.88916015625,4782.43212890625,0.3217054009437561,0.30983150005340576,1.2688428163528442
3285.902587890625,2914.126220703125,0.3239612579345703,0.39992740750312805,0.9832120537757874
6435.14453125,6114.54833984375,0.3219546377658844,0.2931827902793884,1.3027244806289673
4188.671875,3890.409912109375,0.3467411696910858,0.22726987302303314,1.1256343126296997
6754.19921875,6464.1845703125,0.32833510637283325,0.23071826994419098,1.0487785339355469
5544.1201171875,5200.21044921875,0.259839802980423,0.39565688371658325,1.6161208152770996
7766.7490234375,7401.56689453125,0.27858880162239075,0.4217139482498169,1.5030823945999146
6785.01708984375,6376.97021484375,0.4383560121059418,0.35655707120895386,1.0590331554412842
7600.1630859375,7070.0576171875,0.6334693431854248,0.3992350399494171,1.3753340244293213
7017.37841796875,6353.01708984375,0.6680189371109009,0.6397137641906738,1.0495303869247437
6418.64697265625,5646.74609375,0.690427303314209,0.8156192302703857,1.8877218961715698
5845.17724609375,5097.5498046875,0.8188875317573547,0.6582274436950684,0.9069993495941162
6684.02783203125,6009.4765625,0.8273206353187561,0.49599161744117737,1.289504885673523
6207.814453125,5607.94384765625,0.7105131149291992,0.4694841504096985,0.9872157573699951
5794.5732421875,5276.1015625,0.532660722732544,0.4681444466114044,1.8069300651550293
4958.0107421875,4526.810546875,0.44985857605934143,0.39222097396850586,1.0160409212112427
5955.6904296875,5561.34130859375,0.3343886137008667,0.4333425462245941,1.0483598709106445
5035.06787109375,4622.8818359375,0.23598049581050873,0.5689184665679932,0.9736366868019104
5695.27587890625,5346.9150390625,0.2736699879169464,0.3944462835788727,1.4302725791931152
5434.693359375,5092.583984375,0.3481068015098572,0.30983641743659973,1.3137727975845337
4992.27392578125,4612.5966796875,0.43820637464523315,0.3003520369529724,1.039772868156433
4954.97412109375,4546.33642578125,0.4169200658798218,0.3809973895549774,0.9679281115531921
4803.6474609375,4382.75048828125,0.44078361988067627,0.38093823194503784,1.0035932064056396
4602.06396484375,4179.36669921875,0.4169178903102875,0.40806400775909424,1.0206538438796997
4586.66015625,4175.19775390625,0.4142235815525055,0.37527933716773987,1.6710803508758545
4562.9052734375,4196.34521484375,0.37521857023239136,0.3360583186149597,1.0921318531036377
3499.869140625,3175.62744140625,0.34849870204925537,0.2785792946815491,1.0702685117721558
4997.34765625,4723.46826171875,0.2496403306722641,0.277565062046051,1.027702808380127
3777.191650390625,3523.8759765625,0.21319200098514557,0.26832473278045654,1.2557448148727417
3865.462890625,3627.96630859375,0.1871047168970108,0.2670976221561432,1.039555311203003
3439.8486328125,3214.5693359375,0.208231121301651,0.22154869139194489,1.038936734199524
5713.22314453125,5496.546875,0.20880526304244995,0.2031809240579605,1.0683108568191528
3602.469970703125,3372.253662109375,0.235826313495636,0.2029377520084381,1.0834332704544067
5944.66845703125,5688.7353515625,0.23122549057006836,0.26099464297294617,0.9823384881019592
5631.44189453125,5311.04248046875,0.2933194637298584,0.32885342836380005,0.9312988519668579
3671.9482421875,3277.5361328125,0.4322841465473175,0.33450815081596375,1.101585865020752
4182.23193359375,3782.79150390625,0.4305740296840668,0.34904271364212036,0.9632417559623718
4516.7353515625,4133.5546875,0.40398016571998596,0.3426594138145447,0.9860660433769226
4531.3466796875,4165.375,0.3682430386543274,0.34503698348999023,0.9331376552581787
3149.313232421875,2817.58203125,0.3602325916290283,0.2837987244129181,0.9715515375137329
4711.5703125,4447.90576171875,0.27130910754203796,0.23347653448581696,1.127140760421753
3821.919677734375,3578.424072265625,0.1849597543478012,0.2755945324897766,1.3218392133712769
4275.93212890625,4035.801025390625,0.16117538511753082,0.29962122440338135,0.9733120203018188
3711.427490234375,3500.078125,0.2004837989807129,0.2026318907737732,0.979144275188446
4167.66259765625,3948.30322265625,0.1982927769422531,0.21930693089962006,1.0559613704681396
3758.744140625,3513.779052734375,0.2400497943162918,0.22331461310386658,1.3282853364944458
4051.93017578125,3777.082275390625,0.2524876296520233,0.27514851093292236,1.1029739379882812
3639.705322265625,3352.1279296875,0.2988338768482208,0.25820156931877136,0.9059619903564453
3853.540283203125,3560.285400390625,0.31629085540771484,0.24912461638450623,1.0547034740447998
3668.743896484375,3382.430419921875,0.2973533570766449,0.2531143128871918,1.1079671382904053
3414.130615234375,3132.82421875,0.24019640684127808,0.29948690533638,1.1464619636535645
4000.31103515625,3760.416259765625,0.22044438123703003,0.239802747964859,0.977113664150238
3189.5087890625,2970.576416015625,0.20066405832767487,0.21665754914283752,1.0271402597427368
3234.88916015625,3033.239013671875,0.19253148138523102,0.1893191933631897,1.0724784135818481
3204.989990234375,3007.1953125,0.16794060170650482,0.20544368028640747,1.1102619171142578
3570.000732421875,3379.623291015625,0.16729818284511566,0.1910497546195984,1.1203455924987793
2839.39599609375,2644.624755859375,0.17327600717544556,0.19600404798984528,1.0131301879882812
3290.332763671875,3099.989013671875,0.19733987748622894,0.16336458921432495,0.9991422295570374
3055.951904296875,2857.364501953125,0.1945023089647293,0.1813933253288269,1.0639625787734985
3159.35693359375,2951.0791015625,0.18615804612636566,0.2074592262506485,1.1469260454177856
3096.5,2877.297607421875,0.18905188143253326,0.23015715181827545,0.9597883224487305
2527.006103515625,2313.495849609375,0.22137346863746643,0.18638038635253906,0.9633209705352783
3908.382080078125,3701.0068359375,0.210988849401474,0.18382884562015533,0.9966217279434204
2106.82666015625,1896.6883544921875,0.20719189941883087,0.19176249206066132,1.066116452217102
4506.7548828125,4307.22705078125,0.16964393854141235,0.20988360047340393,0.9763942360877991
2276.338623046875,2079.220458984375,0.16313499212265015,0.2116062194108963,0.9747466444969177
5747.33544921875,5571.08251953125,0.17654158174991608,0.1536090224981308,1.1177617311477661
4025.67041015625,3834.817138671875,0.20094475150108337,0.1555616408586502,1.260009765625
5280.80419921875,5031.36962890625,0.1676436960697174,0.31196919083595276,0.9628099203109741
4309.056640625,3998.191650390625,0.22727061808109283,0.3756765127182007,0.9391473531723022
6685.55810546875,6354.7109375,0.3887895345687866,0.24996553361415863,1.1469531059265137
6838.88818359375,6393.07666015625,0.5999249815940857,0.26518353819847107,1.3257472515106201
5003.830078125,4399.42529296875,0.6535683274269104,0.537935197353363,0.8652613162994385
5587.23583984375,4930.82666015625,0.6242706775665283,0.6685665845870972,0.9990806579589844
5452.22265625,4860.60400390625,0.6598044037818909,0.5069476366043091,0.8242830634117126
5017.80322265625,4483.06689453125,0.5774138569831848,0.46673107147216797,1.2664169073104858
5360.7646484375,4913.896484375,0.46766817569732666,0.4015713632106781,1.2248444557189941
3630.423583984375,3267.577880859375,0.3299728333950043,0.3757455050945282,0.998657763004303
6361.123046875,6096.35595703125,0.2321431040763855,0.278652161359787,0.9369533658027649
4724.49853515625,4478.18017578125,0.16537977755069733,0.30584460496902466,1.07058584690094
4676.22705078125,4445.021484375,0.16461504995822906,0.27372822165489197,1.2033514976501465
3701.919921875,3468.4423828125,0.19143718481063843,0.25608083605766296,0.9718576073646545
6813.666015625,6578.46826171875,0.2639830410480499,0.1874898076057434,0.9461420178413391
5437.2939453125,5136.3125,0.3004198968410492,0.28074443340301514,1.0399264097213745
5290.30908203125,4899.03076171875,0.3988688588142395,0.36146748065948486,1.1110382080078125
4942.6240234375,4485.40771484375,0.5624018311500549,0.3349226117134094,0.855438768863678
5323.896484375,4838.25341796875,0.5456600189208984,0.40670090913772583,0.9462535381317139
3914.80224609375,3434.136962890625,0.5099901556968689,0.4341144561767578,0.8612989187240601
6752.201171875,6358.912109375,0.36216533184051514,0.3977503478527069,1.333093523979187
5791.00244140625,5439.1083984375,0.2964420020580292,0.38425692915916443,1.1544564962387085
4813.0986328125,4492.24853515625,0.30393731594085693,0.31803563237190247,0.9863672852516174
5008.0107421875,4706.1572265625,0.29968520998954773,0.2866314947605133,0.8695150017738342
5116.7763671875,4799.86376953125,0.24070978164672852,0.3724638819694519,1.0325816869735718
4893.4150390625,4558.4130859375,0.2812357246875763,0.3662104606628418,1.1278939247131348
5737.47216796875,5398.3896484375,0.35378220677375793,0.3051546812057495,0.9614494442939758
5633.28662109375,5279.94189453125,0.36420154571533203,0.32439863681793213,0.9044341444969177
3942.621337890625,3565.579833984375,0.37291595339775085,0.3643459975719452,0.8410453200340271
4256.51611328125,3905.474365234375,0.384217768907547,0.2982316017150879,0.9816935062408447
4805.470703125,4485.0615234375,0.340752512216568,0.28193360567092896,0.9066086411476135
4118.84375,3826.24365234375,0.26246896386146545,0.3014526069164276,1.0638995170593262
4775.9462890625,4532.0595703125,0.20729376375675201,0.26292213797569275,0.8779001832008362
4541.36328125,4312.7197265625,0.19434426724910736,0.24452506005764008,0.9208967089653015
3703.733642578125,3465.09521484375,0.233821302652359,0.2246297299861908,0.9412755370140076
4265.48486328125,4009.6533203125,0.25356870889663696,0.23488573729991913,1.1604316234588623
3756.559326171875,3482.048583984375,0.20633754134178162,0.3206426203250885,1.1020690202713013
4071.540283203125,3816.142333984375,0.22876204550266266,0.26445695757865906,0.8788292407989502
3632.290771484375,3372.246337890625,0.31461188197135925,0.18820267915725708,0.863731324672699
3695.614990234375,3439.3037109375,0.2788031995296478,0.2160177379846573,0.890087902545929
3029.137939453125,2768.6767578125,0.2440287470817566,0.25645825266838074,1.0217678546905518
4075.624755859375,3850.941162109375,0.2197095900774002,0.2072812020778656,1.1188119649887085
2705.596923828125,2488.490966796875,0.18820728361606598,0.22800502181053162,0.8999839425086975
4298.0185546875,4096.408203125,0.18286332488059998,0.2015838623046875,0.9386489987373352
3965.45849609375,3759.2421875,0.18715792894363403,0.20506754517555237,1.0103540420532227
2934.75390625,2729.451416015625,0.1905166655778885,0.20008498430252075,1.0001704692840576
4762.314453125,4548.04345703125,0.17670594155788422,0.2323532998561859,0.9741058349609375
2200.3408203125,1967.3692626953125,0.19999152421951294,0.24819126725196838,0.8880122900009155
6832.5126953125,6622.0576171875,0.2184516042470932,0.1764649897813797,1.2996491193771362
5016.42724609375,4798.34814453125,0.25935420393943787,0.15147720277309418,1.2663384675979614
5416.3564453125,5183.8359375,0.22769516706466675,0.21670107543468475,1.0322304964065552
6873.9873046875,6575.72314453125,0.2137805074453354,0.36466553807258606,0.9041022658348083
4101.25634765625,3688.027587890625,0.3208354711532593,0.486722469329834,0.9449829459190369
6277.3984375,5791.6904296875,0.48468074202537537,0.46476662158966064,1.0984561443328857
4045.787841796875,3536.366943359375,0.6307451128959656,0.3686394989490509,0.972852349281311
7975.30615234375,7558.9296875,0.4722989797592163,0.34535932540893555,0.754723310470581
8656.068359375,8270.6572265625,0.3796275854110718,0.3712528944015503,0.9970980286598206
6076.14453125,5641.833984375,0.4060001075267792,0.4410546123981476,1.078311562538147
6411.99169921875,5878.33642578125,0.46020880341529846,0.5847632884979248,1.1169317960739136
7122.60400390625,6553.021484375,0.502955973148346,0.5835906863212585,2.63092041015625
4564.63232421875,3968.999755859375,0.599510908126831,0.5715107321739197,1.0121824741363525
7971.62646484375,7486.625,0.4915757179260254,0.4257991909980774,2.6313860416412354
7279.3046875,6855.39892578125,0.4117676913738251,0.4012872576713562,1.7378368377685547
6315.48291015625,5910.482421875,0.4132513105869293,0.35711902379989624,1.9815281629562378
6594.0634765625,6138.41357421875,0.5068541169166565,0.3527527153491974,2.584646701812744
6435.48388671875,5904.693359375,0.5388879776000977,0.5037081241607666,0.9492679834365845
5155.9716796875,4545.169921875,0.5085901021957397,0.687543511390686,1.2734624147415161
6500.15966796875,5960.97998046875,0.5860710740089417,0.46848124265670776,1.1903492212295532
5534.00537109375,5017.29638671875,0.6375082731246948,0.37493112683296204,1.0489404201507568
6115.05517578125,5596.47705078125,0.4531957507133484,0.5563821792602539,1.3789116144180298
5435.404296875,4920.5751953125,0.3846052885055542,0.6291372776031494,0.795780599117279
6148.84912109375,5686.0703125,0.5436463952064514,0.32576119899749756,2.8075289726257324
4826.3115234375,4376.07470703125,0.5843937397003174,0.2937188446521759,1.118045687675476
6607.2109375,6110.06982421875,0.3741360008716583,0.5672509670257568,2.6447553634643555
5538.02978515625,5016.640625,0.3530983328819275,0.6591148972511292,1.528273105621338
5488.9140625,4991.48876953125,0.5324768424034119,0.4077877700328827,2.7292840480804443
4697.7451171875,4206.283203125,0.5739125609397888,0.3616979420185089,2.365677833557129
5788.3291015625,5312.43994140625,0.455742746591568,0.4572332203388214,1.9401363134384155
4939.5556640625,4443.845703125,0.41851434111595154,0.5285884737968445,2.215881109237671
5104.96240234375,4647.587890625,0.45575523376464844,0.42770281434059143,1.5645562410354614
4270.35498046875,3852.2529296875,0.42559435963630676,0.37006327509880066,2.0273277759552
5370.1142578125,5009.39794921875,0.36609604954719543,0.3268541097640991,1.4241114854812622
4680.73193359375,4315.517578125,0.2923271059989929,0.4083956480026245,1.4852867126464844
4759.66552734375,4403.26904296875,0.29326775670051575,0.37079307436943054,2.4366354942321777
4511.30224609375,4182.6201171875,0.302444189786911,0.32518908381462097,1.4865951538085938
4191.06005859375,3876.43896484375,0.3282339870929718,0.2698593735694885,1.5574320554733276
3981.934326171875,3672.035888671875,0.2949020564556122,0.29928115010261536,1.2806867361068726
4543.73291015625,4249.46044921875,0.30752307176589966,0.2369428128004074,2.203970193862915
4199.333984375,3916.2265625,0.2583274245262146,0.26630762219429016,2.07902193069458
3131.724609375,2869.663330078125,0.2539210319519043,0.24990692734718323,1.0147271156311035
3399.676025390625,3157.763916015625,0.21955646574497223,0.23968811333179474,1.2289882898330688
4569.59228515625,4363.39990234375,0.21380695700645447,0.1785677671432495,1.0004734992980957
2769.5361328125,2561.070556640625,0.18990105390548706,0.1980513632297516,1.4489327669143677
4159.2431640625,3969.970947265625,0.18037495017051697,0.17540773749351501,1.138064980506897
3187.8798828125,2983.576416015625,0.19601088762283325,0.1878003180027008,1.2397836446762085
6449.416015625,6234.92041015625,0.1857670396566391,0.2067069113254547,1.825893759727478
5851.494140625,5590.455078125,0.22839094698429108,0.24392364919185638,2.488161087036133
3932.79931640625,3592.958740234375,0.28479692339897156,0.37770020961761475,0.8592062592506409
8022.296875,7620.173828125,0.3498571217060089,0.4224631190299988,1.5962954759597778
4517.48388671875,4015.68505859375,0.5508274435997009,0.4280105531215668,1.2380064725875854
11043.189453125,10508.037109375,0.6938031911849976,0.35465845465660095,1.0921682119369507
13581.9296875,12960.2314453125,0.7226661443710327,0.4625898599624634,2.9070630073547363
7994.50830078125,7186.18115234375,0.7319614887237549,0.8330197930335999,2.5836286544799805
5834.72509765625,4890.71728515625,0.8269888162612915,1.0474168062210083,0.6805118918418884
10117.8408203125,9251.8466796875,0.8362076282501221,0.8522886633872986,2.1746106147766113
8859.7919921875,8025.36767578125,0.8236219882965088,0.8110166788101196,1.7104949951171875
5988.90576171875,5207.69921875,0.7351173758506775,0.8113470673561096,0.7974064350128174
7590.81982421875,6915.4560546875,0.7125898003578186,0.5965036749839783,2.0817136764526367
6976.14208984375,6404.00927734375,0.6804497241973877,0.4405050277709961,1.165531039237976
5331.5576171875,4852.1650390625,0.5318177938461304,0.40981462597846985,0.8576099872589111
8226.9287109375,7852.13916015625,0.3439244031906128,0.3847174346446991,1.0469001531600952
7032.1962890625,6712.77783203125,0.25760143995285034,0.3645443618297577,0.8345708250999451
6839.720703125,6538.52001953125,0.22624407708644867,0.35933467745780945,0.8410897850990295
6729.51708984375,6402.4033203125,0.1998007446527481,0.429607093334198,1.2409720420837402
6318.97216796875,5966.8642578125,0.19669610261917114,0.4893641173839569,0.907748281955719
5802.8974609375,5452.75732421875,0.28323671221733093,0.3992498219013214,0.8897058963775635
6866.45751953125,6518.216796875,0.4159638583660126,0.26315778493881226,0.8679705262184143
6211.439453125,5839.72607421875,0.483341783285141,0.24380172789096832,0.81417316198349
6979.34814453125,6606.1513671875,0.4273192584514618,0.2975941002368927,1.0740123987197876
6842.720703125,6454.6357421875,0.3976113498210907,0.36038729548454285,0.9085237383842468
5788.11181640625,5368.67919921875,0.43332117795944214,0.391856849193573,0.6843752264976501
5985.671875,5531.9716796875,0.4817447364330292,0.4094972312450409,0.8079028725624084
5393.51953125,4956.71533203125,0.4261303246021271,0.4306116998195648,0.8433246612548828
5236.38134765625,4866.28173828125,0.3214471936225891,0.4031093418598175,0.7821202874183655
5591.72705078125,5306.994140625,0.2506113052368164,0.3018448054790497,0.8505035638809204
4860.515625,4622.1201171875,0.21586491167545319,0.24184542894363403,0.9540727138519287
6295.119140625,6087.37353515625,0.1767706274986267,0.22194910049438477,0.8385793566703796
5602.76953125,5399.89111328125,0.1675824373960495,0.2228270173072815,0.767398476600647
5794.826171875,5583.1318359375,0.19345907866954803,0.21511320769786835,0.7408117055892944
5799.26025390625,5552.77587890625,0.22512994706630707,0.2525550127029419,0.7642219662666321
5073.6943359375,4778.2802734375,0.23094621300697327,0.34352320432662964,0.8179221749305725
4999.9990234375,4682.87841796875,0.2744399905204773,0.34312164783477783,0.8339731097221375
4895.390625,4577.14697265625,0.37296000123023987,0.24650973081588745,0.8508827090263367
4395.47265625,4078.538818359375,0.3874797821044922,0.23126950860023499,0.7559090256690979
5003.0732421875,4709.96923828125,0.2831370532512665,0.2872355282306671,0.7917854189872742
3982.12548828125,3710.055419921875,0.24551010131835938,0.2836114168167114,0.7509317398071289
6244.076171875,6001.84521484375,0.26145926117897034,0.20508670806884766,0.8958211541175842
4631.3017578125,4387.83544921875,0.23846477270126343,0.23247800767421722,0.7995067238807678
6669.01220703125,6411.72509765625,0.17817570269107819,0.31854018568992615,0.8929014801979065
5988.365234375,5699.1357421875,0.19914355874061584,0.3624735176563263,0.8420808911323547
4543.5439453125,4213.076171875,0.2915709316730499,0.3468225598335266,1.1271039247512817
3768.32763671875,3420.492919921875,0.3216642141342163,0.35916566848754883,0.7419697046279907
6803.16748046875,6496.7578125,0.2837081849575043,0.31169477105140686,0.8707956671714783
5593.77490234375,5295.0927734375,0.32110726833343506,0.26073169708251953,0.7762699723243713
5178.52978515625,4865.22607421875,0.37663304805755615,0.22940726578235626,1.028389573097229
4804.32373046875,4489.33251953125,0.32738056778907776,0.2877518832683563,0.7424598932266235
4863.39013671875,4536.6279296875,0.27459338307380676,0.36217641830444336,0.8377458453178406
3909.442138671875,3602.2646484375,0.28368818759918213,0.3142465651035309,0.8210257887840271
6139.23046875,5882.82177734375,0.24412865936756134,0.2503402531147003,0.9174503087997437
5068.732421875,4824.87451171875,0.19389291107654572,0.27845555543899536,0.7683569192886353
5200.66162109375,4955.80859375,0.1795189529657364,0.2941112518310547,0.8038009405136108
4930.67041015625,4682.9765625,0.22737687826156616,0.2502548396587372,0.8877818584442139
4474.82177734375,4210.79345703125,0.2651527523994446,0.24434185028076172,0.9281408190727234
3777.547119140625,3500.185791015625,0.24263082444667816,0.2962280511856079,0.7931808829307556
6013.71142578125,5755.00537109375,0.25246700644493103,0.2486315369606018,0.8156895041465759
5032.021484375,4765.27783203125,0.28858959674835205,0.226734921336174,0.9081405401229858
4960.779296875,4676.68115234375,0.2881730794906616,0.2634153664112091,0.8303521871566772
4874.7197265625,4575.8125,0.26045548915863037,0.32240667939186096,0.7475976943969727
4035.62548828125,3732.31494140625,0.2726970911026001,0.3185415267944336,0.7691049575805664
3421.94384765625,3147.98828125,0.2749674618244171,0.25477170944213867,0.9086021780967712
5712.94287109375,5488.12060546875,0.20200291275978088,0.2319604456424713,0.7840915322303772
4536.6826171875,4320.70361328125,0.18024420738220215,0.23547853529453278,0.8117601275444031
5355.22412109375,5138.6591796875,0.21941083669662476,0.196992889046669,0.8363242745399475
5392.7734375,5150.78076171875,0.25731247663497925,0.2065003514289856,1.0086555480957031
3473.19921875,3176.76708984375,0.25599339604377747,0.32111337780952454,0.7878644466400146
3291.299072265625,2987.750244140625,0.2340938150882721,0.35653629899024963,0.823373556137085
5438.171875,5189.38525390625,0.27228304743766785,0.2069064974784851,0.9192010760307312
4176.28759765625,3927.789306640625,0.29042187333106995,0.18546925485134125,1.055251955986023
5351.01220703125,5098.2177734375,0.22920817136764526,0.2591347396373749,0.8622923493385315
5548.50927734375,5267.17041015625,0.23640289902687073,0.30910608172416687,0.8584530353546143
2696.289306640625,2363.2822265625,0.3283188045024872,0.32020169496536255,0.8746938705444336
4372.30078125,4078.45166015625,0.283345103263855,0.28690263628959656,0.8725286722183228
2288.264892578125,2033.90087890625,0.23531387746334076,0.2577560245990753,0.782911479473114
4578.26611328125,4395.09423828125,0.19027653336524963,0.15968626737594604,0.8190418481826782
1668.114501953125,1515.4066162109375,0.13125230371952057,0.1549919694662094,0.958574652671814
10670.923828125,10529.62890625,0.09682784229516983,0.16492272913455963,1.0419608354568481
8029.3115234375,7883.03076171875,0.09304443001747131,0.1767774373292923,1.1369532346725464
5490.708984375,5324.5517578125,0.14999856054782867,0.16372451186180115,0.9296016693115234
8225.15234375,7937.58642578125,0.30321022868156433,0.24514363706111908,1.338863492012024
3803.255615234375,3263.08056640625,0.45781955122947693,0.6062427759170532,0.814378559589386
9054.529296875,8455.1953125,0.5853738188743591,0.595637321472168,0.8828005194664001
7480.2529296875,6800.611328125,0.8582107424736023,0.48282548785209656,0.9123707413673401
6259.7060546875,5506.01708984375,1.1046922206878662,0.3888815641403198,0.6902199387550354
7211.48388671875,6428.267578125,1.0684906244277954,0.4827492833137512,0.7596367001533508
5943.57568359375,5131.251953125,0.8244516253471375,0.7871255278587341,0.6535174250602722
5491.046875,4707.63720703125,0.6304365396499634,0.9238652586936951,0.625868022441864
6367.1259765625,5768.572265625,0.5291229486465454,0.6540952920913696,0.694413423538208
5083.9248046875,4626.59716796875,0.440629780292511,0.4579603970050812,0.8032799363136292
7493.642578125,7153.93798828125,0.2865599989891052,0.37481698393821716,0.9015935659408569
6154.0205078125,5864.92919921875,0.2122073620557785,0.34833094477653503,0.8822051882743835
8974.7998046875,8712.609375,0.20290856063365936,0.3069688081741333,0.7251850962638855
8159.2958984375,7849.52978515625,0.2529396414756775,0.35232841968536377,0.7132006287574768
5837.216796875,5407.36376953125,0.3456135094165802,0.4992704391479492,0.741097629070282
6392.5751953125,5842.99560546875,0.4880470037460327,0.59439617395401,0.8357707858085632
4749.42919921875,4127.00439453125,0.6240434646606445,0.6064165234565735,0.719506025314331
5171.748046875,4571.734375,0.6856714487075806,0.5006392002105713,0.6858412027359009
4432.87841796875,3908.95849609375,0.6687829494476318,0.3643951714038849,0.7330990433692932
4319.37451171875,3903.8154296875,0.517001211643219,0.29693296551704407,0.8591919541358948
4315.27392578125,4013.8984375,0.2760084867477417,0.3116413354873657,0.7550787329673767
3127.030029296875,2909.976806640625,0.1606820970773697,0.2577804923057556,0.7821915149688721
5932.63232421875,5779.904296875,0.1198611781001091,0.16545000672340393,1.0072033405303955
2760.853759765625,2606.47265625,0.08726019412279129,0.20099948346614838,1.025125503540039
13067.826171875,12907.1875,0.08194905519485474,0.21964269876480103,0.9842357635498047
13090.740234375,12916.59765625,0.09275908768177032,0.23387902975082397,1.0823601484298706
3919.7724609375,3644.734619140625,0.25257959961891174,0.2805602252483368,0.8468122482299805
8044.9501953125,7650.865234375,0.3949728012084961,0.3713012933731079,1.094780445098877
5841.67724609375,5298.583984375,0.5705158710479736,0.5006940960884094,0.7488304376602173
6581.087890625,5951.62451171875,0.8329961895942688,0.4133276641368866,0.6301170587539673
6239.62744140625,5580.89013671875,0.9334685802459717,0.3713187277317047,0.6343709230422974
6027.37060546875,5398.72607421875,0.8132297992706299,0.4287501573562622,0.7654726505279541
5405.822265625,4831.54296875,0.7122432589530945,0.42142677307128906,0.7444465756416321
5997.9326171875,5501.34716796875,0.5985519886016846,0.3808169662952423,0.690075695514679
4772.0546875,4333.234375,0.36221396923065186,0.5019059181213379,0.6760089993476868
6417.35498046875,6007.21875,0.1901681274175644,0.6134014129638672,0.835138738155365
4482.00537109375,4149.66455078125,0.19175897538661957,0.4572890102863312,0.7816888689994812
7683.05810546875,7440.734375,0.2445835918188095,0.2255232334136963,0.727039098739624
5501.1318359375,5248.71923828125,0.228504478931427,0.25894829630851746,0.8686107993125916
7753.30517578125,7446.28466796875,0.16639846563339233,0.4253315031528473,1.1155918836593628
6715.142578125,6351.30029296875,0.27257469296455383,0.43875789642333984,0.8175609707832336
6002.88720703125,5559.5478515625,0.5556158423423767,0.31546249985694885,0.780021071434021
6163.19287109375,5629.12060546875,0.7061598300933838,0.34895724058151245,0.6513650417327881
4996.88623046875,4410.111328125,0.6320471167564392,0.5240548849105835,0.8724240660667419
5027.3701171875,4478.09716796875,0.5818358063697815,0.5020045042037964,0.7352607250213623
4914.6875,4480.7861328125,0.5229509472846985,0.32954227924346924,0.7654930353164673
3705.72705078125,3393.65380859375,0.35500428080558777,0.25442275404930115,0.7359510064125061
7215.74560546875,6989.3515625,0.15451595187187195,0.28038638830184937,0.8943086862564087
5252.2666015625,5035.5107421875,0.09138834476470947,0.32559633255004883,0.8263751864433289
7770.73486328125,7604.583984375,0.10124368220567703,0.21631088852882385,0.7373636364936829
8611.6416015625,8433.0888671875,0.13776879012584686,0.20478104054927826,0.7276859283447266
3878.365478515625,3588.61962890625,0.16026286780834198,0.4006529748439789,0.9287834167480469
6691.77734375,6325.93310546875,0.19498397409915924,0.5204651355743408,0.8119394183158875
2830.774169921875,2419.8818359375,0.5054666996002197,0.3016032874584198,0.7357539534568787
8510.6259765625,8061.1875,0.7538079619407654,0.12854446470737457,0.8262413144111633
5717.17138671875,5306.09326171875,0.6711568832397461,0.13354937732219696,0.8725082874298096
7028.03759765625,6663.82666015625,0.35407426953315735,0.3599807918071747,0.718338131904602
7799.064453125,7336.44091796875,0.317236989736557,0.593336820602417,0.7336216568946838
4498.51904296875,3941.777587890625,0.5561192035675049,0.544064462184906,0.6649549603462219
6466.40087890625,5856.5244140625,0.6469583511352539,0.5589730739593506,0.6910549402236938
4184.51904296875,3504.56787109375,0.5470374822616577,0.7986499667167664,0.7107344269752502
6586.99609375,5996.63623046875,0.4386294186115265,0.7265577912330627,0.7765998840332031
5343.74755859375,4829.56884765625,0.4746094048023224,0.5367101430892944,0.8519165515899658
5669.28662109375,5210.48095703125,0.5870233774185181,0.3156527578830719,0.7467808127403259
5876.2138671875,5426.09716796875,0.6369167566299438,0.2489977329969406,0.715973436832428
4835.12109375,4359.158203125,0.47873783111572266,0.458705872297287,0.724131166934967
5173.6572265625,4625.251953125,0.3133494555950165,0.7689265608787537,0.7267313003540039
4142.73486328125,3660.9921875,0.41366446018218994,0.5347120761871338,0.7554197907447815
4986.26708984375,4547.02099609375,0.5831591486930847,0.27960851788520813,0.7862474322319031
2850.50048828125,2442.92822265625,0.389983206987381,0.4088665246963501,0.8147363662719727
7386.1279296875,7041.9736328125,0.17161887884140015,0.5010846853256226,0.7802929282188416
4759.58740234375,4481.4892578125,0.1743757575750351,0.36629989743232727,0.7760483026504517
7949.38720703125,7703.3359375,0.30735722184181213,0.1702156662940979,0.7264766693115234
8355.21875,8061.82666015625,0.3521210849285126,0.21997705101966858,0.7343243956565857
5781.17138671875,5332.23046875,0.29736387729644775,0.5857012271881104,0.7408209443092346
5517.837890625,4931.755859375,0.39051783084869385,0.7656225562095642,0.8011865615844727
7570.181640625,6956.65185546875,0.7064887285232544,0.5061423778533936,0.7214573621749878
5276.95703125,4556.86376953125,0.9584099054336548,0.46688613295555115,0.7445537447929382
7712.99267578125,6964.294921875,0.8560491800308228,0.6268036365509033,0.7271685004234314
7817.91943359375,7027.10302734375,0.8558651208877563,0.7116588950157166,0.7054073214530945
3549.842529296875,2701.125732421875,1.037758708000183,0.643556535243988,0.8059272170066833
3882.67626953125,3247.270263671875,0.7796380519866943,0.4768892526626587,0.7142341732978821
4052.949462890625,3637.81103515625,0.36383020877838135,0.4516450762748718,0.7400802373886108
3126.16796875,2866.720947265625,0.1873100847005844,0.3100874125957489,1.0748395919799805
4281.74609375,4124.435546875,0.1150861456990242,0.18256430327892303,0.8485187292098999
3255.538330078125,3108.20947265625,0.08741148561239243,0.1904231160879135,0.8411579728126526
4776.20068359375,4633.60986328125,0.09993744641542435,0.1650838851928711,1.0080246925354004
3283.0322265625,3149.552490234375,0.10759181529283524,0.13841857016086578,1.0474578142166138
6639.87353515625,6492.68701171875,0.1279400736093521,0.15110807120800018,0.7662590146064758
5854.09326171875,5632.77392578125,0.19918642938137054,0.22773116827011108,0.7860215902328491
4592.8291015625,4253.27001953125,0.3443838357925415,0.31857115030288696,0.8081586360931396
4879.08642578125,4450.166015625,0.506467878818512,0.3347877562046051,0.8292674422264099
4505.78271484375,4039.897705078125,0.5985544919967651,0.31883060932159424,0.7192382216453552
3881.173828125,3469.15478515625,0.5035123825073242,0.3067714273929596,0.687731146812439
4395.6845703125,4079.031982421875,0.3321301341056824,0.2850017547607422,0.8086522817611694
3184.66064453125,2970.947265625,0.21979540586471558,0.19290421903133392,0.7363598346710205
4373.0771484375,4231.77392578125,0.13564792275428772,0.13179606199264526,0.7580846548080444
2693.246826171875,2548.6865234375,0.09158170223236084,0.18093322217464447,0.8302709460258484
5459.7568359375,5323.40966796875,0.08154948800802231,0.1711042821407318,1.0020273923873901
4006.8505859375,3876.4013671875,0.08891823887825012,0.1537896990776062,0.9095138311386108
5082.2275390625,4925.7763671875,0.14189022779464722,0.1552562415599823,0.7878053784370422
5052.5576171875,4824.35205078125,0.21229709684848785,0.22806797921657562,0.80230712890625
3553.5,3212.6708984375,0.34664443135261536,0.3170206844806671,0.8996567130088806
4558.57421875,4182.85107421875,0.4977410137653351,0.23938265442848206,0.7161201238632202
2738.512451171875,2354.603515625,0.5000497698783875,0.25320711731910706,0.7280587553977966
6800.087890625,6528.36767578125,0.24573248624801636,0.2772528827190399,1.0227763652801514
4273.66015625,4043.49755859375,0.16036657989025116,0.2792147397994995,1.0371979475021362
8219.0341796875,8053.9873046875,0.15022750198841095,0.1625511348247528,0.8657362461090088
9326.4482421875,9151.740234375,0.13180412352085114,0.19845518469810486,0.957797110080719
3534.185302734375,3235.011474609375,0.10385136306285858,0.47968846559524536,0.7403709292411804
6495.396484375,6193.564453125,0.11210503429174423,0.4722738564014435,0.9642360806465149
4096.025390625,3840.8642578125,0.2296665608882904,0.2638106048107147,0.8422780632972717
6016.07861328125,5744.55029296875,0.41476011276245117,0.11312996596097946,0.7583258152008057
4995.2080078125,4662.15625,0.4706933796405792,0.17962639033794403,0.7892131805419922
4986.802734375,4693.806640625,0.3200409710407257,0.2506379187107086,0.7656821608543396
4100.64990234375,3825.05224609375,0.24225816130638123,0.2938823997974396,0.7527101039886475
4776.58056640625,4498.95361328125,0.28760069608688354,0.253015398979187,0.7318958044052124
3646.242919921875,3399.329833984375,0.22052985429763794,0.2588297724723816,0.7233185172080994
4098.84765625,3849.842041015625,0.1428210288286209,0.33982163667678833,0.768453061580658
2880.719482421875,2680.025146484375,0.18917903304100037,0.19605952501296997,0.8075057864189148
4331.62255859375,4159.49169921875,0.2208077311515808,0.10825597494840622,0.7599159479141235
2269.437744140625,2094.433349609375,0.17091302573680878,0.16361169517040253,0.7741907238960266
7388.26611328125,7222.1767578125,0.09680194407701492,0.21804198622703552,0.8667577505111694
7096.744140625,6895.740234375,0.10254175961017609,0.2848665118217468,0.7299705147743225
3775.3466796875,3516.700927734375,0.21582761406898499,0.2853904366493225,0.8036584854125977
5657.40771484375,5311.53125,0.35978612303733826,0.3166671395301819,0.7650110721588135
3590.603271484375,3138.444580078125,0.437020480632782,0.4475797712802887,0.9858617186546326
6070.6552734375,5677.02197265625,0.42027613520622253,0.35243943333625793,0.7275218963623047
4933.5634765625,4535.73095703125,0.49166443943977356,0.28980886936187744,0.7095942497253418
5906.78173828125,5576.51708984375,0.4654117822647095,0.18025249242782593,0.7432718276977539
5982.18310546875,5683.294921875,0.297798752784729,0.2861799895763397,0.6898803114891052
4673.83984375,4281.431640625,0.15907636284828186,0.6101142168045044,0.7813152074813843
4757.40771484375,4404.8115234375,0.13594676554203033,0.550572395324707,0.9336485266685486
4130.5703125,3857.32958984375,0.2281453013420105,0.30325353145599365,0.7541567087173462
4233.64208984375,3964.672607421875,0.28173303604125977,0.23898211121559143,0.8611819744110107
3031.228515625,2791.27294921875,0.24361996352672577,0.22107605636119843,0.7607725262641907
5316.0576171875,5112.7529296875,0.22698502242565155,0.16054047644138336,0.9541829824447632
3662.562255859375,3451.061767578125,0.24041032791137695,0.15984290838241577,1.1373883485794067
5732.34033203125,5519.78955078125,0.21300838887691498,0.19725537300109863,0.7419053912162781
6123.5126953125,5854.58740234375,0.20755977928638458,0.30929744243621826,1.0496500730514526
3516.594970703125,3147.976318359375,0.2448684573173523,0.4758700132369995,0.8249503970146179
3885.565185546875,3517.249267578125,0.28893712162971497,0.4289731979370117,0.9360802173614502
3975.92724609375,3643.9765625,0.36938077211380005,0.27183768153190613,1.1341651678085327
2843.6806640625,2548.0693359375,0.4052888751029968,0.17114782333374023,0.7393113970756531
3414.4443359375,3198.08447265625,0.23851142823696136,0.17734664678573608,0.8430856466293335
3379.584716796875,3207.0146484375,0.10802066326141357,0.22184966504573822,0.7634963393211365
2481.727783203125,2342.771728515625,0.09504663199186325,0.1636437177658081,0.9610854983329773
4043.22314453125,3921.0537109375,0.11678040027618408,0.11059298366308212,0.8482652306556702
2121.784423828125,1992.6856689453125,0.1086001917719841,0.13207262754440308,0.8762565851211548
5190.23681640625,5037.24560546875,0.07929489761590958,0.20627160370349884,1.0208148956298828
3441.62646484375,3247.06494140625,0.1316782385110855,0.23964999616146088,0.8897419571876526
6662.32958984375,6462.517578125,0.25880804657936096,0.116450734436512,1.2182413339614868
6816.07177734375,6496.126953125,0.3745695948600769,0.24500608444213867,1.0156974792480469
4346.2568359375,3823.214111328125,0.43760034441947937,0.5821519494056702,1.31663978099823
5443.46435546875,4872.72314453125,0.5573458671569824,0.5550643801689148,1.4536335468292236
3904.6884765625,3277.42041015625,0.7439679503440857,0.4946449398994446,0.796169102191925
5440.3408203125,4962.05029296875,0.5000984072685242,0.42967385053634644,1.340451717376709
3799.474365234375,3443.59912109375,0.3343512713909149,0.3631424605846405,0.7128449082374573
6259.5419921875,6017.93408203125,0.2463068962097168,0.20383286476135254,1.653800129890442
5958.236328125,5768.42724609375,0.1476573348045349,0.20770905911922455,1.2125883102416992
4192.52001953125,3944.750244140625,0.09298186004161835,0.38594821095466614,0.8304632306098938
4919.19677734375,4656.947265625,0.1316017210483551,0.37400931119918823,0.9444068670272827
3894.92822265625,3622.496337890625,0.3075532019138336,0.22000883519649506,0.8650763034820557
3860.39892578125,3567.20166015625,0.3760678470134735,0.18736444413661957,1.1481128931045532
3044.05078125,2741.09716796875,0.33671310544013977,0.25467032194137573,0.7262071967124939
5059.51953125,4783.91357421875,0.3143536150455475,0.22053903341293335,0.8159582614898682
3721.808837890625,3468.0830078125,0.2612684965133667,0.23181261122226715,0.7185408473014832
5757.59033203125,5530.6298828125,0.16281919181346893,0.2745509147644043,0.8275629281997681
5942.8671875,5693.919921875,0.1643187552690506,0.3140459954738617,0.9764791131019592
3920.930419921875,3611.9638671875,0.24573110044002533,0.3572552800178528,0.7473267912864685
4391.20849609375,4064.947509765625,0.2732553482055664,0.36376485228538513,0.7751103043556213
4274.54296875,3958.4453125,0.2861729562282562,0.33096930384635925,0.7526560425758362
3035.956298828125,2732.552490234375,0.3472963571548462,0.24464669823646545,0.7432454824447632
4975.7451171875,4734.65966796875,0.31502673029899597,0.15150819718837738,0.781795084476471
2854.048095703125,2655.666259765625,0.20558713376522064,0.17685972154140472,0.7158531546592712
7879.88720703125,7706.46240234375,0.10542747378349304,0.22391317784786224,0.8754513263702393
6800.15087890625,6620.9609375,0.0925116017460823,0.24758003652095795,0.9143995642662048
4504.28955078125,4300.248046875,0.15465371310710907,0.23859934508800507,0.7415173053741455
4875.80517578125,4606.60302734375,0.21557268500328064,0.3016011416912079,1.0615414381027222
4473.333984375,4160.2392578125,0.222988560795784,0.3869951367378235,0.8102901577949524
3384.689453125,3087.463134765625,0.32902953028678894,0.2503925859928131,0.7515227794647217
5868.75634765625,5599.94140625,0.40848150849342346,0.1154143288731575,0.6867027878761292
4774.8232421875,4518.458984375,0.37437132000923157,0.12350208312273026,0.7427608370780945
4368.2685546875,4110.40185546875,0.2360718697309494,0.26489198207855225,0.7384886145591736
4232.8525390625,3947.72119140625,0.18160079419612885,0.37459564208984375,0.7033044099807739
4069.0078125,3806.71484375,0.23511892557144165,0.2760635018348694,0.6701633334159851
3494.66357421875,3253.82958984375,0.22449107468128204,0.2421562820672989,0.7510216236114502
5315.896484375,5102.302734375,0.13086742162704468,0.2807137966156006,0.7803035974502563
4711.53076171875,4520.23291015625,0.13095954060554504,0.23663458228111267,0.7500851154327393
4354.0830078125,4173.3955078125,0.2074507772922516,0.13795877993106842,0.7982797026634216
4209.03173828125,4015.125,0.22532914578914642,0.14510577917099,0.8689213395118713
4048.224365234375,3834.6376953125,0.16479815542697906,0.2480020523071289,0.718640923500061
3359.729248046875,3132.756103515625,0.19070464372634888,0.24863074719905853,0.7305352687835693
5063.6826171875,4849.474609375,0.26590508222579956,0.1483098417520523,0.7100549340248108
4240.8779296875,4020.043212890625,0.25977301597595215,0.16596946120262146,0.7963359355926514
4323.30322265625,4092.339599609375,0.1716410219669342,0.2751983106136322,0.7544151544570923
4043.8212890625,3812.255615234375,0.16585025191307068,0.28276291489601135,0.7259141802787781
4039.526123046875,3830.4599609375,0.22424407303333282,0.17959247529506683,0.714789092540741
3618.000244140625,3417.4287109375,0.20940737426280975,0.17699548602104187,0.7370194792747498
4526.78515625,4338.318359375,0.11964401602745056,0.24246978759765625,0.7409536838531494
4025.489501953125,3848.109130859375,0.12706643342971802,0.2135019749403,0.709610104560852
4256.06396484375,4081.530517578125,0.20453080534934998,0.12869639694690704,0.7919801473617554
3818.611328125,3625.16015625,0.21554304659366608,0.15536931157112122,0.7994949221611023
4274.552734375,4054.94677734375,0.14104461669921875,0.2829761803150177,0.7595943212509155
3659.11669921875,3427.947021484375,0.17410720884799957,0.2742365002632141,0.6997902393341064
4451.9248046875,4224.412109375,0.29323938488960266,0.14745093882083893,0.71675705909729
3903.624267578125,3668.085205078125,0.2976877987384796,0.15925440192222595,0.7067761421203613
4100.8369140625,3866.007568359375,0.17451542615890503,0.2806909680366516,0.7225927710533142
3713.588623046875,3482.9560546875,0.16299432516098022,0.2840873599052429,0.7091751098632812
4135.5859375,3937.888427734375,0.21161629259586334,0.1690983772277832,0.734041154384613
3599.65576171875,3407.915771484375,0.19982153177261353,0.16964207589626312,0.7008421421051025
4251.7314453125,4064.36474609375,0.11890483647584915,0.24148444831371307,0.7171779274940491
3693.14111328125,3507.743896484375,0.13063883781433105,0.22592024505138397,0.7117696404457092
4103.470703125,3926.2890625,0.19357238709926605,0.14460724592208862,0.8091689944267273
3609.1669921875,3417.5361328125,0.20131641626358032,0.16711489856243134,0.7415344715118408
4015.214599609375,3807.732177734375,0.14566589891910553,0.2539624273777008,0.766832172870636
3498.96533203125,3286.973388671875,0.18286043405532837,0.2271072268486023,0.700803816318512
4100.240234375,3892.75537109375,0.2620350122451782,0.13817782700061798,0.7378187775611877
3571.153076171875,3361.596923828125,0.2391057163476944,0.1652420163154602,0.738233745098114
4018.083251953125,3804.461669921875,0.13514792919158936,0.27779802680015564,0.7148775458335876
3550.1103515625,3342.68505859375,0.13664685189723969,0.2644334137439728,0.688518762588501
4011.539306640625,3830.9345703125,0.19507989287376404,0.15249662101268768,0.6816523671150208
3565.355224609375,3382.387451171875,0.19401521980762482,0.15713836252689362,0.7390920519828796
3907.7431640625,3718.966552734375,0.12330476939678192,0.23889154195785522,0.7678541541099548
3477.8310546875,3291.249267578125,0.13790012896060944,0.22105719149112701,0.7102915048599243
3951.272216796875,3772.5927734375,0.2116139978170395,0.13196106255054474,0.6891726851463318
3505.620849609375,3317.861572265625,0.2135499119758606,0.14782273769378662,0.7072945237159729
3864.424560546875,3665.83447265625,0.13382428884506226,0.24772310256958008,0.7816396355628967
3430.493408203125,3230.05859375,0.14565983414649963,0.2408118098974228,0.7199008464813232
3912.6875,3725.94384765625,0.2195970118045807,0.1402377039194107,0.6826190948486328
3475.70458984375,3287.125732421875,0.2117060273885727,0.151459202170372,0.6996302008628845
3791.732177734375,3600.1123046875,0.12029688060283661,0.2470318228006363,0.7955459356307983
3380.4609375,3193.330322265625,0.12519921362400055,0.2337954044342041,0.763335645198822
3856.48583984375,3687.714111328125,0.19189420342445374,0.13195201754570007,0.6848599910736084
3403.05517578125,3229.930419921875,0.19132326543331146,0.1407824605703354,0.7071824073791504
3806.781005859375,3627.618896484375,0.11163736134767532,0.23118695616722107,0.7750051617622375
3350.47314453125,3168.592041015625,0.12464192509651184,0.22328852117061615,0.7915999889373779
3858.015869140625,3685.330322265625,0.20054101943969727,0.13100336492061615,0.6913318634033203
3368.037841796875,3184.806884765625,0.20523406565189362,0.14700430631637573,0.7111839652061462
3813.70068359375,3623.301025390625,0.1228947639465332,0.24307669699192047,0.7414007186889648
3336.478271484375,3145.635009765625,0.13704149425029755,0.22967953979969025,0.7482605576515198
3818.831787109375,3643.02099609375,0.20583538711071014,0.13199494779109955,0.689568817615509
3330.97216796875,3152.27978515625,0.19709864258766174,0.14624768495559692,0.70192551612854
3775.92822265625,3594.12646484375,0.11042139679193497,0.23813360929489136,0.7524228692054749
3314.7685546875,3136.1904296875,0.11827456951141357,0.22484467923641205,0.7018442749977112
3767.076416015625,3605.814208984375,0.17862959206104279,0.1298985481262207,0.6998038291931152
3336.432861328125,3169.193115234375,0.1801232248544693,0.14014150202274323,0.7107506394386292
3653.68359375,3479.038818359375,0.1098884642124176,0.22286967933177948,0.8265526294708252
3236.55078125,3061.817138671875,0.12445396929979324,0.21106520295143127,0.6974172592163086
3724.031494140625,3559.146240234375,0.18866421282291412,0.12638656795024872,0.7359849810600281
3278.27734375,3107.898193359375,0.18671001493930817,0.13989196717739105,0.7078074812889099
3659.934326171875,3483.923583984375,0.11010172963142395,0.22406814992427826,0.8925884366035461
3257.796142578125,3084.158447265625,0.11959309130907059,0.21355772018432617,0.7062156200408936
3644.129638671875,3483.985107421875,0.17722870409488678,0.1278543323278427,0.76031094789505
3239.064453125,3076.7626953125,0.17172299325466156,0.13890714943408966,0.6986469626426697
3590.429443359375,3424.599365234375,0.09819734841585159,0.21493981778621674,0.9261360168457031
3174.9501953125,3014.031005859375,0.10861805081367493,0.19870233535766602,0.725905179977417
3644.9814453125,3496.968017578125,0.1616983562707901,0.11903240531682968,0.7648065090179443
3224.7431640625,3072.593994140625,0.15879516303539276,0.13154052197933197,0.6981344819068909
3534.949462890625,3376.3046875,0.09392964839935303,0.20518045127391815,0.908962070941925
3148.901123046875,2991.849853515625,0.10879843682050705,0.19078335165977478,0.7260463833808899
3544.2021484375,3396.302490234375,0.1631583571434021,0.11755644530057907,0.7542212009429932
3124.495849609375,2973.2802734375,0.15742798149585724,0.1310298591852188,0.6986595392227173
3518.345947265625,3365.4033203125,0.09061477333307266,0.19795002043247223,0.8660059571266174
3115.182373046875,2967.16015625,0.10137327015399933,0.18055085837841034,0.7060107588768005
3503.936767578125,3367.47119140625,0.14597925543785095,0.11218953877687454,0.738102376461029
3135.02587890625,2996.82568359375,0.13602164387702942,0.12624996900558472,0.7064388394355774
3374.940185546875,3233.183349609375,0.07733699679374695,0.1896631270647049,0.8256791830062866
3044.54248046875,2909.257080078125,0.09022796154022217,0.16663861274719238,0.6852099895477295
3337.874755859375,3212.4296875,0.13222496211528778,0.10426557809114456,0.7199813723564148
2996.760009765625,2871.004150390625,0.11989734321832657,0.11691498756408691,0.7349634170532227
3225.25732421875,3099.465087890625,0.07000822573900223,0.16625641286373138,0.7660026550292969
2888.124755859375,2769.228515625,0.081723652780056,0.14249612390995026,0.678631067276001
3220.36865234375,3107.377197265625,0.11304933577775955,0.09880659729242325,0.7063406109809875
2818.724365234375,2706.825927734375,0.0935368612408638,0.11471971869468689,0.7770218253135681
3200.184326171875,3090.22802734375,0.06170176342129707,0.14420008659362793,0.7005264163017273
2737.3798828125,2633.6669921875,0.0708991065621376,0.12269389629364014,0.6916486620903015
3799.302734375,3697.163818359375,0.09394140541553497,0.09526944160461426,0.7533563375473022
3839.713134765625,3730.515380859375,0.08893435448408127,0.1141766831278801,0.7642265558242798
1802.9886474609375,1679.4405517578125,0.07747959345579147,0.15611113607883453,0.6752710938453674
2567.167724609375,2463.150634765625,0.09150185436010361,0.10245385766029358,0.7039243578910828
3857.34033203125,3751.04931640625,0.09699959307909012,0.09969394654035568,0.7944400310516357
2485.234375,2373.5498046875,0.10211891680955887,0.10546042770147324,0.7895126342773438
3269.41064453125,3154.64306640625,0.08385246247053146,0.13120241463184357,0.724017858505249
4964.93115234375,4818.3349609375,0.08392509818077087,0.19598150253295898,0.6643130779266357
1379.2862548828125,1158.21630859375,0.10874524712562561,0.3195476830005646,0.6923471093177795
19278.017578125,19138.458984375,0.138235941529274,0.12498800456523895,0.7946954369544983
25772.185546875,25499.693359375,0.26467883586883545,0.26214492321014404,0.9080886840820312
7500.93798828125,7080.2265625,0.5648797750473022,0.26025211811065674,0.8145613074302673
15935.837890625,15449.6943359375,0.7422504425048828,0.21412940323352814,0.7954115271568298
23444.171875,22507.330078125,1.0613011121749878,0.7954200506210327,0.8480530381202698
13086.154296875,10947.7890625,1.6422673463821411,2.62115740776062,0.6651988625526428
15615.759765625,12278.0126953125,2.061816930770874,4.605642318725586,0.4017440676689148
16205.3076171875,12519.44921875,2.6059389114379883,4.7574567794799805,0.41611137986183167
10149.017578125,6893.13427734375,3.14323353767395,3.3600165843963623,0.4257414638996124
10372.9443359375,8426.3291015625,2.620910406112671,1.2625000476837158,0.49103596806526184
11425.5986328125,9821.4052734375,2.1379520893096924,1.0553183555603027,0.7557159066200256
10872.0537109375,9679.2958984375,1.449800968170166,0.9189386963844299,0.8387790322303772
7921.62255859375,7351.060546875,0.7498095035552979,0.3753216564655304,0.7996366620063782
9312.2255859375,9105.76953125,0.28241395950317383,0.11503685265779495,0.7730287909507751
7276.34375,6913.4248046875,0.20058894157409668,0.5103681087493896,0.7440275549888611
9152.2587890625,8518.6181640625,0.21302784979343414,1.0394887924194336,0.738193929195404
8486.568359375,7774.21728515625,0.16671954095363617,1.2419596910476685,0.8011296987533569
6558.2265625,5931.15771484375,0.13494755327701569,1.1001946926116943,0.9497668743133545
5508.04638671875,4898.90478515625,0.34425485134124756,0.8575046062469482,0.8261929154396057
7616.77099609375,6871.12939453125,0.8396446704864502,0.6376078128814697,0.7015256285667419
6921.66748046875,5967.6220703125,1.3951817750930786,0.5000631809234619,0.6423091888427734
6666.0166015625,5611.56298828125,1.7312653064727783,0.36620357632637024,0.5719017386436462
5893.2724609375,4895.5986328125,1.636782169342041,0.3472011685371399,0.5682254433631897
5264.36376953125,4376.16748046875,1.2250237464904785,0.5401922464370728,0.5588254332542419
4558.841796875,3844.984619140625,0.6685800552368164,0.747928261756897,0.5603072643280029
6388.37548828125,5884.64697265625,0.2716462016105652,0.7245203852653503,0.5644918084144592
5363.611328125,4972.478515625,0.15796570479869843,0.6117256283760071,0.6287017464637756
6010.2236328125,5704.00439453125,0.15039096772670746,0.4461354911327362,0.7955899834632874
5420.60302734375,5122.4091796875,0.18071235716342926,0.39856499433517456,0.8555276393890381
5335.99072265625,4991.5078125,0.2351696640253067,0.43202877044677734,1.0883984565734863
4498.53564453125,4107.76171875,0.32138755917549133,0.4402676522731781,0.9946231842041016
5696.5419921875,5289.09375,0.4341142773628235,0.3676513731479645,0.6565470099449158
4823.755859375,4345.248046875,0.5756474137306213,0.36833590269088745,0.6516004204750061
5153.26123046875,4607.6220703125,0.6384826898574829,0.4401746094226837,0.6310705542564392
4719.72900390625,4142.18701171875,0.6745356917381287,0.4680147171020508,0.6266589760780334
5040.75537109375,4486.04833984375,0.6734536290168762,0.4224165081977844,0.6772067546844482
4288.50244140625,3740.20166015625,0.6158320307731628,0.4663521945476532,0.72085040807724
5169.9697265625,4647.47802734375,0.49364033341407776,0.5378250479698181,0.6758751273155212
4451.568359375,3966.43994140625,0.4366163909435272,0.5210049152374268,0.6317636370658875
4908.6904296875,4488.009765625,0.42576658725738525,0.4031884968280792,0.6202976703643799
4297.115234375,3903.548583984375,0.40850722789764404,0.3656435012817383,0.6491013765335083
4792.97705078125,4422.93359375,0.32329270243644714,0.40332889556884766,0.6732178330421448
4027.187255859375,3653.116455078125,0.2727302312850952,0.4631239175796509,0.614375114440918
4830.4677734375,4460.5087890625,0.2836504876613617,0.44393205642700195,0.6167307496070862
4178.7490234375,3805.074462890625,0.3330434560775757,0.4013247787952423,0.6490077376365662
4592.32177734375,4229.0869140625,0.3550955653190613,0.35693779587745667,0.7218032479286194
4023.305908203125,3646.906494140625,0.38881489634513855,0.35007205605506897,0.6955929398536682
4655.19482421875,4263.2705078125,0.4307030439376831,0.33974575996398926,0.6699680089950562
4089.489013671875,3678.300048828125,0.46812009811401367,0.34078219532966614,0.6737842559814453
4521.9638671875,4117.10595703125,0.4454772174358368,0.35049235820770264,0.687284529209137
4103.23095703125,3684.841552734375,0.43441250920295715,0.38946598768234253,0.6450185775756836
4255.2158203125,3829.4951171875,0.43514642119407654,0.40323010087013245,0.6532011032104492
3762.609619140625,3359.347412109375,0.40522557497024536,0.38836851716041565,0.6465099453926086
4501.1025390625,4144.5302734375,0.3264668583869934,0.3732101321220398,0.6733944416046143
3874.546630859375,3519.265625,0.3011915981769562,0.39647147059440613,0.6449419260025024
4460.40185546875,4106.53955078125,0.3092740476131439,0.3854731321334839,0.6488749980926514
3910.148193359375,3561.765869140625,0.3205534517765045,0.3630715608596802,0.6569772362709045
4293.525390625,3961.932861328125,0.30436912178993225,0.3449292480945587,0.6943226456642151
3736.28125,3390.31787109375,0.32457470893859863,0.3539736866950989,0.6689277291297913
4460.755859375,4104.294921875,0.3612830638885498,0.33868110179901123,0.647876501083374
3862.54345703125,3498.8876953125,0.38149869441986084,0.3328397870063782,0.6486587524414062
4408.87060546875,4059.1484375,0.3508770167827606,0.33583709597587585,0.6365325450897217
3976.317138671875,3617.880615234375,0.3525012731552124,0.35161739587783813,0.6377251148223877
4148.7939453125,3789.9794921875,0.36728018522262573,0.3373689353466034,0.648988664150238
3747.044921875,3397.3046875,0.35665562748908997,0.32979822158813477,0.6513469219207764
4292.37744140625,3968.10009765625,0.304092675447464,0.3315928280353546,0.6434462070465088
3825.85498046875,3502.613525390625,0.2970736622810364,0.3366072475910187,0.6401001214981079
4226.85986328125,3906.5859375,0.3121178448200226,0.3153240382671356,0.655331552028656
3817.48193359375,3493.055419921875,0.31640779972076416,0.3193182945251465,0.6563456058502197
4169.43505859375,3850.824462890625,0.29038622975349426,0.3339056074619293,0.6464651226997375
3737.007080078125,3413.2861328125,0.3007528483867645,0.33367934823036194,0.6504875421524048
4258.20263671875,3940.50146484375,0.3218747079372406,0.30034247040748596,0.659289538860321
3815.539794921875,3495.965576171875,0.32175010442733765,0.3044578433036804,0.647031307220459
4158.06591796875,3849.613037109375,0.2815992534160614,0.3228638470172882,0.6220983862876892
3730.375732421875,3421.166259765625,0.2870277166366577,0.31878340244293213,0.6303923726081848
4192.015625,3887.121337890625,0.3134981393814087,0.2829357385635376,0.6677201986312866
3712.260986328125,3401.269287109375,0.3172178268432617,0.2913273870944977,0.6718890070915222
4213.1064453125,3910.1669921875,0.27655458450317383,0.3165443539619446,0.6390009522438049
3733.77734375,3426.9921875,0.28187865018844604,0.3190843462944031,0.630379319190979
4142.6318359375,3840.583740234375,0.3090502917766571,0.2820294499397278,0.6508151888847351
3631.93115234375,3329.453125,0.30875924229621887,0.28310757875442505,0.6544625759124756
4238.56201171875,3954.12255859375,0.2569895386695862,0.29928311705589294,0.6303417682647705
3696.889404296875,3411.47802734375,0.2566871643066406,0.30158859491348267,0.6273350715637207
4145.8994140625,3861.72509765625,0.2850908637046814,0.27009037137031555,0.6583720445632935
3593.75537109375,3301.91552734375,0.2937575578689575,0.276330828666687,0.6795566082000732
4236.962890625,3954.198974609375,0.2574903964996338,0.2950468957424164,0.6495146155357361
3652.73974609375,3360.915771484375,0.2697291076183319,0.3012319803237915,0.6343514323234558
4168.7265625,3873.402099609375,0.3037381172180176,0.27392274141311646,0.6493917107582092
3595.18798828125,3291.757080078125,0.3092421591281891,0.28435465693473816,0.6632565855979919
4200.533203125,3908.473388671875,0.2677420675754547,0.3036394417285919,0.6369273662567139
3611.059814453125,3314.245361328125,0.27583611011505127,0.305292010307312,0.6250524520874023
4161.65087890625,3867.5888671875,0.302667498588562,0.2725183963775635,0.6469234228134155
3575.48095703125,3278.879638671875,0.2981473207473755,0.2817756235599518,0.6639793515205383
4156.8466796875,3872.52880859375,0.2538074254989624,0.3019784986972809,0.6424857974052429
3553.64453125,3265.416259765625,0.26277223229408264,0.30104726552963257,0.6318703293800354
4150.47607421875,3865.9306640625,0.2923911511898041,0.2636297345161438,0.653495728969574
3533.30224609375,3246.7822265625,0.2878892719745636,0.27191463112831116,0.6618235111236572
4147.1708984375,3871.394287109375,0.24332641065120697,0.295414000749588,0.6406323313713074
3524.74951171875,3242.52978515625,0.2532542943954468,0.29854899644851685,0.631800651550293
4131.67431640625,3850.50634765625,0.2871229946613312,0.26216378808021545,0.6524497270584106
3511.545654296875,3226.239990234375,0.2871161103248596,0.27036982774734497,0.6562815308570862
4122.26171875,3846.9462890625,0.24466341733932495,0.2931782007217407,0.639466404914856
3516.174560546875,3235.216552734375,0.2553343176841736,0.2938694655895233,0.6356164216995239
4074.774658203125,3796.26953125,0.28981682658195496,0.25416937470436096,0.6511986255645752
3464.548828125,3184.61962890625,0.28791844844818115,0.2589525878429413,0.6493614315986633
4110.53955078125,3842.038818359375,0.24258755147457123,0.28167030215263367,0.6371567249298096
3509.7275390625,3234.683349609375,0.24923966825008392,0.28804224729537964,0.64034104347229
4019.069580078125,3744.71240234375,0.2796042263507843,0.25602272152900696,0.6543586254119873
3421.526611328125,3146.09912109375,0.27538469433784485,0.26250144839286804,0.6484323740005493
4093.86865234375,3831.0478515625,0.2320048213005066,0.28090187907218933,0.6367374062538147
3499.943359375,3231.197021484375,0.24103260040283203,0.2835579812526703,0.6450808048248291
3966.564453125,3697.614990234375,0.2735542058944702,0.2511952519416809,0.6574721336364746
3379.112060546875,3108.695556640625,0.27214089035987854,0.25577500462532043,0.6458473801612854
4078.991943359375,3821.228271484375,0.23187802731990814,0.27100083231925964,0.6324298977851868
3487.64599609375,3223.0625,0.24154283106327057,0.2747478783130646,0.6438320279121399
3926.40234375,3659.878173828125,0.2720315158367157,0.24786916375160217,0.6573692560195923
3350.977294921875,3083.32568359375,0.26783859729766846,0.25462576746940613,0.6419355869293213
4054.19384765625,3800.716552734375,0.22657400369644165,0.26783686876296997,0.6272020936012268
3471.154541015625,3212.49755859375,0.2351265847682953,0.2693451941013336,0.6421022415161133
3892.24658203125,3632.677490234375,0.26353394985198975,0.24231567978858948,0.6644254922866821
3329.874267578125,3069.3818359375,0.2589399814605713,0.2491009384393692,0.6471837162971497
4019.9775390625,3772.859130859375,0.2194119393825531,0.26228809356689453,0.626839280128479
3444.6923828125,3191.783447265625,0.22916485369205475,0.2639019787311554,0.637542188167572
3868.974609375,3614.2958984375,0.25878238677978516,0.2373184710741043,0.6628528237342834
3314.754150390625,3058.297119140625,0.2559155821800232,0.24405843019485474,0.6469981670379639
3984.373779296875,3740.715087890625,0.21724699437618256,0.2575823962688446,0.624382495880127
3417.4228515625,3168.20458984375,0.22578081488609314,0.26000744104385376,0.6324279308319092
3849.65478515625,3599.6455078125,0.2528476417064667,0.23395904898643494,0.6606072783470154
3303.552001953125,3052.19140625,0.2498241364955902,0.23991131782531738,0.6492975354194641
3946.3076171875,3707.7578125,0.2125982642173767,0.25200045108795166,0.6250545382499695
3388.509765625,3144.6357421875,0.22095642983913422,0.2541850805282593,0.6303125023841858
3831.15087890625,3586.553955078125,0.24673381447792053,0.229279562830925,0.6590251326560974
3290.50732421875,3044.23681640625,0.2445983737707138,0.2349291890859604,0.6506836414337158
3909.883544921875,3675.766357421875,0.20984436571598053,0.24590076506137848,0.624459445476532
3357.48974609375,3117.836669921875,0.2176421582698822,0.24912025034427643,0.6271962523460388
3815.938720703125,3575.90478515625,0.23986496031284332,0.22708164155483246,0.6560564637184143
3278.15087890625,3036.5732421875,0.23713773488998413,0.2329874187707901,0.6515118479728699
3874.443603515625,3644.961669921875,0.20537671446800232,0.24110473692417145,0.6241259574890137
3326.330078125,3091.31640625,0.21428437530994415,0.24324534833431244,0.6248728036880493
3801.436279296875,3565.9833984375,0.23474273085594177,0.22309356927871704,0.653458833694458
3263.77490234375,3026.509521484375,0.23234742879867554,0.22914737462997437,0.6518182754516602
3844.548583984375,3618.95947265625,0.20357313752174377,0.2351248413324356,0.6239902973175049
3298.818603515625,3067.359375,0.21276015043258667,0.23769578337669373,0.6231291890144348
3787.76806640625,3555.926025390625,0.2296791672706604,0.22098445892333984,0.6510251760482788
3251.802001953125,3018.444580078125,0.22584906220436096,0.22783972322940826,0.6512929201126099
3815.56689453125,3594.260009765625,0.19925937056541443,0.23088407516479492,0.6235031485557556
3274.957275390625,3047.94775390625,0.20907679200172424,0.23251093924045563,0.6215583682060242
3771.056396484375,3543.563232421875,0.22391675412654877,0.21809224784374237,0.6488710045814514
3238.0634765625,3008.7705078125,0.2205200046300888,0.22505107522010803,0.6507278084754944
3790.321044921875,3572.647705078125,0.19733396172523499,0.22555017471313477,0.6231260299682617
3254.6982421875,3030.7861328125,0.20786072313785553,0.227558434009552,0.6202567219734192
3753.982177734375,3529.277587890625,0.21983714401721954,0.21663632988929749,0.6467889547348022
3225.751708984375,2999.471923828125,0.2158142626285553,0.22374573349952698,0.6499691009521484
3765.705078125,3551.60546875,0.19492630660533905,0.22082237899303436,0.6225430965423584
3236.2890625,3016.193115234375,0.20519660413265228,0.22261999547481537,0.6187663674354553
3735.594970703125,3514.7080078125,0.21393290162086487,0.21495270729064941,0.6444169878959656
3211.829345703125,2989.4384765625,0.21012967824935913,0.22166532278060913,0.6493305563926697
3744.569580078125,3534.50146484375,0.19274204969406128,0.21494464576244354,0.6224886775016785
3219.552490234375,3003.230224609375,0.20316404104232788,0.21712221205234528,0.6179192066192627
3718.98046875,3501.32666015625,0.20862621068954468,0.21382838487625122,0.6426405310630798
3199.055419921875,2979.74755859375,0.20500992238521576,0.22063112258911133,0.6487308740615845
3725.91015625,3519.282958984375,0.19102062284946442,0.20979566872119904,0.6218931674957275
3205.2001953125,2992.44775390625,0.20118297636508942,0.2119971215724945,0.6162469387054443
3702.929443359375,3488.714599609375,0.2028520256280899,0.2127818465232849,0.6397974491119385
3187.015380859375,2971.183349609375,0.19944168627262115,0.21926632523536682,0.647809624671936
3708.6318359375,3505.8095703125,0.18917426466941833,0.2040380984544754,0.6216105818748474
3191.282470703125,2982.348388671875,0.1992688626050949,0.20630007982254028,0.6149668097496033
3688.620849609375,3477.86181640625,0.19733978807926178,0.21143029630184174,0.6374120712280273
3175.13232421875,2962.61328125,0.19418291747570038,0.21790924668312073,0.6472906470298767
3694.01025390625,3494.820068359375,0.18743346631526947,0.1985199898481369,0.6213457584381104
3178.72021484375,2973.57080078125,0.1970626711845398,0.2009681612253189,0.6134136319160461
3675.683837890625,3468.5341796875,0.19126702845096588,0.21034187078475952,0.6345134377479553
3163.8701171875,2954.9091796875,0.1884351670742035,0.2165525108575821,0.6467139720916748
3680.667724609375,3485.374755859375,0.18539434671401978,0.19276215136051178,0.6214516162872314
3166.135986328125,2964.95947265625,0.1948046088218689,0.19530700147151947,0.6120510101318359
3664.364501953125,3460.848388671875,0.18551969528198242,0.20887988805770874,0.6316502094268799
3152.35400390625,2946.818115234375,0.18326492607593536,0.2148873209953308,0.6459804773330688
3669.384033203125,3477.75927734375,0.18384867906570435,0.18697196245193481,0.6214246153831482
3153.640869140625,2956.224365234375,0.19266344606876373,0.18995805084705353,0.6105604767799377
3654.663818359375,3454.62255859375,0.1795864701271057,0.20792193710803986,0.6287153363227844
3140.549560546875,2938.361083984375,0.17785757780075073,0.21361370384693146,0.6452771425247192
3659.780029296875,3471.9091796875,0.18207493424415588,0.18123866617679596,0.6214105486869812
3140.8271484375,2947.33740234375,0.19035044312477112,0.18444763123989105,0.6090718507766724
3646.03857421875,3449.617431640625,0.17369700968265533,0.20662613213062286,0.6259544491767883
3127.453125,2928.657958984375,0.1726629137992859,0.212029367685318,0.6448872089385986
3652.303466796875,3468.092041015625,0.18047967553138733,0.17551307380199432,0.6215198040008545
3127.417236328125,2937.67724609375,0.18810835480690002,0.17921902239322662,0.607649028301239
3639.064453125,3446.02978515625,0.16797176003456116,0.20563222467899323,0.6232554912567139
3113.650390625,2918.013916015625,0.1676952838897705,0.21068693697452545,0.644534170627594
3646.46044921875,3465.793212890625,0.17892664670944214,0.1699831634759903,0.6212352514266968
3113.739501953125,2927.73876953125,0.18580350279808044,0.17407740652561188,0.6060217022895813
3632.644287109375,3443.0341796875,0.16238008439540863,0.20442704856395721,0.620663046836853
3098.668212890625,2906.182861328125,0.16296109557151794,0.2091091275215149,0.6450275778770447
3641.737060546875,3464.48828125,0.17746223509311676,0.16461005806922913,0.6212685704231262
3099.415771484375,2916.98486328125,0.18350666761398315,0.1692637950181961,0.6045697927474976
3626.689697265625,3440.3017578125,0.15702605247497559,0.2033863216638565,0.6181908249855042
3082.980712890625,2893.448974609375,0.1584932804107666,0.20765471458435059,0.6457704305648804
3636.920166015625,3462.963134765625,0.1759660392999649,0.15952977538108826,0.6209313273429871
3084.279541015625,2905.379150390625,0.18106436729431152,0.16467580199241638,0.6030320525169373
3620.108642578125,3436.94287109375,0.15181583166122437,0.20219692587852478,0.6159487962722778
3066.189697265625,2879.591552734375,0.15426978468894958,0.2059771567583084,0.6474525928497314
3630.943359375,3460.168701171875,0.1745077222585678,0.15463019907474518,0.6205928921699524
3067.391357421875,2891.9287109375,0.17858976125717163,0.16030246019363403,0.6016597151756287
3612.875244140625,3432.867431640625,0.14685307443141937,0.20088496804237366,0.6138864755630493
3048.27734375,2864.538818359375,0.15028756856918335,0.2041943073272705,0.6497612595558167
3623.22412109375,3455.55712890625,0.17291711270809174,0.15001855790615082,0.6199181079864502
3048.751953125,2876.699951171875,0.17587874829769135,0.15621605515480042,0.6004547476768494
3604.20947265625,3427.37109375,0.14200341701507568,0.19943098723888397,0.6121043562889099
3029.068359375,2848.188232421875,0.14647804200649261,0.20222026109695435,0.6530994772911072
3612.975830078125,3448.3623046875,0.17118574678897858,0.14565874636173248,0.61911541223526
3027.798828125,2859.13330078125,0.17301307618618011,0.15232457220554352,0.5996524095535278
3594.01318359375,3420.3759765625,0.137404203414917,0.19765828549861908,0.6105867028236389
3008.535400390625,2830.505126953125,0.14294086396694183,0.1999739706516266,0.6572868227958679
3600.056396484375,3438.406982421875,0.16932862997055054,0.14161179959774017,0.6179320812225342
3005.016357421875,2839.646728515625,0.1699777990579605,0.1487758755683899,0.5992975831031799
3581.575439453125,3411.108642578125,0.13302725553512573,0.19571815431118011,0.6093999743461609
2986.86474609375,2811.687255859375,0.13960622251033783,0.19749850034713745,0.6624899506568909
3583.8671875,3425.152587890625,0.1672675609588623,0.1378331482410431,0.6164278388023376
2980.592041015625,2818.495849609375,0.16674000024795532,0.14546102285385132,0.5995697379112244
3566.15380859375,3398.87890625,0.1288711428642273,0.19350503385066986,0.6086793541908264
2963.9248046875,2791.630615234375,0.136466845870018,0.19474627077579498,0.6687690019607544
3564.27978515625,3408.4677734375,0.16501320898532867,0.134321928024292,0.6144627928733826
2954.922607421875,2796.0458984375,0.1633232980966568,0.14241881668567657,0.600559651851654
3547.276123046875,3383.183837890625,0.12491939216852188,0.1910960078239441,0.6084816455841064
2939.78857421875,2770.4365234375,0.13346539437770844,0.19171451032161713,0.676217794418335
3541.334716796875,3388.45947265625,0.16251380741596222,0.130994513630867,0.6121110916137695
2928.4873046875,2772.84228515625,0.15969789028167725,0.13954377174377441,0.6024137139320374
3524.559326171875,3363.681884765625,0.12114555388689041,0.18843092024326324,0.6089208126068115
2914.51171875,2748.177490234375,0.13056379556655884,0.18840636312961578,0.6849108338356018
3515.12548828125,3365.239013671875,0.1597222238779068,0.12786255776882172,0.6093981266021729
2901.528076171875,2749.1474609375,0.15581537783145905,0.1368401050567627,0.6053087711334229
3498.141845703125,3340.5537109375,0.11751039326190948,0.18546338379383087,0.6101285815238953
2888.3310546875,2725.142333984375,0.12774862349033356,0.184731587767601,0.6948844194412231
3485.8974609375,3339.06494140625,0.15665195882320404,0.12488438934087753,0.6064344644546509
2874.333984375,2725.2431640625,0.15169411897659302,0.13430136442184448,0.6093126535415649
3468.419921875,3314.1962890625,0.11401800811290741,0.18218356370925903,0.6122819185256958
2861.8046875,2701.898681640625,0.12500335276126862,0.18068653345108032,0.7061128616333008
3453.682861328125,3309.9755859375,0.15327362716197968,0.12207332253456116,0.603384256362915
2847.1083984375,2701.346923828125,0.1472957581281662,0.1319373995065689,0.6144989728927612
3435.822265625,3285.061767578125,0.11064700782299042,0.178561270236969,0.6156225800514221
2835.369873046875,2678.910400390625,0.1223227009177208,0.17622651159763336,0.7184766530990601
3418.797607421875,3278.277587890625,0.14961718022823334,0.11941345036029816,0.6004524230957031
2820.234375,2677.81396484375,0.1426713466644287,0.12975341081619263,0.6208000779151917
3400.730224609375,3253.504150390625,0.10742359608411789,0.17461957037448883,0.6204626560211182
2809.385986328125,2656.52392578125,0.11969313025474548,0.1713949590921402,0.7318078875541687
3381.82568359375,3244.552978515625,0.14566658437252045,0.11691945046186447,0.5979800820350647
2794.217041015625,2655.14404296875,0.13784430921077728,0.12773941457271576,0.6281156539916992
3363.578369140625,3219.9296875,0.10438723862171173,0.17036937177181244,0.627034604549408
2784.06591796875,2634.916748046875,0.11712798476219177,0.1662554293870926,0.7457485198974609
3343.5517578125,3209.5576171875,0.14144234359264374,0.11461884528398514,0.5963731408119202
2769.310546875,2633.572509765625,0.13286982476711273,0.125880628824234,0.6362693309783936
3325.33447265625,3185.28515625,0.10157094150781631,0.16581536829471588,0.6356099843978882
2759.78515625,2614.42041015625,0.11462715268135071,0.16090522706508636,0.7598644495010376
3304.85009765625,3174.11572265625,0.13698288798332214,0.11256491392850876,0.5960420370101929
2745.65234375,2613.189453125,0.12784439325332642,0.12418243288993835,0.6449505686759949
3287.111572265625,3150.632080078125,0.09903519600629807,0.16099964082241058,0.6462088227272034
2736.7607421875,2595.177978515625,0.1122211143374443,0.15547317266464233,0.7735642790794373
3266.58056640625,3139.016357421875,0.13238143920898438,0.11080025881528854,0.5973289012908936
2723.07470703125,2593.76806640625,0.12289592623710632,0.12264204025268555,0.6537629961967468
3250.031982421875,3117.0244140625,0.09681876003742218,0.15602363646030426,0.6586317420005798
2715.051513671875,2577.152587890625,0.10993227362632751,0.15014050900936127,0.7862465381622314
3229.341796875,3104.78271484375,0.1277608722448349,0.10935063660144806,0.6003297567367554
2701.198486328125,2574.866943359375,0.11817846447229385,0.12123875319957733,0.6623038649559021
3214.739990234375,3085.0205078125,0.09496081620454788,0.15103286504745483,0.6722622513771057
2694.459716796875,2560.031005859375,0.10780961066484451,0.14509762823581696,0.7975080609321594
3193.142822265625,3071.349365234375,0.12327975779771805,0.10821039974689484,0.6048435568809509
2679.35498046875,2555.757568359375,0.11383341997861862,0.11995574831962585,0.6702836751937866
3181.336181640625,3054.6357421875,0.09345776587724686,0.1462213397026062,0.6860774159431458
2674.666748046875,2543.390625,0.10588154941797256,0.14052747189998627,0.8071420788764954
3157.34130859375,3038.02978515625,0.11907508969306946,0.10734198242425919,0.6103127002716064
2656.726806640625,2535.58837890625,0.10995685309171677,0.11876785010099411,0.677603006362915
3149.481689453125,3025.479736328125,0.09227647632360458,0.1417500078678131,0.6988853812217712
2655.394775390625,2526.8798828125,0.10418727248907089,0.1365361213684082,0.8152976632118225
3121.114501953125,3003.974365234375,0.11526737362146378,0.10669311881065369,0.615984320640564
2632.89501953125,2513.91845703125,0.10658517479896545,0.11768115311861038,0.6843457818031311
3118.587890625,2996.93994140625,0.0913553461432457,0.13774867355823517,0.7096033692359924
2636.585205078125,2510.40478515625,0.10276030749082565,0.13315318524837494,0.8223667144775391
3083.998779296875,2968.71484375,0.11192449927330017,0.1062193438410759,0.621183454990387
2608.20166015625,2491.07958984375,0.10369465500116348,0.1167324110865593,0.6908330321311951
3088.126708984375,2968.49365234375,0.09064532071352005,0.134267196059227,0.7176765203475952
2618.406494140625,2494.1337890625,0.10164479911327362,0.1303195208311081,0.8290472626686096
3046.509033203125,2932.775146484375,0.10905766487121582,0.10589993745088577,0.6255243420600891
2584.005859375,2468.43212890625,0.10121197998523712,0.11598441749811172,0.6975562572479248
3057.7158203125,2939.778564453125,0.09012549370527267,0.13128603994846344,0.7231481671333313
2601.14697265625,2478.37890625,0.1008821651339531,0.12793025374412537,0.8361853957176208
3010.2392578125,2897.769775390625,0.10660374164581299,0.10575392097234726,0.6290528774261475
2562.4755859375,2448.15625,0.09904062747955322,0.11549460887908936,0.7051771879196167
3027.236572265625,2910.706787109375,0.08982722461223602,0.12869757413864136,0.7267236113548279
2585.10595703125,2463.478515625,0.100506991147995,0.12585248053073883,0.8447709679603577
2977.339599609375,2865.874267578125,0.10444729030132294,0.10583970695734024,0.6321714520454407
2545.68359375,2432.3427734375,0.0970880463719368,0.11530563980340958,0.7144005298614502
2997.267333984375,2881.896240234375,0.0898115262389183,0.12634111940860748,0.7294628620147705
2570.961669921875,2450.154541015625,0.10052216798067093,0.12397801876068115,0.8557032942771912
2949.420654296875,2838.6962890625,0.10246944427490234,0.10627071559429169,0.635428786277771
2534.601806640625,2421.968994140625,0.09531542658805847,0.11543457210063934,0.7257800698280334
2969.461181640625,2855.05908203125,0.09014899283647537,0.12400254607200623,0.7326449751853943
2559.9765625,2439.73388671875,0.10087525099515915,0.1222168430685997,0.8696638345718384
2926.9599609375,2816.689697265625,0.10056836903095245,0.10718515515327454,0.6393671035766602
2528.850830078125,2416.636962890625,0.09374074637889862,0.1158960834145546,0.7395601272583008
2946.237060546875,2832.663330078125,0.09089111536741257,0.12150789052248001,0.7374387383460999
2553.67626953125,2433.814697265625,0.10146951675415039,0.12051542103290558,0.8869146704673767
2909.693359375,2799.551513671875,0.09871035069227219,0.10868490487337112,0.6444414854049683
2527.50439453125,2415.3740234375,0.09246774017810822,0.1166800782084465,0.7556464672088623
2929.58251953125,2816.685546875,0.09208288043737411,0.11881763488054276,0.7446765303611755
2552.933837890625,2433.318115234375,0.10219080746173859,0.11889571696519852,0.9072437882423401
2897.636962890625,2787.294921875,0.09689760208129883,0.1107662171125412,0.6509947776794434
2530.110595703125,2417.709228515625,0.09160614013671875,0.11772081255912781,0.7737794518470764
2920.00634765625,2807.558837890625,0.09373447299003601,0.11606671661138535,0.7546811699867249
2557.287109375,2437.781005859375,0.10294293612241745,0.11746707558631897,0.9301126003265381
2891.53515625,2780.7099609375,0.09517987072467804,0.11328491568565369,0.6592748165130615
2536.98876953125,2424.00341796875,0.09123634546995163,0.11886037141084671,0.793703019618988
2916.48779296875,2804.16796875,0.09578394889831543,0.11351032555103302,0.7672665119171143
2565.394287109375,2445.816162109375,0.10364825278520584,0.1164119690656662,0.9548053741455078
2892.010986328125,2780.489990234375,0.09365422278642654,0.1159999817609787,0.669386625289917
2548.398681640625,2434.6181640625,0.09138116985559464,0.1198754534125328,0.8151988983154297
2917.589111328125,2805.04345703125,0.09806647151708603,0.1113831102848053,0.7820680737495422
2576.2451171875,2456.378173828125,0.10421406477689743,0.11590557545423508,0.9807008504867554
2898.276611328125,2785.9033203125,0.09245143085718155,0.11866910755634308,0.6812922954559326
2563.67138671875,2449.0029296875,0.09203162789344788,0.12054654955863953,0.8379330039024353
2922.478515625,2809.423583984375,0.10033583641052246,0.10979343205690384,0.7990236282348633
2589.8486328125,2469.49072265625,0.10453281551599503,0.1160372793674469,1.007277011871338
2908.131591796875,2794.771240234375,0.09172295778989792,0.12109794467687607,0.6950007081031799
2581.52685546875,2465.941650390625,0.09318704903125763,0.12075677514076233,0.8613380789756775
2930.631591796875,2816.8857421875,0.10234678536653519,0.10877241939306259,0.8186240792274475
2606.62939453125,2485.62353515625,0.1045151948928833,0.11681502312421799,1.0340698957443237
2919.221435546875,2804.76513671875,0.09159673005342484,0.12310073524713516,0.7107657790184021
2601.0078125,2484.482666015625,0.0948687493801117,0.12048738449811935,0.8847106695175171
2941.1103515625,2826.530029296875,0.10393976420164108,0.10838756710290909,0.8416860699653625
2626.29541015625,2504.492919921875,0.10415449738502502,0.11824069172143936,1.0605050325393677
2930.484619140625,2814.89111328125,0.09215670078992844,0.1244458258152008,0.7292155623435974
2621.76806640625,2504.2763671875,0.09708016365766525,0.11975593864917755,0.907372236251831
2952.873046875,2837.26123046875,0.10504059493541718,0.10880479216575623,0.8689160943031311
2647.77294921875,2524.949951171875,0.10353600233793259,0.12039437890052795,1.0858010053634644
2942.12255859375,2825.424072265625,0.0934782326221466,0.12489748746156693,0.7510643601417542
2643.203857421875,2524.72021484375,0.09981554001569748,0.11858050525188446,0.9285690188407898
2965.893310546875,2848.95458984375,0.10563946515321732,0.11022689193487167,0.9005609750747681
2669.697265625,2545.4912109375,0.10283918678760529,0.12339778244495392,1.108763575553894
2955.0986328125,2837.340087890625,0.09567182511091232,0.12431380897760391,0.7765730023384094
2663.80859375,2544.293212890625,0.1030559316277504,0.11703389137983322,0.947052001953125
2981.635498046875,2863.0068359375,0.10573354363441467,0.11280505359172821,0.9359334707260132
2690.65771484375,2564.5966796875,0.10226559638977051,0.12730905413627625,1.127359390258789
2970.77001953125,2851.9248046875,0.09884021431207657,0.12275059521198273,0.8049888014793396
2681.499267578125,2560.85400390625,0.10677068680524826,0.11530721932649612,0.9606195092201233
3001.9404296875,2881.241943359375,0.10536903887987137,0.11656925827264786,0.9729312658309937
2708.974609375,2580.572509765625,0.10202634334564209,0.13200770318508148,1.1384986639022827
2990.216552734375,2870.15380859375,0.1029735803604126,0.12047147750854492,0.8340427279472351
2694.3330078125,2572.4072265625,0.11082389205694199,0.11370320618152618,0.9662395715713501
3026.969970703125,2903.9150390625,0.10463245213031769,0.12132659554481506,1.0075381994247437
2722.67333984375,2591.612548828125,0.10224875807762146,0.13710270822048187,1.1384891271591187
3012.16552734375,2890.745849609375,0.10774805396795273,0.1178947240114212,0.8598280549049377
2700.75341796875,2577.4736328125,0.11483938246965408,0.11250744014978409,0.9606497287750244
3053.008056640625,2927.645263671875,0.10358881950378418,0.1264486163854599,1.0343900918960571
2730.021240234375,2596.435791015625,0.1028391420841217,0.14185406267642975,1.1238884925842285
3031.203125,2908.541259765625,0.11236074566841125,0.11540669947862625,0.8778112530708313
2700.087158203125,2575.68701171875,0.11810226738452911,0.11187278479337692,0.9412612915039062
3072.395263671875,2945.4287109375,0.10216355323791504,0.13079755008220673,1.048607349395752
2729.837890625,2594.604248046875,0.10341355949640274,0.14520011842250824,1.0926846265792847
3040.855712890625,2917.631591796875,0.1156790554523468,0.11307850480079651,0.8845539689064026
2693.205078125,2568.352294921875,0.11978066712617874,0.11177115142345428,0.9076884984970093
3078.97705078125,2951.83642578125,0.10019688308238983,0.13314542174339294,1.0469540357589722
2721.388671875,2586.1787109375,0.10345838218927383,0.14603905379772186,1.0461277961730957
3041.340087890625,2918.78857421875,0.1168929859995842,0.11065320670604706,0.8778440356254578
2681.170166015625,2556.8232421875,0.1193956583738327,0.11202823370695114,0.8634893298149109
3076.220703125,2950.600341796875,0.09763088822364807,0.13306602835655212,1.0272094011306763
2703.15771484375,2570.140380859375,0.1026797816157341,0.14353975653648376,0.9907426238059998
3041.006591796875,2920.43896484375,0.11620280146598816,0.10781341046094894,0.8559461236000061
2662.176513671875,2539.2490234375,0.11702656745910645,0.11250848323106766,0.8159984946250916
3071.932373046875,2949.1416015625,0.09448996186256409,0.13131527602672577,0.9888078570365906
2672.60498046875,2544.06787109375,0.10115966200828552,0.137185201048851,0.9364749789237976
3040.7978515625,2923.328369140625,0.11435794830322266,0.1041710153222084,0.8205068707466125
2633.266845703125,2512.357666015625,0.11281955987215042,0.11354685574769974,0.7726185321807861
3059.248779296875,2940.018310546875,0.0907624289393425,0.12896832823753357,0.9364989995956421
2628.520263671875,2506.552490234375,0.09925394505262375,0.12686513364315033,0.8908294439315796
3027.56298828125,2914.511962890625,0.11137017607688904,0.09913236647844315,0.7799923419952393
2598.457763671875,2479.708740234375,0.10679364204406738,0.11595212668180466,0.7376322150230408
3020.892333984375,2905.25048828125,0.08693425357341766,0.12676361203193665,0.8792873024940491
2575.597412109375,2461.337646484375,0.09758572280406952,0.11382348090410233,0.855513334274292
2992.7060546875,2885.471435546875,0.106801837682724,0.0927959755063057,0.7435907125473022
2568.8974609375,2452.142333984375,0.09951157867908478,0.1197681874036789,0.7115188241004944
2953.446533203125,2840.684326171875,0.08394154161214828,0.12511639297008514,0.8233141303062439
2524.193359375,2417.224365234375,0.09659598022699356,0.10080783814191818,0.8267114758491516
2937.885009765625,2837.1025390625,0.10100570321083069,0.08630145341157913,0.7128806710243225
2548.170166015625,2433.8291015625,0.0918947383761406,0.12299210578203201,0.6897610425949097
2874.114501953125,2763.880615234375,0.08141645789146423,0.12364103645086288,0.7705004215240479
2482.749755859375,2381.62890625,0.09594719856977463,0.09033892303705215,0.7977790236473083
2861.912109375,2766.939208984375,0.0953286662697792,0.08093016594648361,0.6843480467796326
2533.1474609375,2422.656982421875,0.08507056534290314,0.12260956317186356,0.6650370955467224
2790.0888671875,2682.959228515625,0.0778191089630127,0.1220630407333374,0.7188369631767273
2458.160888671875,2361.3212890625,0.09560665488243103,0.08274805545806885,0.7662245035171509
2704.7060546875,2613.927490234375,0.09070605784654617,0.07778061926364899,0.653514564037323
2576.75244140625,2472.879638671875,0.08063710480928421,0.11447282135486603,0.6317789554595947
2483.388671875,2377.700927734375,0.07255453616380692,0.12602180242538452,0.6399570107460022
2553.4462890625,2462.439453125,0.09517186135053635,0.07218331843614578,0.7329235672950745
1941.2388916015625,1853.920654296875,0.08893630653619766,0.0739380344748497,0.5881080031394958
2404.585205078125,2319.45556640625,0.07164225727319717,0.08717712759971619,0.571990430355072
1729.348388671875,1639.8848876953125,0.055200036615133286,0.11270606517791748,0.5510531067848206
2545.919189453125,2475.048828125,0.0722135528922081,0.056152619421482086,0.6687340140342712
1305.9730224609375,1233.3572998046875,0.07347819954156876,0.06007874011993408,0.5837246179580688
2839.4931640625,2770.700927734375,0.047842979431152344,0.07877977192401886,0.5481036901473999
2046.89501953125,1952.16015625,0.0484023317694664,0.13013744354248047,0.546500563621521
2404.452392578125,2318.35302734375,0.08888091146945953,0.07133732736110687,0.5990180373191833
2008.81201171875,1914.9176025390625,0.11564283072948456,0.05975668132305145,0.619469404220581
2597.237548828125,2492.4599609375,0.09951448440551758,0.09907588362693787,0.5482370257377625
2546.1181640625,2404.702880859375,0.10026305168867111,0.17168539762496948,0.5441089868545532
1706.2799072265625,1584.8359375,0.10263809561729431,0.12986184656620026,0.5193970203399658
1812.832275390625,1751.651611328125,0.07218064367771149,0.03776496648788452,0.6207929253578186
3390.8095703125,3335.7568359375,0.030711643397808075,0.06738925725221634,0.600216805934906
2371.695556640625,2277.446533203125,0.04841956868767738,0.1283443421125412,0.5867272615432739
3181.419189453125,3079.099365234375,0.11374843865633011,0.07959286123514175,0.5649153590202332
4929.0029296875,4803.521484375,0.13098324835300446,0.10660598427057266,0.6686990857124329
1471.8704833984375,1225.5389404296875,0.25207945704460144,0.22937311232089996,0.5605243444442749
10385.23828125,10198.052734375,0.25836238265037537,0.10056450217962265,0.7721885442733765
14443.9287109375,14191.9619140625,0.31010547280311584,0.17212213575839996,1.085299015045166
7024.86962890625,6421.4091796875,0.5126147866249084,0.6803668141365051,0.6969630718231201
4621.8427734375,3652.177490234375,0.8467147350311279,1.0824016332626343,0.5106821060180664
8466.3671875,7534.765625,1.1610805988311768,0.6867651343345642,0.767834484577179
6660.025390625,5773.83935546875,1.2022019624710083,0.5569518804550171,0.6609604358673096
3551.582763671875,2780.272216796875,0.8292527794837952,0.7039369940757751,0.47156187891960144
4764.109375,4384.38134765625,0.33569392561912537,0.4098995327949524,0.6931305527687073
3085.593994140625,2959.821533203125,0.08468163758516312,0.15148967504501343,0.7686863541603088
4532.365234375,4458.9501953125,0.07991061359643936,0.05117816850543022,0.7870409488677979
3676.169189453125,3606.2607421875,0.08054219186306,0.04020946845412254,0.953261137008667
4505.76318359375,4427.71533203125,0.06076134368777275,0.08521763235330582,0.5058701038360596
5358.0615234375,5149.27392578125,0.18019743263721466,0.22621284425258636,0.5582407116889954
3269.8037109375,2876.3076171875,0.48803427815437317,0.2879032790660858,0.5527297854423523
4941.86181640625,4520.53271484375,0.6746129989624023,0.15276707708835602,0.7639390826225281
3161.891357421875,2798.19677734375,0.4754627048969269,0.24096694588661194,0.5479751229286194
5653.7998046875,5409.61767578125,0.19330081343650818,0.2782957851886749,0.8383803963661194
5763.529296875,5553.20556640625,0.1383884847164154,0.26714324951171875,0.7557598352432251
4489.28955078125,4247.3173828125,0.13753187656402588,0.33035808801651,0.8027129769325256
5000.34619140625,4721.40673828125,0.133430615067482,0.4012003242969513,1.1624093055725098
3800.248046875,3520.0927734375,0.22886191308498383,0.31955602765083313,0.5946236252784729
3572.04931640625,3341.407958984375,0.32421740889549255,0.12423469871282578,0.6415266394615173
3189.1337890625,3027.577880859375,0.2516847848892212,0.062120471149683,0.4653230607509613
3498.402099609375,3375.452880859375,0.1739172488451004,0.05622488632798195,0.7878151535987854
2313.39697265625,2210.2119140625,0.049588873982429504,0.14382889866828918,0.64760422706604
4270.97119140625,4141.0322265625,0.02933397702872753,0.21633082628250122,0.7106238603591919
3510.32421875,3375.688232421875,0.07128029316663742,0.18307404220104218,0.7458848357200623
3561.148681640625,3403.1728515625,0.18830780684947968,0.11421989649534225,0.6712028980255127
3571.89794921875,3403.761474609375,0.1916850209236145,0.11100476235151291,1.679150104522705
2929.34912109375,2774.886962890625,0.14508983492851257,0.14999602735042572,0.691928505897522
3485.46923828125,3355.898681640625,0.12866583466529846,0.10797356814146042,1.1250865459442139
2186.91015625,2039.4512939453125,0.19638842344284058,0.08512146025896072,0.6703882813453674
3859.463623046875,3753.879150390625,0.06886282563209534,0.12496597319841385,0.8670105338096619
2688.63525390625,2575.9599609375,0.047866031527519226,0.15198679268360138,1.2748867273330688
4416.93115234375,4303.45654296875,0.15877479314804077,0.05272859334945679,0.7723051309585571
3906.88623046875,3720.335205078125,0.21766287088394165,0.1285856068134308,1.3426874876022339
3713.171630859375,3416.599365234375,0.16436877846717834,0.41754305362701416,0.5616411566734314
4203.9189453125,3934.154541015625,0.2527671158313751,0.2658385932445526,1.0461357831954956
3227.291259765625,3001.347412109375,0.3110083341598511,0.1319277137517929,0.44758331775665283
3008.024169921875,2844.7900390625,0.1957913488149643,0.11975845694541931,0.5459238290786743
2854.801513671875,2762.121826171875,0.0596088282763958,0.11231984943151474,0.6715396046638489
2736.191162109375,2670.230712890625,0.03493295609951019,0.08306431025266647,0.6961873173713684
2616.3828125,2552.74951171875,0.030232084915041924,0.08084313571453094,0.8095729351043701
3006.5078125,2954.399169921875,0.037540253251791,0.05510883033275604,0.5784194469451904
1967.556884765625,1901.134033203125,0.06857988983392715,0.054415568709373474,0.4925123155117035
2773.609130859375,2662.318115234375,0.15897546708583832,0.0521099716424942,0.5748405456542969
2202.86669921875,2075.70361328125,0.14287477731704712,0.09821972250938416,0.6615800261497498
2565.5869140625,2443.28466796875,0.13791604340076447,0.09641510993242264,0.5136749744415283
2077.019287109375,1953.235595703125,0.08922629803419113,0.14889457821846008,0.4723133146762848
2516.35546875,2433.13671875,0.04956503212451935,0.1053905189037323,0.5740954875946045
2387.837158203125,2320.746337890625,0.03225351870059967,0.08989234268665314,0.6017837524414062
2569.875,2517.995849609375,0.04860997200012207,0.04472735896706581,0.5210456848144531
2416.487548828125,2337.36962890625,0.07923445105552673,0.06696724891662598,0.6017022132873535
1760.4525146484375,1646.5135498046875,0.12053101509809494,0.09590933471918106,0.5718691349029541
2276.377685546875,2170.8115234375,0.1035158708691597,0.0950474739074707,0.6284480094909668
2445.64453125,2372.9443359375,0.06542866677045822,0.0688277930021286,0.5571963787078857
2156.4892578125,2069.101318359375,0.0325457789003849,0.13212572038173676,0.5052226781845093
2112.1318359375,2041.1214599609375,0.06885738670825958,0.05831034481525421,0.7426514029502869
1939.5186767578125,1862.87109375,0.05542944371700287,0.08484756946563721,0.6509077548980713
1505.1068115234375,1411.9805908203125,0.12247436493635178,0.052623022347688675,0.5577476620674133
2374.7978515625,2306.591552734375,0.0749373733997345,0.05152219161391258,0.49765482544898987
1705.614501953125,1624.2178955078125,0.07286461442708969,0.0776653066277504,0.6131553053855896
2201.748046875,2063.601806640625,0.03294194117188454,0.23180532455444336,0.5772719383239746
2253.7646484375,2168.57470703125,0.08658568561077118,0.07208126038312912,0.5856494307518005
1403.80419921875,1289.6610107421875,0.17084074020385742,0.04769754409790039,0.48739635944366455
2267.31982421875,2186.738525390625,0.06003701686859131,0.08505497127771378,0.8035320043563843
1465.97607421875,1386.9735107421875,0.05255384370684624,0.0929781123995781,0.6236631274223328
2322.453857421875,2263.201171875,0.03507246449589729,0.07150933146476746,0.596162736415863
1662.206298828125,1600.09326171875,0.04460453614592552,0.06581385433673859,0.6903761029243469
2099.348876953125,2039.79052734375,0.045452408492565155,0.05736222118139267,0.8151002526283264
1808.3809814453125,1737.4730224609375,0.06079523265361786,0.0672646090388298,0.6877995133399963
2892.7119140625,2796.468505859375,0.10614833235740662,0.0728459432721138,0.6746355295181274
2395.28076171875,2261.970703125,0.12541574239730835,0.12016858905553818,1.0517758131027222
2373.480224609375,2249.3681640625,0.09165270626544952,0.13384376466274261,1.1363886594772339
2478.64892578125,2359.572509765625,0.10172831267118454,0.10710389167070389,1.4660426378250122
2847.030029296875,2751.994384765625,0.07134774327278137,0.09589410573244095,1.1414738893508911
3184.04248046875,3080.339111328125,0.07716555893421173,0.0958978608250618,1.7171627283096313
1938.3441162109375,1841.99267578125,0.09173718094825745,0.08499326556921005,0.7986244559288025
2839.48876953125,2715.659912109375,0.05458882823586464,0.16108952462673187,1.5989762544631958
2067.826171875,1965.4019775390625,0.08308377861976624,0.10960040241479874,0.6081967949867249
2502.454833984375,2391.7998046875,0.11976857483386993,0.08231178671121597,0.9614841938018799
2513.795166015625,2408.661865234375,0.11299653351306915,0.08428339660167694,0.6493481397628784
1591.771240234375,1501.614501953125,0.08029193431138992,0.08527365326881409,0.7373947501182556
2600.313720703125,2522.67431640625,0.04691062867641449,0.08992833644151688,0.9220008254051208
1984.933349609375,1914.87451171875,0.03729347139596939,0.08977159857749939,0.6526404023170471
2062.79296875,1998.1072998046875,0.03058663196861744,0.08450602740049362,0.7139295339584351
1975.327880859375,1878.0731201171875,0.11630396544933319,0.06805208325386047,0.507677435874939
1992.81591796875,1905.1527099609375,0.10539910197257996,0.056902945041656494,0.6512258052825928
1930.666748046875,1814.809326171875,0.07680366188287735,0.14482435584068298,0.5043462514877319
1950.407958984375,1868.706298828125,0.03943152725696564,0.11342844367027283,0.5271700024604797
2035.90380859375,1955.86181640625,0.03297100216150284,0.11562478542327881,0.574411928653717
1616.1536865234375,1526.0643310546875,0.09110743552446365,0.0786881372332573,0.5191558003425598
1867.482177734375,1783.8062744140625,0.1031736433506012,0.05403126776218414,0.5073504447937012
1647.4656982421875,1546.2889404296875,0.08943174034357071,0.10326075553894043,0.4830513894557953
1829.3197021484375,1735.0789794921875,0.031323131173849106,0.1457979828119278,0.5680172443389893
2038.4620361328125,1981.6036376953125,0.03597019240260124,0.06597396731376648,0.5886337757110596
1300.8504638671875,1235.7899169921875,0.047426488250494,0.0710407942533493,0.5826871991157532
1603.58837890625,1544.3651123046875,0.05845332145690918,0.04971558228135109,0.5138782858848572
1782.359619140625,1701.930419921875,0.07802152633666992,0.0726480484008789,0.5094412565231323
1404.52734375,1320.4757080078125,0.06243330240249634,0.09598154574632645,0.48442280292510986
1469.9598388671875,1393.5343017578125,0.04981255531311035,0.09303481131792068,0.5001881718635559
1405.4622802734375,1338.32666015625,0.044334594160318375,0.0778392031788826,0.6048669815063477
1434.3736572265625,1388.4637451171875,0.036225102841854095,0.04398006200790405,0.5807386040687561
1509.54345703125,1456.9464111328125,0.04120609536767006,0.0530400276184082,0.547400176525116
1250.41455078125,1171.43017578125,0.03927914798259735,0.10873358696699142,0.49780604243278503
1704.4732666015625,1635.3778076171875,0.06031409651041031,0.06692976504564285,0.5473480820655823
1183.7373046875,1102.2496337890625,0.06085081025958061,0.09213251620531082,0.49959900975227356
1353.405517578125,1294.5941162109375,0.0655263289809227,0.041443731635808945,0.5326383113861084
1337.2169189453125,1283.4197998046875,0.03995348513126373,0.056334808468818665,0.5652998089790344
1605.6461181640625,1550.9410400390625,0.03158855065703392,0.06739623099565506,0.5212659239768982
984.0145874023438,915.3574829101562,0.031211860477924347,0.09623482823371887,0.49337872862815857
1631.2928466796875,1566.42822265625,0.052385494112968445,0.0670054480433464,0.5169171690940857
1075.41650390625,1007.5209350585938,0.07445801049470901,0.05093942955136299,0.5196918249130249
1760.9017333984375,1710.9066162109375,0.04130537807941437,0.04828272759914398,0.5201054215431213
1170.103271484375,1093.1033935546875,0.030758269131183624,0.11267115920782089,0.5285203456878662
1969.628173828125,1919.471923828125,0.045840825885534286,0.04369276016950607,0.5389352440834045
1467.3375244140625,1403.8873291015625,0.04487486183643341,0.07155802845954895,0.5233806371688843
1848.816162109375,1787.3125,0.04242764785885811,0.07091636210680008,0.4831644892692566
1499.1932373046875,1418.2872314453125,0.051460906863212585,0.1003512591123581,0.49999046325683594
1863.3475341796875,1795.416748046875,0.08592930436134338,0.03940839692950249,0.5262007117271423
1633.0394287109375,1575.2078857421875,0.05723648890852928,0.04823525995016098,0.5095702409744263
1871.3095703125,1806.14404296875,0.03587392345070839,0.08457466959953308,0.494127094745636
1717.06396484375,1636.6031494140625,0.03669491037726402,0.11431603878736496,0.49552738666534424
1531.702880859375,1470.5648193359375,0.06582020968198776,0.046479418873786926,0.49882829189300537
1748.5341796875,1692.6141357421875,0.05660170316696167,0.045222535729408264,0.5007914900779724
1634.97021484375,1576.1602783203125,0.04670782387256622,0.06072554737329483,0.5093229413032532
1348.886962890625,1278.020751953125,0.049886927008628845,0.08159549534320831,0.5124971866607666
1591.2724609375,1531.1661376953125,0.06145672872662544,0.0488927960395813,0.49315500259399414
1822.00390625,1768.8707275390625,0.03990571200847626,0.05622481182217598,0.5067922472953796
1051.9561767578125,991.912841796875,0.03365848958492279,0.07558433711528778,0.5421836376190186
1757.7044677734375,1700.4971923828125,0.04329739511013031,0.06090613827109337,0.5105526447296143
1247.8536376953125,1188.9754638671875,0.06724003702402115,0.04063766449689865,0.4939325451850891
1863.3115234375,1808.33447265625,0.037427451461553574,0.062366630882024765,0.5080008506774902
1283.7742919921875,1222.2567138671875,0.04293614998459816,0.06975001841783524,0.5174393057823181
1633.3482666015625,1573.943359375,0.047267843037843704,0.06101933494210243,0.5261321663856506
1450.75830078125,1388.4571533203125,0.046197377145290375,0.0684552788734436,0.4974890947341919
1840.30859375,1781.6051025390625,0.04068944230675697,0.06673227250576019,0.499263197183609
1291.09228515625,1230.623779296875,0.0579066164791584,0.05253034457564354,0.5249984860420227
1906.056640625,1851.868408203125,0.04648822546005249,0.05217881128191948,0.4854698181152344
1587.70654296875,1530.52734375,0.047908902168273926,0.05673114210367203,0.4859190881252289
2077.480712890625,2005.0230712890625,0.043714433908462524,0.09097554534673691,0.5112451910972595
1748.5802001953125,1667.06787109375,0.0682239830493927,0.0830647349357605,0.5867889523506165
1673.6094970703125,1596.365234375,0.07689666002988815,0.06821435689926147,0.4688674807548523
1724.875732421875,1663.760986328125,0.055915556848049164,0.05607728660106659,0.5118301510810852
1862.8524169921875,1796.1229248046875,0.04432010278105736,0.07905347645282745,0.504270613193512
1413.0728759765625,1346.5059814453125,0.0564466267824173,0.0631575807929039,0.6764822602272034
1814.0419921875,1753.708251953125,0.04597778618335724,0.06503481417894363,0.48273417353630066
1868.94482421875,1821.5242919921875,0.03512587770819664,0.04910421743988991,0.5305482745170593
1357.9642333984375,1291.5621337890625,0.04015209898352623,0.08289643377065659,0.4877747595310211
2019.2333984375,1946.8203125,0.07932021468877792,0.05082400143146515,0.7340903878211975
1276.5870361328125,1193.427734375,0.09367718547582626,0.05967363342642784,0.6483927965164185
2143.045166015625,2083.8740234375,0.02893741801381111,0.07746697217226028,0.5968987941741943
1847.1041259765625,1793.292236328125,0.02789689227938652,0.06609614193439484,0.6815451979637146
1617.4595947265625,1555.4454345703125,0.059408482164144516,0.05402112379670143,0.5299322009086609
2116.438232421875,2036.7088623046875,0.055790387094020844,0.08620090037584305,0.8733552694320679
1300.881591796875,1213.8839111328125,0.07876159250736237,0.08259426802396774,0.6319747567176819
1676.0594482421875,1610.66259765625,0.05475667491555214,0.06010964885354042,0.7963711023330688
1447.08935546875,1402.2791748046875,0.04037698730826378,0.037292443215847015,0.5975412130355835
1491.54052734375,1442.0654296875,0.0300463754683733,0.055725790560245514,0.6588947772979736
1576.2666015625,1519.3126220703125,0.035026226192712784,0.060707103461027145,0.9087255597114563
1078.0865478515625,1008.8976440429688,0.05576204136013985,0.07198918610811234,0.531328558921814
1717.233154296875,1662.985107421875,0.055331792682409286,0.03999411687254906,0.6585085988044739
1161.28466796875,1111.2808837890625,0.04647344723343849,0.04223012924194336,0.5651952624320984
1645.885986328125,1593.9073486328125,0.03484063595533371,0.055036067962646484,0.7040338516235352
1509.6898193359375,1444.6556396484375,0.035609230399131775,0.07710754126310349,0.8675754070281982
1343.5125732421875,1281.08203125,0.05717772617936134,0.05764880031347275,0.5017371773719788
1582.490478515625,1522.1463623046875,0.048586055636405945,0.056165337562561035,0.7968429923057556
1300.51123046875,1242.2652587890625,0.05061463266611099,0.05568690598011017,0.5095258951187134
1114.41650390625,1060.3551025390625,0.04337400570511818,0.05122387409210205,0.6762450933456421
1805.0289306640625,1755.5968017578125,0.040456924587488174,0.04700949415564537,0.5698975920677185
906.2749633789062,848.3404541015625,0.03528797999024391,0.07062924653291702,0.49759140610694885
2058.273193359375,2009.7498779296875,0.031900808215141296,0.054688189178705215,0.5228796005249023
1427.3175048828125,1381.431884765625,0.02703266777098179,0.05423840135335922,0.5250094532966614
1947.9305419921875,1896.7410888671875,0.049565043300390244,0.04269340634346008,0.5060190558433533
2017.8685302734375,1942.8126220703125,0.06286874413490295,0.0780733972787857,0.4584815800189972
1790.610107421875,1702.0457763671875,0.06722316145896912,0.10091020911931992,0.4497697651386261
1436.9862060546875,1360.59619140625,0.04519111290574074,0.09607401490211487,0.5757485628128052
2263.353515625,2209.4130859375,0.06592798233032227,0.031598471105098724,0.5177195072174072
1374.298583984375,1322.656982421875,0.05994178354740143,0.0322846993803978,0.5528377890586853
2430.048583984375,2368.408203125,0.024997709318995476,0.08844447135925293,0.4919164776802063
2074.176513671875,1984.8133544921875,0.03256867825984955,0.13079439103603363,0.7681655287742615
1707.290283203125,1597.797607421875,0.115355484187603,0.09375736862421036,0.49363404512405396
1850.8798828125,1766.6839599609375,0.09195499867200851,0.0646962821483612,0.5870261788368225
1644.386962890625,1557.6226806640625,0.0576988086104393,0.10521236062049866,0.5308756828308105
1804.7672119140625,1754.357421875,0.03508709743618965,0.054990507662296295,0.5370946526527405
1137.328369140625,1081.77490234375,0.04095936939120293,0.05880650505423546,0.5670539140701294
1808.246337890625,1752.5841064453125,0.02834114246070385,0.07294628769159317,0.5018498301506042
1333.9749755859375,1272.1177978515625,0.031975384801626205,0.0793050229549408,0.6216903924942017
1426.673583984375,1369.3321533203125,0.040187131613492966,0.06275182962417603,0.5871998071670532
1437.4075927734375,1388.281494140625,0.050329696387052536,0.03535494580864906,0.6283772587776184
1241.626708984375,1196.0517578125,0.04900837317109108,0.03265673294663429,0.4742462933063507
1276.408447265625,1218.7852783203125,0.03808880224823952,0.06593248248100281,0.5612607598304749
1172.09716796875,1107.55126953125,0.03820836916565895,0.07990600913763046,0.5488710999488831
1388.548583984375,1331.02880859375,0.03371607884764671,0.06970953196287155,0.58069908618927
1010.1881103515625,964.19921875,0.0419674851000309,0.04035463556647301,0.48278284072875977
1560.918701171875,1521.89990234375,0.03211689367890358,0.03626127541065216,0.4829673767089844
1044.94287109375,1003.064697265625,0.042007241398096085,0.03242073208093643,0.46642398834228516
1617.6983642578125,1564.989501953125,0.0261039137840271,0.06998099386692047,0.46663978695869446
1232.0994873046875,1172.82080078125,0.03562145307660103,0.07100313901901245,0.5966430902481079
1464.831298828125,1408.452392578125,0.04024514555931091,0.0618717186152935,0.5320398807525635
1364.4986572265625,1301.3814697265625,0.0749373584985733,0.04092806950211525,0.5184480547904968
1441.40625,1390.39697265625,0.037730179727077484,0.054497696459293365,0.48954468965530396
1221.7335205078125,1172.1405029296875,0.03628247603774071,0.05235561355948448,0.5273872017860413
1506.1661376953125,1454.4610595703125,0.02741883508861065,0.06512340903282166,0.5433964133262634
1131.970947265625,1072.2091064453125,0.0466405525803566,0.06295561045408249,0.49637889862060547
1680.82470703125,1629.35302734375,0.03777274116873741,0.05437899008393288,0.5395739674568176
1092.078857421875,1040.01611328125,0.04249819740653038,0.05235746130347252,0.4634906053543091
1934.890625,1886.96337890625,0.032204076647758484,0.051310647279024124,0.6169904470443726
1452.4322509765625,1393.7276611328125,0.037990327924489975,0.06932514160871506,0.5046902894973755
1815.9033203125,1752.83642578125,0.05700063332915306,0.057028044015169144,0.6052553653717041
1477.75732421875,1398.91357421875,0.058778464794158936,0.08963073045015335,0.463910847902298
2330.21044921875,2271.75537109375,0.04795023053884506,0.05493723228573799,0.701118528842926
2060.06689453125,1997.28125,0.040240731090307236,0.0737568810582161,0.5786933302879333
1821.4661865234375,1752.234375,0.061583854258060455,0.06498036533594131,0.5949738025665283
1364.55126953125,1281.698974609375,0.06867500394582748,0.0878702774643898,0.4579540193080902
4448.78564453125,4365.064453125,0.031046563759446144,0.12108492851257324,0.7655085921287537
4608.978515625,4523.1474609375,0.036200713366270065,0.12015784531831741,0.765185534954071
1491.6427001953125,1352.3997802734375,0.11880314350128174,0.14993399381637573,0.48743972182273865
3411.3779296875,3276.258056640625,0.1650022566318512,0.0931967943906784,0.6020182371139526
1329.0269775390625,1220.3258056640625,0.09476974606513977,0.1141715943813324,0.423047810792923
3726.08984375,3632.40771484375,0.028955912217497826,0.14787907898426056,0.5264607071876526
3113.0380859375,3045.03125,0.02621695213019848,0.09904637187719345,0.5375293493270874
2099.11962890625,2018.01806640625,0.08110078424215317,0.0693199560046196,0.5891055464744568
3093.60888671875,2968.265869140625,0.14869898557662964,0.09267768263816833,0.46546927094459534
2080.016845703125,1947.388671875,0.10375630855560303,0.15139652788639069,0.5051738023757935
2956.44384765625,2822.006103515625,0.061681997030973434,0.19928684830665588,0.39533862471580505
1815.2655029296875,1702.4105224609375,0.08015275001525879,0.13292406499385834,0.6316512823104858
2876.527587890625,2812.761474609375,0.08476728945970535,0.03140038624405861,0.5682443976402283
3274.59912109375,3196.343017578125,0.09796302765607834,0.04613145813345909,0.6208958625793457
1650.8033447265625,1539.0662841796875,0.05747809261083603,0.15743781626224518,0.42790505290031433
3502.2197265625,3390.625,0.03993554785847664,0.17429694533348083,0.44784867763519287
3387.7421875,3187.232177734375,0.12925978004932404,0.25918638706207275,0.6286887526512146
2846.146484375,2685.557861328125,0.2525326907634735,0.05664994567632675,0.5997425317764282
3810.295166015625,3616.152099609375,0.25108516216278076,0.11528220772743225,1.0959525108337402
3369.883056640625,3157.847412109375,0.1703224778175354,0.24218279123306274,0.5782859921455383
2784.76513671875,2586.12353515625,0.11758463829755783,0.2583511769771576,1.0673518180847168
2992.068115234375,2794.864990234375,0.15857453644275665,0.22178120911121368,0.702518105506897
2433.859619140625,2232.6669921875,0.1765921711921692,0.21301260590553284,0.639015793800354
3723.15185546875,3627.7421875,0.10085275024175644,0.07917657494544983,0.5394924283027649
3221.16455078125,3128.699951171875,0.0802849754691124,0.09331151843070984,0.5666190981864929
3328.914794921875,3169.11962890625,0.08753764629364014,0.22201189398765564,0.5020614862442017
3943.58056640625,3745.61083984375,0.14657838642597198,0.240251824259758,0.4554632008075714
2133.1953125,1866.520263671875,0.28217369318008423,0.24172765016555786,0.4724259078502655
3291.17236328125,3101.82568359375,0.19201898574829102,0.17830491065979004,0.4184706509113312
2330.638916015625,2199.071044921875,0.13109847903251648,0.12243665009737015,0.48003751039505005
3109.017333984375,3057.07568359375,0.036053068935871124,0.05609413608908653,0.5868043899536133
2490.067138671875,2389.59228515625,0.047422170639038086,0.13965052366256714,0.6938428282737732
3095.844482421875,3017.800048828125,0.08227230608463287,0.06449107825756073,0.46627599000930786
3209.6982421875,3047.34228515625,0.24897879362106323,0.06065201759338379,0.7540601491928101
2198.6044921875,1988.137451171875,0.23426298797130585,0.17622509598731995,0.5222922563552856
2538.1201171875,2421.73486328125,0.05743591487407684,0.1591452956199646,0.8094828128814697
1776.6248779296875,1727.78076171875,0.03428589180111885,0.05374331772327423,0.4829493463039398
2562.9833984375,2519.308349609375,0.030433814972639084,0.03326205909252167,1.1827194690704346
1743.9248046875,1699.5653076171875,0.0485370047390461,0.031005989760160446,0.4588055908679962
2600.205078125,2540.118896484375,0.06977356970310211,0.03308788686990738,0.8655561208724976
2370.041748046875,2272.48681640625,0.11237840354442596,0.07194400578737259,0.5393833518028259
2111.943603515625,1960.6700439453125,0.11761350929737091,0.1631007194519043,1.091659426689148
1868.5010986328125,1744.4722900390625,0.09309393912553787,0.14366227388381958,0.5650729537010193
2479.603515625,2411.125,0.05254306644201279,0.061892107129096985,1.1261004209518433
2158.47119140625,2110.432861328125,0.042131900787353516,0.03827314451336861,0.7835807800292969
2112.254150390625,2056.263916015625,0.049621280282735825,0.03809840604662895,1.213034987449646
1879.785400390625,1809.34228515625,0.05033068731427193,0.06568924337625504,1.24330472946167
2123.15185546875,2038.5887451171875,0.09643301367759705,0.058519817888736725,0.7086566686630249
1824.030517578125,1734.83740234375,0.09266216307878494,0.06577826291322708,0.9972910284996033
2353.988037109375,2273.951904296875,0.03027213364839554,0.11876752972602844,0.5516349077224731
2084.916748046875,2009.369873046875,0.038587138056755066,0.09208089858293533,1.0212950706481934
1879.475341796875,1803.678466796875,0.09643208980560303,0.045309197157621384,0.4926292300224304
1725.513427734375,1631.704345703125,0.1416381448507309,0.03534304350614548,0.531851589679718
2044.8194580078125,1970.67919921875,0.040564313530921936,0.099256232380867,0.42299357056617737
2004.70947265625,1935.1812744140625,0.03203544393181801,0.09787123650312424,0.4574876129627228
1394.054931640625,1334.312744140625,0.03684898465871811,0.07436975836753845,0.4132787585258484
1510.8411865234375,1459.673828125,0.05534147843718529,0.03734968230128288,0.4821813702583313
1668.0401611328125,1621.31787109375,0.03598376736044884,0.04767513647675514,0.4892790615558624
1574.6451416015625,1529.03076171875,0.042883262038230896,0.038599614053964615,0.48729830980300903
1209.2032470703125,1158.2967529296875,0.054435741156339645,0.03762786090373993,0.48745831847190857
1644.2276611328125,1595.8682861328125,0.04242570325732231,0.045502617955207825,0.43952038884162903
1362.319091796875,1302.3309326171875,0.03240707889199257,0.07816465198993683,0.47022542357444763
1322.7047119140625,1270.0455322265625,0.028698498383164406,0.06746193766593933,0.457893967628479
1371.5106201171875,1322.46435546875,0.04207071289420128,0.04602527618408203,0.49982988834381104
1136.69970703125,1089.751708984375,0.05017692968249321,0.03456864133477211,0.45751622319221497
1647.1046142578125,1607.9105224609375,0.0416092686355114,0.02790391445159912,0.44374972581863403
965.8964233398438,920.7528686523438,0.025660132989287376,0.055624864995479584,0.4501064419746399
1291.9725341796875,1249.1387939453125,0.027504079043865204,0.04863409698009491,0.4764693081378937
1282.888427734375,1232.9112548828125,0.043221961706876755,0.04676936939358711,0.49814069271087646
1390.3974609375,1334.509033203125,0.055716708302497864,0.04675305262207985,0.465360552072525
1032.7333984375,983.3591918945312,0.039269741624593735,0.050460610538721085,0.4508991539478302
1351.9739990234375,1309.14794921875,0.03153188154101372,0.0423002690076828,0.5909988880157471
1055.83251953125,1018.180419921875,0.026188818737864494,0.03860067203640938,0.5257321000099182
1572.3582763671875,1533.63427734375,0.031886108219623566,0.03570440039038658,0.4928654730319977
1056.589111328125,1011.715576171875,0.036881282925605774,0.04277416318655014,0.504577100276947
1439.6953125,1391.6043701171875,0.031684424728155136,0.05349554121494293,0.5500953793525696
1345.496826171875,1290.0107421875,0.046756066381931305,0.04944855347275734,0.7383830547332764
1675.00537109375,1624.0382080078125,0.03816762566566467,0.054173752665519714,0.47965118288993835
1332.4964599609375,1283.5201416015625,0.04800606891512871,0.038432225584983826,0.5757216811180115
1216.3895263671875,1169.4591064453125,0.040732353925704956,0.04376224800944328,0.468305379152298
1401.7489013671875,1359.1209716796875,0.029119111597537994,0.04562065750360489,0.5258111357688904
1217.23583984375,1169.1082763671875,0.023830067366361618,0.0633222758769989,0.45514246821403503
1218.151123046875,1178.54443359375,0.03693914785981178,0.03239590302109718,0.4939213991165161
1396.670166015625,1356.1104736328125,0.037305545061826706,0.034663744270801544,0.45751315355300903
998.1995239257812,950.3129272460938,0.049279678612947464,0.03598902374505997,0.5252234935760498
1596.3687744140625,1549.616455078125,0.02160920947790146,0.06303472071886063,0.443032830953598
1102.813232421875,1059.5511474609375,0.028116730973124504,0.049509529024362564,0.4448941946029663
1144.5867919921875,1103.7127685546875,0.034641705453395844,0.03741336986422539,0.4846380352973938
1322.1307373046875,1282.265625,0.03630315884947777,0.03209429606795311,0.5666366219520569
979.3518676757812,938.25,0.03486442565917969,0.037673864513635635,0.48326852917671204
1120.226318359375,1082.0216064453125,0.026102133095264435,0.040647465735673904,0.48299694061279297
1071.1748046875,1031.659423828125,0.026754898950457573,0.04382670298218727,0.4224564731121063
967.7915649414062,928.316162109375,0.025463538244366646,0.04242308810353279,0.5532084703445435
1239.720703125,1200.739013671875,0.03107192926108837,0.03774132579565048,0.4575134217739105
774.05126953125,731.2034301757812,0.04206649586558342,0.03431692346930504,0.46560990810394287
1385.7423095703125,1349.773193359375,0.02909214422106743,0.034075621515512466,0.43852952122688293
858.7255249023438,821.0385131835938,0.0216150414198637,0.04401092976331711,0.4874030351638794
1541.10400390625,1506.0352783203125,0.022533195093274117,0.03808793053030968,0.4758192300796509
1196.0968017578125,1156.6026611328125,0.03302133455872536,0.036810923367738724,0.4577975273132324
1089.686767578125,1040.00244140625,0.05070168152451515,0.03998531401157379,0.43408650159835815
1098.270751953125,1053.6982421875,0.04060168191790581,0.03915496915578842,0.46941593289375305
1540.8028564453125,1499.350830078125,0.021027665585279465,0.05280834808945656,0.45341140031814575
951.0610961914062,912.611572265625,0.024831565096974373,0.042977627366781235,0.4544934034347534
1337.3004150390625,1297.5340576171875,0.03862176090478897,0.032343409955501556,0.4283786714076996
1188.5555419921875,1147.1854248046875,0.041578784584999084,0.03266448900103569,0.424850732088089
1438.39208984375,1391.625244140625,0.027400271967053413,0.05723109096288681,0.4451127052307129
1127.6370849609375,1076.69677734375,0.032678280025720596,0.060008980333805084,0.4596717059612274
1158.3890380859375,1110.9073486328125,0.04238007590174675,0.0440051332116127,0.4289078414440155
1228.0023193359375,1187.611328125,0.042502447962760925,0.02970469556748867,0.4287470877170563
1552.6614990234375,1515.0789794921875,0.023304510861635208,0.04293324425816536,0.446367084980011
1034.532958984375,993.2066040039062,0.02754228189587593,0.046157773584127426,0.4476337730884552
1278.6661376953125,1235.841064453125,0.03568850830197334,0.04057524353265762,0.4693228602409363
1255.3096923828125,1214.0718994140625,0.03594736382365227,0.038162749260663986,0.41827592253685
1172.5836181640625,1127.6546630859375,0.031862031668424606,0.049161411821842194,0.44172903895378113
1111.2020263671875,1071.2540283203125,0.03283942863345146,0.038352739065885544,0.43519827723503113
1167.455810546875,1129.1409912109375,0.028551345691084862,0.03941277042031288,0.43327149748802185
1079.334228515625,1043.8751220703125,0.031223421916365623,0.0308944471180439,0.4400169551372528
1365.114501953125,1327.3084716796875,0.020467346534132957,0.04631519690155983,0.4414747357368469
1200.024169921875,1160.3543701171875,0.0316324383020401,0.03866809234023094,0.4519576132297516
758.8064575195312,710.69384765625,0.042915407568216324,0.044136401265859604,0.45867255330085754
1600.49462890625,1566.240234375,0.02971162647008896,0.030328940600156784,0.4234165847301483
527.0985107421875,493.49493408203125,0.023250309750437737,0.035332873463630676,0.43120381236076355
1952.96240234375,1925.091064453125,0.01835043542087078,0.026908820495009422,0.5241742730140686
976.560791015625,944.692626953125,0.018827153369784355,0.03321121260523796,0.5849027633666992
2372.85205078125,2336.732666015625,0.03414104878902435,0.028657831251621246,0.472005158662796
1604.5313720703125,1530.9097900390625,0.07296979427337646,0.06159092113375664,0.6341173648834229
2087.09814453125,1995.1864013671875,0.0966787040233612,0.0761389508843422,0.5503011345863342
2093.054443359375,1990.4366455078125,0.09268815815448761,0.09478456526994705,0.8881345987319946
1368.0528564453125,1282.4571533203125,0.0787261575460434,0.08436014503240585,0.40526512265205383
2054.9814453125,2003.36328125,0.042033497244119644,0.045831140130758286,0.768572986125946
1279.6480712890625,1244.8214111328125,0.026969587430357933,0.03344810754060745,0.46178367733955383
1623.1129150390625,1582.3436279296875,0.02649100311100483,0.03584878146648407,0.9599354267120361
1451.81689453125,1399.858642578125,0.03203199431300163,0.057114146649837494,0.7385112643241882
1311.6551513671875,1250.137939453125,0.04584765434265137,0.0640711709856987,0.6557793617248535
1426.0810546875,1369.353759765625,0.06266561150550842,0.04003950580954552,0.5374707579612732
979.9666748046875,927.2191162109375,0.05671975761651993,0.03841695934534073,0.5179179906845093
1896.1722412109375,1856.7364501953125,0.022041544318199158,0.04333459213376045,0.6747698187828064
870.7213134765625,832.4330444335938,0.01988842524588108,0.04788796603679657,0.44000643491744995
2033.1959228515625,2003.292236328125,0.020584188401699066,0.029836641624569893,0.4693242013454437
1646.6715087890625,1591.1287841796875,0.06821690499782562,0.033635515719652176,0.4616563022136688
1652.912109375,1575.75634765625,0.07414842396974564,0.07038001716136932,0.489157497882843
1885.6158447265625,1793.699951171875,0.07124560326337814,0.10073491930961609,0.5925717353820801
1360.5443115234375,1293.065673828125,0.047063861042261124,0.07981633394956589,0.40385958552360535
1443.5748291015625,1400.7750244140625,0.03496287018060684,0.03980715572834015,0.5414823293685913
1394.01708984375,1357.4058837890625,0.029803680256009102,0.034227658063173294,0.45955896377563477
1258.0428466796875,1215.0701904296875,0.03457385674118996,0.04019220918416977,0.5589637160301208
1597.2493896484375,1540.7020263671875,0.02970058284699917,0.07494370639324188,0.42252305150032043
967.2112426757812,902.2163696289062,0.04923601448535919,0.07280523329973221,0.39742347598075867
1630.2098388671875,1586.518798828125,0.044233836233615875,0.03461885824799538,0.4264620542526245
1307.673095703125,1264.985107421875,0.04087145999073982,0.03516719117760658,0.4668640196323395
1550.5062255859375,1510.572265625,0.025038201361894608,0.046293869614601135,0.4267939627170563
1654.6552734375,1581.7911376953125,0.02586732991039753,0.11181335151195526,0.4023749530315399
1113.0894775390625,1045.1407470703125,0.05704570189118385,0.06821911036968231,0.5316291451454163
1530.7548828125,1481.7410888671875,0.05286723002791405,0.03628258407115936,0.44388893246650696
1372.615966796875,1314.2880859375,0.0638754591345787,0.042284999042749405,0.5247658491134644
1104.290283203125,1061.163818359375,0.028885431587696075,0.04790586233139038,0.4730832874774933
1314.4443359375,1264.1419677734375,0.02328978106379509,0.06591112166643143,0.5701907873153687
1337.03759765625,1288.2139892578125,0.0181703083217144,0.07176432013511658,0.38563308119773865
874.5167236328125,828.2695922851562,0.04965449869632721,0.034042879939079285,0.43984338641166687
1448.885986328125,1407.734375,0.03567906841635704,0.03744681552052498,0.45886433124542236
871.9019165039062,826.9933471679688,0.04949749633669853,0.028674455359578133,0.5822557806968689
1485.302734375,1438.1519775390625,0.017685554921627045,0.06850621104240417,0.4054878056049347
860.8600463867188,818.9816284179688,0.019787846133112907,0.05602317675948143,0.39729177951812744
1291.95458984375,1258.4783935546875,0.024996904656291008,0.03309072554111481,0.443243145942688
1134.9833984375,1080.64111328125,0.06231534853577614,0.03549342602491379,0.5437837243080139
1202.759033203125,1162.9864501953125,0.02539239078760147,0.04518388211727142,0.4484540820121765
1055.262451171875,1015.1954956054688,0.029237665235996246,0.04253799095749855,0.4179114103317261
1124.675537109375,1080.4866943359375,0.0198886226862669,0.060433123260736465,0.40279385447502136
928.38330078125,891.2280883789062,0.0337604284286499,0.032141055911779404,0.42044514417648315
1308.8170166015625,1273.36083984375,0.025453543290495872,0.0372639074921608,0.4097394049167633
892.5103149414062,856.2220458984375,0.03568606451153755,0.02807176113128662,0.4409346282482147
1232.7930908203125,1196.9249267578125,0.021503088995814323,0.04069032892584801,0.4771467447280884
1094.6090087890625,1058.501220703125,0.0219916682690382,0.04110449552536011,0.4559740722179413
903.952880859375,866.9946899414062,0.02235054224729538,0.04369109123945236,0.39373528957366943
1261.35498046875,1229.6973876953125,0.02471146732568741,0.030513834208250046,0.404486745595932
770.2472534179688,727.4871215820312,0.04569556564092636,0.030840104445815086,0.4492315948009491
1278.5826416015625,1248.1658935546875,0.019960694015026093,0.03232249990105629,0.4275130331516266
866.4369506835938,827.485595703125,0.01903047040104866,0.050619591027498245,0.41263511776924133
1140.5538330078125,1109.9891357421875,0.018401436507701874,0.034533724188804626,0.409715473651886
1014.6692504882812,977.6832275390625,0.03728966414928436,0.028441177681088448,0.412058562040329
1072.521484375,1036.8092041015625,0.0313953198492527,0.031945858150720596,0.4041690528392792
979.0877075195312,933.3348999023438,0.03620072826743126,0.046853795647621155,0.422550767660141
950.7657470703125,911.4724731445312,0.023632938042283058,0.04596493020653725,0.4494342505931854
1032.804931640625,1002.8159790039062,0.02219640091061592,0.029511572793126106,0.4135047197341919
908.4884643554688,880.6253662109375,0.019603509455919266,0.027909135445952415,0.4106750190258026
882.382080078125,850.6492309570312,0.023739976808428764,0.03126577287912369,0.4229956865310669
1074.011474609375,1040.6197509765625,0.025769082829356194,0.03118755854666233,0.491339772939682
784.1348266601562,746.0928344726562,0.025488130748271942,0.042399194091558456,0.40983545780181885
1180.753662109375,1150.5606689453125,0.023862658068537712,0.0282402653247118,0.41414567828178406
668.3199462890625,638.68212890625,0.020705033093690872,0.030530693009495735,0.4019967317581177
1501.9290771484375,1475.3389892578125,0.018790366128087044,0.0242411270737648,0.5074281096458435
705.8162841796875,675.47265625,0.019281253218650818,0.033322032541036606,0.40419790148735046
1548.23193359375,1521.4822998046875,0.019510619342327118,0.02533564157783985,0.4326521158218384
1079.880859375,1050.3980712890625,0.02095666527748108,0.029950488358736038,0.4029214680194855
1324.20361328125,1286.2303466796875,0.025560390204191208,0.038934871554374695,0.5725555419921875
1053.94677734375,1010.7261962890625,0.03530972823500633,0.043308742344379425,0.3911404311656952
1695.944580078125,1662.9144287109375,0.026686012744903564,0.030077099800109863,0.464852899312973
1106.4437255859375,1075.565185546875,0.02539195492863655,0.02792615443468094,0.4219498336315155
1834.9671630859375,1798.7459716796875,0.016742557287216187,0.040578294545412064,0.7560814023017883
1078.3067626953125,1029.278564453125,0.035829249769449234,0.05342334881424904,0.4401889741420746
3261.57275390625,3218.156494140625,0.03147050365805626,0.04148746654391289,0.6937263011932373
3439.411376953125,3370.5458984375,0.08221126347780228,0.04266178980469704,0.6428865194320679
1239.6766357421875,1088.0635986328125,0.1745324730873108,0.1183464303612709,0.517357587814331
4210.689453125,4090.426025390625,0.06478553265333176,0.16188392043113708,0.6928668022155762
2294.643798828125,2173.764404296875,0.06964889913797379,0.1640113890171051,0.40493500232696533
4992.53515625,4902.19873046875,0.10795764625072479,0.06239939108490944,0.5157670378684998
6982.71240234375,6856.771484375,0.15559989213943481,0.08272040635347366,0.6780588030815125
4712.49365234375,4412.43994140625,0.2855335474014282,0.3065287172794342,0.40226075053215027
2668.84619140625,2165.1025390625,0.5236637592315674,0.4739885628223419,0.4917430579662323
4873.52734375,4465.966796875,0.5322352051734924,0.2716706395149231,0.5607435703277588
4701.32861328125,4440.29052734375,0.2697102725505829,0.24459244310855865,0.3886559307575226
2187.76513671875,1989.93896484375,0.05701662600040436,0.3316255807876587,0.350503534078598
2076.052490234375,2006.8778076171875,0.02879767306149006,0.10175282508134842,0.3899446427822113
3581.860107421875,3535.081298828125,0.04776249825954437,0.037446528673172,0.41743203997612
2029.668212890625,1969.2457275390625,0.06478815525770187,0.043381039053201675,0.6337910294532776
5622.1865234375,5566.50927734375,0.04132011532783508,0.06055304780602455,0.47408580780029297
5485.9541015625,5290.158203125,0.11402728408575058,0.2689043879508972,0.43300411105155945
3363.30810546875,2895.3623046875,0.3786108195781708,0.5480817556381226,0.4599530100822449
2390.083251953125,1967.46875,0.39308834075927734,0.4453200399875641,0.3410455882549286
3387.427734375,3203.46875,0.1830216348171234,0.17205101251602173,0.6422584056854248
2489.79345703125,2410.750732421875,0.09975647181272507,0.048218727111816406,0.5055229663848877
4044.711669921875,3998.320068359375,0.05214589461684227,0.029917335137724876,0.536001980304718
3924.859375,3887.093017578125,0.026097070425748825,0.034616634249687195,0.740938127040863
3302.197021484375,3182.6494140625,0.02586969919502735,0.20533472299575806,0.39452582597732544
2560.078857421875,2349.16162109375,0.11569683998823166,0.29047518968582153,0.7831300497055054
3521.2998046875,3259.418701171875,0.31560978293418884,0.19605322182178497,0.6049461364746094
2563.6669921875,2253.5068359375,0.3988705575466156,0.2147902399301529,0.33298274874687195
3251.231201171875,3006.44677734375,0.24194660782814026,0.23739224672317505,0.5114893317222595
2810.776123046875,2657.88330078125,0.14345334470272064,0.15074069797992706,0.5795959234237671
3066.1474609375,2990.676513671875,0.08461358398199081,0.058000240474939346,0.4164005517959595
2304.677734375,2254.4111328125,0.03167368844151497,0.05819467082619667,0.5332478880882263
3605.764892578125,3542.7138671875,0.01856379024684429,0.08851508051156998,0.9511439800262451
2680.080810546875,2605.8828125,0.04022793844342232,0.09453734755516052,0.6815444231033325
3118.381591796875,2979.554931640625,0.1982050985097885,0.07097937911748886,0.42344769835472107
2676.754638671875,2471.7353515625,0.2717474699020386,0.12650161981582642,0.5894760489463806
2553.25634765625,2339.248291015625,0.17568272352218628,0.2452320009469986,0.35507339239120483
2054.324462890625,1888.2535400390625,0.14560772478580475,0.17609120905399323,0.5221503973007202
3038.349609375,2943.4013671875,0.12979252636432648,0.051813218742609024,0.41451671719551086
2160.76904296875,2100.927734375,0.05921861156821251,0.05276709422469139,0.38483303785324097
3419.276611328125,3345.86181640625,0.014677833765745163,0.12394795566797256,0.4101864695549011
2969.220947265625,2885.82421875,0.027248991653323174,0.13133631646633148,0.41041114926338196
2331.08203125,2228.695068359375,0.128683939576149,0.06852643936872482,0.37817734479904175
2098.39453125,1971.3660888671875,0.1700645387172699,0.07676638662815094,0.3612992465496063
2494.381103515625,2371.1962890625,0.1005244255065918,0.13644953072071075,0.46978747844696045
1916.2298583984375,1805.70751953125,0.09135443717241287,0.11980900913476944,0.4940519630908966
2998.840576171875,2922.028564453125,0.09196107089519501,0.05431518703699112,0.3673934042453766
2413.22900390625,2347.52880859375,0.06399734318256378,0.05849424749612808,0.4454306662082672
2529.56005859375,2447.421630859375,0.03585878387093544,0.12035047262907028,0.4033803939819336
2202.168212890625,2108.470458984375,0.0587180033326149,0.12085001915693283,0.39137953519821167
2384.3115234375,2289.90869140625,0.11384791880846024,0.06690195202827454,0.40278664231300354
1913.79736328125,1826.1036376953125,0.10134787857532501,0.06619613617658615,0.3921732008457184
2731.086669921875,2663.782958984375,0.04112544655799866,0.08567383885383606,0.390413373708725
2195.818603515625,2130.531005859375,0.04375807195901871,0.0794617235660553,0.36777371168136597
2498.099609375,2428.448974609375,0.0758664458990097,0.056197989732027054,0.3618413805961609
2147.202392578125,2063.2060546875,0.07970277965068817,0.08119965344667435,0.3545055687427521
2265.266357421875,2168.6669921875,0.06581626087427139,0.11967721581459045,0.3852653503417969
1864.6614990234375,1771.8980712890625,0.09694110602140427,0.08047059178352356,0.40575599670410156
2470.37890625,2393.614013671875,0.1058170348405838,0.040439676493406296,0.36364632844924927
1910.80126953125,1846.587158203125,0.054881300777196884,0.06626217812299728,0.3642351031303406
2565.66748046875,2495.208251953125,0.020660756155848503,0.11274967342615128,0.3754013180732727
2112.619384765625,2045.774169921875,0.041112832725048065,0.08490440994501114,0.3836624026298523
2284.719482421875,2211.108154296875,0.09782097488641739,0.04205033555626869,0.3675670921802521
1934.574951171875,1852.128173828125,0.0924297347664833,0.06511735916137695,0.3673243522644043
2309.454833984375,2222.222412109375,0.05303945392370224,0.11311282962560654,0.41562512516975403
1849.2171630859375,1765.4351806640625,0.0728546604514122,0.0870441123843193,0.38326403498649597
2416.167236328125,2345.522216796875,0.09025818109512329,0.043493565171957016,0.3769117593765259
1972.757080078125,1910.8265380859375,0.058304157108068466,0.0582154244184494,0.36707159876823425
2272.90087890625,2207.453125,0.028751326724886894,0.09426000714302063,0.3942134976387024
1939.248779296875,1871.11328125,0.04600178822875023,0.08220870047807693,0.40302303433418274
2197.010986328125,2127.81005859375,0.07827591150999069,0.05275198072195053,0.36869364976882935
1849.823486328125,1779.5701904296875,0.06913118064403534,0.06405861675739288,0.36584246158599854
2249.5048828125,2184.0,0.04554932937026024,0.07765176147222519,0.39042559266090393
1891.0023193359375,1822.9586181640625,0.06186661869287491,0.06639394909143448,0.39135000109672546
2191.51123046875,2125.001708984375,0.07359638065099716,0.05212907865643501,0.3646652102470398
1882.0755615234375,1815.8070068359375,0.05519237741827965,0.07008644938468933,0.3629188537597656
2126.8759765625,2062.988037109375,0.039400096982717514,0.0798366516828537,0.42694804072380066
1815.445556640625,1752.9354248046875,0.05517851188778877,0.06141018494963646,0.4215780198574066
2178.240966796875,2120.38427734375,0.06087517365813255,0.047339413315057755,0.37495267391204834
1850.038818359375,1790.3223876953125,0.04773219674825668,0.06415072083473206,0.37750244140625
2172.84228515625,2110.2275390625,0.042689647525548935,0.07462331652641296,0.395834743976593
1896.2513427734375,1828.5081787109375,0.06164000183343887,0.06547253578901291,0.4186882972717285
2095.32861328125,2030.664794921875,0.06413108855485916,0.05797189101576805,0.3612213134765625
1845.539794921875,1781.2977294921875,0.050293825566768646,0.07080142945051193,0.36945077776908875
2103.162109375,2043.3465576171875,0.04613080993294716,0.06542852520942688,0.40359896421432495
1822.823974609375,1763.48583984375,0.058783527463674545,0.051746465265750885,0.4073132276535034
2138.104248046875,2083.95703125,0.05188150331377983,0.04900996387004852,0.3701370060443878
1858.2557373046875,1801.0621337890625,0.04076739773154259,0.0662367045879364,0.36915645003318787
2088.121826171875,2027.727783203125,0.04399099200963974,0.06846261769533157,0.4167219400405884
1805.190185546875,1740.138671875,0.06113623082637787,0.06093717738986015,0.40147092938423157
2142.64111328125,2080.573974609375,0.059272050857543945,0.05747762694954872,0.36923685669898987
1829.921630859375,1768.0057373046875,0.05146520957350731,0.0649401918053627,0.371315598487854
2133.03857421875,2074.089111328125,0.051233481615781784,0.05834737792611122,0.41590404510498047
1823.6357421875,1762.9393310546875,0.054705485701560974,0.058537933975458145,0.40747496485710144
2120.657958984375,2062.1474609375,0.044122058898210526,0.06552819907665253,0.36853209137916565
1790.962158203125,1732.5089111328125,0.04227966442704201,0.06728634238243103,0.3670264482498169
2155.635498046875,2100.625732421875,0.052973613142967224,0.048851802945137024,0.40972769260406494
1810.3812255859375,1750.79833984375,0.06150990352034569,0.04980021342635155,0.3927912712097168
2116.85986328125,2055.978271484375,0.047663364559412,0.06676847487688065,0.36657410860061646
1767.0489501953125,1702.994873046875,0.0449017770588398,0.07587552815675735,0.3665387034416199
2149.293701171875,2089.659912109375,0.05588829144835472,0.055096790194511414,0.41413524746894836
1782.4647216796875,1720.6297607421875,0.06402695924043655,0.05180245637893677,0.3920304477214813
2115.732666015625,2056.275390625,0.049109771847724915,0.06242267042398453,0.369118869304657
1753.4951171875,1692.2471923828125,0.042691778391599655,0.07247590273618698,0.3664025068283081
2118.96533203125,2061.10791015625,0.04901156574487686,0.058399319648742676,0.41518697142601013
1747.3834228515625,1687.2113037109375,0.059763409197330475,0.05266992002725601,0.39554834365844727
2105.906005859375,2048.353271484375,0.05240549147129059,0.05534367263317108,0.367812842130661
1741.671142578125,1682.186767578125,0.04593771696090698,0.06570541113615036,0.3662804663181305
2082.4609375,2024.3519287109375,0.04680493846535683,0.06132105737924576,0.40458688139915466
1719.887451171875,1658.6796875,0.055606160312891006,0.05894976481795311,0.39297768473625183
2080.345458984375,2021.78125,0.05178837478160858,0.05803968012332916,0.36501315236091614
1719.7935791015625,1661.0784912109375,0.047530774027109146,0.06260824203491211,0.36456555128097534
2061.121826171875,2005.3497314453125,0.04825212061405182,0.05535365268588066,0.39693117141723633
1708.3812255859375,1649.2091064453125,0.05422172322869301,0.05638755485415459,0.3867432475090027
2047.1007080078125,1989.0643310546875,0.047557879239320755,0.06119517236948013,0.36597520112991333
1696.5635986328125,1638.6854248046875,0.044468168169260025,0.06400368362665176,0.3642151653766632
2048.245361328125,1994.6446533203125,0.04858333244919777,0.050578441470861435,0.401970773935318
1704.01171875,1647.124267578125,0.054492637515068054,0.051560115069150925,0.3861128091812134
2016.11376953125,1959.1739501953125,0.04477537050843239,0.06178933382034302,0.3657423257827759
1677.761962890625,1619.3790283203125,0.04240761324763298,0.06707558780908585,0.3641297221183777
2032.593017578125,1978.2003173828125,0.04989823326468468,0.050801172852516174,0.4042940139770508
1697.1968994140625,1639.8175048828125,0.05770984664559364,0.04919391870498657,0.39274951815605164
1990.07177734375,1934.4141845703125,0.04558977112174034,0.05843780189752579,0.36437636613845825
1663.9249267578125,1606.684814453125,0.040625978261232376,0.06657849997282028,0.36378028988838196
2009.0933837890625,1955.3519287109375,0.046448610723018646,0.05305570363998413,0.39892756938934326
1683.8377685546875,1627.237548828125,0.05514318123459816,0.05018594115972519,0.3935719430446625
1970.1138916015625,1915.620361328125,0.04616234451532364,0.0555545836687088,0.3634982407093048
1656.481689453125,1600.4437255859375,0.042537227272987366,0.062264371663331985,0.36372289061546326
1981.012451171875,1927.67236328125,0.047006454318761826,0.05184366926550865,0.3915000259876251
1668.822021484375,1612.92919921875,0.05246986076235771,0.051516201347112656,0.38998374342918396
1952.9947509765625,1899.4378662109375,0.04258790984749794,0.05724604055285454,0.3639932870864868
1650.07763671875,1595.530029296875,0.04144204035401344,0.06035030260682106,0.36514967679977417
1956.302734375,1904.53662109375,0.048352185636758804,0.047484442591667175,0.3847784698009491
1655.434326171875,1600.73486328125,0.05221632868051529,0.04949549213051796,0.38435623049736023
1936.1512451171875,1882.9578857421875,0.03942200914025307,0.05971616879105568,0.36243054270744324
1642.720458984375,1588.4398193359375,0.03961554169654846,0.06164860725402832,0.3648597002029419
1934.146240234375,1883.31396484375,0.04921369254589081,0.04477900266647339,0.3835984170436859
1641.0072021484375,1587.5567626953125,0.05279407650232315,0.04654056206345558,0.37830650806427
1923.7587890625,1871.897216796875,0.03785113990306854,0.05867352336645126,0.3599247634410858
1634.345947265625,1580.7322998046875,0.03831273689866066,0.061657294631004333,0.36286795139312744
1917.74951171875,1867.309326171875,0.048512134701013565,0.04463864490389824,0.38647186756134033
1626.7652587890625,1573.6309814453125,0.05212276801466942,0.04657832533121109,0.378374308347702
1915.400146484375,1864.400390625,0.037259791046381,0.057557836174964905,0.3590970039367676
1624.5450439453125,1571.84130859375,0.0387018658220768,0.05949137359857559,0.3607063591480255
1906.0830078125,1856.236328125,0.04857288673520088,0.04346435144543648,0.38280197978019714
1615.415771484375,1562.9149169921875,0.050359681248664856,0.04707634076476097,0.3782796561717987
1906.3292236328125,1855.698486328125,0.03520902618765831,0.05884622409939766,0.3603149950504303
1615.9456787109375,1563.774658203125,0.03847716376185417,0.058645009994506836,0.36099717020988464
1896.8289794921875,1847.460205078125,0.05037698894739151,0.04085145890712738,0.3754490613937378
1607.3033447265625,1555.590576171875,0.050410304218530655,0.04551544040441513,0.3749855160713196
1899.1927490234375,1848.64501953125,0.033027831465005875,0.060824647545814514,0.3621424734592438
1609.0703125,1556.96923828125,0.03690198436379433,0.06005697324872017,0.36215662956237793
1889.9359130859375,1841.0465087890625,0.05148511752486229,0.03888886794447899,0.37023982405662537
1597.7445068359375,1547.1544189453125,0.051110103726387024,0.04267074540257454,0.36997470259666443
1894.1873779296875,1844.71240234375,0.03160525858402252,0.06011684238910675,0.3613877594470978
1601.1727294921875,1549.5543212890625,0.03495096415281296,0.06103728711605072,0.3624228239059448
1878.397216796875,1830.28125,0.04998745769262314,0.038839325308799744,0.370267778635025
1580.7879638671875,1531.2965087890625,0.050341058522462845,0.041297733783721924,0.3672136962413788
1888.4560546875,1840.8101806640625,0.031379736959934235,0.05674305185675621,0.3584471046924591
1587.584228515625,1537.2882080078125,0.03497128188610077,0.05841721221804619,0.36017492413520813
1865.8140869140625,1818.5015869140625,0.048215530812740326,0.03899545967578888,0.37070730328559875
1560.64599609375,1511.9317626953125,0.04748957231640816,0.04261372238397598,0.3662622272968292
1878.385009765625,1831.7117919921875,0.030465692281723022,0.05573723092675209,0.3571818470954895
1566.7742919921875,1517.9488525390625,0.0361323356628418,0.054353877902030945,0.35822170972824097
1856.226318359375,1809.9376220703125,0.048708476126194,0.036505963653326035,0.36815768480300903
1543.9027099609375,1496.1033935546875,0.04476948454976082,0.04352515935897827,0.365202397108078
1861.439453125,1814.5030517578125,0.027836119756102562,0.05886194854974747,0.3587462604045868
1542.1246337890625,1494.082763671875,0.0358760841190815,0.053040698170661926,0.35834410786628723
1851.585693359375,1806.4024658203125,0.05075841024518013,0.03233363851904869,0.3637215495109558
1531.6893310546875,1485.44873046875,0.04420861974358559,0.04102327302098274,0.36246874928474426
1845.4599609375,1798.2296142578125,0.025179672986268997,0.062076691538095474,0.36021479964256287
1521.4149169921875,1473.3868408203125,0.033682044595479965,0.055182479321956635,0.359578400850296
1846.393798828125,1802.07177734375,0.051224589347839355,0.030187733471393585,0.3615804612636566
1518.2508544921875,1473.60107421875,0.04501259699463844,0.037088166922330856,0.3599384129047394
1834.3511962890625,1788.5430908203125,0.024475065991282463,0.05996425449848175,0.35885336995124817
1508.0164794921875,1460.19873046875,0.03157249465584755,0.0568733848631382,0.359489381313324
1830.676025390625,1787.32861328125,0.048177968710660934,0.03127690404653549,0.3619995415210724
1499.0877685546875,1455.6356201171875,0.0442391000688076,0.03548280894756317,0.35911816358566284
1823.5166015625,1780.3575439453125,0.02541026473045349,0.05378197133541107,0.3562963604927063
1496.06884765625,1449.644775390625,0.03141263499855995,0.05427705869078636,0.3579176962375641
1807.1768798828125,1764.7381591796875,0.044407185167074203,0.033231619745492935,0.36193209886550903
1477.614013671875,1435.09423828125,0.041115161031484604,0.036742594093084335,0.3590896427631378
1805.3818359375,1764.0369873046875,0.025474928319454193,0.05009595304727554,0.3559500575065613
1477.46533203125,1433.146484375,0.03213748708367348,0.04935935512185097,0.3570421040058136
1783.4400634765625,1742.286376953125,0.04312535747885704,0.03199528157711029,0.35933253169059753
1456.29052734375,1414.935302734375,0.03803609311580658,0.03751350939273834,0.3580448627471924
1781.6768798828125,1740.7308349609375,0.023387355729937553,0.05133931711316109,0.35827046632766724
1453.3319091796875,1410.47998046875,0.03151967376470566,0.047012876719236374,0.35857170820236206
1764.7222900390625,1725.0096435546875,0.04403022304177284,0.02826664038002491,0.3564249873161316
1434.9466552734375,1395.2353515625,0.037071797996759415,0.03523862734436989,0.35560062527656555
1763.4556884765625,1722.4998779296875,0.021060502156615257,0.05366123840212822,0.359501451253891
1432.7159423828125,1390.4207763671875,0.029289042577147484,0.048088740557432175,0.3606383800506592
1749.9854736328125,1711.6514892578125,0.04351487383246422,0.02603360265493393,0.35596323013305664
1413.966552734375,1375.94970703125,0.03704240173101425,0.0319182388484478,0.35364434123039246
1754.0704345703125,1714.4884033203125,0.020496083423495293,0.05151806026697159,0.3574993908405304
1417.8226318359375,1376.0364990234375,0.027491353452205658,0.04886834695935249,0.3606303930282593
1737.89453125,1701.008544921875,0.04000574350357056,0.02661687135696411,0.35747310519218445
1396.8514404296875,1360.10498046875,0.035684335976839066,0.030740249902009964,0.35342368483543396
1743.8551025390625,1706.57080078125,0.021340103819966316,0.046121444553136826,0.35535338521003723
1402.80322265625,1362.402099609375,0.027383560314774513,0.04623931646347046,0.3589714765548706
1725.5491943359375,1689.8221435546875,0.03643004968762398,0.027856973931193352,0.3583468198776245
1386.9483642578125,1351.1075439453125,0.033072538673877716,0.03152826800942421,0.35403889417648315
1720.6312255859375,1684.7418212890625,0.021352611482143402,0.04327749088406563,0.35742923617362976
1385.9195556640625,1347.158203125,0.02760447934269905,0.042741142213344574,0.358854740858078
1705.783935546875,1671.0223388671875,0.0356765054166317,0.0266957338899374,0.35754022002220154
1376.0606689453125,1341.06396484375,0.03159380331635475,0.03132762014865875,0.3536034822463989
1694.220458984375,1658.44775390625,0.01954290270805359,0.0447373203933239,0.3632591962814331
1371.14404296875,1333.27880859375,0.025967322289943695,0.04253324493765831,0.36149922013282776
1678.5140380859375,1644.5655517578125,0.03668682649731636,0.024075305089354515,0.35674282908439636
1353.78173828125,1319.74267578125,0.03260945528745651,0.028438042849302292,0.35153043270111084
1676.14453125,1640.4190673828125,0.01791141927242279,0.0461956262588501,0.3672035038471222
1357.967041015625,1320.0770263671875,0.02273588813841343,0.04576461389660835,0.363974392414093
1646.8802490234375,1614.0899658203125,0.035273220390081406,0.023154528811573982,0.35764387249946594
1323.424560546875,1290.2728271484375,0.03403972089290619,0.02527320571243763,0.34952545166015625
1660.83740234375,1626.828125,0.018305476754903793,0.0423748642206192,0.36690232157707214
1338.4610595703125,1300.7437744140625,0.020466061308979988,0.04770846664905548,0.36300578713417053
1625.96240234375,1594.7244873046875,0.030583573505282402,0.024685870856046677,0.3603128492832184
1298.8306884765625,1266.7071533203125,0.03288501873612404,0.024376479908823967,0.3492743670940399
1644.0263671875,1612.30859375,0.019940132275223732,0.036139849573373795,0.36777371168136597
1310.8814697265625,1274.8768310546875,0.02044074796140194,0.044367384165525436,0.36005330085754395
1618.14453125,1587.9825439453125,0.0269426628947258,0.02611948736011982,0.3630833923816681
1285.911376953125,1254.9207763671875,0.029528768733143806,0.025453748181462288,0.3499399423599243
1618.0205078125,1587.422607421875,0.01960759051144123,0.03408093750476837,0.3753674328327179
1286.7967529296875,1253.1732177734375,0.0211198553442955,0.03893737494945526,0.35949450731277466
1600.333740234375,1571.0216064453125,0.02742910385131836,0.02390230819582939,0.36464831233024597
1276.8116455078125,1246.598876953125,0.027348339557647705,0.0260976143181324,0.34897688031196594
1586.9039306640625,1555.826171875,0.016472691670060158,0.03794298693537712,0.3869931399822235
1275.4410400390625,1243.2381591796875,0.019961364567279816,0.03718866407871246,0.3627814054489136
1567.6827392578125,1538.6407470703125,0.030413664877414703,0.02036663144826889,0.3651905059814453
1262.2532958984375,1232.5374755859375,0.028453795239329338,0.024059534072875977,0.34591561555862427
1558.0491943359375,1525.66845703125,0.014009789563715458,0.04290367290377617,0.39239680767059326
1267.847412109375,1235.3463134765625,0.017095118761062622,0.040588945150375366,0.3658996522426605
1525.677978515625,1497.073486328125,0.030448637902736664,0.019464194774627686,0.36481016874313354
1239.874267578125,1210.2255859375,0.03083978407084942,0.02158668264746666,0.3435462713241577
1524.7174072265625,1493.4571533203125,0.014344432391226292,0.040430065244436264,0.3873031735420227
1250.6448974609375,1217.0985107421875,0.015206578187644482,0.044609151780605316,0.36386069655418396
1488.3790283203125,1461.30908203125,0.025790808722376823,0.021060150116682053,0.3644349277019501
1216.7320556640625,1187.33349609375,0.030316520482301712,0.021587103605270386,0.34468314051628113
1494.5389404296875,1466.3037109375,0.016693465411663055,0.0321500338613987,0.3813526928424835
1224.9764404296875,1192.50634765625,0.015718696638941765,0.04206207022070885,0.3579768240451813
1467.87353515625,1441.694580078125,0.021418901160359383,0.023669207468628883,0.36349382996559143
1200.330078125,1172.0921630859375,0.026079567149281502,0.02343127317726612,0.3482508361339569
1470.4117431640625,1443.992919921875,0.01760437712073326,0.027552997693419456,0.38401472568511963
1205.4246826171875,1176.1072998046875,0.017681635916233063,0.03387339785695076,0.3539918065071106
1450.3092041015625,1424.504638671875,0.021413521841168404,0.022996729239821434,0.359953910112381
1194.9112548828125,1167.67822265625,0.021949024870991707,0.025530604645609856,0.3493185043334961
1447.6226806640625,1421.035888671875,0.015091195702552795,0.030223460868000984,0.39294207096099854
1201.3536376953125,1174.4971923828125,0.01839539222419262,0.028215857222676277,0.3550819158554077
1434.129638671875,1408.2352294921875,0.025231562554836273,0.019461972638964653,0.35476210713386536
1198.6680908203125,1172.1944580078125,0.021166441962122917,0.024871475994586945,0.3454744517803192
1428.6461181640625,1399.6419677734375,0.012505480088293552,0.03760279715061188,0.39500296115875244
1202.8248291015625,1176.5108642578125,0.01659044437110424,0.02886223793029785,0.3587706685066223
1420.052001953125,1393.3885498046875,0.027504753321409225,0.018824629485607147,0.3498806059360504
1199.59228515625,1174.00732421875,0.0230709258466959,0.021272705867886543,0.3413119614124298
1407.8125,1377.83447265625,0.012624659575521946,0.039711449295282364,0.38099488615989685
1196.491455078125,1168.9500732421875,0.014494974166154861,0.033399179577827454,0.35943594574928284
1402.172607421875,1376.2052001953125,0.0237494595348835,0.02122010663151741,0.34827253222465515
1187.6787109375,1162.4744873046875,0.024040432646870613,0.01951329968869686,0.3427332639694214
1394.9844970703125,1367.86181640625,0.015514002181589603,0.03148966282606125,0.36208945512771606
1183.33984375,1155.1121826171875,0.01451166532933712,0.034849923104047775,0.35469186305999756
1389.2132568359375,1364.0528564453125,0.018073134124279022,0.025236129760742188,0.3505689799785614
1165.1827392578125,1140.2520751953125,0.021509118378162384,0.02136310003697872,0.3494478166103363
1399.0703125,1374.8304443359375,0.01840018667280674,0.022998647764325142,0.3540363013744354
1172.0113525390625,1145.5743408203125,0.016757620498538017,0.029145563021302223,0.34854456782341003
1378.22802734375,1353.0928955078125,0.01626896671950817,0.027020692825317383,0.3490348160266876
1142.491943359375,1117.5447998046875,0.017646221444010735,0.025151312351226807,0.35483330488204956
1408.00390625,1384.966796875,0.017102070152759552,0.021792126819491386,0.358999639749527
1170.7694091796875,1146.4998779296875,0.018916113302111626,0.022688494995236397,0.3467309772968292
1366.3743896484375,1341.7567138671875,0.01973266527056694,0.02268274873495102,0.34098920226097107
1130.5555419921875,1105.32373046875,0.016245407983660698,0.027166659012436867,0.35257023572921753
1415.14599609375,1390.6265869140625,0.013395067304372787,0.028277616947889328,0.36830663681030273
1178.1761474609375,1154.86376953125,0.01807805895805359,0.021534956991672516,0.350582093000412
1358.330322265625,1333.1812744140625,0.02506326325237751,0.018540581688284874,0.3347148001194
1130.13525390625,1105.53515625,0.018337201327085495,0.023963123559951782,0.34499844908714294
1408.341064453125,1380.7967529296875,0.011878615245223045,0.035860493779182434,0.36748525500297546
1181.56884765625,1157.4107666015625,0.015251785516738892,0.025956004858016968,0.3554210960865021
1344.946044921875,1319.8719482421875,0.02458111010491848,0.018842650577425957,0.3362237513065338
1129.5223388671875,1105.5889892578125,0.021672029048204422,0.019373560324311256,0.34105756878852844
1386.8388671875,1360.0916748046875,0.013990208506584167,0.032426100224256516,0.3539048433303833
1170.8177490234375,1144.9217529296875,0.013877375982701778,0.030819552019238472,0.3547515869140625
1332.2498779296875,1308.40478515625,0.01802717335522175,0.022733060643076897,0.34649595618247986
1116.25732421875,1092.7174072265625,0.021476106718182564,0.01870471052825451,0.3449505567550659
1377.089111328125,1353.2354736328125,0.018784092739224434,0.022073419764637947,0.342495858669281
1152.6600341796875,1127.3995361328125,0.015448224730789661,0.028108328580856323,0.34821513295173645
1324.7127685546875,1300.204345703125,0.013338747434318066,0.02854091487824917,0.3568591773509979
1095.7354736328125,1072.3509521484375,0.017239300534129143,0.02246873453259468,0.35304757952690125
1375.54833984375,1353.44091796875,0.020266765728592873,0.01710844226181507,0.34198197722435
1141.2169189453125,1118.063232421875,0.01893187314271927,0.020536554977297783,0.34194549918174744
1309.8245849609375,1285.6234130859375,0.014387201517820358,0.026931405067443848,0.35418614745140076
1079.2696533203125,1054.8067626953125,0.013692477717995644,0.02808314748108387,0.3575066924095154
1375.61328125,1354.1898193359375,0.015581720508635044,0.0202699676156044,0.34975099563598633
1140.10986328125,1118.1209716796875,0.020475225523114204,0.01668274775147438,0.34099137783050537
1303.545166015625,1279.942626953125,0.02104533463716507,0.019296135753393173,0.3431777358055115
1074.70703125,1049.998291015625,0.013848233968019485,0.028510423377156258,0.35293862223625183
1379.84228515625,1354.9141845703125,0.011202369816601276,0.03149781376123428,0.35779616236686707
1143.8282470703125,1122.1976318359375,0.017622485756874084,0.018733100965619087,0.34528374671936035
1304.7518310546875,1279.67529296875,0.02676975727081299,0.016618959605693817,0.3382168114185333
1083.1031494140625,1059.851806640625,0.01786395162343979,0.021729670464992523,0.3454532325267792
1361.6068115234375,1333.6290283203125,0.010790559463202953,0.03805777058005333,0.3553571403026581
1140.38671875,1116.9173583984375,0.013668951578438282,0.026262592524290085,0.350357323884964
1295.130126953125,1271.315673828125,0.022815369069576263,0.017929507419466972,0.34419959783554077
1088.6397705078125,1065.8831787109375,0.022035706788301468,0.01659437268972397,0.34415403008461
1333.3927001953125,1308.5985107421875,0.01460480596870184,0.02808823063969612,0.3447667360305786
1121.61572265625,1096.1385498046875,0.012639213353395462,0.031319938600063324,0.34975141286849976
1293.356201171875,1270.860595703125,0.014343113638460636,0.02351614087820053,0.3565869629383087
1079.735595703125,1057.4605712890625,0.020408786833286285,0.017178334295749664,0.34814658761024475
1323.2630615234375,1301.1866455078125,0.020942961797118187,0.016444744542241096,0.33825942873954773
1098.7784423828125,1075.099853515625,0.015643559396266937,0.02486184425652027,0.34258463978767395
1288.9454345703125,1264.7178955078125,0.010685207322239876,0.030530063435435295,0.3619868755340576
1065.1207275390625,1042.7305908203125,0.014349865727126598,0.023393644019961357,0.3518427908420563
1313.6751708984375,1293.0841064453125,0.020752931013703346,0.013629168272018433,0.3399991989135742
1090.7249755859375,1068.95556640625,0.021142536774277687,0.01566881127655506,0.3363792300224304
1272.375,1249.39501953125,0.013501500710844994,0.0253860242664814,0.3536205291748047
1057.8580322265625,1032.9166259765625,0.010652576573193073,0.03222203627228737,0.35041725635528564
1314.9908447265625,1295.133056640625,0.013799022883176804,0.018965886905789375,0.34753355383872986
1098.578857421875,1077.327880859375,0.023072903975844383,0.012689623050391674,0.33697137236595154
1275.4976806640625,1252.9676513671875,0.022284995764493942,0.01587209850549698,0.34515517950057983
1060.7952880859375,1035.7884521484375,0.011416712775826454,0.03175271302461624,0.34221601486206055
1324.8184814453125,1300.009033203125,0.009484431706368923,0.033069904893636703,0.35321661829948425
1106.548095703125,1086.400634765625,0.01836184225976467,0.015089773572981358,0.3421597480773926
1279.9033203125,1255.494140625,0.027597498148679733,0.014229238033294678,0.34958043694496155
1069.1900634765625,1047.044921875,0.016343114897608757,0.021221578121185303,0.3362756073474884
1311.67626953125,1284.336669921875,0.00964705552905798,0.03804026544094086,0.3495940566062927
1107.0885009765625,1085.2872314453125,0.013165730983018875,0.023507418110966682,0.3464707136154175
1271.4971923828125,1249.4310302734375,0.021404581144452095,0.015489274635910988,0.36192619800567627
1068.97021484375,1047.5445556640625,0.0211003627628088,0.014942915178835392,0.34040793776512146
1303.66357421875,1280.674072265625,0.014471214264631271,0.024717211723327637,0.33952584862709045
1095.0050048828125,1070.9569091796875,0.01231513824313879,0.028885941952466965,0.3447534143924713
1275.4359130859375,1254.37353515625,0.012547899037599564,0.022260520607233047,0.3658181130886078
1053.5469970703125,1032.73876953125,0.01877196878194809,0.015884296968579292,0.3480067551136017
1308.394775390625,1287.5389404296875,0.0214936975389719,0.013572425581514835,0.3322795331478119
1079.4654541015625,1057.2862548828125,0.01659564860165119,0.0210314579308033,0.3365600109100342
1263.9468994140625,1240.28857421875,0.009835864417254925,0.03040293976664543,0.3538895547389984
1040.6910400390625,1019.0596313476562,0.012349543161690235,0.023928292095661163,0.3492460548877716
1298.7110595703125,1279.42626953125,0.02001308836042881,0.01182567235082388,0.33653050661087036
1081.6593017578125,1060.16796875,0.02378380298614502,0.012554340995848179,0.3322284519672394
1244.8680419921875,1222.2745361328125,0.013855679892003536,0.024586141109466553,0.33725354075431824
1042.667724609375,1016.9267578125,0.009431657381355762,0.03521379455924034,0.341821551322937
1305.416015625,1287.0120849609375,0.012763282284140587,0.017117459326982498,0.3463471233844757
1095.9300537109375,1074.5093994140625,0.02521941065788269,0.010834883898496628,0.33935609459877014
1255.46728515625,1232.9080810546875,0.023201294243335724,0.015289145521819592,0.3313954174518585
1056.8194580078125,1031.118408203125,0.010779880918562412,0.034054145216941833,0.32841089367866516
1306.4501953125,1283.1304931640625,0.009528612717986107,0.030160464346408844,0.3475257456302643
1107.3555908203125,1088.018798828125,0.01890503615140915,0.012803394347429276,0.34825143218040466
1245.0374755859375,1221.4041748046875,0.02655073255300522,0.013846736401319504,0.3434548079967499
1063.8714599609375,1041.6103515625,0.01535291038453579,0.022770248353481293,0.31995752453804016
1287.901611328125,1262.825927734375,0.010816068388521671,0.03253760561347008,0.33987823128700256
1124.5440673828125,1104.413330078125,0.01419824082404375,0.01911640353500843,0.34733492136001587
1194.2403564453125,1172.7320556640625,0.02020084485411644,0.015626395121216774,0.3594680428504944
1021.9518432617188,1001.0711059570312,0.017531730234622955,0.01775795966386795,0.3235921561717987
1326.4739990234375,1305.1639404296875,0.01660373993217945,0.019383257254958153,0.3316582441329956
1187.403076171875,1166.2154541015625,0.01537084486335516,0.020240988582372665,0.3381756544113159
1050.18359375,1026.465087890625,0.01500895619392395,0.025304419919848442,0.3561813235282898
855.7450561523438,835.3084106445312,0.013781201094388962,0.020492171868681908,0.3299993872642517
1598.284912109375,1579.91015625,0.019750934094190598,0.010283653624355793,0.3357365131378174
1523.108642578125,1502.17138671875,0.022863246500492096,0.012359309941530228,0.33258989453315735
633.5974731445312,598.7296752929688,0.02229306660592556,0.0407683439552784,0.3337107002735138
522.1361083984375,504.8244934082031,0.010275728069245815,0.017510665580630302,0.3418419063091278
3707.7138671875,3686.1787109375,0.00808543898165226,0.0277344211935997,0.36252081394195557
2723.167236328125,2703.712890625,0.019344402477145195,0.012043706141412258,0.3760204017162323
2923.6640625,2848.433837890625,0.07990714907646179,0.06375963985919952,0.3396850526332855
2236.79296875,2013.9805908203125,0.19856621325016022,0.24062572419643402,0.32162997126579285
4219.60205078125,3980.562744140625,0.21004937589168549,0.26219162344932556,0.29187071323394775
2806.161376953125,2498.65087890625,0.35294869542121887,0.2560085356235504,0.30320054292678833
2818.753662109375,2486.265380859375,0.4754493832588196,0.18285222351551056,0.33373159170150757
3187.848388671875,2925.202880859375,0.37358102202415466,0.14527909457683563,0.3215641677379608
1353.5037841796875,1153.97705078125,0.22095562517642975,0.1721179485321045,0.29899775981903076
1100.8709716796875,1012.2105712890625,0.04551681503653526,0.12548626959323883,0.3158794343471527
3731.072265625,3703.964599609375,0.027389846742153168,0.01966225355863571,0.3581494987010956
2663.9423828125,2645.9423828125,0.019002744928002357,0.009246965870261192,0.3875313699245453
3683.431396484375,3660.132080078125,0.011600426398217678,0.027322102338075638,0.38381272554397583
3680.7001953125,3565.549072265625,0.11233966052532196,0.11075344681739807,0.3604428172111511
1784.7276611328125,1437.99267578125,0.478247731924057,0.20878149569034576,0.3220383822917938
1681.2852783203125,1417.8963623046875,0.3641524016857147,0.15656574070453644,0.30299070477485657
2553.978759765625,2455.769775390625,0.04135659709572792,0.14862750470638275,0.32170575857162476
1850.8377685546875,1782.5421142578125,0.028395313769578934,0.10129439830780029,0.34507980942726135
3295.27294921875,3248.549072265625,0.03011155314743519,0.05675012990832329,0.3292923867702484
3205.35205078125,3131.3359375,0.03937028348445892,0.10183728486299515,0.34124255180358887
1882.112548828125,1732.1956787109375,0.1444195955991745,0.14757324755191803,0.3920382261276245
1696.87744140625,1509.6883544921875,0.2500617802143097,0.11716895550489426,0.35737472772598267
2726.819580078125,2569.993896484375,0.20397233963012695,0.10254840552806854,0.35652658343315125
2092.14892578125,1977.6077880859375,0.1204083189368248,0.10179788619279861,0.34379422664642334
2554.25,2495.6396484375,0.027732664719223976,0.08344293385744095,0.30224907398223877
2512.9697265625,2428.45458984375,0.015345042571425438,0.14732660353183746,0.31792569160461426
1757.5638427734375,1641.210205078125,0.04291757568717003,0.1830994188785553,0.33450567722320557
1391.98779296875,1296.3475341796875,0.13489194214344025,0.04926970973610878,0.3559446334838867
2954.59765625,2879.940673828125,0.10375220328569412,0.03888849914073944,0.3336623013019562
2335.278076171875,2271.361083984375,0.0709317997097969,0.05031336471438408,0.32944172620773315
1951.4136962890625,1862.383544921875,0.06852217763662338,0.10293576866388321,0.3301108181476593
1822.6876220703125,1688.3011474609375,0.09388125687837601,0.16809234023094177,0.3399709165096283
2015.4906005859375,1897.6871337890625,0.10085830837488174,0.1278834491968155,0.34326475858688354
1571.4796142578125,1470.702880859375,0.09684119373559952,0.09825242310762405,0.3229973316192627
2481.48095703125,2402.5791015625,0.08568578213453293,0.06567712873220444,0.32203957438468933
2104.2607421875,2033.62646484375,0.07856523245573044,0.056283630430698395,0.3209974765777588
1940.2042236328125,1870.4652099609375,0.05720311030745506,0.07609883695840836,0.3087976574897766
1676.9222412109375,1592.9119873046875,0.06018761172890663,0.10157208889722824,0.3130413591861725
2206.464599609375,2127.711181640625,0.0809897631406784,0.06955080479383469,0.3483039140701294
1751.963623046875,1672.3809814453125,0.09205739945173264,0.05920427665114403,0.3951837718486786
2255.6865234375,2190.0224609375,0.04671132564544678,0.07776632905006409,0.34252360463142395
1963.0872802734375,1883.70947265625,0.05597566068172455,0.09663867205381393,0.3070732355117798
1855.862060546875,1748.9815673828125,0.12472967803478241,0.08235054463148117,0.33403345942497253
1587.38427734375,1474.0595703125,0.15051424503326416,0.06971778720617294,0.32086893916130066
2193.74462890625,2121.527099609375,0.056478630751371384,0.08048617839813232,0.37350475788116455
1813.6595458984375,1744.27587890625,0.03455884009599686,0.09690601378679276,0.3651271164417267
2101.025146484375,2030.4609375,0.06738099455833435,0.06737016886472702,0.31887224316596985
1873.75244140625,1793.5859375,0.09678557515144348,0.05722656100988388,0.31604117155075073
1885.8017578125,1809.326904296875,0.06554429978132248,0.08136976510286331,0.30178534984588623
1620.2396240234375,1535.1114501953125,0.06372104585170746,0.1002834141254425,0.3126022517681122
2182.999267578125,2098.383544921875,0.1055225059390068,0.05708562955260277,0.3311854600906372
1888.253662109375,1802.9659423828125,0.11521828919649124,0.04869730770587921,0.332997590303421
1961.2962646484375,1890.8245849609375,0.04822523891925812,0.08637132495641708,0.3173505961894989
1838.990478515625,1760.4442138671875,0.034428998827934265,0.11640649288892746,0.3128524124622345
1853.8546142578125,1775.6976318359375,0.08052832633256912,0.06953492015600204,0.3125380277633667
1660.103271484375,1576.807861328125,0.11703390628099442,0.04329286888241768,0.31320661306381226
2026.12255859375,1960.9686279296875,0.06020595133304596,0.06389736384153366,0.31023046374320984
1788.8848876953125,1714.846923828125,0.041149139404296875,0.10056912153959274,0.3178853690624237
1869.4566650390625,1788.1258544921875,0.07286882400512695,0.08303632587194443,0.3378303349018097
1663.0142822265625,1581.3570556640625,0.0971132218837738,0.05971221625804901,0.32444509863853455
1922.2061767578125,1857.0225830078125,0.060396768152713776,0.06388835608959198,0.30410435795783997
1642.453125,1578.327392578125,0.049085043370723724,0.07299376279115677,0.30862969160079956
1990.9224853515625,1924.792236328125,0.07233146578073502,0.053371548652648926,0.3278656005859375
1728.6785888671875,1659.65087890625,0.0729173868894577,0.05847010388970375,0.3333929479122162
1885.055908203125,1818.8492431640625,0.03644149750471115,0.08974462002515793,0.31136223673820496
1650.6702880859375,1583.3125,0.04253289848566055,0.0860922634601593,0.3045158088207245
1942.631103515625,1871.7972412109375,0.09765399247407913,0.03757072612643242,0.32215359807014465
1657.3826904296875,1587.51904296875,0.09759268164634705,0.03562542423605919,0.3254699409008026
1964.67919921875,1906.3389892578125,0.02913481555879116,0.08126514405012131,0.31402143836021423
1707.6259765625,1641.942626953125,0.025130508467555046,0.10005979984998703,0.3088218867778778
1881.2564697265625,1815.861328125,0.07916820794343948,0.04525484889745712,0.3183571994304657
1610.074951171875,1538.7803955078125,0.10089287161827087,0.03528771176934242,0.32042717933654785
1974.822509765625,1916.93896484375,0.03862360492348671,0.07088308036327362,0.313024640083313
1646.916259765625,1583.2713623046875,0.0336894728243351,0.08726825565099716,0.3166075050830841
1972.7000732421875,1909.1846923828125,0.07695882767438889,0.0435616597533226,0.32551732659339905
1628.7686767578125,1560.6453857421875,0.08622818440198898,0.04368818178772926,0.31652209162712097
1990.0035400390625,1926.145751953125,0.03566223755478859,0.085939422249794,0.30570104718208313
1598.80712890625,1531.116455078125,0.04407043755054474,0.08505707234144211,0.31269732117652893
2055.4345703125,1985.02734375,0.0996486246585846,0.0345621295273304,0.3301677703857422
1638.88427734375,1568.1785888671875,0.09124505519866943,0.04377752169966698,0.31943872570991516
2036.8431396484375,1967.83837890625,0.027271537110209465,0.10459544509649277,0.3071249723434448
1632.7552490234375,1561.799560546875,0.03928616642951965,0.09645330905914307,0.3085933029651642
2036.734619140625,1958.0799560546875,0.11876989156007767,0.032026659697294235,0.325634628534317
1638.6409912109375,1559.545654296875,0.11239239573478699,0.03939889371395111,0.3199767470359802
2023.501708984375,1951.1839599609375,0.031242279335856438,0.1072961613535881,0.3048543632030487
1668.04833984375,1594.341796875,0.03114783950150013,0.11013496667146683,0.3065234124660492
1958.380126953125,1886.6839599609375,0.09841199219226837,0.03840233013033867,0.32891061902046204
1604.227783203125,1530.27734375,0.10628841072320938,0.0351797416806221,0.3216356933116913
1985.2237548828125,1919.9385986328125,0.040590524673461914,0.0839022696018219,0.3038748502731323
1620.328369140625,1550.469482421875,0.03406841307878494,0.09959662705659866,0.302631676197052
1921.1314697265625,1854.137451171875,0.08033216744661331,0.04709652438759804,0.32796239852905273
1547.2713623046875,1480.717529296875,0.08001217246055603,0.04662115499377251,0.3237219452857971
1942.946044921875,1882.041748046875,0.03288022428750992,0.08277761936187744,0.3075362741947174
1557.8724365234375,1497.3302001953125,0.03966439515352249,0.07534068077802658,0.30396464467048645
1918.2742919921875,1849.9691162109375,0.09931506961584091,0.03103596530854702,0.31296682357788086
1526.240966796875,1459.65771484375,0.0793379470705986,0.04755993187427521,0.31342437863349915
1963.3507080078125,1893.6864013671875,0.019857537001371384,0.11309751868247986,0.3186739981174469
1572.0030517578125,1508.67724609375,0.030716096982359886,0.08954747766256332,0.31940117478370667
1904.19482421875,1829.9827880859375,0.11829042434692383,0.023827530443668365,0.3153069317340851
1546.0235595703125,1472.50537109375,0.11003491282463074,0.030854256823658943,0.30736207962036133
1875.1700439453125,1806.0703125,0.027004951611161232,0.10507979989051819,0.3057384788990021
1565.372802734375,1495.8359375,0.022279076278209686,0.11039675027132034,0.3199000060558319
1817.78369140625,1756.6578369140625,0.0786396712064743,0.03682070970535278,0.3395603895187378
1534.953369140625,1468.6197509765625,0.09777199476957321,0.028555454686284065,0.3169959783554077
1796.24560546875,1738.0804443359375,0.04401605203747749,0.06629040837287903,0.30119603872299194
1501.2362060546875,1436.9090576171875,0.03380396589636803,0.08877461403608322,0.30378520488739014
1797.1661376953125,1735.735107421875,0.06543263792991638,0.05072455108165741,0.3352394104003906
1482.5548095703125,1420.0457763671875,0.07108164578676224,0.0472782738506794,0.33290937542915344
1766.2012939453125,1709.51025390625,0.03515391796827316,0.07204112410545349,0.3093505799770355
1452.7301025390625,1394.2880859375,0.04352223500609398,0.06727734208106995,0.30422350764274597
1784.0111083984375,1717.7164306640625,0.09375537186861038,0.03256197273731232,0.3136017620563507
1464.0140380859375,1396.8612060546875,0.07805392891168594,0.04990895837545395,0.31714218854904175
1813.436767578125,1745.26708984375,0.02059851959347725,0.10914668440818787,0.3297145962715149
1488.095458984375,1424.8284912109375,0.03417592495679855,0.085845947265625,0.3256015479564667
1805.52783203125,1730.67724609375,0.12038791924715042,0.023104149848222733,0.3104528486728668
1504.5006103515625,1429.132568359375,0.11042406409978867,0.03418654575943947,0.3062688112258911
1766.18359375,1693.05224609375,0.02541111223399639,0.11465926468372345,0.3096155822277069
1516.69189453125,1445.665771484375,0.024934621527791023,0.11056473851203918,0.32765376567840576
1719.5953369140625,1656.45654296875,0.08571933209896088,0.03392240032553673,0.3317825496196747
1517.44287109375,1450.3037109375,0.09906478226184845,0.02897213213145733,0.3120703399181366
1675.4969482421875,1616.439453125,0.039342522621154785,0.07273422181606293,0.3019173741340637
1466.3603515625,1401.7098388671875,0.03364279866218567,0.08955969661474228,0.30493223667144775
1718.89404296875,1659.24267578125,0.06579615920782089,0.04685821384191513,0.3324222266674042
1476.858154296875,1414.37158203125,0.07171199470758438,0.04654223099350929,0.33595091104507446
1660.222412109375,1602.9981689453125,0.035297464579343796,0.07297291606664658,0.30890849232673645
1387.4866943359375,1328.0203857421875,0.045032572001218796,0.06785733997821808,0.30213138461112976
1752.388671875,1690.48876953125,0.08533880114555359,0.03219112008810043,0.3134836256504059
1461.33251953125,1398.4532470703125,0.07196920365095139,0.047206997871398926,0.3291115164756775
1691.93408203125,1627.630859375,0.021677326411008835,0.10028307884931564,0.33230286836624146
1399.0848388671875,1337.0775146484375,0.036632779985666275,0.08115409314632416,0.3113863170146942
1787.9344482421875,1718.29833984375,0.11042988300323486,0.0227188877761364,0.30617961287498474
1481.1019287109375,1411.991455078125,0.09772873669862747,0.034286923706531525,0.3102703392505646
1711.1224365234375,1644.2801513671875,0.02241172268986702,0.10483089089393616,0.32209375500679016
1438.77734375,1373.0120849609375,0.026004254817962646,0.0991365984082222,0.3194773495197296
1709.8184814453125,1646.2586669921875,0.0916311964392662,0.029185684397816658,0.3151324987411499
1437.3653564453125,1372.77294921875,0.09398353844881058,0.028954530134797096,0.31233885884284973
1666.482177734375,1610.2637939453125,0.027719788253307343,0.07858583331108093,0.30655986070632935
1416.68359375,1356.9805908203125,0.0264164786785841,0.08683567494153976,0.30768972635269165
1632.8092041015625,1575.520263671875,0.07236140966415405,0.035736724734306335,0.3239883482456207
1351.9951171875,1292.1990966796875,0.07632945477962494,0.036597415804862976,0.33325865864753723
1678.8541259765625,1626.1683349609375,0.0259565282613039,0.07325062900781631,0.30821189284324646
1355.549560546875,1300.35498046875,0.030634788796305656,0.07373331487178802,0.3010469377040863
1667.3668212890625,1610.8057861328125,0.07796057313680649,0.028882168233394623,0.3139679729938507
1316.350341796875,1256.8720703125,0.07637964934110641,0.035986706614494324,0.3295045495033264
1716.408203125,1660.293701171875,0.021634727716445923,0.08411364257335663,0.3240322768688202
1355.664306640625,1297.887939453125,0.02917660027742386,0.08027158677577972,0.3052271008491516
1680.66162109375,1620.53564453125,0.08814499527215958,0.026080163195729256,0.30133792757987976
1349.0062255859375,1286.983642578125,0.08676344156265259,0.031086217612028122,0.3097738027572632
1698.8511962890625,1643.5997314453125,0.022306717932224274,0.08167720586061478,0.3259468972682953
1388.82177734375,1330.8427734375,0.02682560123503208,0.08273064345121384,0.3200985789299011
1649.0062255859375,1589.8363037109375,0.0839846059679985,0.02829250507056713,0.30314111709594727
1352.286376953125,1291.439453125,0.08146330714225769,0.03423814848065376,0.2996205985546112
1650.9315185546875,1596.5213623046875,0.0219876766204834,0.08065485954284668,0.30889034271240234
1366.4990234375,1312.9097900390625,0.028365103527903557,0.07247810065746307,0.3167635202407837
1584.31494140625,1527.444091796875,0.08216036111116409,0.02501576393842697,0.32828232645988464
1305.134521484375,1248.3831787109375,0.07101041823625565,0.03622483089566231,0.3133658170700073
1624.705810546875,1567.59619140625,0.016456134617328644,0.09183681756258011,0.29631268978118896
1311.9239501953125,1259.18798828125,0.02638121321797371,0.07304932922124863,0.3020647168159485
1625.8741455078125,1568.824951171875,0.08808746188879013,0.019233854487538338,0.33885061740875244
1288.791015625,1230.7362060546875,0.08156044036149979,0.027860749512910843,0.33442825078964233
1650.1142578125,1593.4124755859375,0.017588553950190544,0.08982021361589432,0.2997438311576843
1306.0211181640625,1247.5224609375,0.02227950096130371,0.08884546160697937,0.2936114966869354
1625.598388671875,1571.3590087890625,0.0784081518650055,0.023870252072811127,0.3100264370441437
1309.4764404296875,1250.4295654296875,0.08874737471342087,0.02276347205042839,0.3291499614715576
1624.0677490234375,1574.829345703125,0.02601657062768936,0.06594295054674149,0.3258655369281769
1323.1728515625,1267.0877685546875,0.02355562336742878,0.0824996680021286,0.30574581027030945
1618.47119140625,1567.4080810546875,0.06326044350862503,0.033043041825294495,0.29113802313804626
1307.379150390625,1252.7655029296875,0.07153911888599396,0.03170940652489662,0.29893606901168823
1601.168701171875,1551.3927001953125,0.026859592646360397,0.06631169468164444,0.319032222032547
1295.4656982421875,1243.7039794921875,0.03256351128220558,0.06446261703968048,0.3248714804649353
1577.389892578125,1524.98095703125,0.07400716096162796,0.024386530742049217,0.3212006688117981
1278.409912109375,1226.7501220703125,0.058625463396310806,0.03869415447115898,0.29999980330467224
1589.3372802734375,1533.20166015625,0.01420768816024065,0.0921962559223175,0.29335924983024597
1253.7474365234375,1203.7713623046875,0.028419025242328644,0.06545930355787277,0.3036869168281555
1641.3955078125,1582.91357421875,0.0936274528503418,0.015937335789203644,0.3699636161327362
1278.1595458984375,1223.0753173828125,0.0763043463230133,0.027038009837269783,0.34130343794822693
1601.8846435546875,1544.86376953125,0.013693944551050663,0.09446979314088821,0.2938919961452484
1265.4820556640625,1210.4683837890625,0.0200220737606287,0.08420805633068085,0.28986141085624695
1594.2666015625,1540.6151123046875,0.08137113600969315,0.01963314600288868,0.31492629647254944
1306.3377685546875,1249.8233642578125,0.08593685925006866,0.02007509395480156,0.35083699226379395
1566.1466064453125,1518.109375,0.021903719753026962,0.06750550866127014,0.33326175808906555
1297.765869140625,1244.7742919921875,0.02012556977570057,0.07983540743589401,0.3011139929294586
1579.900390625,1532.8597412109375,0.061367034912109375,0.026943720877170563,0.28852561116218567
1295.3643798828125,1243.9005126953125,0.06923315674066544,0.027786044403910637,0.2954263985157013
1506.729736328125,1456.4776611328125,0.026033664122223854,0.06803451478481293,0.3217962086200714
1230.44677734375,1180.0330810546875,0.028297455981373787,0.06588795781135559,0.3321009874343872
1535.052978515625,1490.2342529296875,0.061475202441215515,0.021654004231095314,0.3254188597202301
1241.052001953125,1196.2196044921875,0.05359290540218353,0.030082575976848602,0.2994675934314728
1527.60595703125,1477.9246826171875,0.01641693525016308,0.07698767632246017,0.2978958189487457
1178.5902099609375,1130.6611328125,0.025699464604258537,0.06419218331575394,0.29833343625068665
1617.88623046875,1570.634033203125,0.06847213953733444,0.018514061346650124,0.3759163022041321
1239.1407470703125,1191.5196533203125,0.06318609416484833,0.02503826469182968,0.3508877754211426
1520.149169921875,1475.062744140625,0.01691807061433792,0.06723672896623611,0.3009008467197418
1184.0400390625,1136.30908203125,0.023497523739933968,0.06603112071752548,0.2966645359992981
1547.42236328125,1500.6956787109375,0.06604874134063721,0.021218175068497658,0.3093305230140686
1234.640380859375,1188.566162109375,0.06056339666247368,0.024692118167877197,0.3446403741836548
1518.98828125,1477.048828125,0.014521406032145023,0.06290309876203537,0.32271862030029297
1222.2352294921875,1178.4881591796875,0.02300410345196724,0.05841223895549774,0.3038889169692993
1519.8753662109375,1469.85009765625,0.07522037625312805,0.0188137236982584,0.30081987380981445
1209.892822265625,1158.8037109375,0.06626338511705399,0.029913725331425667,0.30006641149520874
1467.0355224609375,1414.493896484375,0.015143942087888718,0.08387532830238342,0.3032028377056122
1165.21923828125,1120.717529296875,0.02015744335949421,0.06259919703006744,0.31233957409858704
1458.9912109375,1417.5760498046875,0.060017310082912445,0.01628401130437851,0.32645630836486816
1167.818359375,1123.626220703125,0.0585092268884182,0.023630661889910698,0.3122234642505646
1427.870849609375,1379.7198486328125,0.0179157555103302,0.07222985476255417,0.3078232705593109
1115.1771240234375,1067.7333984375,0.023497194051742554,0.06546153128147125,0.29643335938453674
1490.772216796875,1451.740966796875,0.052689965814352036,0.018616383895277977,0.3378065526485443
1154.300537109375,1114.245361328125,0.050268713384866714,0.02303728647530079,0.34021738171577454
1413.22265625,1373.172119140625,0.017245136201381683,0.05672789737582207,0.30639851093292236
1098.59130859375,1053.8948974609375,0.026778794825077057,0.05643271282315254,0.309065580368042
1436.708984375,1393.5994873046875,0.05833585560321808,0.021655447781085968,0.3113936185836792
1143.25634765625,1102.9041748046875,0.04887603595852852,0.025198524817824364,0.33149999380111694
1383.5985107421875,1347.0010986328125,0.012713873758912086,0.05432397127151489,0.3078515827655792
1106.248779296875,1067.55517578125,0.02059771865606308,0.05085044726729393,0.2969479560852051
1397.5819091796875,1354.5955810546875,0.05967782810330391,0.020039614289999008,0.31275057792663574
1101.7174072265625,1056.451171875,0.056808535009622574,0.027468232437968254,0.3127795159816742
1368.5057373046875,1328.7449951171875,0.01518398616462946,0.05832335725426674,0.30071330070495605
1076.8785400390625,1040.224365234375,0.019134478643536568,0.04791494458913803,0.3129459619522095
1350.0098876953125,1315.121826171875,0.04559337720274925,0.01779407262802124,0.3194326162338257
1054.6195068359375,1015.389404296875,0.04486742988228798,0.027431970462203026,0.30804961919784546
1347.0333251953125,1306.19482421875,0.017066361382603645,0.05840149149298668,0.3104609549045563
1031.7244873046875,992.8275146484375,0.02736939676105976,0.04434950649738312,0.3037480413913727
1359.6390380859375,1324.873291015625,0.04685689136385918,0.015744207426905632,0.34651705622673035
1032.1937255859375,998.5120849609375,0.034352511167526245,0.026353467255830765,0.33286362886428833
1339.4154052734375,1302.45703125,0.012120275758206844,0.05577497556805611,0.30107805132865906
1016.3102416992188,978.9744262695312,0.026523740962147713,0.04198025166988373,0.3083815574645996
1342.7080078125,1304.9034423828125,0.05308175086975098,0.016191057860851288,0.3168269395828247
1040.34521484375,1004.0164184570312,0.03962130844593048,0.025994908064603806,0.3520636558532715
1315.0863037109375,1280.4991455078125,0.011385571211576462,0.05161718279123306,0.3085823357105255
1036.9351806640625,1003.873779296875,0.0200030654668808,0.040239956229925156,0.29399412870407104
1310.713623046875,1276.74853515625,0.04435998573899269,0.017506496980786324,0.30318138003349304
1055.4674072265625,1018.779296875,0.04077189043164253,0.02640662156045437,0.3098817765712738
1272.862060546875,1238.7711181640625,0.01567135564982891,0.046199653297662735,0.31554222106933594
1036.4102783203125,1003.826171875,0.022343719378113747,0.03646272420883179,0.31809625029563904
1254.195556640625,1224.0648193359375,0.034975845366716385,0.019083602353930473,0.31011053919792175
1022.3650512695312,990.8651733398438,0.029229773208498955,0.027700619772076607,0.3034641444683075
1231.8343505859375,1201.00439453125,0.01610697992146015,0.03964250534772873,0.29551565647125244
997.7156982421875,965.3724975585938,0.02765060029923916,0.03074588254094124,0.31449392437934875
1227.024658203125,1196.5179443359375,0.03429311141371727,0.019558191299438477,0.35810112953186035
989.3226928710938,959.6599731445312,0.022271400317549706,0.030681626871228218,0.31862056255340576
1219.067626953125,1192.2255859375,0.013138382695615292,0.03458549082279205,0.2980055510997772
981.3828735351562,953.2235717773438,0.02660999819636345,0.02383081242442131,0.2938881516456604
1223.88232421875,1193.845703125,0.033822618424892426,0.019301511347293854,0.34746626019477844
994.7378540039062,962.2673950195312,0.022907672449946404,0.034872815012931824,0.3580199182033539
1213.679443359375,1186.7152099609375,0.014201734215021133,0.03383168205618858,0.2947565019130707
990.2620849609375,964.778564453125,0.02410084195435047,0.020925695076584816,0.2970285713672638
1220.314208984375,1194.7840576171875,0.0274319127202034,0.017444169148802757,0.3092103600502014
1004.779541015625,974.3984375,0.02206265740096569,0.032034289091825485,0.33326607942581177
1196.225341796875,1167.6278076171875,0.016925258561968803,0.03400265797972679,0.3133498430252075
985.2665405273438,958.0140991210938,0.024079494178295135,0.024411851540207863,0.30067670345306396
1217.389892578125,1193.1441650390625,0.023959429934620857,0.01840084232389927,0.30655214190483093
996.329345703125,970.1118774414062,0.022312147542834282,0.02407841756939888,0.3022198975086212
1194.0281982421875,1166.9298095703125,0.018248049542307854,0.02990744262933731,0.30206215381622314
956.5254516601562,927.3142700195312,0.021585138514637947,0.03051728568971157,0.31599676609039307
1229.6912841796875,1203.2667236328125,0.022540604695677757,0.02380518987774849,0.32517191767692566
962.9171752929688,937.019775390625,0.024767328053712845,0.02095714583992958,0.303516149520874
1208.026123046875,1183.6800537109375,0.019880356267094612,0.022997690364718437,0.2907049059867859
933.8764038085938,906.4527587890625,0.019851746037602425,0.028903378173708916,0.3046099841594696
1223.408203125,1195.8570556640625,0.019471967592835426,0.028743017464876175,0.3443587124347687
947.8633422851562,920.190185546875,0.02365424484014511,0.025437718257308006,0.31272104382514954
1204.979248046875,1181.5625,0.022019069641828537,0.018974782899022102,0.2919778823852539
950.3294067382812,925.1504516601562,0.023591620847582817,0.02086031623184681,0.29530277848243713
1184.6202392578125,1158.5819091796875,0.018467571586370468,0.026946531608700752,0.3331259489059448
942.84326171875,913.6337280273438,0.017491094768047333,0.03462853655219078,0.3149711787700653
1186.1805419921875,1162.7802734375,0.019757824018597603,0.021157504990696907,0.29426509141921997
949.8489990234375,923.9448852539062,0.030426137149333954,0.015397930517792702,0.29920756816864014
1164.92822265625,1140.58544921875,0.02363206259906292,0.018709419295191765,0.3172034025192261
926.2225341796875,897.353515625,0.013911829330027103,0.03777236118912697,0.302692174911499
1162.2308349609375,1137.55712890625,0.012827882543206215,0.03062169998884201,0.294901967048645
917.9638061523438,891.1027221679688,0.030413538217544556,0.017094269394874573,0.31071746349334717
1159.2515869140625,1132.8343505859375,0.03353270888328552,0.01295303925871849,0.31743183732032776
919.978271484375,893.7728881835938,0.01687036082148552,0.02959340624511242,0.2973521947860718
1134.2757568359375,1107.51220703125,0.009404805488884449,0.03834091126918793,0.28907302021980286
898.6331176757812,872.205810546875,0.02137831412255764,0.025236904621124268,0.3119666874408722
1163.3966064453125,1134.8819580078125,0.037797290831804276,0.012765547260642052,0.32333287596702576
923.2344360351562,896.5150756835938,0.02585352025926113,0.021553663536906242,0.30157604813575745
1144.259033203125,1118.264892578125,0.010453849099576473,0.035809703171253204,0.2862361967563629
913.9900512695312,887.904052734375,0.014317688532173634,0.031774599105119705,0.30398595333099365
1152.2646484375,1126.785888671875,0.028170345351099968,0.016476379707455635,0.3155372440814972
926.2874145507812,898.9898071289062,0.030379565432667732,0.01809893548488617,0.3058357536792755
1136.09375,1112.15673828125,0.016487915068864822,0.025530008599162102,0.29280993342399597
937.3347778320312,912.4228515625,0.014211971312761307,0.029522152617573738,0.30448484420776367
1107.4306640625,1085.14794921875,0.01671428419649601,0.021884707733988762,0.29832857847213745
918.812744140625,894.2406616210938,0.024226415902376175,0.018895834684371948,0.30109623074531555
1110.0457763671875,1086.2305908203125,0.024058250710368156,0.01741822250187397,0.30769437551498413
921.05419921875,896.1148681640625,0.019197391346096992,0.024305950850248337,0.3187699615955353
1108.4129638671875,1086.8199462890625,0.013178357854485512,0.024185555055737495,0.2911008894443512
920.422119140625,897.7291259765625,0.017530806362628937,0.02195846289396286,0.2948387861251831
1076.1253662109375,1053.0262451171875,0.023900674656033516,0.016019873321056366,0.31388112902641296
886.3300170898438,860.8394775390625,0.02284344844520092,0.021425260230898857,0.33561861515045166
1128.349609375,1107.202880859375,0.014995801262557507,0.021334517747163773,0.2981535792350769
931.4387817382812,908.3892822265625,0.016451988369226456,0.023676682263612747,0.29851385951042175
1055.337646484375,1033.1546630859375,0.01962827332317829,0.018411917611956596,0.31628862023353577
869.8468627929688,844.8951416015625,0.020629556849598885,0.022428564727306366,0.34226682782173157
1173.052490234375,1152.3555908203125,0.018444234505295753,0.01672886125743389,0.31103822588920593
969.3170776367188,943.7101440429688,0.02035178430378437,0.024627186357975006,0.3117428123950958
1020.0369262695312,995.5236206054688,0.020096350461244583,0.02243361622095108,0.3248322010040283
858.8560791015625,833.7456665039062,0.017528174445033073,0.025737518444657326,0.34775373339653015
1278.68115234375,1260.75537109375,0.017337746918201447,0.012226871214807034,0.3143443167209625
1154.1041259765625,1127.4376220703125,0.02171635814011097,0.0250054020434618,0.33057233691215515
772.2581176757812,737.64892578125,0.03219248354434967,0.030717361718416214,0.3154289722442627
655.3176879882812,632.1589965820312,0.01593356765806675,0.023400120437145233,0.34918293356895447
2031.7396240234375,2019.3265380859375,0.008307883515954018,0.010140235535800457,0.3189043700695038
1817.862548828125,1797.0135498046875,0.012442097999155521,0.021876050159335136,0.3689917325973511
577.4151000976562,511.4141540527344,0.0579567514359951,0.06821311265230179,0.29159876704216003
4373.1787109375,4329.1923828125,0.03538569062948227,0.04381459951400757,0.4386080801486969
2490.03369140625,2415.770263671875,0.07108563929796219,0.06788173317909241,0.4779853820800781
3760.435546875,3642.027099609375,0.10187556594610214,0.12907743453979492,0.2931845486164093
4086.109130859375,3752.94140625,0.2856843173503876,0.3744794726371765,0.3086039423942566
2347.247802734375,1816.54638671875,0.6654314398765564,0.3899344503879547,0.3018319308757782
1663.663330078125,1411.3704833984375,0.32629334926605225,0.17297394573688507,0.26592281460762024
3776.7099609375,3704.011474609375,0.043338268995285034,0.0943477600812912,0.3855438530445099
2529.628173828125,2454.537109375,0.11452748626470566,0.027361202985048294,0.4146651327610016
4135.615234375,4107.630859375,0.03772718831896782,0.012596032582223415,0.2822721004486084
4724.03759765625,4600.14892578125,0.10590945929288864,0.1360599845647812,0.29037925601005554
2152.91015625,1626.0821533203125,0.5931607484817505,0.45274344086647034,0.38760271668434143
2214.515380859375,1858.5465087890625,0.48837873339653015,0.2167702615261078,0.33943161368370056
2855.425048828125,2694.568603515625,0.06467477977275848,0.2499380111694336,0.3549995720386505
1671.738037109375,1570.635498046875,0.1068170815706253,0.08801624178886414,0.36858779191970825
3610.919677734375,3425.953857421875,0.16038942337036133,0.20311135053634644,0.3215216398239136
3676.744873046875,3505.86083984375,0.019914643839001656,0.31590211391448975,0.29756686091423035
1860.6536865234375,1641.94921875,0.3099520206451416,0.12089809775352478,0.327943354845047
1675.8587646484375,1414.2421875,0.4552927017211914,0.059289876371622086,0.4325302243232727
2640.101318359375,2487.559326171875,0.06049086153507233,0.23748089373111725,0.355619877576828
1501.86669921875,1360.377685546875,0.026509853079915047,0.25054728984832764,0.2960505187511444
4042.07763671875,4006.97119140625,0.02911178581416607,0.035823844373226166,0.26386964321136475
4376.91552734375,4262.17626953125,0.055439308285713196,0.16843849420547485,0.28003188967704773
2026.3919677734375,1682.50634765625,0.28509005904197693,0.3965804874897003,0.3050365746021271
1560.668212890625,1389.5712890625,0.2864607572555542,0.04939316213130951,0.3169907331466675
2733.11279296875,2556.1044921875,0.06149991601705551,0.2827471196651459,0.48847121000289917
1661.7197265625,1468.1572265625,0.022567326202988625,0.3567998707294464,0.3878909945487976
3880.276611328125,3807.158447265625,0.02482786774635315,0.11442831158638,0.34899410605430603
4242.79248046875,4039.13037109375,0.026108892634510994,0.3716842532157898,0.4765779376029968
2955.84765625,2570.541015625,0.2771654427051544,0.48715388774871826,0.31469133496284485
2127.831787109375,1917.9871826171875,0.36729785799980164,0.04628315195441246,0.30542871356010437
2506.607666015625,2376.599853515625,0.11699145287275314,0.13636775314807892,0.33280178904533386
2382.117431640625,2151.684814453125,0.02032836526632309,0.4341360926628113,0.3200344145298004
3032.378662109375,2857.031005859375,0.02821536548435688,0.3168919086456299,0.27938389778137207
2818.24169921875,2669.28369140625,0.02785714901983738,0.26327893137931824,0.3389987647533417
2790.66015625,2586.1953125,0.10665283352136612,0.2932436466217041,0.45164918899536133
2790.682373046875,2580.945556640625,0.22826983034610748,0.18343067169189453,0.38863804936408997
2242.239990234375,2104.675537109375,0.23302975296974182,0.03645562008023262,0.28217843174934387
2008.2894287109375,1919.1766357421875,0.11206650733947754,0.060715947300195694,0.272152841091156
2335.78955078125,2243.70751953125,0.016160225495696068,0.16206564009189606,0.29690849781036377
2038.5748291015625,1883.0184326171875,0.008958854712545872,0.29581597447395325,0.3168991208076477
2715.907470703125,2613.85498046875,0.018131611868739128,0.17922431230545044,0.3374522030353546
2491.7744140625,2375.462158203125,0.08665109425783157,0.13800717890262604,0.3983076214790344
2001.6163330078125,1845.62109375,0.1524970382452011,0.15306390821933746,0.3214685022830963
1806.0372314453125,1711.56005859375,0.12553386390209198,0.05714971199631691,0.31353330612182617
2060.5439453125,2026.78759765625,0.04827398434281349,0.012894917279481888,0.31718388199806213
1537.8018798828125,1501.44921875,0.015413319692015648,0.05197355896234512,0.2659233808517456
2670.117919921875,2624.421630859375,0.0106354346498847,0.07367165386676788,0.3542672097682953
2438.697998046875,2351.611572265625,0.014686087146401405,0.15174482762813568,0.38707637786865234
1847.0902099609375,1735.9317626953125,0.08627349883317947,0.13013187050819397,0.29557710886001587
1791.87646484375,1666.615966796875,0.18535250425338745,0.05939415842294693,0.28872227668762207
1772.9239501953125,1684.431640625,0.13970248401165009,0.0305258110165596,0.3378138840198517
1382.351806640625,1345.8414306640625,0.04921713098883629,0.017588647082448006,0.31074953079223633
2369.578125,2354.9970703125,0.012548643164336681,0.010633452795445919,0.29900360107421875
1966.4998779296875,1937.18310546875,0.009823199361562729,0.0422668494284153,0.3271704912185669
1866.2423095703125,1778.255126953125,0.011311986483633518,0.15861254930496216,0.3024881184101105
1750.2142333984375,1641.40234375,0.06995086371898651,0.14175386726856232,0.2959508001804352
1690.4715576171875,1593.5333251953125,0.158134326338768,0.02963198348879814,0.30550065636634827
1383.52294921875,1309.2872314453125,0.1285076141357422,0.014086663722991943,0.2938646376132965
2130.37060546875,2104.73193359375,0.023201433941721916,0.021697629243135452,0.31891024112701416
1791.3590087890625,1739.3753662109375,0.016922390088438988,0.08110474795103073,0.29701289534568787
1844.6888427734375,1794.03076171875,0.015751220285892487,0.08009117096662521,0.273698091506958
1628.97412109375,1577.360107421875,0.052960071712732315,0.04497167840600014,0.2648196518421173
1739.7989501953125,1665.12841796875,0.10895480960607529,0.034427475184202194,0.297931969165802
1481.9434814453125,1404.4647216796875,0.10507232695817947,0.041978564113378525,0.3953421413898468
1900.7822265625,1851.921875,0.04483358934521675,0.046353038400411606,0.3267087936401367
1641.2271728515625,1598.309814453125,0.019511563703417778,0.060629550367593765,0.2846757471561432
1647.1522216796875,1604.31689453125,0.015782253816723824,0.06443025171756744,0.27290716767311096
1483.992919921875,1452.7130126953125,0.020618483424186707,0.03612006455659866,0.29106995463371277
1624.66162109375,1602.2437744140625,0.02566589042544365,0.013652205467224121,0.2758824825286865
1374.383056640625,1339.3704833984375,0.04492710530757904,0.019856877624988556,0.2620633840560913
1792.321533203125,1740.840576171875,0.055558279156684875,0.04132288321852684,0.3040400743484497
1519.9063720703125,1454.48828125,0.05975151062011719,0.06418021768331528,0.3452271521091461
1629.8349609375,1584.0426025390625,0.03488269820809364,0.050961609929800034,0.2870287299156189
1365.3656005859375,1328.0565185546875,0.021027134731411934,0.0484619177877903,0.25645506381988525
1702.258544921875,1672.889892578125,0.018263401463627815,0.03517203405499458,0.2650865316390991
1441.0294189453125,1413.854248046875,0.030525457113981247,0.018382050096988678,0.2721419334411621
1629.5311279296875,1603.210205078125,0.03523239120841026,0.011997557245194912,0.2705956697463989
1426.2196044921875,1388.5438232421875,0.040044549852609634,0.029915757477283478,0.26956668496131897
1578.51953125,1523.7034912109375,0.03283914178609848,0.07127875834703445,0.2757070064544678
1360.0958251953125,1309.15771484375,0.03565557301044464,0.060562632977962494,0.282903790473938
1656.2294921875,1630.4598388671875,0.02561260014772415,0.020393937826156616,0.27663886547088623
1411.990234375,1385.9979248046875,0.026229707524180412,0.02018786408007145,0.27835771441459656
1629.6270751953125,1596.71826171875,0.026742545887827873,0.03355570137500763,0.275960236787796
1409.6650390625,1368.0347900390625,0.03666571155190468,0.04132603853940964,0.2634355425834656
1629.15966796875,1597.3270263671875,0.027872025966644287,0.03071492910385132,0.2539198398590088
1412.7247314453125,1375.47705078125,0.029321670532226562,0.03980283811688423,0.26854097843170166
1615.0384521484375,1576.66650390625,0.03250580281019211,0.03815608099102974,0.3041067123413086
1422.1387939453125,1382.5517578125,0.045066073536872864,0.028360802680253983,0.28736814856529236
1599.4178466796875,1571.276123046875,0.029168926179409027,0.02200763113796711,0.2553512156009674
1431.9075927734375,1399.4600830078125,0.022322215139865875,0.03738677501678467,0.2592991888523102
1570.255126953125,1531.896484375,0.02434472367167473,0.04629623517394066,0.3038196861743927
1422.5594482421875,1381.454833984375,0.041937246918678284,0.03406494855880737,0.310356467962265
1560.54638671875,1529.7242431640625,0.03546399250626564,0.021050838753581047,0.2564730644226074
1395.2962646484375,1362.7413330078125,0.027229929342865944,0.03273986279964447,0.2570098042488098
1575.1949462890625,1539.5277099609375,0.02217961475253105,0.0435359925031662,0.28094446659088135
1417.24853515625,1380.14990234375,0.033935803920030594,0.034266337752342224,0.2997533082962036
1531.1728515625,1504.2301025390625,0.029015736654400826,0.019564170390367508,0.265278697013855
1391.439208984375,1360.5831298828125,0.023477423936128616,0.032968901097774506,0.2632896602153778
1524.352783203125,1488.63330078125,0.01952415704727173,0.04634435102343559,0.2785334587097168
1383.181396484375,1348.93359375,0.03228932246565819,0.030408916994929314,0.289866179227829
1557.54345703125,1533.530029296875,0.02856900542974472,0.014179414138197899,0.2639143168926239
1425.507080078125,1397.3087158203125,0.025749869644641876,0.025327779352664948,0.26595768332481384
1526.900390625,1488.633544921875,0.021281395107507706,0.049710582941770554,0.2770823538303375
1421.35302734375,1383.7381591796875,0.029985487461090088,0.0392935685813427,0.29753148555755615
1526.190673828125,1503.88525390625,0.022386593744158745,0.016895873472094536,0.26642289757728577
1429.726318359375,1405.319580078125,0.02125994674861431,0.022200006991624832,0.2676795423030853
1497.4010009765625,1466.9625244140625,0.021999122574925423,0.03330754488706589,0.27851149439811707
1423.6102294921875,1389.2236328125,0.03266555443406105,0.030162222683429718,0.2972683906555176
1480.1229248046875,1456.3848876953125,0.02149837464094162,0.02071314863860607,0.2632356584072113
1416.89697265625,1390.55029296875,0.018886052072048187,0.02852555550634861,0.2640838921070099
1462.071533203125,1434.8541259765625,0.020568547770380974,0.028231680393218994,0.28172925114631653
1396.766845703125,1367.1297607421875,0.03019237518310547,0.023141048848628998,0.29703399538993835
1476.7557373046875,1454.71533203125,0.01764557883143425,0.021198350936174393,0.2618369162082672
1403.192138671875,1376.75634765625,0.016626840457320213,0.030981920659542084,0.26313164830207825
1459.0216064453125,1432.3231201171875,0.02259291522204876,0.0250758808106184,0.28640854358673096
1388.499755859375,1358.5899658203125,0.03400145471096039,0.01982584036886692,0.2996135652065277
1455.3511962890625,1433.509765625,0.01698513701558113,0.021458519622683525,0.2619610130786896
1390.47119140625,1363.892578125,0.014031514525413513,0.03384114429354668,0.26422855257987976
1426.287109375,1400.82275390625,0.02089023031294346,0.024316586554050446,0.28609955310821533
1372.8218994140625,1345.6209716796875,0.03193330764770508,0.016529280692338943,0.29696598649024963
1437.1456298828125,1418.5394287109375,0.014254889450967312,0.017706098034977913,0.26257166266441345
1391.671875,1366.6630859375,0.012062749825417995,0.032653503119945526,0.2650575339794159
1421.1619873046875,1394.9354248046875,0.021087616682052612,0.025677133351564407,0.2844254672527313
1383.4957275390625,1357.122802734375,0.03039582259953022,0.016444440931081772,0.29528069496154785
1456.746337890625,1440.6312255859375,0.010879077948629856,0.01605246029794216,0.26493212580680847
1423.3416748046875,1402.2513427734375,0.00949295237660408,0.02732149511575699,0.2683100998401642
1438.1646728515625,1415.48876953125,0.01942109316587448,0.02015538327395916,0.28877153992652893
1426.19580078125,1402.5693359375,0.02635464258491993,0.014991058968007565,0.29535600543022156
1437.0966796875,1420.8236083984375,0.00839034840464592,0.018869837746024132,0.2642979621887207
1413.37939453125,1393.436767578125,0.009071167558431625,0.02546529844403267,0.26744312047958374
1468.6964111328125,1449.5909423828125,0.020579826086759567,0.0118024293333292,0.29142987728118896
1405.9854736328125,1385.7696533203125,0.022323885932564735,0.012215611524879932,0.2946099638938904
1525.5205078125,1506.2265625,0.005853647366166115,0.027393193915486336,0.2670542597770691
1411.9390869140625,1389.6954345703125,0.00853691902011633,0.03061913326382637,0.2665617763996124
1590.931884765625,1571.1915283203125,0.02438906393945217,0.0093312356621027,0.28802263736724854
1455.9820556640625,1435.948486328125,0.02349187806248665,0.010900522582232952,0.2837393879890442
1549.2718505859375,1528.6737060546875,0.005433449521660805,0.030443383380770683,0.26598283648490906
1388.4757080078125,1364.7781982421875,0.009019613265991211,0.033052846789360046,0.26611965894699097
1614.708251953125,1595.5157470703125,0.023405896499753,0.009362452663481236,0.2808394134044647
1418.6473388671875,1400.63720703125,0.01949678175151348,0.01109530869871378,0.27141624689102173
1565.126953125,1548.331298828125,0.005286803934723139,0.02301180176436901,0.2646392583847046
1388.9010009765625,1368.0213623046875,0.01138642430305481,0.024959303438663483,0.2706744968891144
1519.9888916015625,1500.24072265625,0.02332063764333725,0.010599699802696705,0.2787984609603882
1325.3758544921875,1308.09130859375,0.014288490638136864,0.014852962456643581,0.27139100432395935
1541.8392333984375,1525.453857421875,0.005184215027838945,0.02232437953352928,0.2631048262119293
1341.2420654296875,1324.87353515625,0.013031181879341602,0.014149662107229233,0.2778134047985077
1485.2330322265625,1466.11865234375,0.022832246497273445,0.009666386991739273,0.28651267290115356
1297.418212890625,1279.6397705078125,0.011055263690650463,0.018961163237690926,0.27702876925468445
1488.5361328125,1464.0701904296875,0.005013379734009504,0.038709841668605804,0.26043835282325745
1279.6075439453125,1262.280517578125,0.01351027749478817,0.01580985076725483,0.26669585704803467
1511.913818359375,1489.716064453125,0.023619819432497025,0.014984864741563797,0.2895399332046509
1317.151123046875,1302.5721435546875,0.011370908468961716,0.012173295952379704,0.28069406747817993
1445.549560546875,1422.62158203125,0.0050391871482133865,0.03559600189328194,0.2610330283641815
1297.4912109375,1275.2755126953125,0.00955168716609478,0.02971385233104229,0.2582825720310211
1437.607421875,1420.1578369140625,0.018624739721417427,0.010772477835416794,0.2750997245311737
1276.3052978515625,1259.2469482421875,0.013277498073875904,0.015058174729347229,0.2890457808971405
1469.122314453125,1457.731689453125,0.005150739103555679,0.012141544371843338,0.27444806694984436
1310.78125,1294.5057373046875,0.008168492466211319,0.019173119217157364,0.26047322154045105
1446.2608642578125,1429.7080078125,0.009082374162971973,0.018748663365840912,0.2637347877025604
1323.1707763671875,1306.1058349609375,0.008497809991240501,0.019891345873475075,0.28704145550727844
1413.932373046875,1401.202392578125,0.0069245086051523685,0.012669708579778671,0.29328805208206177
1264.8699951171875,1249.16455078125,0.014966526068747044,0.011021708138287067,0.27113068103790283
1507.45654296875,1496.093017578125,0.007451371755450964,0.010064703412353992,0.26054781675338745
1354.1405029296875,1330.6656494140625,0.004981158766895533,0.03635958582162857,0.2804470658302307
1447.376953125,1425.47509765625,0.006669755093753338,0.03131138160824776,0.2911309003829956
1318.9722900390625,1298.388916015625,0.024215690791606903,0.011164950206875801,0.28930366039276123
1452.869873046875,1427.3741455078125,0.01562256459146738,0.030028104782104492,0.26703742146492004
1307.80859375,1294.806884765625,0.005225802771747112,0.015189477242529392,0.2794017195701599
1458.6904296875,1430.34228515625,0.009567644447088242,0.04174100607633591,0.269383043050766
1339.6268310546875,1313.345703125,0.016715768724679947,0.029983310028910637,0.2931656539440155
1473.9364013671875,1452.571044921875,0.01673978753387928,0.020158551633358,0.29161298274993896
1349.507080078125,1326.59228515625,0.012023466639220715,0.02806701697409153,0.28694871068000793
1485.6107177734375,1473.47900390625,0.009246701374650002,0.009770498611032963,0.26231443881988525
1381.5189208984375,1356.6285400390625,0.012526992708444595,0.03203433007001877,0.26097628474235535
1446.5001220703125,1422.1219482421875,0.007083389442414045,0.035888850688934326,0.28920334577560425
1377.5758056640625,1355.4189453125,0.01261200662702322,0.025578325614333153,0.3061635494232178
1378.5018310546875,1358.7872314453125,0.014180377125740051,0.019554803147912025,0.28471052646636963
1338.87255859375,1322.2706298828125,0.018219975754618645,0.009656638838350773,0.26635563373565674
1375.4324951171875,1357.2799072265625,0.005643755663186312,0.025593189522624016,0.25340110063552856
1314.5601806640625,1290.231201171875,0.007885314524173737,0.03539111465215683,0.26908236742019653
1403.3128662109375,1384.62109375,0.020453693345189095,0.011184126138687134,0.28728869557380676
1319.896728515625,1294.8624267578125,0.03219855949282646,0.012021919712424278,0.2924072742462158
1378.8270263671875,1362.0023193359375,0.0070066084153950214,0.02095653861761093,0.2843199372291565
1356.572998046875,1333.826904296875,0.005737524013966322,0.03447406366467476,0.26403120160102844
1302.1319580078125,1280.117431640625,0.019986430183053017,0.01877855323255062,0.2632034122943878
1309.002197265625,1278.8438720703125,0.044109854847192764,0.010989812202751637,0.260853111743927
1311.283203125,1292.5506591796875,0.01394812110811472,0.01689949631690979,0.33087271451950073
1230.9427490234375,1208.2803955078125,0.004656350705772638,0.0339973084628582,0.333560585975647
1432.068603515625,1406.3623046875,0.007484438829123974,0.038351140916347504,0.2788506746292114
1239.388427734375,1205.3746337890625,0.034738995134830475,0.02808328904211521,0.2602625787258148
1446.7139892578125,1422.44384765625,0.031242698431015015,0.01190213579684496,0.2697770893573761
1310.40869140625,1292.2342529296875,0.010148022323846817,0.019917966797947884,0.3141440153121948
1208.5992431640625,1192.6766357421875,0.0049940855242311954,0.02069297805428505,0.30791154503822327
1119.227294921875,1089.082275390625,0.007874813862144947,0.046826399862766266,0.2794456481933594
1288.424560546875,1266.3160400390625,0.010507099330425262,0.028668133541941643,0.2520928382873535
1061.9176025390625,1040.34912109375,0.01946832425892353,0.018406471237540245,0.2631044387817383
1544.663818359375,1515.6202392578125,0.0186444204300642,0.03343374654650688,0.30044716596603394
1161.2852783203125,1148.189697265625,0.005832618568092585,0.01425134763121605,0.3053598999977112
1675.1331787109375,1615.534423828125,0.009617885574698448,0.10281454771757126,0.33825626969337463
1280.526123046875,1246.6162109375,0.008867735974490643,0.05330527201294899,0.28233054280281067
1608.6544189453125,1555.85498046875,0.06333563476800919,0.036582741886377335,0.28401848673820496
1349.706298828125,1300.76416015625,0.04569382593035698,0.04629569873213768,0.29474160075187683
1440.0643310546875,1423.9774169921875,0.005134042352437973,0.01973659358918667,0.3651609718799591
1200.157958984375,1143.708984375,0.013906198553740978,0.09194844216108322,0.3521571159362793
1611.732666015625,1589.3472900390625,0.010850510559976101,0.027754556387662888,0.3082942068576813
1369.8125,1321.7164306640625,0.0778074786067009,0.01303151249885559,0.26765143871307373
1518.53466796875,1480.9981689453125,0.04263031482696533,0.02578018233180046,0.33313286304473877
1227.472900390625,1210.93603515625,0.006250308360904455,0.020673396065831184,0.30750277638435364
1608.7186279296875,1583.188232421875,0.010219291783869267,0.03558401018381119,0.2628757655620575
1249.2108154296875,1230.77490234375,0.009149500168859959,0.022546695545315742,0.2587815523147583
1509.5159912109375,1485.5400390625,0.029758261516690254,0.012519961223006248,0.28367340564727783
1260.3876953125,1230.5548095703125,0.02758273296058178,0.0262482650578022,0.2917414903640747
1434.543212890625,1410.1414794921875,0.013613962568342686,0.02908702939748764,0.30512407422065735
1134.85009765625,1120.202880859375,0.007044792175292969,0.016363125294446945,0.29432353377342224
1590.1190185546875,1579.736328125,0.004619361832737923,0.01068193931132555,0.27321159839630127
1234.568115234375,1217.671630859375,0.013191462494432926,0.015338968485593796,0.26312255859375
1513.4013671875,1486.3616943359375,0.03683781623840332,0.01178373396396637,0.27289217710494995
1084.851806640625,1054.1898193359375,0.024192459881305695,0.02929157018661499,0.3919900059700012
1644.305908203125,1619.8922119140625,0.004949697759002447,0.03567548841238022,0.4101092219352722
1263.00830078125,1237.0906982421875,0.006881812121719122,0.03901257738471031,0.2970466613769531
1437.3231201171875,1407.411376953125,0.02948593534529209,0.024529309943318367,0.29041987657546997
1167.3275146484375,1143.0855712890625,0.03493160381913185,0.008435673080384731,0.2558329999446869
1419.48046875,1392.272705078125,0.0138273099437356,0.03357091173529625,0.3508714437484741
1080.579833984375,1057.2547607421875,0.005162589251995087,0.03376876935362816,0.3859326243400574
1607.2568359375,1578.3026123046875,0.016675522550940514,0.035210996866226196,0.3011022210121155
1374.399169921875,1337.0614013671875,0.031202880665659904,0.036166779696941376,0.3652914762496948
1294.480224609375,1266.69873046875,0.030222507193684578,0.019534893333911896,0.29028084874153137
1120.687744140625,1097.0382080078125,0.01493480708450079,0.02476917952299118,0.37974441051483154
1442.0955810546875,1423.1717529296875,0.011509830132126808,0.021211106330156326,0.2563408613204956
1098.4632568359375,1075.2867431640625,0.008680138736963272,0.03144630417227745,0.3113299608230591
1791.610107421875,1739.559326171875,0.009137075394392014,0.08750707656145096,0.3728715777397156
1578.9571533203125,1525.626220703125,0.05490196868777275,0.042801618576049805,0.4479140341281891
1327.4354248046875,1267.16650390625,0.10377557575702667,0.010883543640375137,0.29393270611763
1101.325927734375,1081.5906982421875,0.0085537638515234,0.02421671897172928,0.335002064704895
1516.48046875,1474.4432373046875,0.029817497357726097,0.049257874488830566,0.24994879961013794
1332.4649658203125,1294.443603515625,0.007765759248286486,0.06210274621844292,0.30871546268463135
1455.8310546875,1386.0015869140625,0.10539674758911133,0.02884386107325554,0.2709070146083832
1495.2698974609375,1430.2576904296875,0.11455459892749786,0.008275962434709072,0.35969674587249756
1204.9637451171875,1178.359619140625,0.018104063346982002,0.027941199019551277,0.3581600785255432
1153.1763916015625,1123.2811279296875,0.01137841958552599,0.04154650866985321,0.34327420592308044
1425.82763671875,1399.821533203125,0.010431384667754173,0.03629017248749733,0.26454243063926697
1269.6373291015625,1223.1976318359375,0.05237478390336037,0.03494942933320999,0.27775880694389343
1362.564208984375,1316.6358642578125,0.06819316744804382,0.016179822385311127,0.37418681383132935
1344.2681884765625,1316.546875,0.024286067113280296,0.022339442744851112,0.4408596158027649
1214.190185546875,1188.6898193359375,0.011546378955245018,0.033862363547086716,0.27959632873535156
1216.3173828125,1183.6104736328125,0.012927806004881859,0.046749796718358994,0.28682199120521545
1211.348388671875,1181.843994140625,0.025529460981488228,0.02776564471423626,0.28568583726882935
1222.4595947265625,1171.125,0.07716889679431915,0.01755352132022381,0.3973428010940552
1096.6331787109375,1074.492919921875,0.02859674207866192,0.00966332945972681,0.30103081464767456
1203.2130126953125,1172.7896728515625,0.02271229773759842,0.032406285405159,0.2864040434360504
931.185546875,879.8529052734375,0.011931152082979679,0.08542739599943161,0.26533544063568115
1013.7671508789062,974.1083374023438,0.055466558784246445,0.01701103150844574,0.3420068025588989
891.8229370117188,831.5720825195312,0.09794783592224121,0.016720138490200043,0.29168426990509033
956.3982543945312,945.6533813476562,0.007185477297753096,0.008405376225709915,0.2949441075325012
760.1145629882812,715.9755249023438,0.034437309950590134,0.047752223908901215,0.3044266700744629
941.7566528320312,929.3654174804688,0.007536925841122866,0.010398220270872116,0.34236177802085876
734.7383422851562,683.062255859375,0.08647113293409348,0.010620862245559692,0.31300675868988037
745.1356201171875,723.388427734375,0.025338411331176758,0.01260618306696415,0.27749016880989075
810.5895385742188,778.2673950195312,0.0246515404433012,0.03412050008773804,0.29360848665237427
753.0101928710938,740.2084350585938,0.010509790852665901,0.00945519283413887,0.2819278836250305
585.197509765625,560.792236328125,0.033012986183166504,0.009774663485586643,0.30114614963531494
783.2503662109375,756.8855590820312,0.03704357147216797,0.009740355424582958,0.29728221893310547
697.7333374023438,676.6592407226562,0.007326254155486822,0.028790293261408806,0.3015833795070648
730.605224609375,719.4353637695312,0.005368724465370178,0.010829199105501175,0.30709296464920044
736.75048828125,725.6626586914062,0.0060264067724347115,0.010230787098407745,0.2959228754043579
562.09716796875,546.3787231445312,0.016933517530560493,0.008965952321887016,0.2768721878528595
768.08447265625,750.0619506835938,0.01033644750714302,0.0197508092969656,0.2978852391242981
518.0425415039062,503.2463684082031,0.009042530320584774,0.014500495977699757,0.3024648427963257
678.8889770507812,667.5145874023438,0.00593343423679471,0.010843216441571712,0.29860594868659973
545.4539794921875,533.4373779296875,0.007156679406762123,0.011355369351804256,0.2760566771030426
648.1820068359375,634.266845703125,0.00783989205956459,0.014044090174138546,0.2973161041736603
549.5140991210938,531.445068359375,0.011551550589501858,0.018763702362775803,0.2911361753940582
591.652587890625,577.774169921875,0.006923018489032984,0.014417535625398159,0.3208121359348297
559.3237915039062,545.8037719726562,0.008846779353916645,0.011377819813787937,0.3407716453075409
638.9864501953125,627.2014770507812,0.006978299934417009,0.01050617452710867,0.30427253246307373
491.2686767578125,473.6767272949219,0.014750320464372635,0.014780353754758835,0.2826594412326813
630.8069458007812,612.9077758789062,0.0069074020721018314,0.022511783987283707,0.31896016001701355
573.7103881835938,558.5911865234375,0.013698693364858627,0.008473556488752365,0.4033069312572479
601.2107543945312,588.6572875976562,0.008349417708814144,0.010837680660188198,0.29599153995513916
526.9225463867188,512.4720458984375,0.01234294380992651,0.010883196257054806,0.28373754024505615
508.81939697265625,490.9312744140625,0.006331218872219324,0.022867072373628616,0.3288957476615906
636.396240234375,622.7255249023438,0.011443457566201687,0.008205143734812737,0.3846435248851776
420.7530822753906,406.4163818359375,0.011992845684289932,0.011133420281112194,0.27735698223114014
608.7066040039062,596.682861328125,0.009295917116105556,0.009312574751675129,0.2719498872756958
439.34197998046875,424.11798095703125,0.006176058668643236,0.01892426796257496,0.2673813998699188
660.385986328125,649.4027709960938,0.007620249409228563,0.00780900102108717,0.3268607258796692
449.308837890625,437.20684814453125,0.009245154447853565,0.00902219396084547,0.2968316078186035
660.6959228515625,650.3489379882812,0.007132677361369133,0.007953628897666931,0.2803860008716583
513.8797607421875,500.56854248046875,0.007490008603781462,0.013716509565711021,0.2707943320274353
609.7603149414062,599.1587524414062,0.0068063270300626755,0.008804927580058575,0.27959468960762024
542.5916137695312,532.4591064453125,0.006284378934651613,0.008208179846405983,0.28862282633781433
547.5418090820312,536.9074096679688,0.007027412764728069,0.007647271268069744,0.32970374822616577
537.4179077148438,523.0074462890625,0.00976652279496193,0.013328585773706436,0.2862905263900757
589.9800415039062,576.6929321289062,0.011334762908518314,0.009816596284508705,0.27114516496658325
455.586669921875,443.6615905761719,0.006356693338602781,0.011894277296960354,0.2799605131149292
611.7308959960938,601.7767944335938,0.00640910305082798,0.007182758767157793,0.3158167004585266
457.60577392578125,444.6146545410156,0.007840254344046116,0.012552701868116856,0.27946576476097107
691.4405517578125,674.2186889648438,0.017965124920010567,0.010915455408394337,0.278158038854599
438.00933837890625,417.3836975097656,0.01479082927107811,0.020780067890882492,0.2840173542499542
673.0878295898438,662.6633911132812,0.007886222563683987,0.006808224134147167,0.3077232539653778
539.45166015625,527.970458984375,0.006950977724045515,0.01047646626830101,0.276742547750473
754.9521484375,737.1705322265625,0.019374798983335495,0.010470513254404068,0.285897433757782
525.7843017578125,496.07666015625,0.03107973374426365,0.022629888728260994,0.2852862775325775
751.9857788085938,740.4898681640625,0.008256488479673862,0.0073789809830486774,0.3678189516067505
625.4751586914062,612.84326171875,0.01032025832682848,0.00919026043266058,0.28766220808029175
844.6348876953125,828.9947509765625,0.014433369971811771,0.01105428021401167,0.2896296977996826
639.2840576171875,609.0917358398438,0.03468218818306923,0.01976933889091015,0.29665258526802063
811.5288696289062,799.773681640625,0.00775337778031826,0.007663823198527098,0.4046584963798523
709.7850952148438,698.4906616210938,0.008407913148403168,0.007954714819788933,0.3113068640232086
900.564208984375,884.2630615234375,0.016029715538024902,0.010969164781272411,0.2801703214645386
723.1871337890625,693.591552734375,0.029588133096694946,0.023174716159701347,0.32141515612602234
859.6544189453125,847.653076171875,0.008701890707015991,0.007529549300670624,0.38856133818626404
831.8033447265625,819.4935913085938,0.00934615544974804,0.008604081347584724,0.33346259593963623
1036.05810546875,1010.1771850585938,0.03412938117980957,0.012099591083824635,0.2766481935977936
978.659423828125,927.6988525390625,0.057803865522146225,0.037236496806144714,0.3440384864807129
948.7499389648438,932.1416625976562,0.014570054598152637,0.010303727351129055,0.4171414077281952
749.74365234375,735.9904174804688,0.011631947942078114,0.0070161372423172,0.4429176449775696
1393.2674560546875,1368.8936767578125,0.024640565738081932,0.018566522747278214,0.27703046798706055
1369.9237060546875,1304.6171875,0.08324959874153137,0.03741483390331268,0.4974241256713867
2037.1370849609375,2020.6265869140625,0.01666785031557083,0.010093234479427338,0.31300243735313416
3462.619384765625,3432.523681640625,0.03511640429496765,0.013568299822509289,0.5753493309020996
2099.192138671875,2000.4678955078125,0.08108531683683395,0.10839709639549255,0.39832642674446106
1536.1842041015625,1315.0662841796875,0.2714931070804596,0.1658921241760254,0.24252644181251526
2637.208251953125,2576.203125,0.06237049400806427,0.053355276584625244,0.3142451047897339
2161.438720703125,2116.07275390625,0.01576324924826622,0.06323934346437454,0.5864827036857605
3084.6064453125,3056.010009765625,0.020162997767329216,0.026394570246338844,0.5317522287368774
3010.653076171875,2949.390380859375,0.05412757396697998,0.0625208392739296,0.2938547432422638
1918.8626708984375,1711.7578125,0.18740350008010864,0.21016675233840942,0.8319684863090515
1741.154052734375,1585.90869140625,0.14704428613185883,0.15663622319698334,0.3405184745788574
1661.6832275390625,1608.104736328125,0.0251291673630476,0.060017649084329605,1.1005103588104248
1307.622314453125,1275.899658203125,0.01415642537176609,0.03992864862084389,0.4680197536945343
1872.4656982421875,1849.4500732421875,0.008384360931813717,0.019862543791532516,0.8892211318016052
1500.465576171875,1455.29150390625,0.061187878251075745,0.01778367906808853,0.5688276290893555
1889.846435546875,1798.2325439453125,0.11844144016504288,0.04824880510568619,0.8268795013427734
1900.953125,1793.5784912109375,0.10144703090190887,0.09285452961921692,1.022382378578186
1732.4288330078125,1656.1500244140625,0.049762144684791565,0.09542898833751678,0.3683255910873413
1411.1917724609375,1371.596923828125,0.01700647920370102,0.04930771514773369,0.6437721848487854
1901.0545654296875,1884.14990234375,0.011249404400587082,0.017229853197932243,0.2665049433708191
1550.45751953125,1533.785888671875,0.010210772976279259,0.015506500378251076,0.38129863142967224
1745.25244140625,1708.460205078125,0.05300923436880112,0.015379151329398155,0.25980061292648315
1642.9320068359375,1553.97705078125,0.15066105127334595,0.022005580365657806,0.2621525824069977
1346.00537109375,1271.85693359375,0.10018269717693329,0.03765476495027542,0.522975504398346
1275.8916015625,1240.99462890625,0.009649171493947506,0.053822290152311325,0.3161205053329468
1305.6453857421875,1268.6429443359375,0.017454085871577263,0.043196894228458405,0.6676943302154541
1089.6300048828125,1070.13818359375,0.01127582136541605,0.01911492459475994,0.42965415120124817
1352.2200927734375,1311.7293701171875,0.05926324054598808,0.008120657876133919,0.6798768639564514
1155.9658203125,1096.5830078125,0.08918476849794388,0.01412820816040039,0.7726289629936218
1361.9754638671875,1324.3712158203125,0.03171609714627266,0.037153586745262146,0.3169458210468292
1159.28173828125,1125.5638427734375,0.008786004967987537,0.049951110035181046,0.43494245409965515
1263.962890625,1242.6895751953125,0.0073693301528692245,0.028298260644078255,0.3439534902572632
1084.3795166015625,1064.0576171875,0.01672026701271534,0.01666724495589733,0.3628207743167877
1188.66064453125,1160.3370361328125,0.033258672803640366,0.016034843400120735,0.36769387125968933
1010.9077758789062,972.7216186523438,0.04561065137386322,0.025063907727599144,0.2848891019821167
1222.8203125,1188.8287353515625,0.0321529246866703,0.022839730605483055,0.6495195031166077
1076.9786376953125,1052.912841796875,0.01901869662106037,0.02058209851384163,0.4265427589416504
1170.521240234375,1146.82958984375,0.008289080113172531,0.028767632320523262,0.516333818435669
1077.005859375,1046.3564453125,0.01093295868486166,0.04344384744763374,0.3461095094680786
1092.58447265625,1058.18896484375,0.03442103788256645,0.020738331601023674,0.6815744042396545
989.5265502929688,957.9994506835938,0.04602642357349396,0.007435718085616827,0.4796004593372345
1185.81640625,1165.3006591796875,0.014837056398391724,0.01573902554810047,0.5227637887001038
989.3098754882812,952.6296997070312,0.010186322964727879,0.054594799876213074,0.428961843252182
1227.423095703125,1193.6295166015625,0.025052810087800026,0.03058331087231636,0.5975441336631775
1035.1756591796875,1006.015380859375,0.03591037169098854,0.01137217041105032,0.5519082546234131
1132.543212890625,1114.322021484375,0.016116732731461525,0.012659934349358082,0.3832845389842987
990.1011962890625,964.9428100585938,0.01418971922248602,0.02823586016893387,0.394559383392334
1131.8875732421875,1103.0584716796875,0.020955638960003853,0.02781558781862259,0.4443517029285431
973.9197998046875,943.5800170898438,0.02638796716928482,0.025310270488262177,0.44906875491142273
1154.06201171875,1132.3575439453125,0.016060711815953255,0.020662857219576836,0.33426856994628906
1018.9368286132812,1001.3150024414062,0.013608306646347046,0.014807316474616528,0.3413999080657959
1090.6593017578125,1072.918701171875,0.014908426441252232,0.011728879064321518,0.44219839572906494
965.0913696289062,937.9720458984375,0.023634564131498337,0.023321080952882767,0.36414769291877747
1135.1461181640625,1104.9229736328125,0.02178497053682804,0.030935991555452347,0.38626134395599365
973.4139404296875,952.081298828125,0.01722734421491623,0.019369900226593018,0.30340203642845154
1139.906005859375,1122.6365966796875,0.012566691264510155,0.009055010043084621,0.6458612680435181
969.365966796875,946.5401000976562,0.017503462731838226,0.01962987147271633,0.4259193241596222
1111.62158203125,1077.220947265625,0.018303798511624336,0.039467647671699524,0.5514923930168152
924.1921997070312,892.972412109375,0.025763435289263725,0.028750674799084663,0.3962709307670593
1125.0528564453125,1102.1873779296875,0.02243628352880478,0.008126065135002136,0.7584369778633118
959.6036987304688,940.4808349609375,0.01619914174079895,0.008629292249679565,0.6708613038063049
1037.33349609375,1014.0328369140625,0.009576564654707909,0.027957100421190262,0.4533837139606476
942.1533203125,903.851318359375,0.020312799140810966,0.04562489688396454,0.5333108305931091
1017.3270874023438,989.0689086914062,0.029794316738843918,0.017120618373155594,0.4800724685192108
927.4478149414062,907.9955444335938,0.01752369850873947,0.008226623758673668,0.6577081680297852
1028.60498046875,1015.203125,0.007224116008728743,0.012936675921082497,0.33214476704597473
908.1897583007812,874.3226928710938,0.016823245212435722,0.04272278770804405,0.40940389037132263
1068.5753173828125,1030.52490234375,0.03302808478474617,0.0353674441576004,0.3852604031562805
905.2321166992188,884.2542724609375,0.021852588281035423,0.010650640353560448,0.4726238250732422
1065.5423583984375,1053.8251953125,0.006936687044799328,0.009500938467681408,0.34982824325561523
863.8519897460938,845.4677734375,0.012684798799455166,0.017651930451393127,0.32158735394477844
1090.2080078125,1051.66552734375,0.02740221470594406,0.04059344157576561,0.45447197556495667
894.3436279296875,858.2620849609375,0.02853860892355442,0.036409471184015274,0.3607502579689026
1062.6519775390625,1045.7188720703125,0.011618656106293201,0.013281748630106449,0.4482911229133606
908.9116821289062,894.4130859375,0.013224461115896702,0.009509925730526447,0.31314364075660706
1054.486328125,1031.4403076171875,0.021414725109934807,0.012433821335434914,0.6121740341186523
927.17919921875,890.7139282226562,0.025958985090255737,0.04008559510111809,0.3443009555339813
1077.9322509765625,1043.255126953125,0.014611822552978992,0.04408622160553932,0.5328121185302734
934.7494506835938,916.658447265625,0.013518002815544605,0.01617591083049774,0.324400395154953
1109.761474609375,1089.8018798828125,0.0184506643563509,0.007062065415084362,0.7203239798545837
935.9816284179688,913.0872802734375,0.026097411289811134,0.01091536320745945,0.43879327178001404
1128.2584228515625,1087.7947998046875,0.015678556635975838,0.054975010454654694,0.5136796832084656
961.239501953125,922.9957275390625,0.01324394904077053,0.055083755403757095,0.4079870879650116
1056.6337890625,1037.0008544921875,0.01874123141169548,0.00865617673844099,0.5934195518493652
903.5836181640625,880.9234619140625,0.02628212980926037,0.007984060794115067,0.5527054667472839
1041.4365234375,1022.0392456054688,0.014740399084985256,0.01589651219546795,0.4078819155693054
883.1552124023438,845.787109375,0.011872627772390842,0.054689958691596985,0.4086797535419464
1052.0577392578125,1022.922119140625,0.018124422058463097,0.029561854898929596,0.5292438268661499
888.28955078125,866.2064819335938,0.02470601722598076,0.00943830981850624,0.5010932683944702
1025.984130859375,1007.763916015625,0.015006070956587791,0.012721247039735317,0.4356621503829956
833.2236328125,811.0111694335938,0.015400928445160389,0.021929090842604637,0.3547428250312805
1107.5162353515625,1073.84765625,0.018998701125383377,0.03568388894200325,0.6327264308929443
876.5072631835938,847.8251953125,0.019639449194073677,0.028412358835339546,0.465619832277298
1078.5479736328125,1058.072021484375,0.011156280525028706,0.01836331933736801,0.5716242790222168
853.7499389648438,833.4506225585938,0.019502226263284683,0.01320060808211565,0.39478856325149536
1075.3094482421875,1048.4114990234375,0.026897557079792023,0.012157585471868515,0.7370302677154541
865.0564575195312,833.927734375,0.01828000135719776,0.03362077847123146,0.5178365707397461
1076.12841796875,1047.227783203125,0.006354923825711012,0.038816142827272415,0.6315062046051025
912.2899169921875,888.341552734375,0.017502201721072197,0.020767666399478912,0.4813409149646759
996.7098388671875,966.3231811523438,0.04019838944077492,0.0068051014095544815,0.6884903907775879
852.3260498046875,829.2008056640625,0.022248508408665657,0.012504026293754578,0.5748973488807678
1054.574462890625,1027.21826171875,0.005042159929871559,0.038922931998968124,0.5373682975769043
913.5035400390625,884.1995849609375,0.00908603984862566,0.039585236459970474,0.49683505296707153
955.1646728515625,924.017333984375,0.040237125009298325,0.010572243481874466,0.5742706060409546
834.5252075195312,807.4135131835938,0.036008160561323166,0.007057103328406811,0.5579057335853577
975.0533447265625,960.0121459960938,0.005872390698641539,0.01532228384166956,0.4443822205066681
834.5377197265625,809.8515014648438,0.00501573272049427,0.03562287613749504,0.4366919696331024
963.1854248046875,937.944091796875,0.01997561566531658,0.01923675835132599,0.563514232635498
835.5526733398438,802.7970581054688,0.04474400728940964,0.010175949893891811,0.5295652151107788
923.8508911132812,904.7178344726562,0.016172369942069054,0.013167164288461208,0.4463302493095398
772.655517578125,754.9019165039062,0.005339946132153273,0.021947083994746208,0.4110107421875
1007.28271484375,989.0365600585938,0.00889000203460455,0.015366754494607449,0.6117773652076721
838.663818359375,812.3403930664062,0.028100527822971344,0.013702234253287315,0.5422034859657288
945.5042724609375,916.904541015625,0.02573205716907978,0.021722273901104927,0.487256795167923
786.4969482421875,765.4142456054688,0.012806580401957035,0.020555680617690086,0.44015389680862427
1004.0526733398438,988.9005737304688,0.009317699819803238,0.00844869390130043,0.6268944144248962
810.83154296875,793.721435546875,0.012094249948859215,0.010950401425361633,0.5587748289108276
1009.94091796875,984.2079467773438,0.013618492521345615,0.02739161066710949,0.5227901935577393
842.3821411132812,809.1845092773438,0.025535382330417633,0.03149602189660072,0.468197226524353
951.4083251953125,928.6996459960938,0.024000726640224457,0.009131768718361855,0.6142464280128479
771.7312622070312,756.9779663085938,0.011048740707337856,0.007561015896499157,0.5448440313339233
1049.697998046875,1032.5740966796875,0.005046801641583443,0.018221789970993996,0.5489679574966431
897.1723022460938,864.9833984375,0.0143692372366786,0.04041275009512901,0.4797940254211426
895.781494140625,855.659423828125,0.04879532754421234,0.01948426477611065,0.5982285737991333
785.0390625,762.6060791015625,0.025678366422653198,0.00825350359082222,0.5467061400413513
998.267822265625,984.159423828125,0.005974826402962208,0.011666804552078247,0.5287616848945618
881.135498046875,859.533935546875,0.005128216464072466,0.02817431651055813,0.49503132700920105
907.1583251953125,869.4246215820312,0.0386335626244545,0.025536535307765007,0.5648688673973083
837.9136352539062,797.799072265625,0.05642923340201378,0.012060520239174366,0.5869674682617188
910.2876586914062,895.3618774414062,0.007418063469231129,0.013765114359557629,0.43341681361198425
804.550048828125,786.9566040039062,0.008002009242773056,0.017379866912961006,0.4902521073818207
971.8662719726562,954.1025390625,0.012301325798034668,0.013193801045417786,0.5016170740127563
881.4775390625,841.551513671875,0.05162433162331581,0.01662890985608101,0.5799371600151062
864.2077026367188,835.867919921875,0.026679260656237602,0.023102503269910812,0.3448909819126129
768.2687377929688,752.5011596679688,0.005285971332341433,0.017811788246035576,0.42186692357063293
978.1826171875,966.5394287109375,0.006877903360873461,0.007456248626112938,0.44761478900909424
865.5831909179688,846.8755493164062,0.018489064648747444,0.009388577193021774,0.4768807590007782
883.387939453125,850.8950805664062,0.024807559326291084,0.03332220017910004,0.34280070662498474
821.7653198242188,795.4488525390625,0.016484538093209267,0.029275424778461456,0.3436436057090759
900.315673828125,886.302490234375,0.00986410677433014,0.009133503772318363,0.451438307762146
814.3991088867188,802.6244506835938,0.007841312326490879,0.007879158481955528,0.3914458453655243
952.6914672851562,932.740478515625,0.0067252530716359615,0.02497129514813423,0.410270094871521
897.593017578125,859.6157836914062,0.02504565194249153,0.04448769986629486,0.32105517387390137
842.7249755859375,812.0568237304688,0.04081505909562111,0.010608240030705929,0.4956464469432831
779.99755859375,766.0697021484375,0.010346774011850357,0.01020404789596796,0.36524856090545654
979.3031616210938,961.1871337890625,0.012576454319059849,0.014010518789291382,0.48225823044776917
906.9086303710938,880.2592163085938,0.007755212020128965,0.038762226700782776,0.33906808495521545
838.6744384765625,791.6707153320312,0.06761230528354645,0.01576998271048069,0.5312580466270447
812.5686645507812,785.2098999023438,0.037931546568870544,0.009049610234797001,0.38681814074516296
912.8562622070312,894.8894653320312,0.013610046356916428,0.012682776898145676,0.4820362329483032
874.0355224609375,849.6552734375,0.014485636726021767,0.027130741626024246,0.35720527172088623
872.6514282226562,840.7008056640625,0.04103800281882286,0.01205243170261383,0.5405405163764954
882.43115234375,829.4967041015625,0.08891848474740982,0.008462848141789436,0.42438042163848877
857.5536499023438,840.638671875,0.008120859041810036,0.017129993066191673,0.42895716428756714
871.6710205078125,838.7040405273438,0.03178016468882561,0.026814498007297516,0.3669675588607788
862.6203002929688,847.3994140625,0.010190349072217941,0.010164611972868443,0.5043415427207947
876.9152221679688,825.6615600585938,0.08549651503562927,0.008631769567728043,0.4189492464065552
874.7147827148438,851.5269775390625,0.01615728810429573,0.022160638123750687,0.40288829803466797
928.4335327148438,895.7390747070312,0.02060718834400177,0.03762369975447655,0.3579016625881195
798.7545166015625,784.7627563476562,0.006481364369392395,0.01229236088693142,0.4604925811290741
848.296142578125,812.5164184570312,0.04645499959588051,0.017421569675207138,0.38414058089256287
874.4334716796875,853.2959594726562,0.015173900872468948,0.019048424437642097,0.4026348888874054
930.2156982421875,898.0724487304688,0.010114818811416626,0.04771990701556206,0.3225908577442169
817.4378662109375,802.6574096679688,0.008711139671504498,0.011498200707137585,0.4675767719745636
865.384765625,835.704833984375,0.02706627920269966,0.024860911071300507,0.3716323673725128
851.5570678710938,834.593017578125,0.008305595256388187,0.017263095825910568,0.41796839237213135
900.9971313476562,869.6727905273438,0.00948439259082079,0.04709988832473755,0.30322107672691345
852.4876708984375,832.8294677734375,0.019659938290715218,0.009539995342493057,0.5058214664459229
879.3453979492188,847.952392578125,0.030997568741440773,0.02418316714465618,0.38026076555252075
821.7327270507812,803.3193969726562,0.005615861155092716,0.02247503213584423,0.4367876350879669
897.1649780273438,865.4111938476562,0.010794203728437424,0.04654878005385399,0.30822989344596863
846.6805419921875,822.4921875,0.03007022850215435,0.007987791672348976,0.5159342885017395
906.2217407226562,863.5591430664062,0.0510874018073082,0.025904696434736252,0.416658490896225
710.9464721679688,691.5120849609375,0.005672508385032415,0.02537441812455654,0.39109307527542114
798.3411254882812,761.6320190429688,0.01857849769294262,0.048874273896217346,0.2982757091522217
908.5444946289062,888.7501831054688,0.02302400954067707,0.00735915033146739,0.46027234196662903
977.8308715820312,916.234619140625,0.0804922878742218,0.03244657441973686,0.5126848816871643
514.8662719726562,489.3830261230469,0.024874811992049217,0.02048349194228649,0.2804062068462372
737.9765014648438,682.301025390625,0.06425779312849045,0.04198965057730675,0.2551760971546173
688.3052978515625,666.4691162109375,0.013834766112267971,0.02250184305012226,0.3667861223220825
1114.2763671875,1053.6514892578125,0.0850449949502945,0.02974444068968296,0.32301071286201477
476.8787536621094,425.0611267089844,0.07778357714414597,0.021307017654180527,0.22723379731178284
966.6080322265625,909.5316772460938,0.07885399460792542,0.03046831674873829,0.2415197342634201
742.4510498046875,684.4933471679688,0.10257599502801895,0.008339633233845234,0.24998913705348969
884.3252563476562,862.2192993164062,0.02557709813117981,0.013851872645318508,0.2391466200351715
927.4390869140625,799.597412109375,0.23134249448776245,0.020081527531147003,0.21296414732933044
594.7868041992188,573.566650390625,0.019254012033343315,0.018300043419003487,0.244314044713974
903.68408203125,815.3209228515625,0.15742191672325134,0.014413000084459782,0.24456916749477386
740.1842041015625,707.6914672851562,0.05001131445169449,0.010169628076255322,0.2402278333902359
612.5416259765625,558.5585327148438,0.08992347121238708,0.013600015081465244,0.22213684022426605
864.7257690429688,822.8636474609375,0.06651818752288818,0.01176708284765482,0.2719475030899048
727.7353515625,706.1348876953125,0.010206794366240501,0.028235310688614845,0.23794125020503998
478.68377685546875,450.5625305175781,0.034586820751428604,0.016930310055613518,0.23626647889614105
828.2646484375,816.3397827148438,0.007767674047499895,0.01139580924063921,0.23431649804115295
782.6336059570312,711.377685546875,0.12059582024812698,0.016285954043269157,0.281497985124588
398.5175476074219,362.0945739746094,0.043571118265390396,0.024771492928266525,0.22516822814941406
996.1819458007812,948.772705078125,0.08195585757493973,0.008167642168700695,0.23474858701229095
592.91796875,527.8799438476562,0.11156713217496872,0.013484700582921505,0.2512061893939972
946.7225341796875,887.2039184570312,0.10741183906793594,0.007248259615153074,0.2188519537448883
1005.521484375,793.7328491210938,0.409714013338089,0.009627400897443295,0.2117893546819687
575.6170043945312,559.0243530273438,0.012666243128478527,0.015690423548221588,0.2414308488368988
1284.648193359375,1149.69091796875,0.2573643624782562,0.007780469488352537,0.23848842084407806
590.36279296875,513.4297485351562,0.138913094997406,0.01018252782523632,0.23852592706680298
1721.0706787109375,1578.57958984375,0.2713983356952667,0.008738681674003601,0.24225616455078125
1936.718505859375,1451.4559326171875,0.9458801746368408,0.020599104464054108,0.20230020582675934
1283.743408203125,1186.1253662109375,0.158915176987648,0.03147393837571144,0.24235226213932037
1740.7144775390625,1660.7803955078125,0.12606114149093628,0.028546683490276337,0.2630099952220917
1409.330078125,1210.063232421875,0.34925130009651184,0.04179132357239723,0.37455159425735474
1106.7452392578125,1071.3294677734375,0.03435327857732773,0.03187369182705879,0.2302291840314865
1079.019775390625,931.8389282226562,0.27708128094673157,0.011506099253892899,0.288719117641449
845.0249633789062,661.002685546875,0.35512933135032654,0.008011063560843468,0.24520882964134216
1283.3343505859375,1259.47265625,0.027493195608258247,0.011725753545761108,0.4252142608165741
1185.050048828125,1010.5941772460938,0.3129851818084717,0.030760085210204124,0.2583233714103699
1294.05126953125,1260.8839111328125,0.03550105169415474,0.023526353761553764,0.3653719127178192
1308.650634765625,1196.9315185546875,0.1971893310546875,0.0211874321103096,0.25307929515838623
1188.9222412109375,970.0037231445312,0.4095557928085327,0.020777450874447823,0.37518489360809326
904.5888061523438,860.8511352539062,0.06540384143590927,0.015159612521529198,0.34559619426727295
1325.928466796875,1267.28955078125,0.10137860476970673,0.009118362329900265,0.3390409052371979
1095.67236328125,989.2329711914062,0.19170264899730682,0.013165750540792942,0.40051719546318054
1186.820068359375,1170.8017578125,0.004216250032186508,0.021537037566304207,0.3141768276691437
1255.124755859375,1112.7518310546875,0.250419944524765,0.025203915312886238,0.45609790086746216
1043.2904052734375,902.9281616210938,0.2576088607311249,0.018818369135260582,0.2148551046848297
947.510009765625,931.842041015625,0.014864540658891201,0.011450259946286678,0.2510557472705841
1189.7158203125,1131.73681640625,0.09880110621452332,0.012510589323937893,0.23231324553489685
968.073974609375,924.1021728515625,0.06171119213104248,0.021839629858732224,0.21963836252689362
1320.361083984375,1282.707275390625,0.052808962762355804,0.01814945787191391,0.217458114027977
1373.2142333984375,1210.8472900390625,0.3003375232219696,0.019188236445188522,0.26041179895401
1000.3732299804688,904.6363525390625,0.16532188653945923,0.01908027194440365,0.3535853624343872
1098.37939453125,1083.593994140625,0.011321942321956158,0.013819455169141293,0.22147570550441742
933.0713500976562,867.1707153320312,0.10187595337629318,0.022304901853203773,0.3810160756111145
800.1533203125,784.8970336914062,0.00672855693846941,0.019259722903370857,0.2262161374092102
1026.3516845703125,970.2574462890625,0.09806966036558151,0.0063858600333333015,0.3866446316242218
796.9750366210938,723.8299560546875,0.13561315834522247,0.00589325837790966,0.23918169736862183
1198.6781005859375,1185.7130126953125,0.007686333265155554,0.013066492043435574,0.25886523723602295
1019.3931884765625,984.9771118164062,0.022630328312516212,0.041787732392549515,0.22070413827896118
928.3126831054688,903.3809204101562,0.007872460409998894,0.03691745176911354,0.2536813020706177
879.7676391601562,862.5416259765625,0.023251213133335114,0.00689786858856678,0.21514996886253357
817.4315185546875,781.8435668945312,0.05727583169937134,0.008786331862211227,0.2556900084018707
638.7234497070312,617.51904296875,0.026342803612351418,0.010291322134435177,0.2887333035469055
1143.570556640625,1124.1697998046875,0.006319404114037752,0.026532817631959915,0.297456294298172
913.2039184570312,887.6098022460938,0.007791482377797365,0.03917474299669266,0.21110424399375916
1035.64404296875,1021.3162231445312,0.010450034402310848,0.013183852657675743,0.2510847747325897
1032.6895751953125,1008.2338256835938,0.03785702958703041,0.006682038307189941,0.2186165302991867
755.6211547851562,727.2734985351562,0.04211225360631943,0.009598691016435623,0.24921683967113495
716.9822387695312,699.1824340820312,0.012386509217321873,0.018525423482060432,0.23437842726707458
892.492919921875,879.9456787109375,0.005121791269630194,0.015471482649445534,0.22505970299243927
640.7839965820312,629.0479125976562,0.0059849233366549015,0.013089912943542004,0.21986694633960724
1221.9150390625,1210.2120361328125,0.01318832952529192,0.005975299049168825,0.21212100982666016
1092.4759521484375,1057.3292236328125,0.055908843874931335,0.01015437487512827,0.21151135861873627
777.8846435546875,728.7000732421875,0.05673607811331749,0.037035927176475525,0.2298598438501358
717.4718017578125,705.4937744140625,0.0047552562318742275,0.01456783153116703,0.23164476454257965
1125.413330078125,1111.4288330078125,0.0170905701816082,0.006299035158008337,0.2289663702249527
1110.475830078125,1102.73388671875,0.005286188796162605,0.005823545623570681,0.2187163382768631
573.5142211914062,533.0667114257812,0.038485392928123474,0.037832554429769516,0.22884927690029144
683.902099609375,665.1430053710938,0.02341773919761181,0.009243834763765335,0.2428266853094101
679.3753662109375,669.4468383789062,0.005396024323999882,0.010138981975615025,0.21610333025455475
719.7908935546875,709.005615234375,0.008101524785161018,0.007964757271111012,0.2752152383327484
635.5969848632812,619.48046875,0.008526679128408432,0.019070463255047798,0.23179568350315094
526.49951171875,495.0378112792969,0.025880396366119385,0.03128143399953842,0.2880772352218628
660.6387329101562,643.8988647460938,0.018145417794585228,0.011098526418209076,0.2117900252342224
623.3690185546875,615.0180053710938,0.004959603771567345,0.006685622036457062,0.25283825397491455
629.5598754882812,617.3135375976562,0.004625748377293348,0.015017473138868809,0.24247139692306519
493.4397277832031,465.1115417480469,0.00914063211530447,0.04215502366423607,0.2680356204509735
723.8713989257812,706.8334350585938,0.019898559898138046,0.009757217019796371,0.2210059016942978
606.6840209960938,592.2322387695312,0.012082019820809364,0.011639357544481754,0.259104460477829
708.6373291015625,696.9013061523438,0.0069609107449650764,0.011551346629858017,0.24799038469791412
656.3526611328125,619.2642211914062,0.006573295220732689,0.06154963746666908,0.30269870162010193
593.9567260742188,582.2191772460938,0.007936572656035423,0.011170744895935059,0.21838822960853577
528.4180908203125,511.9941101074219,0.007242739200592041,0.01977476291358471,0.2915235459804535
941.10498046875,930.5532836914062,0.008539714850485325,0.00732496427372098,0.2619377374649048
799.129638671875,764.278076171875,0.016180504113435745,0.0467664934694767,0.33780309557914734
641.1355590820312,609.341796875,0.016235094517469406,0.04278292506933212,0.22846989333629608
765.0117797851562,748.931640625,0.005902746692299843,0.02136356756091118,0.24469904601573944
552.3937377929688,535.2653198242188,0.00497392239049077,0.024632753804326057,0.23250776529312134
469.40716552734375,454.8500671386719,0.008061220869421959,0.015697740018367767,0.2677617073059082
653.4927368164062,620.7527465820312,0.010372750461101532,0.05083117634057999,0.21379782259464264
546.3717041015625,532.3853149414062,0.013330432586371899,0.010013162158429623,0.23145602643489838
482.2196960449219,471.0938415527344,0.006494516506791115,0.011095547117292881,0.2330816239118576
498.95989990234375,489.3489990234375,0.00601775199174881,0.006501147523522377,0.3351444900035858
537.5443115234375,515.6045532226562,0.006405976600944996,0.03299006074666977,0.2241736352443695
586.765869140625,566.214599609375,0.013345334678888321,0.022138936445116997,0.2809138000011444
295.36785888671875,283.7674865722656,0.012403678148984909,0.0065734838135540485,0.2111789584159851
704.915771484375,691.2300415039062,0.005013258662074804,0.014428090304136276,0.39650341868400574
343.58782958984375,334.5447082519531,0.00505678029730916,0.00742704700678587,0.2801220118999481
705.4169311523438,690.3222045898438,0.010449480265378952,0.013356033712625504,0.3191980719566345
469.9454650878906,442.79998779296875,0.02410728856921196,0.024208663031458855,0.29875051975250244
968.7667236328125,954.9940795898438,0.0053885276429355145,0.012218961492180824,0.49688759446144104
782.71044921875,769.9092407226562,0.005585613660514355,0.009147790260612965,0.5434513092041016
636.1283569335938,615.747802734375,0.011066102422773838,0.023276256397366524,0.3209325969219208
466.1019287109375,441.7471008300781,0.02356051281094551,0.018884144723415375,0.313250333070755
1330.619873046875,1317.5218505859375,0.005298498086631298,0.009288659319281578,0.5804399847984314
1156.34765625,1140.905517578125,0.0066255261190235615,0.008782251738011837,0.7738309502601624
931.68115234375,906.496826171875,0.02866683527827263,0.016259677708148956,0.2721085250377655
1502.15380859375,1425.3797607421875,0.0744171291589737,0.0670502632856369,0.6040432453155518
626.4491577148438,554.469482421875,0.05504922568798065,0.08417025208473206,0.23699155449867249
1454.2115478515625,1438.245361328125,0.008626180700957775,0.013468924909830093,0.49185916781425476
1155.1092529296875,1119.7420654296875,0.019684486091136932,0.03562772274017334,0.7711079120635986
1263.7841796875,1249.4752197265625,0.01291635911911726,0.011562847532331944,0.20693787932395935
1633.725830078125,1525.9140625,0.08865537494421005,0.11595354229211807,0.5507354140281677
1191.4722900390625,1080.541259765625,0.11042959243059158,0.10417849570512772,0.3626956641674042
1164.2030029296875,1135.8072509765625,0.035522088408470154,0.015576121397316456,0.2846735119819641
1438.891845703125,1418.3416748046875,0.014170829206705093,0.015259698033332825,0.583498477935791
1223.495361328125,1201.9903564453125,0.03049902431666851,0.005610199645161629,0.34504926204681396
1450.24853515625,1424.0126953125,0.012233137153089046,0.033953312784433365,0.31426170468330383
1597.7354736328125,1494.0809326171875,0.13630999624729156,0.06145649775862694,0.4771275222301483
1046.0792236328125,935.5049438476562,0.17472530901432037,0.04213525727391243,0.2144095003604889
962.2861938476562,948.3123168945312,0.007088859565556049,0.012802500277757645,0.4028192460536957
1063.8980712890625,1027.5909423828125,0.054715827107429504,0.010861959308385849,0.3518248200416565
748.9384155273438,735.098876953125,0.017828697338700294,0.005459481850266457,0.21954303979873657
1032.4698486328125,989.8126831054688,0.03356212005019188,0.047857869416475296,0.19471779465675354
963.6321411132812,863.2996215820312,0.12196481227874756,0.07474381476640701,0.19782061874866486
1006.7857055664062,975.0430297851562,0.052627336233854294,0.0055402773432433605,0.2658875286579132
1086.28369140625,1065.23974609375,0.0070981355383992195,0.029659347608685493,0.2665161192417145
976.0144653320312,951.5737915039062,0.031232858076691628,0.010503934696316719,0.3572237491607666
820.516845703125,789.3197021484375,0.00676555372774601,0.050379958003759384,0.26243993639945984
1051.5084228515625,998.1677856445312,0.06426513940095901,0.037600453943014145,0.24078375101089478
851.6688232421875,782.5765380859375,0.12286179512739182,0.009814238175749779,0.2754296362400055
977.4474487304688,963.2294311523438,0.016377132385969162,0.007018594536930323,0.252015084028244
897.1194458007812,879.6307983398438,0.01653233915567398,0.011152142658829689,0.3646424114704132
859.3585815429688,843.4314575195312,0.01171710155904293,0.015464121475815773,0.23364567756652832
764.389404296875,737.334228515625,0.016996504738926888,0.03241331875324249,0.23502597212791443
921.0263671875,884.0978393554688,0.0444914884865284,0.02560441382229328,0.18805457651615143
783.170166015625,762.8344116210938,0.02987777441740036,0.006438439711928368,0.21776843070983887
962.7530517578125,948.2697143554688,0.008453714661300182,0.015969814732670784,0.2271551638841629
865.0277709960938,856.733642578125,0.007094801869243383,0.00495506078004837,0.22692051529884338
860.287841796875,821.4429931640625,0.005000459961593151,0.06817994266748428,0.22546178102493286
777.0919189453125,728.894775390625,0.01374001707881689,0.07866552472114563,0.19943644106388092
841.989990234375,819.2798461914062,0.03551727160811424,0.005307703744620085,0.22976599633693695
764.2732543945312,737.1803588867188,0.02691461890935898,0.02307770401239395,0.20967459678649902
855.3819580078125,846.547119140625,0.005075735971331596,0.007306383922696114,0.2643817961215973
778.7997436523438,746.5933227539062,0.004590330645442009,0.05551498755812645,0.2153773158788681
886.6361694335938,861.4649047851562,0.01273181103169918,0.033109650015830994,0.2250562310218811
758.6846313476562,739.0478515625,0.028144394978880882,0.006830653641372919,0.2149236798286438
905.0492553710938,889.697021484375,0.01662304997444153,0.008889393880963326,0.25959837436676025
758.7340087890625,747.6141967773438,0.0087549714371562,0.009365654550492764,0.20595021545886993
859.0387573242188,839.705810546875,0.010607284493744373,0.02299671806395054,0.2530915141105652
742.7861328125,723.6687622070312,0.009248853661119938,0.024862511083483696,0.20617128908634186
841.6237182617188,828.655029296875,0.006095701828598976,0.01321867760270834,0.3311513662338257
734.3790283203125,723.010498046875,0.008577708154916763,0.00930845644325018,0.2425471842288971
831.7166137695312,816.72265625,0.019254663959145546,0.0051236748695373535,0.2804815173149109
744.46435546875,725.322021484375,0.02005681023001671,0.013429668731987476,0.23990844190120697
789.3680419921875,768.482421875,0.006991912145167589,0.02916446514427662,0.28074103593826294
716.5882568359375,702.9683227539062,0.00464522885158658,0.01724253222346306,0.2676035761833191
804.8502807617188,794.8106079101562,0.01047570165246725,0.004917740356177092,0.23429551720619202
708.9674072265625,695.8129272460938,0.016724063083529472,0.004884011577814817,0.2350470870733261
821.0125732421875,802.1211547851562,0.011181743815541267,0.021707911044359207,0.24465656280517578
707.9297485351562,686.3309326171875,0.009622371755540371,0.028511924669146538,0.2531661093235016
809.0892944335938,796.342529296875,0.014084898866713047,0.007192295975983143,0.2108137458562851
675.5333251953125,664.823974609375,0.012233570218086243,0.005008787382394075,0.2088167816400528
815.1713256835938,804.0263061523438,0.006294046062976122,0.011367019265890121,0.2314523160457611
665.2881469726562,650.4404907226562,0.006396670360118151,0.019089384004473686,0.21046099066734314
828.283447265625,813.557373046875,0.01471106056123972,0.010240479372441769,0.2250281721353531
694.3357543945312,678.6732788085938,0.018865671008825302,0.008342024870216846,0.2058679461479187
802.7994995117188,788.3972778320312,0.009151473641395569,0.014312085695564747,0.2670501172542572
700.1028442382812,688.3081665039062,0.006204755511134863,0.012934273108839989,0.2225140929222107
795.7074584960938,783.5939331054688,0.012584946118295193,0.007028341293334961,0.2306870073080063
694.7589721679688,681.0557250976562,0.014283931814134121,0.008928518742322922,0.20970749855041504
807.3522338867188,789.5587768554688,0.008566264994442463,0.02180711179971695,0.26067331433296204
713.6507568359375,697.6065673828125,0.01061195507645607,0.017000047490000725,0.22381366789340973
779.56005859375,765.1826171875,0.018346138298511505,0.0056422618217766285,0.2383236438035965
706.9688720703125,694.294189453125,0.013246893882751465,0.007834666408598423,0.2133905440568924
766.0687255859375,749.928955078125,0.005600277800112963,0.020918400958180428,0.28804317116737366
703.6658325195312,688.7113037109375,0.007821494713425636,0.017323723062872887,0.23819147050380707
764.572021484375,749.9728393554688,0.018816959112882614,0.005367407575249672,0.2507019340991974
710.7265014648438,696.24755859375,0.017152881249785423,0.007339686620980501,0.2232675701379776
738.5504760742188,721.5138549804688,0.00648983521386981,0.021882761269807816,0.28503409028053284
680.27783203125,665.4301147460938,0.006345279980450869,0.018076671287417412,0.2636711299419403
752.175048828125,739.38623046875,0.015740234404802322,0.005112871062010527,0.23622560501098633
677.249755859375,663.0618286132812,0.01694558747112751,0.006866817362606525,0.2281743586063385
751.5021362304688,734.4274291992188,0.007681034039705992,0.021446973085403442,0.25106915831565857
679.4114990234375,663.2836303710938,0.00800039991736412,0.019157128408551216,0.2549131214618683
737.4857788085938,724.3292236328125,0.016240643337368965,0.0056776013225317,0.2197422981262207
660.545166015625,647.5471801757812,0.015264660120010376,0.006400762125849724,0.2165280282497406
753.5327758789062,738.0941162109375,0.0065427618101239204,0.01959354430437088,0.23704639077186584
661.5731201171875,644.6196899414062,0.007671027909964323,0.02168121747672558,0.2277257889509201
767.6063842773438,753.132080078125,0.018031621351838112,0.0065621198154985905,0.21773996949195862
671.91748046875,657.606201171875,0.018786991015076637,0.005654059816151857,0.20907507836818695
753.0728759765625,738.6498413085938,0.007129545323550701,0.016866574063897133,0.24249772727489471
654.585693359375,637.3618774414062,0.006819081027060747,0.02322142757475376,0.2203540802001953
771.3158569335938,756.712646484375,0.015887601301074028,0.008968578651547432,0.21751204133033752
666.3092651367188,651.95068359375,0.01849471963942051,0.006103059742599726,0.20596851408481598
758.6969604492188,745.3609008789062,0.008082116954028606,0.013674733228981495,0.2457667887210846
659.838623046875,644.194091796875,0.007642645854502916,0.019243676215410233,0.220133438706398
763.0097045898438,748.323486328125,0.015149613842368126,0.009877176024019718,0.2172868847846985
661.8696899414062,646.9058227539062,0.017386561259627342,0.008495749905705452,0.2022714465856552
767.362060546875,753.4893188476562,0.008015886880457401,0.014679220505058765,0.25251883268356323
668.2009887695312,653.675537109375,0.008383956737816334,0.016350427642464638,0.2158251851797104
758.0360107421875,744.0014038085938,0.0161258764564991,0.007455141749233007,0.22441019117832184
654.4494018554688,638.9820556640625,0.0171511247754097,0.009732156991958618,0.20256724953651428
772.4403076171875,756.6130981445312,0.007286474108695984,0.01910604164004326,0.26309826970100403
666.1365356445312,651.210205078125,0.008888867683708668,0.016570616513490677,0.2196616232395172
746.4378051757812,732.5768432617188,0.017327377572655678,0.005876685492694378,0.2258939892053604
639.4400634765625,625.016357421875,0.015777431428432465,0.008983086794614792,0.2043478935956955
763.7247314453125,747.8630981445312,0.006206287536770105,0.020386505872011185,0.25652405619621277
656.0859375,641.0568237304688,0.008746273815631866,0.01679278165102005,0.22596044838428497
735.5911865234375,721.3657836914062,0.018369875848293304,0.005712673533707857,0.2184133529663086
628.32080078125,614.2189331054688,0.015786366537213326,0.008296149782836437,0.20605839788913727
757.8125610351562,743.2549438476562,0.005548409186303616,0.01874830201268196,0.24092470109462738
647.058349609375,632.7330322265625,0.007778780534863472,0.016318021342158318,0.22768907248973846
735.1395874023438,720.7451782226562,0.01843719556927681,0.00614792387932539,0.21018685400485992
627.1055297851562,612.2242431640625,0.01709696464240551,0.008553015999495983,0.2056267410516739
749.0577392578125,735.2380981445312,0.005721000023186207,0.017355721443891525,0.22812527418136597
635.3428955078125,621.9767456054688,0.006985294632613659,0.015301627106964588,0.22227424383163452
739.4070434570312,725.887451171875,0.01675575040280819,0.006173509173095226,0.20550112426280975
629.1510009765625,613.9730834960938,0.01731710694730282,0.009004432708024979,0.20171445608139038
737.9631958007812,723.77197265625,0.006324752699583769,0.01755536161363125,0.2251170128583908
622.3634643554688,609.2269287109375,0.007234437856823206,0.014754227362573147,0.21421922743320465
742.5355834960938,729.9849853515625,0.015463311225175858,0.005536961369216442,0.2050469070672989
627.851806640625,613.593505859375,0.01583055406808853,0.008705709129571915,0.19901567697525024
727.778076171875,712.6615600585938,0.0063553364016115665,0.019313056021928787,0.22823557257652283
614.7328491210938,600.8593139648438,0.008109036833047867,0.01545934658497572,0.20893456041812897
732.6505737304688,719.9194946289062,0.016233500093221664,0.005102829542011023,0.2062910497188568
620.141357421875,607.0176391601562,0.014758446253836155,0.0075256540440022945,0.19816617667675018
719.2257080078125,704.1997680664062,0.005647672805935144,0.019775336608290672,0.23144787549972534
614.081787109375,599.57763671875,0.007943824864923954,0.01690254919230938,0.2080918252468109
714.6739501953125,701.2129516601562,0.017621146515011787,0.005161972716450691,0.20694874227046967
608.199462890625,595.1640625,0.015373754315078259,0.0067419735714793205,0.19775594770908356
713.7996826171875,699.9194946289062,0.005273778457194567,0.01789001189172268,0.22982746362686157
611.2290649414062,597.1156616210938,0.007011495064944029,0.01703682355582714,0.20892032980918884
698.765625,685.258544921875,0.017138216644525528,0.0057716937735676765,0.20521454513072968
594.3814697265625,580.8888549804688,0.01608961634337902,0.0069520012475550175,0.19717878103256226
707.4339599609375,694.5573120117188,0.005523019004613161,0.015759320929646492,0.22354541718959808
602.6243286132812,589.5571899414062,0.0066453744657337666,0.015299905091524124,0.20944543182849884
689.3336791992188,676.5370483398438,0.01525132730603218,0.006297378335148096,0.2022254914045334
585.8616943359375,572.2906494140625,0.015497616492211819,0.00771486759185791,0.19647647440433502
700.083740234375,687.477783203125,0.006011375691741705,0.014860227704048157,0.21701498329639435
593.1996459960938,580.6171264648438,0.007019232027232647,0.013995013199746609,0.20753616094589233
687.1118774414062,674.9623413085938,0.014126896858215332,0.006180517375469208,0.1995873600244522
581.6951293945312,568.5650634765625,0.014163743704557419,0.00818144902586937,0.19574809074401855
693.6873168945312,681.2059936523438,0.006073575001209974,0.01461123302578926,0.21389427781105042
584.4407348632812,571.768798828125,0.0076610432006418705,0.013600151985883713,0.20412978529930115
684.0354614257812,671.939697265625,0.014257967472076416,0.005978431086987257,0.19775091111660004
574.8842163085938,562.3851928710938,0.012999788857996464,0.008095305413007736,0.1951470971107483
688.7391967773438,676.731201171875,0.005651209037750959,0.014094416052103043,0.21351808309555054
578.447265625,565.8173217773438,0.008029395714402199,0.013200285844504833,0.2015075832605362
675.7420043945312,663.2488403320312,0.014974623918533325,0.006085183005779982,0.19632330536842346
565.233642578125,553.0169677734375,0.012403056025505066,0.008137277327477932,0.1946563571691513
684.9832763671875,673.5780639648438,0.005231873597949743,0.013302312232553959,0.21380966901779175
574.5379028320312,562.549560546875,0.007941271178424358,0.012015595100820065,0.2009872943162918
664.9751586914062,652.3306884765625,0.015205188654363155,0.006174011155962944,0.19548797607421875
556.8656616210938,544.3699340820312,0.01224016584455967,0.008879195898771286,0.19360513985157013
678.1370849609375,666.822998046875,0.005191805772483349,0.013183035887777805,0.21266530454158783
569.5174560546875,558.4019775390625,0.00777257839217782,0.010425099171698093,0.20166821777820587
656.9025268554688,644.8348388671875,0.014394848607480526,0.005836990661919117,0.19517993927001953
552.8486328125,540.0282592773438,0.011913436464965343,0.009875718504190445,0.19258075952529907
669.5302124023438,657.601806640625,0.005506861489266157,0.01414409652352333,0.21029114723205566
563.3523559570312,552.5848388671875,0.00806240364909172,0.009423613548278809,0.2024538367986679
654.1400146484375,642.895751953125,0.013318655081093311,0.005274130497127771,0.19478629529476166
552.52734375,539.9972534179688,0.010975309647619724,0.010244683362543583,0.19201306998729706
660.4065551757812,647.7894287109375,0.005815946962684393,0.015286128968000412,0.20661096274852753
557.257080078125,546.0908203125,0.008882898837327957,0.009410119615495205,0.20197926461696625
651.9361572265625,641.045654296875,0.012924913316965103,0.004979444667696953,0.19383519887924194
553.3754272460938,541.676513671875,0.009783164598047733,0.009775912389159203,0.19193516671657562
650.2845458984375,637.901611328125,0.005711907055228949,0.01500026322901249,0.20268844068050385
552.19384765625,540.4493408203125,0.00971179362386465,0.009778025560081005,0.19995641708374023
648.135986328125,637.0150756835938,0.013233238831162453,0.005161079578101635,0.19237957894802094
554.1356811523438,543.0341796875,0.008972208946943283,0.009395896457135677,0.19174470007419586
640.9317016601562,629.602783203125,0.005410938989371061,0.013247850351035595,0.19995340704917908
547.5654907226562,535.8511352539062,0.009919336065649986,0.009562906809151173,0.19731885194778442
643.8495483398438,632.4168090820312,0.013396996073424816,0.005649473052471876,0.19094714522361755
553.7506103515625,542.578369140625,0.008702478371560574,0.009819628670811653,0.19111822545528412
631.643798828125,621.1727905273438,0.005358557682484388,0.011608037166297436,0.19877472519874573
542.3892211914062,531.38671875,0.009515311568975449,0.008586626499891281,0.195151224732399
636.577392578125,625.3817749023438,0.012807149440050125,0.005787938367575407,0.18980775773525238
557.037109375,545.3114624023438,0.008656411431729794,0.010993068106472492,0.19009028375148773
607.3135986328125,596.7691040039062,0.0058094593696296215,0.011304604820907116,0.19874761998653412
538.3177490234375,528.1209716796875,0.00900905393064022,0.007508571725338697,0.19380134344100952
603.3821411132812,593.0214233398438,0.011808404698967934,0.005127476062625647,0.18927699327468872
583.9073486328125,572.0082397460938,0.008155363611876965,0.011860091239213943,0.1891338974237442
482.9385681152344,470.9637756347656,0.007084539160132408,0.012890431098639965,0.19873188436031342
502.8556823730469,494.02716064453125,0.007888414897024632,0.005918212700635195,0.1925189346075058
520.1950073242188,511.4758605957031,0.009531973861157894,0.004105574917048216,0.19003668427467346
569.820068359375,558.8146362304688,0.007249719928950071,0.010983995161950588,0.18885256350040436
264.7035217285156,250.35040283203125,0.008816707879304886,0.01596718840301037,0.19611750543117523
469.5581970214844,461.8812561035156,0.004936326295137405,0.006560618989169598,0.1928454488515854
574.9180297851562,565.6614990234375,0.005456835962831974,0.009220532141625881,0.1917872577905655
217.43621826171875,205.29002380371094,0.0077176522463560104,0.012788480147719383,0.18931350111961365
680.4979248046875,672.8812866210938,0.005149495787918568,0.006220358423888683,0.19316959381103516
286.509765625,278.5507507324219,0.006057480350136757,0.006126018241047859,0.1867271512746811
1549.06640625,1540.85205078125,0.005332885775715113,0.007315717171877623,0.18899987637996674
1738.4661865234375,1711.25830078125,0.018515117466449738,0.032193563878536224,0.18535321950912476
455.9875183105469,374.76287841796875,0.07876764982938766,0.08010204881429672,0.17898036539554596
1973.421630859375,1950.2926025390625,0.031064361333847046,0.011477532796561718,0.1857982724905014
2130.69140625,2115.63232421875,0.014017515815794468,0.01239235419780016,0.18542703986167908
597.019775390625,572.4224853515625,0.01831962540745735,0.02723374404013157,0.18206028640270233
1075.4462890625,1038.1864013671875,0.01903955079615116,0.05175144970417023,0.1864394098520279
948.1029052734375,920.4033203125,0.02132314257323742,0.03019026480615139,0.19428807497024536
479.58172607421875,461.5031433105469,0.01976994425058365,0.012520784512162209,0.19332407414913177
712.025146484375,701.1856079101562,0.006397143471986055,0.011449216865003109,0.19163896143436432
186.22039794921875,179.56520080566406,0.004688653163611889,0.004869250580668449,0.18762582540512085
827.9877319335938,811.9806518554688,0.004276294726878405,0.02305234782397747,0.2342783361673355
570.60791015625,553.3818359375,0.018364546820521355,0.012099399231374264,0.19940514862537384
342.10687255859375,321.5958251953125,0.031135952100157738,0.006077949423342943,0.1904096156358719
686.3267211914062,667.5877075195312,0.0269527118653059,0.006208958104252815,0.21581968665122986
751.7656860351562,722.0028076171875,0.031479332596063614,0.02354535274207592,0.22505274415016174
218.72540283203125,201.0615234375,0.010654420591890812,0.020811069756746292,0.1931142359972
1372.407958984375,1325.3245849609375,0.01743766851723194,0.07260660827159882,0.20613007247447968
885.476806640625,817.8290405273438,0.0354570709168911,0.09579408913850784,0.20222076773643494
1581.207275390625,1552.2574462890625,0.01598525233566761,0.03809797018766403,0.19082169234752655
2152.025634765625,1967.84765625,0.009073358029127121,0.3550148010253906,0.21340416371822357
1131.037841796875,906.78515625,0.025038640946149826,0.4195301830768585,0.19682249426841736
1228.852783203125,1181.7244873046875,0.058987807482481,0.03142537921667099,0.19217577576637268
1528.028564453125,1365.285400390625,0.02712797001004219,0.2942762076854706,0.20410503447055817
1057.7442626953125,1046.8616943359375,0.004801046568900347,0.0133014852181077,0.1831241250038147
1273.4488525390625,1199.375732421875,0.014131122268736362,0.13064979016780853,0.16826090216636658
756.4505615234375,681.3504028320312,0.06049046292901039,0.08570332080125809,0.20033183693885803
1153.7572021484375,1140.6893310546875,0.009334896691143513,0.012250230647623539,0.2275247722864151
837.8714599609375,792.033935546875,0.011642814613878727,0.07600465416908264,0.20137996971607208
1127.2669677734375,1086.0701904296875,0.02030283771455288,0.0576932393014431,0.2198769599199295
1084.9984130859375,971.7084350585938,0.03870832175016403,0.18422240018844604,0.18245434761047363
936.611328125,908.7401733398438,0.024940140545368195,0.024751145392656326,0.30255430936813354
1019.1384887695312,960.7730712890625,0.005937488283962011,0.10517122596502304,0.28110092878341675
875.0394287109375,833.1843872070312,0.015574013814330101,0.06325323134660721,0.2441413402557373
749.6295166015625,709.447998046875,0.00910389143973589,0.06752078980207443,0.18692049384117126
885.3461303710938,814.0996704101562,0.05128903314471245,0.08530742675065994,0.2948247194290161
758.569580078125,726.9692993164062,0.031660113483667374,0.02773016132414341,0.19051705300807953
1001.0571899414062,943.580322265625,0.018951106816530228,0.08965659886598587,0.3173041343688965
1098.242431640625,1018.0482788085938,0.017918594181537628,0.13729888200759888,0.2585448920726776
700.4507446289062,656.6693115234375,0.03440867364406586,0.04621512070298195,0.34695687890052795
1014.252197265625,926.0466918945312,0.03969318047165871,0.1295321136713028,0.3592842221260071
540.497314453125,519.9247436523438,0.015124605037271976,0.02205704338848591,0.19817370176315308
1004.955322265625,952.4070434570312,0.013020401820540428,0.08807669579982758,0.19997291266918182
879.5382080078125,779.986328125,0.010746363550424576,0.18491770327091217,0.1719866842031479
797.26025390625,767.951904296875,0.03163022920489311,0.023183738812804222,0.19013608992099762
973.8790283203125,841.0238647460938,0.08260152488946915,0.17865119874477386,0.2228822112083435
885.6410522460938,854.1307983398438,0.006264138501137495,0.05310759320855141,0.18244075775146484
1162.260498046875,1103.00341796875,0.02226918376982212,0.09212220460176468,0.20614148676395416
640.6738891601562,585.012451171875,0.012015113607048988,0.09591417014598846,0.16967740654945374
1050.84814453125,1004.0740356445312,0.04040488973259926,0.04679839685559273,0.31724798679351807
677.2037963867188,618.2465209960938,0.0468808189034462,0.06642209738492966,0.23058247566223145
664.2432861328125,610.2992553710938,0.0072584208101034164,0.09556948393583298,0.25300657749176025
680.4963989257812,653.103759765625,0.016989512369036674,0.03398554399609566,0.19050654768943787
759.972412109375,736.6404418945312,0.008042271248996258,0.033977143466472626,0.23222364485263824
624.531494140625,574.7645263671875,0.03533761203289032,0.059768714010715485,0.2213793396949768
443.1015930175781,416.4122009277344,0.01566784642636776,0.03386349603533745,0.19237269461154938
1140.058349609375,1115.5860595703125,0.0065060569904744625,0.039115890860557556,0.16613738238811493
656.9758911132812,575.4843139648438,0.014675102196633816,0.14471516013145447,0.17964449524879456
1407.760009765625,1393.5850830078125,0.0077794939279556274,0.016683733090758324,0.19433216750621796
1315.4813232421875,1224.3402099609375,0.12907342612743378,0.049210358411073685,0.1999315619468689
1265.9169921875,1164.587890625,0.16141028702259064,0.03754999488592148,0.18490301072597504
1294.289794921875,1228.75439453125,0.027216661721467972,0.10025198757648468,0.18010202050209045
1120.1319580078125,1015.007080078125,0.033978819847106934,0.17272518575191498,0.1772783398628235
1056.8397216796875,1033.17138671875,0.008596101775765419,0.03516898304224014,0.1785779893398285
842.5368041992188,790.5927734375,0.06468719989061356,0.03563368692994118,0.17835398018360138
1069.2303466796875,1013.232177734375,0.08023045212030411,0.02734242007136345,0.22118501365184784
632.26708984375,607.482177734375,0.026650261133909225,0.019444571807980537,0.1737511157989502
1393.47802734375,1377.2227783203125,0.006916306912899017,0.021032042801380157,0.2281186729669571
1412.5203857421875,1370.550537109375,0.023282833397388458,0.05652851238846779,0.20641550421714783
818.023193359375,771.2863159179688,0.006986795458942652,0.08161690831184387,0.2435009926557541
789.4108276367188,756.509765625,0.04353593662381172,0.017642052844166756,0.23120459914207458
1020.5407104492188,957.9950561523438,0.09908661991357803,0.02245159260928631,0.1776549220085144
660.046630859375,633.1530151367188,0.037512898445129395,0.012916657142341137,0.16788381338119507
1299.2100830078125,1263.949951171875,0.025574589148163795,0.04025430977344513,0.2345728725194931
1137.0399169921875,1090.1199951171875,0.03691226616501808,0.05258338525891304,0.21721768379211426
1021.2220458984375,1007.637451171875,0.007758116349577904,0.01547046098858118,0.19702912867069244
980.0951538085938,935.1966552734375,0.07239854335784912,0.012386572547256947,0.25059500336647034
1031.5616455078125,984.7453002929688,0.06707561016082764,0.021943725645542145,0.23066772520542145
722.9535522460938,702.02783203125,0.02115376479923725,0.01630142331123352,0.2198135256767273
1189.689208984375,1180.6824951171875,0.008787340484559536,0.005800678860396147,0.17126116156578064
810.2118530273438,793.1005249023438,0.017698656767606735,0.013290422968566418,0.16167372465133667
1249.2852783203125,1232.27099609375,0.004310011863708496,0.025948308408260345,0.18851184844970703
993.32763671875,948.5706787109375,0.06290654093027115,0.02301762066781521,0.17948654294013977
931.5786743164062,853.9179077148438,0.14133809506893158,0.010437939316034317,0.1772778034210205
638.4799194335938,615.2144165039062,0.03074398823082447,0.011989351361989975,0.1898808479309082
1076.640625,1043.87109375,0.03703197464346886,0.023740749806165695,0.23831181228160858
750.7216796875,720.231201171875,0.03224461153149605,0.02461569756269455,0.20602856576442719
1124.7015380859375,1103.4281005859375,0.030016005039215088,0.009003706276416779,0.176350399851799
1056.08154296875,983.2189331054688,0.13355658948421478,0.008475692011415958,0.18464873731136322
823.8665771484375,769.7090454101562,0.07150217890739441,0.03330620750784874,0.17533473670482635
687.7357177734375,668.6775512695312,0.004024166148155928,0.029824716970324516,0.21337036788463593
1035.751220703125,1023.5576782226562,0.012195018120110035,0.008503992110490799,0.1843993067741394
769.5542602539062,761.6248168945312,0.00667327456176281,0.005612002685666084,0.1786779910326004
994.6009521484375,978.145751953125,0.007546533364802599,0.02172074466943741,0.18215428292751312
920.6201171875,874.126708984375,0.05210895836353302,0.03722991794347763,0.18239475786685944
819.69775390625,767.9720458984375,0.08887255191802979,0.011219266802072525,0.16798371076583862
666.2959594726562,650.9769287109375,0.019532257691025734,0.007664562668651342,0.17206281423568726
960.8694458007812,937.7546997070312,0.02335035800933838,0.019157974049448967,0.18605786561965942
746.5537719726562,725.41357421875,0.020082546398043633,0.018585752695798874,0.18060201406478882
932.4453125,913.9486694335938,0.028166795149445534,0.005519549362361431,0.16534261405467987
865.8067626953125,806.8982543945312,0.10471057891845703,0.009336303919553757,0.1885058432817459
821.5394897460938,781.5657958984375,0.04468409717082977,0.031048638746142387,0.21072854101657867
712.3824462890625,693.775146484375,0.003744313959032297,0.02988269180059433,0.17937976121902466
863.9119873046875,853.9984741210938,0.00771093787625432,0.007766157388687134,0.21749921143054962
661.0115966796875,653.3963623046875,0.005852142348885536,0.005704354960471392,0.18369585275650024
905.3373413085938,891.4741821289062,0.007240183185786009,0.014988739043474197,0.2748694121837616
720.73388671875,679.6912841796875,0.03805232793092728,0.04044215381145477,0.17953485250473022
813.1815795898438,776.7379150390625,0.05407804623246193,0.014639586210250854,0.2084818333387375
658.0233764648438,646.5390625,0.013726625591516495,0.005747662857174873,0.17471857368946075
739.867919921875,728.4481201171875,0.011842400766909122,0.005942707881331444,0.25272032618522644
604.2431030273438,592.374267578125,0.009382863529026508,0.009927748702466488,0.22134748101234436
748.7010498046875,729.9288940429688,0.019659066572785378,0.013864236883819103,0.20104703307151794
665.428955078125,626.7100219726562,0.05599994957447052,0.01727355271577835,0.20821556448936462
699.9222412109375,682.2255859375,0.01631564274430275,0.014969498850405216,0.20540474355220795
610.1852416992188,602.088623046875,0.0040971036069095135,0.006844246760010719,0.26259109377861023
734.1837768554688,726.8241577148438,0.005335615482181311,0.005994535982608795,0.16945403814315796
572.3470458984375,562.6387329101562,0.006244983058422804,0.009086942300200462,0.20423826575279236
760.3017578125,735.8641967773438,0.009319165721535683,0.03591541200876236,0.18202313780784607
584.2489624023438,563.7945556640625,0.021129654720425606,0.015415319241583347,0.21819545328617096
726.7452392578125,713.2288818359375,0.01660742610692978,0.0068693608045578,0.1777936816215515
542.9283447265625,535.5048217773438,0.005096076056361198,0.006217339541763067,0.17668113112449646
723.780029296875,710.908203125,0.004988891538232565,0.01720668002963066,0.17740754783153534
538.360595703125,522.7169799804688,0.005593424662947655,0.022213537245988846,0.17401058971881866
712.6874389648438,698.5263671875,0.01960654743015766,0.0053474451415240765,0.16840654611587524
552.54052734375,539.1769409179688,0.018952617421746254,0.0042600915767252445,0.1757231205701828
686.384033203125,677.7446899414062,0.004413317888975143,0.009142902679741383,0.18611851334571838
538.1030883789062,528.0498046875,0.004343621898442507,0.012252003885805607,0.17554903030395508
720.939453125,710.8640747070312,0.010434284806251526,0.006330237258225679,0.16931074857711792
570.90234375,558.849365234375,0.01226454321295023,0.008405348286032677,0.17180271446704865
713.544921875,702.728759765625,0.004585975781083107,0.01320653036236763,0.19199204444885254
586.3363037109375,576.341796875,0.0069996025413274765,0.009453116916120052,0.17681284248828888
682.9429321289062,669.8067016601562,0.01830671913921833,0.00440187705680728,0.1781921684741974
573.2898559570312,561.845947265625,0.013247370719909668,0.006191545631736517,0.17244157195091248
688.3363647460938,674.3231811523438,0.003724326379597187,0.020404772832989693,0.1948607861995697
596.1925659179688,583.7716064453125,0.004056338686496019,0.017093611881136894,0.1846037358045578
650.9371337890625,638.631591796875,0.01732398383319378,0.003795040538534522,0.17460501194000244
565.48583984375,551.1806030273438,0.020670194178819656,0.0045021940022706985,0.1719067394733429
660.4556884765625,648.524658203125,0.004701663739979267,0.015323694795370102,0.1918327808380127
551.6285400390625,539.3255615234375,0.004127942956984043,0.016812333837151527,0.1832837462425232
660.3667602539062,651.0716552734375,0.010681464336812496,0.0043896883726119995,0.17595165967941284
540.5488891601562,529.420654296875,0.014285274781286716,0.004535838030278683,0.17176708579063416
640.396728515625,628.7706298828125,0.005917776841670275,0.0134424502030015,0.1945982426404953
515.5494384765625,504.40948486328125,0.005696829874068499,0.013048242777585983,0.1767379641532898
654.8442993164062,645.2578125,0.011520963162183762,0.004125293809920549,0.17633438110351562
526.8353271484375,517.2361450195312,0.010932615958154202,0.0048344493843615055,0.17156432569026947
644.5343627929688,633.667236328125,0.0045313118025660515,0.013019618578255177,0.20916962623596191
526.4891357421875,515.2673950195312,0.006292009726166725,0.012618211098015308,0.1766611933708191
650.8284301757812,639.8604125976562,0.014030939899384975,0.004317521583288908,0.17937327921390533
533.7923583984375,523.3580322265625,0.012180152349174023,0.00530035886913538,0.16940632462501526
653.3316650390625,642.7015380859375,0.0038976401556283236,0.013026020489633083,0.216826394200325
544.3004760742188,533.9610595703125,0.0052566840313375,0.011665633879601955,0.18782351911067963
639.5686645507812,627.9803466796875,0.015435907989740372,0.004206143785268068,0.176728293299675
540.8878173828125,528.582763671875,0.015134075656533241,0.006052955985069275,0.1711530089378357
634.8316650390625,623.059326171875,0.004013454541563988,0.015421386808156967,0.20549345016479492
542.947998046875,532.78515625,0.004331714008003473,0.01192856952548027,0.2032717615365982
624.0035400390625,613.7691040039062,0.013178974390029907,0.0038577183149755,0.17160631716251373
539.5802001953125,527.4913940429688,0.015875162556767464,0.004749113228172064,0.177669957280159
618.1980590820312,605.8226928710938,0.004842567723244429,0.01619647815823555,0.1855846494436264
534.2000122070312,522.0211181640625,0.004714402835816145,0.015644464641809464,0.1999436914920807
619.9896240234375,610.4072875976562,0.011745736002922058,0.004043708089739084,0.16876253485679626
532.555419921875,522.4275512695312,0.012690320611000061,0.0041007292456924915,0.17323899269104004
612.8252563476562,602.7861938476562,0.004631534218788147,0.011863652616739273,0.1791461855173111
523.3274536132812,510.9135437011719,0.005562847480177879,0.015631627291440964,0.1816667914390564
614.7273559570312,603.5913696289062,0.013695833273231983,0.005220495630055666,0.16778229176998138
520.0279541015625,510.2763977050781,0.01169390045106411,0.004440205171704292,0.16845183074474335
608.6436767578125,600.0079345703125,0.003847251646220684,0.009669527411460876,0.1877375692129135
514.1165161132812,504.40447998046875,0.004734910558909178,0.011213000863790512,0.17381244897842407
606.2000122070312,594.401611328125,0.015078121796250343,0.005064459517598152,0.17271219193935394
509.7960510253906,497.9580383300781,0.014393577352166176,0.005946727003902197,0.1667831540107727
605.8573608398438,596.0365600585938,0.0038762467447668314,0.011585747823119164,0.20897570252418518
507.56744384765625,499.2008056640625,0.004033384844660759,0.009157304652035236,0.17713133990764618
601.61767578125,591.7168579101562,0.012312863022089005,0.003786505665630102,0.1851113885641098
500.26348876953125,488.0204162597656,0.015190503560006618,0.0059798588044941425,0.1657891422510147
604.1568603515625,591.7233276367188,0.00465969555079937,0.015778498724102974,0.22144165635108948
500.4826354980469,491.1338195800781,0.004319645930081606,0.010619569569826126,0.18792004883289337
597.5081787109375,588.776611328125,0.01007629744708538,0.0036268294788897038,0.18799878656864166
494.5056457519531,484.3822937011719,0.012405797839164734,0.0043868315406143665,0.17270530760288239
596.6911010742188,583.8760375976562,0.005075087770819664,0.016300018876791,0.21274982392787933
497.9257507324219,486.1636047363281,0.005240080878138542,0.014295613393187523,0.19943061470985413
590.0836181640625,581.2421264648438,0.010518443770706654,0.003614124609157443,0.17752327024936676
493.8625183105469,484.91619873046875,0.01051662303507328,0.003820037702098489,0.1777971237897873
592.3548583984375,582.1509399414062,0.004443076904863119,0.012016919441521168,0.19739443063735962
498.0105895996094,485.78857421875,0.005550384521484375,0.01488267257809639,0.20054851472377777
589.427001953125,579.2255859375,0.012404095381498337,0.0046126823872327805,0.1693078875541687
491.4229736328125,482.2194519042969,0.01081837248057127,0.004092272371053696,0.1748194843530655
598.2582397460938,589.9840087890625,0.003977273125201464,0.008796244859695435,0.18874774873256683
495.40283203125,485.2524108886719,0.005152932833880186,0.011297992430627346,0.19249612092971802
591.8546752929688,580.658447265625,0.013445207849144936,0.005612674634903669,0.16673091053962708
486.3606262207031,476.0368347167969,0.011765834875404835,0.005495980381965637,0.16928577423095703
598.581298828125,590.466796875,0.003885876154527068,0.008568794466555119,0.18871544301509857
490.0029602050781,481.5818176269531,0.004785391967743635,0.008347513154149055,0.18546611070632935
586.9172973632812,576.5078125,0.012796308845281601,0.004655369557440281,0.16836775839328766
481.1911315917969,470.2381591796875,0.012035971507430077,0.006548858713358641,0.1660541445016861
591.2061767578125,581.7781372070312,0.004013001453131437,0.0109540531411767,0.19444946944713593
483.4216003417969,475.1765441894531,0.0047445702366530895,0.008090149611234665,0.18276967108249664
584.109619140625,574.73974609375,0.01165782194584608,0.003624016186222434,0.17289388179779053
477.0486145019531,466.8933410644531,0.01142321527004242,0.0055737728253006935,0.1656767874956131
588.3910522460938,577.2179565429688,0.004187542479485273,0.014140769839286804,0.20088891685009003
477.9286193847656,468.59765625,0.005031096749007702,0.009954382665455341,0.1838236004114151
585.5597534179688,576.486572265625,0.011159106157720089,0.0034620470833033323,0.17626406252384186
473.52349853515625,464.4517822265625,0.010491717606782913,0.004308738280087709,0.16714751720428467
586.2047119140625,574.9683227539062,0.0041464571841061115,0.014289460144937038,0.2018410712480545
474.9727783203125,464.4029541015625,0.005258267279714346,0.01215914823114872,0.18611203134059906
580.2420654296875,571.029541015625,0.011453500017523766,0.003466902067884803,0.1752292960882187
470.56585693359375,461.8137512207031,0.010200007818639278,0.003925427328795195,0.16893868148326874
580.2372436523438,570.5258178710938,0.00400341534987092,0.0114620765671134,0.19787178933620453
475.4652404785156,464.9159851074219,0.005063496530056,0.012290970422327518,0.18720073997974396
571.1094970703125,561.476318359375,0.01184343732893467,0.00399431400001049,0.1714271456003189
468.7153625488281,459.6796875,0.010581199079751968,0.004112245514988899,0.16889728605747223
577.5628051757812,569.201904296875,0.003956683445721865,0.008906004950404167,0.19295945763587952
476.3843994140625,467.0155944824219,0.0048091658391058445,0.010209295898675919,0.18595895171165466
567.4607543945312,557.5540771484375,0.011709785088896751,0.0047353822737932205,0.16840843856334686
466.6746826171875,457.1399230957031,0.010817114263772964,0.004913970362395048,0.16692067682743073
577.9539794921875,569.991943359375,0.004019713029265404,0.008089308626949787,0.1907525211572647
474.4326477050781,466.1617126464844,0.0048005301505327225,0.008079886436462402,0.18307115137577057
565.9010009765625,556.4434204101562,0.010990739800035954,0.004565669223666191,0.16793785989284515
463.524169921875,453.8080749511719,0.010371139273047447,0.005764378234744072,0.1648331880569458
574.5696411132812,566.192626953125,0.004146431107074022,0.00875754002481699,0.19250327348709106
469.33697509765625,461.3965148925781,0.005003360565751791,0.00726219592615962,0.18076831102371216
563.1517333984375,554.4176635742188,0.010197070427238941,0.0038769571110606194,0.16970793902873993
459.8474426269531,450.6252746582031,0.009497730992734432,0.005670519545674324,0.16380392014980316
568.8515625,559.6635131835938,0.004228487145155668,0.010228412225842476,0.1959599107503891
462.8548278808594,454.6059875488281,0.005317424423992634,0.007577331271022558,0.18014556169509888
561.8505859375,553.4865112304688,0.009803601540625095,0.00348662375472486,0.1718924194574356
456.2637023925781,447.8163757324219,0.008663114160299301,0.004955667536705732,0.1637943983078003
565.1028442382812,555.4501953125,0.00416548689827323,0.011189437471330166,0.19751793146133423
457.61480712890625,448.79248046875,0.005583150777965784,0.008447780273854733,0.18068517744541168
560.9658813476562,552.57568359375,0.009925651364028454,0.0034092904534190893,0.17227397859096527
453.4190979003906,445.4530334472656,0.008256749249994755,0.004387605469673872,0.1643887162208557
562.2991333007812,553.0233764648438,0.004016763996332884,0.010626294650137424,0.19542251527309418
455.5622863769531,446.4189758300781,0.005552386399358511,0.009109866805374622,0.18121875822544098
557.2826538085938,548.6713256835938,0.010302599519491196,0.003515893127769232,0.17020992934703827
451.9733581542969,444.0158386230469,0.008395815268158913,0.004224909469485283,0.16471466422080994
559.028076171875,550.646240234375,0.003919215872883797,0.009037051349878311,0.19037041068077087
455.82183837890625,446.9736328125,0.00527655053883791,0.008811280131340027,0.1804293990135193
552.547119140625,543.7066040039062,0.010439408011734486,0.0039013088680803776,0.16701622307300568
451.4337158203125,443.1718444824219,0.008758665062487125,0.004486446268856525,0.16393013298511505
556.2166137695312,548.5647583007812,0.003941679373383522,0.007662897929549217,0.18495768308639526
455.6466369628906,447.5083312988281,0.0050736647099256516,0.007651279680430889,0.177586168050766
549.4035034179688,540.6094360351562,0.009985803626477718,0.004312995355576277,0.16446666419506073
450.7937316894531,442.2041015625,0.00883257482200861,0.005102735478430986,0.16219744086265564
553.0269775390625,545.630126953125,0.0041060298681259155,0.007053873967379332,0.18168921768665314
453.4072570800781,445.8616027832031,0.005110796075314283,0.006506329867988825,0.173709437251091
546.9793090820312,538.6098022460938,0.009135277941823006,0.004341240506619215,0.16312456130981445
449.445556640625,440.78143310546875,0.008410926908254623,0.005706900265067816,0.16052138805389404
547.9390869140625,540.3569946289062,0.004373838193714619,0.007171628065407276,0.18093904852867126
449.3040771484375,441.95703125,0.00537925073876977,0.005906497128307819,0.170416459441185
543.845703125,536.0342407226562,0.008323434740304947,0.0040464699268341064,0.1626543402671814
447.11187744140625,438.7410888671875,0.00768533768132329,0.005868688691407442,0.1593792736530304
541.8815307617188,533.9235229492188,0.004617130849510431,0.007671854924410582,0.18135659396648407
445.04461669921875,437.5655212402344,0.005791041534394026,0.005800411570817232,0.16833879053592682
539.4808349609375,532.0640869140625,0.007803758606314659,0.0037812499795109034,0.16242556273937225
444.065185546875,436.1873779296875,0.006986037362366915,0.005596190690994263,0.15866990387439728
536.372802734375,528.2349243164062,0.004711393732577562,0.00794709287583828,0.1808663010597229
442.4530944824219,434.7065124511719,0.00617371778935194,0.005980493035167456,0.1669468730688095
533.3903198242188,526.0856323242188,0.007655993103981018,0.0037206264678388834,0.1616411805152893
440.9940490722656,433.5151672363281,0.006563125643879175,0.005229090340435505,0.15827539563179016
531.2479248046875,523.3743896484375,0.0046393778175115585,0.007545701693743467,0.17809928953647614
441.7344665527344,433.8475341796875,0.006317296996712685,0.006146451458334923,0.1655074656009674
525.846923828125,518.4053344726562,0.007774522993713617,0.00390821136534214,0.1600237637758255
438.98065185546875,431.59490966796875,0.00650096544995904,0.005108086857944727,0.15812048316001892
525.2958374023438,517.989990234375,0.0045438907109200954,0.006600258871912956,0.173373743891716
441.8904113769531,434.1946105957031,0.006165885832160711,0.005953329615294933,0.1636202186346054
518.2738647460938,510.59307861328125,0.00781275425106287,0.0043844422325491905,0.15822134912014008
439.2318420410156,431.5951232910156,0.00671533215790987,0.005392743274569511,0.15826775133609772
517.6619873046875,510.8576965332031,0.0046111405827105045,0.005632365122437477,0.16825571656227112
441.9178466796875,434.66357421875,0.005907503888010979,0.005370767787098885,0.1615147739648819
512.052490234375,504.2645568847656,0.007439128588885069,0.004993754904717207,0.1571532040834427
441.4426574707031,433.3504943847656,0.00697874091565609,0.006025790702551603,0.15898965299129486
509.3953552246094,502.7598876953125,0.004958158824592829,0.005026625469326973,0.16430720686912537
441.3979797363281,434.52813720703125,0.005782809574157,0.004758784547448158,0.15990519523620605
507.7060546875,500.0842590332031,0.006699167657643557,0.005402321461588144,0.1571047455072403
443.5332946777344,435.0666809082031,0.007035716902464628,0.006691925227642059,0.16027849912643433
502.94549560546875,496.1399230957031,0.005592999514192343,0.004778377711772919,0.1619882732629776
440.25592041015625,433.5129089355469,0.0058904546312987804,0.004412127658724785,0.15916965901851654
505.1673583984375,497.8686218261719,0.005933815613389015,0.005509545095264912,0.15770597755908966
443.3414611816406,434.81561279296875,0.006840275134891272,0.006981280166655779,0.1615092158317566
500.32196044921875,493.2061767578125,0.00632226187735796,0.004692621994763613,0.16083239018917084
438.4305114746094,431.5704040527344,0.00615664292126894,0.00438385084271431,0.15898852050304413
504.2578430175781,497.1968994140625,0.005429182667285204,0.005520748905837536,0.1585962176322937
440.1783142089844,431.8887939453125,0.006590886507183313,0.0067488509230315685,0.16196610033512115
501.52716064453125,494.24334716796875,0.006788399536162615,0.004575713071972132,0.16017554700374603
436.1761169433594,429.0914306640625,0.0063852895982563496,0.004607182461768389,0.15884338319301605
503.8349304199219,496.7665100097656,0.005276446230709553,0.005665451288223267,0.1597469002008438
435.044677734375,427.05780029296875,0.00650788564234972,0.006234150845557451,0.16158385574817657
504.20526123046875,497.0755920410156,0.006752331275492907,0.004313444718718529,0.15967682003974915
434.0767517089844,426.8506774902344,0.006349064875394106,0.004932278301566839,0.1585392951965332
502.2381896972656,494.8915710449219,0.005440640263259411,0.006028634030371904,0.1611972153186798
429.6712341308594,421.8158874511719,0.006736184936016798,0.005758618004620075,0.1607947200536728
505.94580078125,499.2099914550781,0.00632429076358676,0.003960460424423218,0.15934441983699799
432.33575439453125,425.2000732421875,0.005940116476267576,0.0051675098948180676,0.15818889439105988
499.6709289550781,491.8955993652344,0.005807641427963972,0.006486350204795599,0.162831649184227
425.61083984375,417.57940673828125,0.0073654260486364365,0.005496873985975981,0.16002815961837769
505.84722900390625,499.49102783203125,0.005841560661792755,0.003686561482027173,0.1592126488685608
430.19488525390625,423.3667907714844,0.005297860596328974,0.005199653096497059,0.15793375670909882
498.0637512207031,489.9808654785156,0.006133390590548515,0.006744859740138054,0.16437627375125885
423.8287048339844,415.3124084472656,0.008399055339396,0.005443878471851349,0.15948057174682617
503.55499267578125,497.3678894042969,0.005599737633019686,0.0035912550520151854,0.15916123986244202
426.6099548339844,420.1275634765625,0.004705093335360289,0.005103606265038252,0.15780222415924072
498.613037109375,490.6127014160156,0.006148588377982378,0.006540527567267418,0.16557937860488892
424.6883850097656,415.5431823730469,0.009643075056374073,0.00546402158215642,0.15916568040847778
498.4337158203125,492.1357421875,0.0057281372137367725,0.003687548451125622,0.15901082754135132
421.16058349609375,414.8742370605469,0.004352984484285116,0.005064725875854492,0.15774895250797272
500.6426696777344,493.13409423828125,0.005798843689262867,0.005891792941838503,0.166326105594635
427.9195861816406,418.31756591796875,0.010648854076862335,0.005376006010919809,0.1589614748954773
490.0629577636719,483.3731689453125,0.006259016692638397,0.003947069868445396,0.1586744636297226
414.0126953125,407.68878173828125,0.004226015880703926,0.005267821718007326,0.15769901871681213
502.700439453125,495.8540344238281,0.005292884539812803,0.005068183410912752,0.166587695479393
434.6564025878906,425.0594482421875,0.010945634916424751,0.005074563901871443,0.1586867719888687
475.48040771484375,468.1628112792969,0.007206620182842016,0.0042669400572776794,0.15808255970478058
405.2598571777344,398.63104248046875,0.0042078266851603985,0.005897747352719307,0.15760216116905212
500.9628601074219,494.7340087890625,0.004889378789812326,0.004240215290337801,0.1664048731327057
461.6290283203125,452.5633544921875,0.010274040512740612,0.004690149798989296,0.1583596020936966
415.88824462890625,407.3149719238281,0.009398690424859524,0.004614794161170721,0.15665315091609955
392.39654541015625,385.3056640625,0.004171078093349934,0.0068565295077860355,0.15770933032035828
476.2006530761719,470.5863342285156,0.004503555130213499,0.0034120299387723207,0.16565150022506714
533.7726440429688,525.3934936523438,0.00910196639597416,0.004484517965465784,0.15859371423721313
198.14633178710938,185.99859619140625,0.015218973159790039,0.005987016949802637,0.15447412431240082
300.0217590332031,288.4993896484375,0.016360949724912643,0.003408911172300577,0.16374404728412628
826.1357421875,819.538330078125,0.0042861346155405045,0.005653170868754387,0.16277454793453217
328.5594482421875,311.1404113769531,0.027610106393694878,0.0041486769914627075,0.1539655178785324
1614.335693359375,1600.1239013671875,0.00509659992530942,0.02013527601957321,0.15958172082901
1493.2734375,1464.7918701171875,0.008375382982194424,0.04535917565226555,0.16142691671848297
1393.740234375,1349.916748046875,0.03815557062625885,0.04639868810772896,0.15463928878307343
872.1337280273438,796.0062866210938,0.09652417153120041,0.05278906598687172,0.14708095788955688
1835.94140625,1784.0408935546875,0.061279382556676865,0.039435092359781265,0.1543188989162445
1914.567626953125,1878.2030029296875,0.04244716838002205,0.027156371623277664,0.15629130601882935
186.1608428955078,149.29383850097656,0.04916737228631973,0.021584849804639816,0.14908897876739502
480.33056640625,458.9555358886719,0.03651394695043564,0.0030339315999299288,0.16011005640029907
289.8362731933594,269.5703125,0.032752975821495056,0.004616016987711191,0.15814422070980072
1047.0421142578125,1026.597900390625,0.032901063561439514,0.00496912794187665,0.15091024339199066
571.6350708007812,478.9545593261719,0.167835533618927,0.014523512683808804,0.15009506046772003
1658.626220703125,1623.4979248046875,0.022318160161376,0.04470232501626015,0.16179998219013214
1763.23828125,1727.7073974609375,0.013263748027384281,0.054473377764225006,0.1662318855524063
1054.6494140625,1027.143798828125,0.016589093953371048,0.03520793467760086,0.1607106775045395
755.3524169921875,726.398193359375,0.029608599841594696,0.02537134476006031,0.14642047882080078
1313.841796875,1274.7822265625,0.051130879670381546,0.023955268785357475,0.15164631605148315
1146.8055419921875,1102.424560546875,0.06897835433483124,0.016763266175985336,0.1510075330734253
650.8162231445312,621.2319946289062,0.048193156719207764,0.00813281163573265,0.14212359488010406
742.745849609375,731.4334716796875,0.006465563550591469,0.012992531061172485,0.15833011269569397
1016.280029296875,1000.6363525390625,0.008765595965087414,0.01928572542965412,0.1618039608001709
526.8569946289062,517.3187255859375,0.005184262525290251,0.010729696601629257,0.15812917053699493
1803.9833984375,1788.831298828125,0.024256424978375435,0.0030361912213265896,0.15057764947414398
1714.7333984375,1653.35302734375,0.103042371571064,0.01676131598651409,0.14785104990005493
503.9876708984375,365.9019470214844,0.17395082116127014,0.09914281219244003,0.15389040112495422
725.5311279296875,711.0691528320312,0.009988394565880299,0.01573338359594345,0.16010524332523346
536.4949951171875,487.89630126953125,0.07309119403362274,0.020586760714650154,0.17596854269504547
590.3397827148438,569.7861328125,0.034616775810718536,0.0033344447147101164,0.15780781209468842
359.7934265136719,341.4565124511719,0.019606664776802063,0.014082374982535839,0.14923936128616333
976.5764770507812,944.8598022460938,0.05670300871133804,0.0038194283843040466,0.14554733037948608
531.0333862304688,497.3078918457031,0.04763399064540863,0.016523055732250214,0.16469703614711761
2077.873046875,2059.938232421875,0.014315186999738216,0.018172239884734154,0.16912560164928436
2461.154296875,2430.4111328125,0.039115700870752335,0.01881662756204605,0.17771925032138824
773.8801879882812,756.884765625,0.009688090533018112,0.021107561886310577,0.15976035594940186
1120.2911376953125,1091.9998779296875,0.0476071834564209,0.006040407344698906,0.1467376947402954
1308.6751708984375,1259.92431640625,0.07544750720262527,0.01862841472029686,0.1712893843650818
573.6776123046875,542.1885375976562,0.03426912799477577,0.02535468339920044,0.16771985590457916
1319.9296875,1307.13525390625,0.01266283355653286,0.009690680541098118,0.16176845133304596
786.9664916992188,773.0648193359375,0.02071308344602585,0.003513673786073923,0.17882971465587616
1280.6739501953125,1256.97314453125,0.01798132061958313,0.02631351910531521,0.15533781051635742
1552.439697265625,1503.7386474609375,0.042941536754369736,0.05120006576180458,0.16302873194217682
1240.5770263671875,1165.6734619140625,0.10693088173866272,0.039135731756687164,0.18702970445156097
837.5674438476562,785.5488891601562,0.06580253690481186,0.03493145853281021,0.16515439748764038
1567.5816650390625,1551.198486328125,0.006596498191356659,0.02249463088810444,0.1837586909532547
1274.233642578125,1256.3052978515625,0.02345298044383526,0.00836024060845375,0.20217536389827728
966.8477172851562,955.931640625,0.014288503676652908,0.004673491232097149,0.14350444078445435
962.5430908203125,949.857177734375,0.01205536350607872,0.009222378954291344,0.20470356941223145
1212.5670166015625,1184.496337890625,0.03313839063048363,0.019406702369451523,0.17981022596359253
865.5022583007812,819.7019653320312,0.059384431689977646,0.02934805303812027,0.1434033066034317
1157.762939453125,1118.2911376953125,0.04611845314502716,0.029537122696638107,0.1644078642129898
1171.5064697265625,1153.7154541015625,0.012365742586553097,0.019863585010170937,0.16764512658119202
864.3571166992188,842.8502197265625,0.005702685099095106,0.03401637449860573,0.16473431885242462
823.753662109375,794.7407836914062,0.004897719249129295,0.04998307302594185,0.15725165605545044
909.6387329101562,891.3074340820312,0.02069898135960102,0.01291294489055872,0.1525309830904007
737.0236206054688,715.5200805664062,0.03741073980927467,0.0025753711815923452,0.15104728937149048
1026.2900390625,1015.8251342773438,0.009194599464535713,0.008347386494278908,0.16939616203308105
861.0267944335938,846.527099609375,0.0051807016134262085,0.020658768713474274,0.15799744427204132
1020.9508056640625,1006.52734375,0.012677817605435848,0.012696672230958939,0.17361806333065033
878.8982543945312,860.4161987304688,0.018661728128790855,0.014662940055131912,0.1819712519645691
842.2047729492188,817.5360717773438,0.008896423503756523,0.037404365837574005,0.15183216333389282
730.7261962890625,714.0955200195312,0.010876798070967197,0.019363798201084137,0.15103931725025177
841.5178833007812,824.3060302734375,0.027643894776701927,0.003611486405134201,0.1584177017211914
657.1788940429688,642.1658325195312,0.020847821608185768,0.005988172721117735,0.15950794517993927
982.278564453125,963.2814331054688,0.004073227755725384,0.030929170548915863,0.14959211647510529
741.1068725585938,714.685302734375,0.004947085399180651,0.04514458030462265,0.13757291436195374
916.1272583007812,896.8802490234375,0.027882326394319534,0.007528496906161308,0.15416061878204346
786.6920776367188,768.214111328125,0.02950146608054638,0.004335072822868824,0.15596826374530792
733.4912719726562,720.7803955078125,0.005380711983889341,0.016832251101732254,0.16043974459171295
580.1414794921875,570.2138671875,0.004538251552730799,0.012145793996751308,0.15855851769447327
943.9141235351562,931.5173950195312,0.016411125659942627,0.0048238355666399,0.17792165279388428
710.222412109375,695.221435546875,0.022129647433757782,0.00426822854205966,0.1802062839269638
845.8038330078125,823.1763305664062,0.006479985546320677,0.03582029044628143,0.14773306250572205
755.29443359375,728.2007446289062,0.007661001291126013,0.043584540486335754,0.1470925360918045
715.6588134765625,698.9004516601562,0.023951714858412743,0.006450339686125517,0.15573425590991974
607.699951171875,595.6927490234375,0.017868297174572945,0.0028234003111720085,0.16613920032978058
903.67529296875,896.1019287109375,0.0034005402121692896,0.008617372252047062,0.1564413458108902
786.9518432617188,774.548828125,0.003899402916431427,0.017734602093696594,0.15860199928283691
681.6041870117188,661.0508422851562,0.027768248692154884,0.010367590934038162,0.14854007959365845
625.0709838867188,602.9672241210938,0.030784111469984055,0.010259830392897129,0.15817977488040924
794.2171020507812,779.5285034179688,0.004183683544397354,0.02220197021961212,0.149576798081398
677.02587890625,666.3745727539062,0.003402263857424259,0.014846887439489365,0.15267251431941986
802.5532836914062,790.2769775390625,0.01821373589336872,0.0032393396832048893,0.15497368574142456
735.088134765625,716.2258911132812,0.031743671745061874,0.0030206083320081234,0.14801250398159027
700.4825439453125,676.439453125,0.011401957832276821,0.03375814110040665,0.14630307257175446
624.8054809570312,602.4091796875,0.005488972645252943,0.03638366609811783,0.14599905908107758
813.2791748046875,803.6574096679688,0.012870725244283676,0.0029415152966976166,0.17156434059143066
720.074462890625,709.673095703125,0.014385562390089035,0.0032817362807691097,0.15676961839199066
703.4456787109375,690.510498046875,0.005859523545950651,0.01690070517361164,0.15550585091114044
645.0639038085938,623.754638671875,0.009477191604673862,0.03018198162317276,0.1479693502187729
728.2396240234375,709.1162109375,0.029068367555737495,0.005884358659386635,0.16470590233802795
622.7979125976562,609.8013916015625,0.018936673179268837,0.0036574832629412413,0.16994553804397583
771.053466796875,759.1083984375,0.003360535716637969,0.017543859779834747,0.14928828179836273
672.9077758789062,659.3202514648438,0.0032993080094456673,0.020780164748430252,0.1547774374485016
696.5421752929688,680.015869140625,0.02580593340098858,0.004216924775391817,0.15149031579494476
602.0817260742188,581.0034790039062,0.03484535217285156,0.004117955453693867,0.15966114401817322
763.185546875,748.759765625,0.005210947711020708,0.020693844184279442,0.14733660221099854
650.5281982421875,636.9658813476562,0.0033420526888221502,0.020837528631091118,0.14725641906261444
719.0638427734375,709.5370483398438,0.012752302922308445,0.0031792514491826296,0.15610171854496002
629.2730712890625,614.8646240234375,0.02233758755028248,0.0033315629698336124,0.15738710761070251
704.9031982421875,688.1431884765625,0.008496930822730064,0.022046703845262527,0.14882220327854156
598.1948852539062,582.2518310546875,0.006623697467148304,0.022293150424957275,0.14846335351467133
744.610595703125,733.5769653320312,0.01590019464492798,0.0030022503342479467,0.1582408845424652
641.6522216796875,631.3997192382812,0.014148547314107418,0.003043927252292633,0.16562336683273315
681.6170654296875,666.3279418945312,0.004099601414054632,0.023513400927186012,0.14825867116451263
590.1185913085938,572.3872680664062,0.005921519827097654,0.026556165888905525,0.14925213158130646
724.2266845703125,708.9288940429688,0.02441747672855854,0.003145219525322318,0.15164171159267426
620.5911254882812,606.7494506835938,0.021613003686070442,0.0028932138811796904,0.15885710716247559
699.2288818359375,686.6256713867188,0.0037936714943498373,0.018465353175997734,0.14736664295196533
611.6651000976562,596.3474731445312,0.003771447576582432,0.023917168378829956,0.14732979238033295
694.1176147460938,680.3719482421875,0.020305074751377106,0.004128508269786835,0.15288960933685303
597.9127197265625,583.2218017578125,0.022673126310110092,0.0035793751012533903,0.15647146105766296
707.1644287109375,694.2711791992188,0.004385416395962238,0.018440378829836845,0.14803461730480194
611.4215087890625,598.4742431640625,0.00419233925640583,0.018696803599596024,0.1502709984779358
680.8690185546875,667.7584228515625,0.019806677475571632,0.003321002470329404,0.154673770070076
589.0913696289062,575.170166015625,0.020694149658083916,0.003923297394067049,0.16124804317951202
693.6658935546875,678.857177734375,0.004120555240660906,0.022571124136447906,0.14628635346889496
595.3285522460938,581.2577514648438,0.004081308376044035,0.021064145490527153,0.1498047262430191
690.4181518554688,677.5070190429688,0.01978970877826214,0.002994018141180277,0.15192939341068268
599.4652099609375,585.1466064453125,0.02240133471786976,0.0030480839777737856,0.1593877226114273
675.2916870117188,661.0321044921875,0.004900906700640917,0.020697228610515594,0.1460484266281128
579.9833374023438,565.0630493164062,0.004053083714097738,0.02285182662308216,0.14678210020065308
700.6439819335938,689.1943969726562,0.016591759398579597,0.003296532668173313,0.15054279565811157
604.7455444335938,591.9699096679688,0.019358402118086815,0.0031165226828306913,0.1538151502609253
665.052734375,651.3819580078125,0.005153486505150795,0.019246594980359077,0.14707833528518677
576.376220703125,561.7333374023438,0.004856786224991083,0.021492086350917816,0.14684709906578064
685.2958374023438,673.1395874023438,0.01797395758330822,0.0032781430054455996,0.15302219986915588
591.708251953125,579.9291381835938,0.017294127494096756,0.003156740451231599,0.1553664356470108
664.382568359375,651.2310791015625,0.004017135128378868,0.019364802166819572,0.14604856073856354
581.6448974609375,567.3080444335938,0.004432723391801119,0.02129492163658142,0.1473003625869751
662.6400146484375,649.3726806640625,0.020205464214086533,0.0033059874549508095,0.15116208791732788
575.8403930664062,563.0722045898438,0.019295193254947662,0.0030942189041525126,0.15734858810901642
664.0762939453125,651.9248046875,0.0037503421772271395,0.017634691670536995,0.14589567482471466
576.2550659179688,563.0869750976562,0.0037740611005574465,0.01961462013423443,0.14737500250339508
654.5924072265625,642.1045532226562,0.018491553142666817,0.0034938580356538296,0.14951194822788239
563.7271118164062,550.3478393554688,0.020196562632918358,0.0034291560295969248,0.15663759410381317
657.3342895507812,645.2305908203125,0.004129962529987097,0.01715673692524433,0.14603382349014282
558.9640502929688,546.7571411132812,0.0038486572448164225,0.017606133595108986,0.14794717729091644
658.6488037109375,647.3417358398438,0.01638074405491352,0.003233203897252679,0.15001033246517181
559.6869506835938,547.1200561523438,0.018527410924434662,0.0034662371035665274,0.15700943768024445
650.0607299804688,637.3756103515625,0.004444517195224762,0.01800917461514473,0.14582334458827972
546.9827270507812,534.2893676757812,0.00437510572373867,0.018054161220788956,0.14787133038043976
666.2437133789062,654.9590454101562,0.016500193625688553,0.003068998223170638,0.15000906586647034
560.84375,549.0962524414062,0.017099661752581596,0.0032600315753370523,0.15676426887512207
649.4659423828125,636.6212768554688,0.004197585396468639,0.01858450658619404,0.14535914361476898
545.810791015625,532.4032592773438,0.004575984552502632,0.019298063591122627,0.1470537781715393
665.20849609375,653.2655639648438,0.017863063141703606,0.0030482597649097443,0.14872504770755768
558.1555786132812,546.2667236328125,0.01751914992928505,0.0031548263505101204,0.1551874279975891
650.2110595703125,637.5785522460938,0.003925057128071785,0.01845666393637657,0.14416758716106415
548.8529052734375,535.422119140625,0.004255233332514763,0.019691942259669304,0.1457214206457138
654.4442138671875,642.2080688476562,0.018412897363305092,0.0031037568114697933,0.14778512716293335
552.316650390625,539.9857177734375,0.018466977402567863,0.0031387791968882084,0.15280966460704803
646.900146484375,634.6571655273438,0.00386187806725502,0.01775047741830349,0.14368559420108795
548.939697265625,535.924072265625,0.003952540457248688,0.019191769883036613,0.14435093104839325
645.1150512695312,633.2390747070312,0.01757841557264328,0.0032230208162218332,0.14753073453903198
548.2885131835938,535.868408203125,0.018610792234539986,0.0032025075051933527,0.15134520828723907
639.7210083007812,627.9559936523438,0.003983940463513136,0.016659855842590332,0.14431066811084747
542.4080810546875,530.0203247070312,0.0039478386752307415,0.017949379980564117,0.1439160257577896
643.28955078125,631.9166870117188,0.016531340777873993,0.0032547719310969114,0.1479804515838623
546.0213623046875,533.9673461914062,0.017774544656276703,0.003308846615254879,0.15123310685157776
632.3640747070312,620.6953735351562,0.004059551749378443,0.016369305551052094,0.14543090760707855
533.628173828125,521.4812622070312,0.004139692056924105,0.01727086864411831,0.14416636526584625
642.7528686523438,631.5186157226562,0.016322456300258636,0.0031736865639686584,0.1486188918352127
541.9963989257812,530.3421020507812,0.016978297382593155,0.0033045222517102957,0.15128684043884277
627.7786865234375,615.9985961914062,0.003948207478970289,0.01669403538107872,0.14589914679527283
528.5242309570312,516.2439575195312,0.004231266211718321,0.01743183471262455,0.1448717564344406
636.974853515625,625.5205688476562,0.016834806650877,0.00307378894649446,0.1500016450881958
534.8480224609375,523.229248046875,0.01698320358991623,0.003203287022188306,0.15254972875118256
626.41015625,614.5862426757812,0.0037884616758674383,0.016954613849520683,0.14523780345916748
527.5034790039062,515.0502319335938,0.004086266737431288,0.017907172441482544,0.14565257728099823
628.3179931640625,616.7158813476562,0.0171397402882576,0.0030507214833050966,0.15068863332271576
527.0984497070312,515.2435913085938,0.017468467354774475,0.003150870092213154,0.15451668202877045
625.8306884765625,614.218505859375,0.0037398338317871094,0.016604958102107048,0.14397281408309937
525.259033203125,512.9968872070312,0.0039169820956885815,0.0176905058324337,0.1458391547203064
623.8177490234375,612.4613647460938,0.016636095941066742,0.003088525030761957,0.14940552413463593
522.0774536132812,510.1051940917969,0.017636781558394432,0.003209140384569764,0.1549302637577057
622.5631713867188,611.2416381835938,0.0038379475008696318,0.01594150997698307,0.14318031072616577
518.0115966796875,506.2427673339844,0.003921566531062126,0.016718845814466476,0.14486169815063477
625.5476684570312,614.688720703125,0.015679363161325455,0.003091753227636218,0.1473408341407776
520.6925048828125,509.0244445800781,0.016938624903559685,0.0033475644886493683,0.15249870717525482
616.7119140625,605.4193725585938,0.003942760173231363,0.015774216502904892,0.14340929687023163
509.4570007324219,498.01385498046875,0.004137751180678606,0.015880946069955826,0.14338169991970062
628.5435791015625,617.9193725585938,0.015315782278776169,0.0029957802034914494,0.14684449136257172
520.6007080078125,509.44140625,0.015940658748149872,0.0033840651158243418,0.1496957391500473
611.7672729492188,600.2797241210938,0.003851495683193207,0.016238166019320488,0.14426621794700623
504.6004333496094,493.0370178222656,0.004360135179013014,0.0159134678542614,0.1426600068807602
627.1751098632812,616.2982788085938,0.01587800867855549,0.002907295012846589,0.1484212726354599
517.73388671875,506.8166198730469,0.015592551790177822,0.0032618327531963587,0.1490030586719513
609.8923950195312,598.3654174804688,0.003652451327070594,0.016499174758791924,0.14511647820472717
503.6839599609375,491.8625183105469,0.004331668838858604,0.01645614020526409,0.14275449514389038
620.0396728515625,608.7507934570312,0.0166681669652462,0.002896564546972513,0.15065504610538483
511.0824279785156,500.0133056640625,0.015968160703778267,0.0031678059604018927,0.15011180937290192
609.330078125,598.097412109375,0.003520364873111248,0.016037628054618835,0.14536665380001068
503.93975830078125,492.15496826171875,0.004117833450436592,0.016585050150752068,0.143336221575737
610.3510131835938,598.9015502929688,0.016898561269044876,0.002960602752864361,0.1519903689622879
503.4756774902344,492.1042175292969,0.016516659408807755,0.003195945406332612,0.15151824057102203
607.637451171875,596.8135986328125,0.0034964585211127996,0.015252497978508472,0.14493988454341888
502.2238464355469,490.8608093261719,0.003942893818020821,0.01590992696583271,0.14366163313388824
603.3030395507812,592.086181640625,0.016373740509152412,0.0030211759731173515,0.1519380509853363
497.6635437011719,486.1499328613281,0.01666772924363613,0.003328638384118676,0.15154282748699188
603.8995971679688,593.258056640625,0.0035523988772183657,0.014843309298157692,0.14436902105808258
497.0850830078125,486.1927490234375,0.003901806427165866,0.015018858946859837,0.1432020366191864
600.6156005859375,589.859619140625,0.015508616343140602,0.002974673407152295,0.1514350026845932
494.2363586425781,482.87774658203125,0.016289228573441505,0.0034267576411366463,0.15005981922149658
598.1427612304688,587.411865234375,0.003630661405622959,0.01494748517870903,0.14418327808380127
489.99578857421875,479.3157958984375,0.003976758103817701,0.014538419432938099,0.1422380954027176
599.943359375,589.59033203125,0.014811253175139427,0.0028699568938463926,0.15124206244945526
492.4620666503906,481.49151611328125,0.015590905211865902,0.0033858313690871,0.14821839332580566
591.099853515625,580.2135620117188,0.0036582648754119873,0.015226688235998154,0.14437560737133026
482.9399108886719,472.2396240234375,0.0041093784384429455,0.01446450874209404,0.14133335649967194
598.9068603515625,588.7349853515625,0.01452261209487915,0.0027906992472708225,0.15152224898338318
490.9165954589844,480.3754577636719,0.014860971830785275,0.0032827556133270264,0.14692747592926025
584.0546875,573.1559448242188,0.003609500825405121,0.015294567681849003,0.14467386901378632
476.6493225097656,465.9246826171875,0.004230203106999397,0.014405445195734501,0.14068444073200226
596.5376586914062,586.3531494140625,0.01457520667463541,0.0027489240746945143,0.15224553644657135
488.4529113769531,478.2312316894531,0.014296179637312889,0.003221229650080204,0.1462971419095993
577.7142333984375,566.9527587890625,0.0035221874713897705,0.015101163648068905,0.14498034119606018
471.1170654296875,460.51190185546875,0.004282640293240547,0.014120730571448803,0.14034801721572876
592.7933959960938,582.5185546875,0.014752838760614395,0.002727327635511756,0.1534721404314041
484.92388916015625,474.8533935546875,0.014001145027577877,0.003215842181816697,0.14620079100131989
572.11376953125,561.5269165039062,0.003449311014264822,0.014819242991507053,0.1452600359916687
466.2731018066406,455.9038391113281,0.004242657218128443,0.01369062066078186,0.14026202261447906
588.0266723632812,577.731201171875,0.01478330884128809,0.0027106991037726402,0.15484748780727386
480.5701904296875,470.5176696777344,0.013945057988166809,0.0032302094623446465,0.1464873105287552
567.1834716796875,556.7484130859375,0.003420483320951462,0.014542906545102596,0.14533394575119019
462.01904296875,451.8908996582031,0.004156771115958691,0.013294810429215431,0.14023369550704956
582.5896606445312,572.4402465820312,0.014490955509245396,0.0026993188075721264,0.15542878210544586
475.615966796875,465.5863037109375,0.013880043290555477,0.003245011204853654,0.14671407639980316
562.7906494140625,552.5159912109375,0.0034302768763154745,0.014219094067811966,0.14499329030513763
458.2493591308594,448.3472900390625,0.004108746070414782,0.012895533815026283,0.13999375700950623
576.6322631835938,566.7364501953125,0.014003098011016846,0.002695336937904358,0.15465542674064636
470.22430419921875,460.3393249511719,0.013565216213464737,0.003280879696831107,0.14619532227516174
558.8392944335938,548.7510375976562,0.0034437626600265503,0.013845033012330532,0.14438198506832123
454.8321533203125,445.19073486328125,0.0041262246668338776,0.012368569150567055,0.13939975202083588
570.305419921875,560.6218872070312,0.01361142098903656,0.002691434696316719,0.1532077044248581
464.4200134277344,454.7706298828125,0.013056495226919651,0.00334808393381536,0.14470934867858887
555.31787109375,545.4210815429688,0.0034240237437188625,0.013491367921233177,0.1439087837934494
451.4810485839844,442.1444091796875,0.00415588216856122,0.011744827032089233,0.13862963020801544
563.8178100585938,554.241455078125,0.013426367193460464,0.002679354278370738,0.15234798192977905
458.1507873535156,448.7121276855469,0.012601133435964584,0.003418894950300455,0.1428653597831726
552.1539916992188,542.4461059570312,0.00338032771833241,0.013159578666090965,0.143791064620018
448.0059509277344,438.9848937988281,0.004133101087063551,0.011149412952363491,0.13797973096370697
557.3505249023438,547.8467407226562,0.013290870003402233,0.0026648163329809904,0.15259204804897308
451.7251281738281,442.4212646484375,0.012308499775826931,0.0034696960356086493,0.14147616922855377
548.9558715820312,539.4701538085938,0.0033489337656646967,0.012745101004838943,0.14387498795986176
444.31121826171875,435.6050109863281,0.004067672416567802,0.010594150051474571,0.13753153383731842
551.1842041015625,541.830322265625,0.012981441803276539,0.0026607713662087917,0.15327657759189606
445.7276916503906,436.5342712402344,0.012045979499816895,0.00352515559643507,0.14078782498836517
545.1541748046875,535.9501953125,0.0033451253548264503,0.012187576852738857,0.14376449584960938
440.1468505859375,431.7768859863281,0.00402675149962306,0.00996943935751915,0.13718602061271667
545.6417236328125,536.5518188476562,0.01244377251714468,0.0026702587492763996,0.1532875895500183
440.543212890625,431.51727294921875,0.011617985554039478,0.003626415738835931,0.140375018119812
540.2993774414062,531.3956909179688,0.0033628845121711493,0.01158107165247202,0.14316952228546143
435.3156433105469,427.3045959472656,0.004052605014294386,0.009233125485479832,0.13681922852993011
540.5667724609375,531.7999877929688,0.01181122101843357,0.0026778941974043846,0.1522214412689209
436.0513610839844,427.2818603515625,0.010980685241520405,0.003765910165384412,0.1396210789680481
534.2982177734375,525.6556396484375,0.0033846686128526926,0.011056414805352688,0.14220336079597473
430.0895690917969,422.41290283203125,0.004131298046559095,0.00849460531026125,0.13637124001979828
535.1322021484375,526.6796264648438,0.011223613284528255,0.002669029403477907,0.15062279999256134
431.6826477050781,423.2309265136719,0.010254483669996262,0.003881806042045355,0.1383589506149292
527.5557250976562,519.1484985351562,0.0033945387694984674,0.01059601828455925,0.14119388163089752
425.11602783203125,417.7127990722656,0.004213627893477678,0.00787415262311697,0.13593320548534393
528.458251953125,520.28759765625,0.010699549689888954,0.002658644923940301,0.14915995299816132
426.8996887207031,418.77667236328125,0.009573436342179775,0.003933211322873831,0.1369679570198059
520.55712890625,512.4520263671875,0.0033957501873373985,0.010008498094975948,0.14029814302921295
420.7845458984375,413.6186218261719,0.004259475506842136,0.00735984742641449,0.13562512397766113
520.3614501953125,512.469970703125,0.01014835573732853,0.00267636775970459,0.1479133665561676
421.7362060546875,413.90692138671875,0.008983392268419266,0.003959059249609709,0.1358068734407425
513.2174072265625,505.5474853515625,0.0034053779672831297,0.009145794436335564,0.13943427801132202
416.7687683105469,409.86016845703125,0.004269265104085207,0.006837946362793446,0.13549688458442688
511.5354309082031,503.9594421386719,0.009478227235376835,0.0027434343937784433,0.1465160995721817
416.7680969238281,409.1759948730469,0.00846055056899786,0.004025976173579693,0.1348855048418045
505.1394348144531,497.9820556640625,0.0034393516834825277,0.008106183260679245,0.13846124708652496
412.4737243652344,405.8591613769531,0.004271610174328089,0.0062452699057757854,0.13560964167118073
503.0224914550781,495.79620361328125,0.008702495135366917,0.002856306964531541,0.14468879997730255
412.52618408203125,405.12158203125,0.007982461713254452,0.004145716316998005,0.13405238091945648
496.4610595703125,489.7610168457031,0.003506814129650593,0.007146401330828667,0.13734382390975952
407.7718505859375,401.4327087402344,0.004285919014364481,0.005671931896358728,0.13602270185947418
495.5021667480469,488.61639404296875,0.007945858873426914,0.0029754883144050837,0.14251145720481873
408.9925842285156,401.74395751953125,0.007578240241855383,0.004253916908055544,0.13325625658035278
488.0067138671875,481.62286376953125,0.003602537326514721,0.0064414008520543575,0.1361883133649826
403.0684509277344,396.9116516113281,0.004301328677684069,0.005278471857309341,0.13669127225875854
488.9418029785156,482.326171875,0.007359543349593878,0.003066856414079666,0.1402435451745987
405.7910461425781,398.6780090332031,0.00731747318059206,0.004257561173290014,0.1325545310974121
480.3738098144531,474.1730651855469,0.003700103610754013,0.005998348817229271,0.13515430688858032
398.8515625,392.76239013671875,0.004283832386136055,0.005145374219864607,0.13745616376399994
482.7530822753906,476.2915344238281,0.007031205575913191,0.0031310005579143763,0.13804425299167633
402.7224426269531,395.7128601074219,0.0072521488182246685,0.004127312917262316,0.13198475539684296
473.4644470214844,467.3747253417969,0.0037620968651026487,0.00572925666347146,0.1344044804573059
395.4478759765625,389.3482360839844,0.004209613893181086,0.0052258651703596115,0.13818907737731934
476.4409484863281,470.0135498046875,0.006957444362342358,0.0031782768201082945,0.13595318794250488
399.8232421875,392.8590087890625,0.007367636542767286,0.003930483944714069,0.13151755928993225
467.2132568359375,461.2158203125,0.003766773035749793,0.005546679720282555,0.1340707540512085
392.82763671875,386.6962890625,0.0040910872630774975,0.005392895545810461,0.1389346420764923
470.3287658691406,463.8501281738281,0.007065698504447937,0.0032109327148646116,0.13403397798538208
397.00457763671875,390.0202331542969,0.007589453365653753,0.003756733378395438,0.13112612068653107
462.0864562988281,456.1721496582031,0.003725334070622921,0.0054193660616874695,0.1341952681541443
390.5469970703125,384.40234375,0.0039657531306147575,0.005526259075850248,0.13986581563949585
465.19281005859375,458.6334228515625,0.00724876718595624,0.0032216014806181192,0.13241900503635406
394.0419616699219,386.9971923828125,0.007828978821635246,0.0036436780355870724,0.13084354996681213
458.3197937011719,452.4583740234375,0.0036694181617349386,0.0053593167103827,0.1347033679485321
388.0940856933594,381.9585266113281,0.0038624750450253487,0.005587024614214897,0.14107955992221832
461.25775146484375,454.6475830078125,0.007401383016258478,0.0031943274661898613,0.13123172521591187
390.8119812011719,383.7018737792969,0.008030321449041367,0.003575342707335949,0.13072925806045532
455.4337463378906,449.5772399902344,0.0036268108524382114,0.005376521497964859,0.13548322021961212
385.12811279296875,379.0033874511719,0.003788742469623685,0.005611896514892578,0.14244195818901062
458.1485595703125,451.5542907714844,0.007452191784977913,0.0031260347459465265,0.13051389157772064
387.2464904785156,380.0920104980469,0.008175707422196865,0.0035176677629351616,0.13078084588050842
452.7676696777344,446.87451171875,0.0036091492511332035,0.005447473842650652,0.13648419082164764
381.4849548339844,375.35479736328125,0.003741069231182337,0.0056464490480721,0.14364121854305267
455.3354187011719,448.82147216796875,0.007380806375294924,0.0030425607692450285,0.13022717833518982
383.29150390625,376.1266784667969,0.0082563990727067,0.00345474760979414,0.13092559576034546
449.7770690917969,443.8354187011719,0.0036153458058834076,0.005512696225196123,0.13776181638240814
377.2328186035156,371.0844421386719,0.003716967301443219,0.005690593738108873,0.1444617658853531
452.30303955078125,445.9043884277344,0.007212286815047264,0.0029789931140840054,0.13030032813549042
379.0875549316406,371.9530944824219,0.0082491310313344,0.003398000495508313,0.131089448928833
446.1604309082031,440.18975830078125,0.0036390735767781734,0.005513444077223539,0.13944071531295776
372.6532897949219,366.4931945800781,0.0037199335638433695,0.005700680427253246,0.1449795663356781
448.930908203125,442.6523742675781,0.0069940644316375256,0.002949363552033901,0.13068147003650665
374.91815185546875,367.8579406738281,0.00812575127929449,0.003369893180206418,0.13123904168605804
442.0984191894531,436.1205749511719,0.0036730438005179167,0.005450487602502108,0.1416085809469223
368.01318359375,361.8616027832031,0.0037548935506492853,0.005639644339680672,0.14543235301971436
445.5437927246094,439.3726501464844,0.006777958944439888,0.002937275916337967,0.13135239481925964
370.96392822265625,364.0198974609375,0.007884698919951916,0.003376453183591366,0.13134418427944183
437.9349365234375,431.9453430175781,0.0037055143620818853,0.0053901406936347485,0.1441783756017685
363.3507080078125,357.2192077636719,0.003822118043899536,0.00552293611690402,0.14589709043502808
442.46221923828125,436.3830871582031,0.006608824711292982,0.002904288237914443,0.13225851953029633
367.2186279296875,360.42230224609375,0.007569491863250732,0.0033964700996875763,0.13133646547794342
433.84771728515625,427.8153381347656,0.003720673732459545,0.005407999269664288,0.14680446684360504
358.60284423828125,352.47698974609375,0.003913009539246559,0.005416447296738625,0.14611198008060455
439.7001953125,433.6955871582031,0.006517078261822462,0.0028278043027967215,0.1332140415906906
363.55572509765625,356.9252624511719,0.0072487457655370235,0.0033900283742696047,0.13110560178756714
429.8001708984375,423.7003173828125,0.003709331853315234,0.00551075441762805,0.1489807814359665
353.75128173828125,347.5970153808594,0.004009201657027006,0.005386087112128735,0.1456637978553772
436.9308166503906,430.9764709472656,0.006496766582131386,0.0027333328034728765,0.13392852246761322
359.75885009765625,353.30352783203125,0.006971168797463179,0.0033279366325587034,0.13057683408260345
425.6360778808594,419.4913024902344,0.003678796347230673,0.005603392608463764,0.15036888420581818
348.82769775390625,342.6185607910156,0.004091985523700714,0.005438887979835272,0.14436958730220795
433.71636962890625,427.7909851074219,0.0064965528436005116,0.0026703951880335808,0.1341927945613861
355.64031982421875,349.3594055175781,0.006741307210177183,0.0032247237395495176,0.12978997826576233
421.2414855957031,415.1319580078125,0.0036494473461061716,0.005548726301640272,0.151043102145195
343.9161682128906,337.6627502441406,0.004156901501119137,0.005500494502484798,0.1424710899591446
429.7791748046875,423.8803405761719,0.006447401829063892,0.0026702634058892727,0.1340004950761795
351.1490783691406,345.0280456542969,0.0065256450325250626,0.0031388537026941776,0.12887775897979736
416.62396240234375,410.6421203613281,0.0036388887092471123,0.005298703908920288,0.1513032764196396
339.123291015625,332.8805847167969,0.00422142306342721,0.005454646423459053,0.1404653936624527
425.18145751953125,419.3191223144531,0.006320273969322443,0.00273495027795434,0.13347227871418
346.4339904785156,340.4483337402344,0.006283311638981104,0.003128576325252652,0.12797380983829498
411.9054260253906,406.0902099609375,0.003649091115221381,0.004956002812832594,0.15126635134220123
334.548095703125,328.3843078613281,0.004313241690397263,0.0052391961216926575,0.13875877857208252
420.1852722167969,414.36688232421875,0.006151092238724232,0.0028318511322140694,0.13269005715847015
341.7151794433594,335.8424377441406,0.00599522702395916,0.0032073408365249634,0.12714415788650513
407.18658447265625,401.505859375,0.0036658982280641794,0.004681128542870283,0.15072131156921387
330.2408447265625,324.1834411621094,0.0044484068639576435,0.004917810205370188,0.1374298632144928
414.9619445800781,409.1947021484375,0.006001836154609919,0.00289930310100317,0.13166922330856323
337.0528259277344,331.2832336425781,0.005680848378688097,0.0033301697112619877,0.1264054775238037
402.54852294921875,396.9445495605469,0.0036698824260383844,0.004550218116492033,0.14939211308956146
326.24468994140625,320.259765625,0.004612739663571119,0.004632619209587574,0.13622476160526276
409.4949645996094,403.78729248046875,0.005907948594540358,0.0028988353442400694,0.1304292529821396
332.3228454589844,326.665283203125,0.005386565811932087,0.0034134001471102238,0.12575672566890717
398.1186218261719,392.5648498535156,0.003654479281976819,0.004506836645305157,0.1473119705915451
322.6604309082031,316.6894836425781,0.004763669800013304,0.004482502583414316,0.13478654623031616
403.66998291015625,398.0165100097656,0.005860613193362951,0.0028649771120399237,0.12906870245933533
327.409423828125,321.881103515625,0.0051536536775529385,0.0033987080678343773,0.1252148300409317
393.985595703125,388.51495361328125,0.003629293292760849,0.004413793329149485,0.14491023123264313
319.5650634765625,313.57537841796875,0.00485851289704442,0.004461177624762058,0.13298389315605164
397.5076599121094,391.8802795410156,0.005823102779686451,0.00287722353823483,0.12772217392921448
322.404296875,317.00628662109375,0.004994750954210758,0.0033048130571842194,0.12482147663831711
390.0967102050781,384.7808837890625,0.0036085823085159063,0.004167461767792702,0.14277853071689606
316.850830078125,310.8570556640625,0.004884907975792885,0.004481591749936342,0.13105052709579468
391.36065673828125,385.7188415527344,0.005759380292147398,0.002994369948282838,0.12649516761302948
317.5984191894531,312.3011779785156,0.004895481746643782,0.0032076144125312567,0.12457083910703659
386.31878662109375,381.2051086425781,0.0036003480199724436,0.0038002023939043283,0.1413397490978241
314.2859802246094,308.33734130859375,0.004865058232098818,0.004444613121449947,0.12938068807125092
385.712158203125,380.0234680175781,0.005659577436745167,0.0032088712323457003,0.1254444271326065
313.2649841308594,308.0171813964844,0.00482999999076128,0.0031783173326402903,0.12436575442552567
382.57733154296875,377.6453857421875,0.0036029191687703133,0.0034495354630053043,0.14057275652885437
311.87493896484375,306.0202331542969,0.004830772057175636,0.004314481746405363,0.1282087117433548
380.6285095214844,374.8934326171875,0.005552754271775484,0.0034257331863045692,0.12458222359418869
309.3390808105469,304.0919189453125,0.004776395857334137,0.0032358074095100164,0.12410461902618408
379.0196228027344,374.21337890625,0.0036015762016177177,0.0032113930210471153,0.13997577130794525
310.3790283203125,304.6260070800781,0.004798596724867821,0.004157852381467819,0.1274825483560562
374.97479248046875,369.2266845703125,0.005507829133421183,0.0035114437341690063,0.12384619563817978
305.16595458984375,299.8907470703125,0.004722926300019026,0.0033509121276438236,0.12382685393095016
375.5350036621094,370.8323974609375,0.003573884256184101,0.0030537962447851896,0.1388760656118393
312.73016357421875,307.0179748535156,0.004755411762744188,0.004129581153392792,0.12696753442287445
363.05694580078125,357.2880859375,0.005663631483912468,0.0034129819832742214,0.12305495142936707
301.02618408203125,295.70794677734375,0.004657874349504709,0.0035030976869165897,0.12377732247114182
365.5089416503906,360.9565734863281,0.0035187022294849157,0.002849085722118616,0.13684824109077454
331.642578125,325.8214111328125,0.0046583921648561954,0.004454356152564287,0.12647892534732819
309.2544250488281,303.1024169921875,0.006487429141998291,0.0033774615731090307,0.12195727229118347
293.97552490234375,288.876953125,0.004222804680466652,0.003477279795333743,0.12485423684120178
331.1955871582031,326.8254699707031,0.003453952958807349,0.0026053369510918856,0.13404709100723267
352.1156005859375,345.7915344238281,0.004853163380175829,0.005282517056912184,0.1256217062473297
172.12513732910156,164.62657165527344,0.008243594318628311,0.004332879092544317,0.12103328853845596
281.9250183105469,276.6877746582031,0.004905601963400841,0.0029096051584929228,0.13296441733837128
391.25689697265625,386.0884704589844,0.003714349353685975,0.003961875569075346,0.1330331712961197
148.8052520751953,137.9659423828125,0.011366217397153378,0.007880485616624355,0.12159540504217148
360.1446228027344,355.0961608886719,0.004599798005074263,0.0030143186450004578,0.12414002418518066
131.51678466796875,126.8668441772461,0.004400048870593309,0.0023735046852380037,0.12631720304489136
986.5193481445312,975.7666625976562,0.014926761388778687,0.0041452511213719845,0.12166747450828552
1182.5616455078125,1141.50048828125,0.056080162525177,0.023677879944443703,0.11821551620960236
138.0897216796875,82.94404602050781,0.06114684045314789,0.04684273898601532,0.11508826911449432
4047.2724609375,3359.923583984375,0.7750974893569946,0.5960497260093689,0.1775396466255188
7962.0185546875,6339.048828125,1.8915396928787231,1.3498649597167969,0.22677050530910492
4587.4296875,3447.377197265625,1.4642910957336426,0.8116380572319031,0.20879203081130981
683.1473388671875,580.9685668945312,0.15349362790584564,0.048002276569604874,0.14308497309684753
2030.395263671875,1550.3778076171875,0.6179279685020447,0.33987104892730713,0.1117909625172615
3545.471435546875,2254.5458984375,1.7959808111190796,0.7837396860122681,0.1065126359462738
1940.79541015625,940.785888671875,1.3023377656936646,0.6957278847694397,0.09766937047243118
1061.6678466796875,998.276123046875,0.04669526591897011,0.07725422829389572,0.141696035861969
3008.476318359375,2190.174072265625,1.160530924797058,0.47171419858932495,0.2179735153913498
2400.9013671875,1297.82373046875,1.526498794555664,0.6753078699111938,0.21742601692676544
1009.938720703125,840.3818969726562,0.2673245668411255,0.06772202998399734,0.20335282385349274
1119.955322265625,786.729736328125,0.4570678472518921,0.20590080320835114,0.1741204410791397
1057.39404296875,497.1123046875,0.9370826482772827,0.18124042451381683,0.11201479285955429
982.130615234375,927.7128295898438,0.05406302213668823,0.050971485674381256,0.1900511234998703
1170.624267578125,615.2385864257812,0.9411798119544983,0.164693221449852,0.24492517113685608
855.040771484375,817.864013671875,0.019757330417633057,0.05178450047969818,0.14058151841163635
1088.4566650390625,678.1127319335938,0.6988943219184875,0.11858365684747696,0.16047979891300201
712.7208251953125,663.9691772460938,0.04346280172467232,0.05068950355052948,0.16754741966724396
857.9564208984375,675.4622192382812,0.3129616975784302,0.04762081056833267,0.22029143571853638
753.701171875,601.8030395507812,0.27442702651023865,0.026704465970396996,0.1332424283027649
682.6036376953125,618.1182861328125,0.053536102175712585,0.07289914041757584,0.126770481467247
826.9705200195312,616.165283203125,0.4094448387622833,0.009964237920939922,0.11007367819547653
506.309326171875,428.8619079589844,0.12249624729156494,0.029796523973345757,0.1301032304763794
615.4705810546875,523.3359985351562,0.1643286645412445,0.01707468554377556,0.1432919055223465
720.5888061523438,570.805419921875,0.29088643193244934,0.005565914791077375,0.15572048723697662
607.2802734375,597.1084594726562,0.009224875830113888,0.008116742596030235,0.15009595453739166
586.0901489257812,461.0580749511719,0.2435906082391739,0.004170948639512062,0.11512770503759384
416.3710632324219,353.5042419433594,0.09147627651691437,0.03203873336315155,0.11093226075172424
510.2111511230469,462.3535461425781,0.06233162060379982,0.030529601499438286,0.1426987200975418
678.5055541992188,610.8802490234375,0.12801332771778107,0.004402106627821922,0.1417624056339264
472.1917419433594,447.3631896972656,0.015187513083219528,0.031465720385313034,0.15019243955612183
338.86492919921875,298.4941711425781,0.0678648129105568,0.00988553836941719,0.1495562642812729
383.0337829589844,344.427734375,0.028477950021624565,0.046023737639188766,0.1355205625295639
378.66229248046875,361.8583068847656,0.00431183073669672,0.024813037365674973,0.22415590286254883
333.8590393066406,324.8191223144531,0.010547047480940819,0.004696776159107685,0.1417994648218155
442.8023681640625,436.2247314453125,0.005317301955074072,0.004578593652695417,0.1629711240530014
362.0932312011719,351.6690673828125,0.014359516091644764,0.004099599551409483,0.11946210265159607
347.6234436035156,332.5716857910156,0.01223105750977993,0.015468045137822628,0.12022123485803604
247.91192626953125,239.71632385253906,0.004242829047143459,0.009495815262198448,0.13262757658958435
419.7298889160156,415.0667724609375,0.0035751694813370705,0.0032321668695658445,0.12594550848007202
203.68853759765625,195.1328125,0.00390631752088666,0.010544256307184696,0.13304409384727478
870.7478637695312,857.7147827148438,0.00424262834712863,0.018666166812181473,0.15786924958229065
787.98095703125,746.455810546875,0.007236633915454149,0.07211976498365402,0.18469452857971191
635.1487426757812,601.347900390625,0.040284138172864914,0.02488844282925129,0.1214519515633583
911.5028686523438,876.6494140625,0.03251667320728302,0.03367924317717552,0.17554642260074615
447.08209228515625,425.9751281738281,0.008874780498445034,0.030238451436161995,0.15503472089767456
706.3820190429688,695.0996704101562,0.005861444864422083,0.0135578578338027,0.1572662740945816
645.9685668945312,601.286376953125,0.005956385750323534,0.08019057661294937,0.16086909174919128
786.85498046875,766.746826171875,0.017273204401135445,0.019835280254483223,0.15539197623729706
1224.4853515625,1162.8037109375,0.07098838686943054,0.04683184251189232,0.2771483361721039
641.5870971679688,588.0326538085938,0.075566865503788,0.0284884050488472,0.1526796966791153
813.7887573242188,800.056884765625,0.014800849370658398,0.004376261029392481,0.4143289625644684
696.720947265625,658.6024780273438,0.017714692279696465,0.05441677197813988,0.20527583360671997
555.8854370117188,515.5253295898438,0.010654119774699211,0.0655759871006012,0.2245061993598938
541.7600708007812,523.4187622070312,0.02256133407354355,0.01069201435893774,0.17146438360214233
565.9688720703125,532.981201171875,0.03995251655578613,0.02156214229762554,0.2230328470468521
477.1497802734375,458.6073913574219,0.011938008479773998,0.01946268044412136,0.2842055559158325
573.7969970703125,561.16943359375,0.011396595276892185,0.010679938830435276,0.15893001854419708
448.1312561035156,401.2727355957031,0.01949133165180683,0.06986308842897415,0.2181290090084076
728.545166015625,711.738037109375,0.020722968503832817,0.006581760477274656,0.31547805666923523
809.9443969726562,750.899658203125,0.09095029532909393,0.019810210913419724,0.3664485812187195
694.6171875,664.0425415039062,0.040732406079769135,0.015535756014287472,0.24405355751514435
705.3762817382812,684.6991577148438,0.005252182018011808,0.03008793666958809,0.3007062077522278
682.6680297851562,629.7697143554688,0.02546737901866436,0.0768057256937027,0.17618051171302795
605.422119140625,585.3787841796875,0.0048004877753555775,0.02983074076473713,0.27277347445487976
614.2342529296875,576.9385986328125,0.043103791773319244,0.028600478544831276,0.14435428380966187
470.9356689453125,433.27911376953125,0.05701673403382301,0.014702444896101952,0.17969800531864166
622.1720581054688,600.404052734375,0.003448277013376355,0.03645007312297821,0.18188585340976715
580.138671875,525.630615234375,0.031414713710546494,0.07430031150579453,0.16505800187587738
621.8819580078125,615.4481811523438,0.0032456503249704838,0.006712912116199732,0.14544855058193207
650.7224731445312,599.3950805664062,0.04523198679089546,0.05442599952220917,0.14984428882598877
568.6393432617188,538.54931640625,0.04191628471016884,0.014039757661521435,0.21120049059391022
530.0965576171875,490.86016845703125,0.005081378389149904,0.07092461735010147,0.12334031611680984
511.91162109375,488.0490417480469,0.008212991058826447,0.03456340730190277,0.2474372535943985
438.3248596191406,429.0515441894531,0.0049382708966732025,0.01068804319947958,0.1460139900445938
457.666748046875,441.37451171875,0.00969289243221283,0.016103914007544518,0.3393820524215698
347.927001953125,332.8963623046875,0.014940165914595127,0.010548567399382591,0.2286297231912613
535.5015869140625,519.2050170898438,0.004153617192059755,0.02442118525505066,0.2009168565273285
410.4117736816406,390.6651306152344,0.003426390001550317,0.03062877058982849,0.2719055116176605
586.2107543945312,580.4990844726562,0.0033439858816564083,0.005273195914924145,0.1403045803308487
571.9501342773438,562.8895874023438,0.006784066557884216,0.006018282845616341,0.26593807339668274
421.4722595214844,411.3657531738281,0.011127341538667679,0.006690009962767363,0.11978533118963242
460.345947265625,452.31817626953125,0.007678341586142778,0.005523082800209522,0.14270614087581635
388.8521423339844,368.68218994140625,0.003119345521554351,0.03469680994749069,0.12618829309940338
364.13348388671875,354.2035827636719,0.0029602607246488333,0.014164148829877377,0.1367696225643158
400.4660339355469,395.12432861328125,0.004806362092494965,0.0034548903349786997,0.12111041694879532
299.687744140625,288.70538330078125,0.008474338799715042,0.01114924531430006,0.11705761402845383
446.5619201660156,440.6084289550781,0.004851684905588627,0.0047369529493153095,0.1159169152379036
293.9410400390625,280.5256652832031,0.0029764308128505945,0.02120828442275524,0.13230276107788086
487.01422119140625,480.1685485839844,0.004257732070982456,0.00671601016074419,0.13587816059589386
418.3621826171875,411.7720947265625,0.007636863272637129,0.002709711901843548,0.1416800618171692
343.524169921875,335.0625305175781,0.012160444632172585,0.0023870759177953005,0.11878670006990433
322.5052490234375,317.9723815917969,0.0031551665160804987,0.003275409108027816,0.13175727427005768
433.5270690917969,428.2955322265625,0.005492472089827061,0.0025968325790017843,0.1186889111995697
342.3204650878906,337.1852111816406,0.003431198187172413,0.004364633001387119,0.12373355031013489
274.4075927734375,264.1363220214844,0.012744062580168247,0.0053642624989151955,0.12171094119548798
215.3881378173828,209.34471130371094,0.004621940664947033,0.004767598118633032,0.13486677408218384
424.717041015625,416.63653564453125,0.004802271723747253,0.00891601201146841,0.12213815003633499
295.96417236328125,290.6611328125,0.005715109873563051,0.0024062625598162413,0.12423395365476608
400.3567199707031,390.861328125,0.005953249521553516,0.010061340406537056,0.14880900084972382
351.7337646484375,334.5625305175781,0.018555378541350365,0.012607341632246971,0.15898656845092773
404.6343688964844,398.0367431640625,0.006000126712024212,0.004445032216608524,0.137506365776062
402.3677978515625,396.5898742675781,0.0031781597062945366,0.005124025046825409,0.1626834124326706
271.78668212890625,267.0494079589844,0.0033415353391319513,0.0035618168767541647,0.12855969369411469
235.80303955078125,229.5571746826172,0.004422954749315977,0.004971682094037533,0.1548546701669693
487.8473815917969,483.4722595214844,0.0036908534821122885,0.0025396489072591066,0.1259870082139969
434.43011474609375,429.0014953613281,0.00429267855361104,0.0036103299353271723,0.1477118283510208
285.70855712890625,275.4917907714844,0.009953566826879978,0.008203807286918163,0.11381056904792786
479.24090576171875,471.34375,0.00714534055441618,0.005592999514192343,0.15279822051525116
147.65359497070312,142.2497100830078,0.0033001324627548456,0.004308380652219057,0.15996207296848297
632.9802856445312,622.4569091796875,0.004809938371181488,0.010086257010698318,0.3075234293937683
339.424072265625,332.73724365234375,0.003405945608392358,0.005518840625882149,0.22244414687156677
935.8970947265625,914.3881225585938,0.018957389518618584,0.015713941305875778,0.4173250198364258
1210.2442626953125,1157.3515625,0.04224598780274391,0.05193525180220604,0.580209493637085
488.9146423339844,457.01483154296875,0.028343897312879562,0.03321467712521553,0.1120520755648613
923.24560546875,915.5543212890625,0.006840451154857874,0.003545203944668174,0.2498455047607422
670.0961303710938,657.3680419921875,0.00911575835198164,0.011274517513811588,0.2532937228679657
692.2996826171875,679.307373046875,0.016851304098963737,0.0068007828667759895,0.1166253611445427
722.20361328125,687.7437133789062,0.03678244352340698,0.026912568137049675,0.2612348198890686
528.818115234375,517.8693237304688,0.014388992451131344,0.0048834700137376785,0.131259024143219
640.4718627929688,632.277099609375,0.0037153682205826044,0.008215339854359627,0.22294467687606812
470.87841796875,462.7406921386719,0.010288580320775509,0.002987199928611517,0.14998473227024078
472.621337890625,459.18328857421875,0.003092688275501132,0.018735043704509735,0.2524160146713257
301.1280212402344,277.0594482421875,0.03213001787662506,0.013651025481522083,0.11780288815498352
665.3987426757812,654.1533203125,0.004579942673444748,0.014435430988669395,0.17377157509326935
592.344970703125,574.420166015625,0.01731499284505844,0.01572602242231369,0.14042845368385315
578.148681640625,568.6903686523438,0.005487555172294378,0.009258363395929337,0.2085321545600891
788.30419921875,754.9852905273438,0.026893747970461845,0.03643331304192543,0.16553948819637299
434.62115478515625,399.9219055175781,0.05418180301785469,0.012753048911690712,0.12317993491888046
615.9451904296875,608.6544799804688,0.0037866493221372366,0.007883057929575443,0.14558981359004974
440.4358215332031,426.1016540527344,0.021148383617401123,0.004943729378283024,0.1288129687309265
524.8511962890625,519.3142700195312,0.0038662394508719444,0.005045533645898104,0.10810303688049316
506.3330078125,483.47052001953125,0.02811756171286106,0.013155900873243809,0.22257758677005768
531.87890625,523.5000610351562,0.010181167162954807,0.003507278859615326,0.15346091985702515
582.8763427734375,573.7349243164062,0.0041192322969436646,0.0076459902338683605,0.3258768916130066
490.3580017089844,484.0932922363281,0.003757145954295993,0.0057680499739944935,0.15021027624607086
557.9749755859375,542.1448974609375,0.008310758508741856,0.019268734380602837,0.20403151214122772
466.558349609375,455.20196533203125,0.013714557513594627,0.006065862253308296,0.14661821722984314
484.01220703125,475.1942443847656,0.008043697103857994,0.006967476103454828,0.13123783469200134
513.3599243164062,506.9736633300781,0.0038845762610435486,0.005834460724145174,0.15267568826675415
556.2930297851562,547.6990356445312,0.004936314653605223,0.00925909448415041,0.14962731301784515
438.3366394042969,425.7587890625,0.00934559479355812,0.013471225276589394,0.11694450676441193
498.18280029296875,479.6346740722656,0.027595140039920807,0.00723996153101325,0.11305952817201614
460.17315673828125,447.88116455078125,0.01873619109392166,0.003619962837547064,0.11139155179262161
280.1088562011719,275.08856201171875,0.004569096490740776,0.00309380074031651,0.11888468265533447
468.7329406738281,460.3603820800781,0.009293350391089916,0.004815204534679651,0.13182775676250458
323.4942626953125,315.7838134765625,0.0034341535065323114,0.008365354500710964,0.18106971681118011
463.92694091796875,456.1708068847656,0.010307635180652142,0.0026017134077847004,0.13014553487300873
385.0931396484375,371.46600341796875,0.02096644788980484,0.002983280923217535,0.16522744297981262
324.5209045410156,317.6312255859375,0.00830048881471157,0.0028687813319265842,0.13050666451454163
291.0848388671875,286.0936279296875,0.00447011087089777,0.0023953416384756565,0.15584677457809448
388.1608581542969,381.3013610839844,0.008486219681799412,0.0027645323425531387,0.12341268360614777
324.88397216796875,319.0414123535156,0.004697753582149744,0.0042497036047279835,0.13688239455223083
346.7584228515625,336.073486328125,0.014230978675186634,0.004640377592295408,0.12492763251066208
303.7355041503906,291.81640625,0.014254158362746239,0.0064473929814994335,0.15683382749557495
266.9772644042969,261.7076416015625,0.004048317205160856,0.004127591382712126,0.11816566437482834
272.343994140625,265.1703186035156,0.00890228059142828,0.0027028745971620083,0.13710874319076538
289.98101806640625,284.5705871582031,0.0050749946385622025,0.0031781226862221956,0.12838758528232574
268.2791748046875,261.1831359863281,0.009184041060507298,0.0025222611147910357,0.1242903396487236
265.5252990722656,252.81298828125,0.018531328067183495,0.004056371282786131,0.14184533059597015
230.2598419189453,224.86737060546875,0.004092964809387922,0.004398161545395851,0.11469162255525589
245.4381866455078,238.20933532714844,0.006732383277267218,0.005532893352210522,0.10962049663066864
204.8660430908203,199.94256591796875,0.0032230501528829336,0.004296599887311459,0.11636462807655334
295.8213195800781,288.90618896484375,0.009287619963288307,0.0021992051042616367,0.11717335879802704
191.90345764160156,183.34844970703125,0.01250660140067339,0.0022093821316957474,0.1197027936577797
249.4761505126953,245.45684814453125,0.003028446575626731,0.0026055544149130583,0.12022947520017624
263.7958068847656,257.0693664550781,0.0073001873679459095,0.003882171120494604,0.11352458596229553
172.3567352294922,168.59417724609375,0.0028743483126163483,0.0024984742049127817,0.10761427134275436
299.2220764160156,291.5235290527344,0.008749817498028278,0.004389080218970776,0.11290919780731201
167.29454040527344,157.58802795410156,0.014443069696426392,0.002484664088115096,0.12426505237817764
254.51824951171875,250.473876953125,0.0031389000359922647,0.0026065290439873934,0.11716589331626892
226.49859619140625,219.47898864746094,0.008615482598543167,0.003190770745277405,0.111648790538311
225.9531707763672,220.00852966308594,0.0036677224561572075,0.00598845025524497,0.11165668815374374
193.69041442871094,184.3855438232422,0.01060200110077858,0.005614838097244501,0.11964559555053711
234.89334106445312,226.6635284423828,0.01195789035409689,0.0022070775739848614,0.11473288387060165
184.73629760742188,178.92311096191406,0.004422405268996954,0.004866768606007099,0.11685886979103088
224.21310424804688,216.10166931152344,0.008748124353587627,0.00517994724214077,0.11473987251520157
173.1604766845703,166.04376220703125,0.005016307346522808,0.006741158198565245,0.1237974688410759
241.9564208984375,235.26959228515625,0.008812800981104374,0.00228914525359869,0.11358553916215897
175.379150390625,162.46917724609375,0.01864164136350155,0.004896630998700857,0.11408393085002899
220.01730346679688,214.27783203125,0.003565677907317877,0.005621195770800114,0.11460476368665695
170.59234619140625,161.48240661621094,0.008128415793180466,0.007697221823036671,0.11971258372068405
235.47264099121094,231.4863739013672,0.00288977543823421,0.0027092064265161753,0.11867830157279968
163.78607177734375,154.727294921875,0.010419195517897606,0.005440735258162022,0.11288073658943176
236.662841796875,231.60418701171875,0.003972769249230623,0.003832260612398386,0.11561455577611923
158.8771514892578,153.55157470703125,0.0033461039420217276,0.005060900468379259,0.11220712214708328
199.6931915283203,195.79312133789062,0.002898090984672308,0.0025612523313611746,0.11703873425722122
193.6170196533203,189.21275329589844,0.003300453769043088,0.0031048988457769156,0.1201578825712204
217.27581787109375,212.69793701171875,0.0032528152223676443,0.0036584138870239258,0.1122264638543129
169.111328125,164.144287109375,0.0046325125731527805,0.0030845424626022577,0.11085256934165955
182.43783569335938,177.81761169433594,0.004567149560898542,0.0023822165094316006,0.11455375701189041
183.60003662109375,179.93858337402344,0.0030261105857789516,0.0019064442021772265,0.11951737105846405
210.942626953125,205.76866149902344,0.00340940966270864,0.00467921607196331,0.11296474188566208
171.82879638671875,167.51121520996094,0.003326206700876355,0.003081837436184287,0.11135626584291458
161.81295776367188,156.70831298828125,0.005735966842621565,0.002156810602173209,0.1158256083726883
217.9371337890625,213.32803344726562,0.004679796751588583,0.002216226188465953,0.11610803753137589
130.72177124023438,125.71105194091797,0.003021719865500927,0.004773121792823076,0.11132960021495819
227.35614013671875,223.58172607421875,0.0029971592593938112,0.0022944423835724592,0.11286100745201111
110.77411651611328,106.5641098022461,0.0033154026605188847,0.002751923631876707,0.11763472855091095
289.73883056640625,284.9337158203125,0.0042462958954274654,0.0031010292004793882,0.1131431832909584
107.3362045288086,102.8787841796875,0.004281927831470966,0.0024124926421791315,0.11102060973644257
302.3075866699219,297.8501892089844,0.0033677420578897,0.003124588169157505,0.1211242601275444
179.72694396972656,174.42005920410156,0.003168599447235465,0.00504979258403182,0.11976974457502365
335.703125,329.7489929199219,0.005595638416707516,0.004040407948195934,0.11361069232225418
226.42247009277344,220.03407287597656,0.008424971252679825,0.0020873218309134245,0.11322534829378128
312.8462829589844,306.1756286621094,0.003608696162700653,0.007073715329170227,0.1329440474510193
229.8877410888672,221.87525939941406,0.003734275698661804,0.009854006581008434,0.12183310836553574
518.41845703125,510.56219482421875,0.005449204705655575,0.007837769575417042,0.12127698212862015
517.0791015625,505.5719909667969,0.011600506491959095,0.008944060653448105,0.12348020076751709
281.0631103515625,272.97650146484375,0.005035092122852802,0.008382068015635014,0.13780267536640167
670.7642211914062,658.541015625,0.004546196199953556,0.017016490921378136,0.14418631792068481
268.0491943359375,255.69871520996094,0.003678281791508198,0.018757399171590805,0.1132628470659256
872.1200561523438,862.4910278320312,0.008747163228690624,0.00824296846985817,0.1133958101272583
1360.9012451171875,1330.9683837890625,0.02328024059534073,0.03427644819021225,0.11545044928789139
618.6890258789062,603.379638671875,0.023511476814746857,0.00482732942327857,0.11399710923433304
423.4000244140625,402.84405517578125,0.01085103489458561,0.02794169820845127,0.11595981568098068
468.4949035644531,452.7352294921875,0.004041018895804882,0.025158904492855072,0.11596858501434326
391.510009765625,387.0970458984375,0.00351747521199286,0.0029821754433214664,0.11631620675325394
284.6395263671875,279.1731262207031,0.002927201334387064,0.005684723146259785,0.11604297161102295
347.054931640625,342.8416748046875,0.004142813850194216,0.0019710895139724016,0.11563027650117874
390.0837707519531,382.1334228515625,0.011131725274026394,0.0024775019846856594,0.1145716980099678
194.23526000976562,185.46176147460938,0.007571494206786156,0.007870408706367016,0.10525517165660858
521.05078125,515.295166015625,0.004379742778837681,0.003863048739731312,0.1634235829114914
413.6495361328125,406.3419189453125,0.007412244565784931,0.004350506700575352,0.1426229625940323
229.916748046875,223.57411193847656,0.0056516374461352825,0.004629248287528753,0.12021923065185547
475.5773010253906,462.7457275390625,0.015358608216047287,0.008254585787653923,0.10249485820531845
277.126953125,262.9385986328125,0.015065973624587059,0.011172378435730934,0.10691895335912704
577.6572875976562,571.864013671875,0.004186369013041258,0.005057408008724451,0.11713874340057373
583.8637084960938,566.4452514648438,0.012897860258817673,0.019328700378537178,0.13051702082157135
666.2418823242188,661.7720336914062,0.0035845383536070585,0.002619186183437705,0.13679935038089752
770.9539794921875,752.441650390625,0.01466461643576622,0.020009534433484077,0.11752379685640335
609.4257202148438,564.4561157226562,0.025118933990597725,0.06278589367866516,0.10172191262245178
622.1153564453125,590.1729125976562,0.021012689918279648,0.04086042940616608,0.10058760643005371
381.9031677246094,374.88751220703125,0.006769952364265919,0.004890687298029661,0.118534155189991
617.0958862304688,596.227294921875,0.0043609109707176685,0.03443145379424095,0.1472429633140564
236.83128356933594,221.97425842285156,0.0074308873154222965,0.01979258470237255,0.12452847510576248
662.2794799804688,651.342041015625,0.009588000364601612,0.009915949776768684,0.11854622513055801
404.52655029296875,358.7095642089844,0.024790557101368904,0.06475737690925598,0.10430271178483963
809.4736938476562,791.1072387695312,0.007593413814902306,0.026637611910700798,0.12509015202522278
812.8831787109375,804.263916015625,0.004039967432618141,0.010056110098958015,0.15712030231952667
534.48974609375,520.9879760742188,0.004885456059128046,0.019702546298503876,0.12077536433935165
677.9771118164062,663.4885864257812,0.01183257158845663,0.014470168389379978,0.13371677696704865
447.2330627441406,439.60186767578125,0.00937726255506277,0.0032817351166158915,0.1301698237657547
503.9062194824219,488.0644836425781,0.004917181562632322,0.024430155754089355,0.11680629104375839
427.731689453125,415.45928955078125,0.004700362682342529,0.016463078558444977,0.1690683811903
357.8316955566406,352.36407470703125,0.005512905307114124,0.00312990415841341,0.1146216094493866
455.5489196777344,448.4178771972656,0.003960515838116407,0.00742834759876132,0.1436621993780136
353.5054931640625,344.54833984375,0.003549897810444236,0.011612233705818653,0.1376083940267563
464.8446350097656,460.15399169921875,0.0030829140450805426,0.003616341156885028,0.13410072028636932
426.127197265625,410.8564758300781,0.004717521369457245,0.022449998185038567,0.16869612038135529
438.692138671875,428.3580322265625,0.008749870583415031,0.009697968140244484,0.11101846396923065
412.7221984863281,402.646484375,0.015204215422272682,0.0024598243180662394,0.1243671253323555
398.88623046875,391.8427429199219,0.006530174985527992,0.005268770735710859,0.11440184712409973
353.9903564453125,349.764892578125,0.002862677676603198,0.003158473176881671,0.12148697674274445
345.5859069824219,337.2913513183594,0.0031791888177394867,0.010416213423013687,0.14968480169773102
259.8765563964844,253.09466552734375,0.003600416472181678,0.007663866970688105,0.11497502774000168
480.3753662109375,475.8782958984375,0.005024178884923458,0.0016889722319319844,0.11405061930418015
399.5887756347656,393.35760498046875,0.007790992967784405,0.002467919373884797,0.1101711317896843
405.8576354980469,399.52215576171875,0.008587796241044998,0.001835209084674716,0.11239635199308395
427.4479064941406,420.3681945800781,0.005168955307453871,0.006512155756354332,0.12391530722379684
278.5645446777344,268.99066162109375,0.0028175520710647106,0.01412945706397295,0.110036700963974
283.5653381347656,279.1827392578125,0.0030843643471598625,0.0034118087496608496,0.11345217376947403
306.9130554199219,302.31707763671875,0.0037700356915593147,0.003037247573956847,0.11923251301050186
189.98956298828125,185.79135131835938,0.004465545993298292,0.0017328168032690883,0.10990291088819504
404.17547607421875,399.8610534667969,0.004292810335755348,0.0022175267804414034,0.10592743754386902
201.08482360839844,195.11549377441406,0.003091607941314578,0.0067240046337246895,0.1061520054936409
767.9249267578125,762.2846069335938,0.003059262176975608,0.005406273063272238,0.14075599610805511
818.4031982421875,813.9019775390625,0.0036898122634738684,0.0026226257905364037,0.13450175523757935
185.30950927734375,175.2066192626953,0.016053054481744766,0.001937268185429275,0.11077284067869186
600.5416259765625,596.3814086914062,0.002856674138456583,0.0032297975849360228,0.11170291155576706
309.251953125,303.25042724609375,0.004612947814166546,0.004957550670951605,0.12162735313177109
683.421142578125,678.5253295898438,0.00434455880895257,0.002636474324390292,0.1405247300863266
754.343994140625,742.954833984375,0.014713129960000515,0.005913204047828913,0.10759960860013962
330.3333740234375,309.9879150390625,0.021623235195875168,0.01635405793786049,0.1356813609600067
592.9939575195312,586.3744506835938,0.008726829662919044,0.0023030126467347145,0.11046256870031357
473.8631286621094,469.67413330078125,0.0034622997045516968,0.0017658342840149999,0.15749096870422363
503.5268859863281,496.7116394042969,0.004297603853046894,0.006551739759743214,0.1390555053949356
603.50634765625,596.8428344726562,0.002905564848333597,0.008266966789960861,0.1077243983745575
314.8426208496094,304.0625305175781,0.014907527714967728,0.003910912200808525,0.13708874583244324
663.5375366210938,654.1971435546875,0.012756290845572948,0.0036826173309236765,0.11209233105182648
485.03173828125,477.9302978515625,0.007045662496238947,0.004354981705546379,0.14011216163635254
636.731201171875,632.0824584960938,0.0033095732796937227,0.0027398811653256416,0.16240492463111877
695.8076782226562,690.193359375,0.003206200897693634,0.005657413974404335,0.1182498186826706
628.1857299804688,617.8533325195312,0.004761913791298866,0.013650184497237206,0.11263299733400345
434.8175354003906,421.8766784667969,0.010754958726465702,0.012640342116355896,0.12432081252336502
949.2610473632812,941.6017456054688,0.010158166289329529,0.0030131868552416563,0.10736022144556046
769.4661865234375,759.9520874023438,0.013410991989076138,0.002810837933793664,0.14031729102134705
446.57647705078125,431.9667053222656,0.01693335548043251,0.00929439440369606,0.1495908498764038
378.4034423828125,366.6259460449219,0.012827160768210888,0.008448495529592037,0.11396653950214386
550.2594604492188,544.831787109375,0.004835191182792187,0.0038198716938495636,0.11001800745725632
374.646728515625,368.67547607421875,0.003471276257187128,0.006008876953274012,0.12311721593141556
753.1204223632812,745.0525512695312,0.003558404976502061,0.010429127141833305,0.1074119284749031
687.2990112304688,676.5684204101562,0.009934491477906704,0.008967574685811996,0.12795160710811615
535.8992309570312,517.5425415039062,0.02994014509022236,0.0037119262851774693,0.15306349098682404
467.227294921875,449.6314697265625,0.02763223461806774,0.005117962136864662,0.12207202613353729
527.5366821289062,515.129638671875,0.008310913108289242,0.014284777455031872,0.11091962456703186
426.1620788574219,416.4610595703125,0.003314523259177804,0.013692731037735939,0.11973845213651657
549.259033203125,544.6593017578125,0.003562389174476266,0.0035261998418718576,0.10554223507642746
479.715576171875,475.7314147949219,0.003168007591739297,0.002672014757990837,0.10641615837812424
522.334716796875,514.8776245117188,0.006210968364030123,0.006279288325458765,0.12119665741920471
418.1683044433594,406.0718994140625,0.01588263176381588,0.0057457927614450455,0.1282198578119278
594.5221557617188,584.0177612304688,0.01643434166908264,0.002332807518541813,0.11208195239305496
452.7718811035156,444.4737243652344,0.011339738965034485,0.0031343281734734774,0.106113962829113
558.1334838867188,547.7737426757812,0.006172895897179842,0.012251308187842369,0.11476585268974304
480.7158508300781,468.76953125,0.006378034129738808,0.015354794450104237,0.10798918455839157
483.1529235839844,474.6781005859375,0.00834738090634346,0.006260618567466736,0.11708398163318634
448.9659729003906,439.1993103027344,0.011797556653618813,0.00520595395937562,0.12649200856685638
487.06787109375,475.12872314453125,0.01191573217511177,0.009730812162160873,0.11158858984708786
435.7158203125,425.2646179199219,0.009530831128358841,0.009171825833618641,0.10998842865228653
476.10009765625,469.7790222167969,0.007008744869381189,0.0034847690258175135,0.10742957144975662
400.8539123535156,395.8669128417969,0.00408095121383667,0.003797457553446293,0.10477759689092636
482.5747985839844,475.2303466796875,0.0031439997255802155,0.00936118047684431,0.10918524861335754
398.46038818359375,391.2412414550781,0.00435481546446681,0.0077531905844807625,0.11651306599378586
492.1690673828125,485.7989196777344,0.007973920553922653,0.0024615973234176636,0.11523749679327011
421.0921325683594,413.6466064453125,0.010125371627509594,0.00262917741201818,0.1068229228258133
474.5460205078125,465.8389587402344,0.0077673583291471004,0.007493616547435522,0.10765624046325684
409.44866943359375,400.6350402832031,0.0066130622290074825,0.008865822106599808,0.10741982609033585
464.8167724609375,458.9744873046875,0.0057627665810287,0.0037036545109003782,0.1109074279665947
395.6950378417969,389.9289855957031,0.005034743808209896,0.004269868601113558,0.11137421429157257
459.3291931152344,451.1169128417969,0.004915333818644285,0.009355112910270691,0.10770513862371445
384.9526062011719,376.6076354980469,0.007102278061211109,0.007420212030410767,0.10837405174970627
469.72674560546875,462.54656982421875,0.009448159486055374,0.0027409414760768414,0.10856188088655472
397.8424987792969,391.1401672363281,0.00796178076416254,0.0033013185020536184,0.1070774495601654
453.0953063964844,444.0741271972656,0.005478891544044018,0.010432631708681583,0.10654380172491074
382.2928466796875,373.8451232910156,0.005332461092621088,0.009418175555765629,0.10724189877510071
466.7984924316406,461.2201843261719,0.006268030032515526,0.002652195980772376,0.11181947588920593
394.0020446777344,388.5364990234375,0.005860141944140196,0.0028614699840545654,0.11047384142875671
443.78955078125,436.0308532714844,0.00500122644007206,0.008346832357347012,0.10846433788537979
378.8977966308594,370.74591064453125,0.006149041932076216,0.00796928908675909,0.10927195847034454
447.5417785644531,441.31622314453125,0.007752937264740467,0.0024854145012795925,0.11063932627439499
375.0675354003906,369.308837890625,0.006401133257895708,0.0028898685704916716,0.11131756752729416
450.3462219238281,442.75567626953125,0.004048757255077362,0.008995520882308483,0.10684085637331009
372.8835754394531,365.4463806152344,0.004303835332393646,0.008432764559984207,0.10689138621091843
448.7710266113281,443.31524658203125,0.006231151055544615,0.0025177050847560167,0.1081346720457077
370.5460205078125,364.5524597167969,0.007218639831990004,0.0025855572894215584,0.10914471745491028
450.01055908203125,442.1539306640625,0.00598705280572176,0.007560143247246742,0.1083039939403534
372.95733642578125,364.8002624511719,0.006064379122108221,0.008089011535048485,0.10803733021020889
449.1839294433594,443.4125061035156,0.006477940361946821,0.002883143490180373,0.10908754169940948
378.4888916015625,372.91046142578125,0.005795045290142298,0.003191962605342269,0.10849399119615555
435.0727233886719,427.3177490234375,0.004758521448820829,0.008615887723863125,0.10677880793809891
365.09991455078125,357.4231262207031,0.005344520788639784,0.007859081029891968,0.10749807953834534
447.683837890625,441.93975830078125,0.0067754765041172504,0.0025281249545514584,0.10922908037900925
377.2542419433594,371.50616455078125,0.006648458074778318,0.002642289036884904,0.11026982963085175
429.54254150390625,421.9101257324219,0.00528342230245471,0.007820246741175652,0.10805769264698029
361.2498474121094,353.5039367675781,0.005139634478837252,0.00819318275898695,0.10794873535633087
441.0820617675781,435.8389587402344,0.005539415869861841,0.002768597798421979,0.10890943557024002
368.36383056640625,363.1397705078125,0.005427374504506588,0.0028564438689500093,0.10821559280157089
431.9328308105469,424.8612365722656,0.004958474542945623,0.007049274630844593,0.10677170008420944
362.40606689453125,355.10302734375,0.005751279182732105,0.006706036161631346,0.10743653774261475
432.8962707519531,427.3480529785156,0.006379059981554747,0.0025190277956426144,0.10991790145635605
360.55828857421875,355.1259765625,0.005648190621286631,0.0030309916473925114,0.10926997661590576
433.7822570800781,426.30242919921875,0.004604588262736797,0.008226653560996056,0.10642154514789581
361.9984130859375,354.541015625,0.005227061454206705,0.007556193973869085,0.10657656192779541
431.3979187011719,425.9360046386719,0.006261531729251146,0.002486833371222019,0.1087728813290596
363.0566711425781,357.6352233886719,0.005962876603007317,0.002698342315852642,0.10908506065607071
424.8131408691406,417.55303955078125,0.004942822270095348,0.007442687638103962,0.10673396289348602
356.3877258300781,349.0092468261719,0.005320947617292404,0.0072938380762934685,0.10710727423429489
431.4300537109375,426.0987243652344,0.005962722469121218,0.002508631208911538,0.10956554114818573
364.36407470703125,359.1321105957031,0.005497045814990997,0.002786630066111684,0.10901155322790146
417.80242919921875,410.55682373046875,0.004708247259259224,0.007649431005120277,0.10667681694030762
352.12005615234375,344.8110656738281,0.005337771959602833,0.007134752348065376,0.10727281123399734
427.4740295410156,422.060546875,0.006198150105774403,0.0024236342869699,0.11025908589363098
359.6758728027344,354.4244384765625,0.005616499576717615,0.0026919839438050985,0.10971903800964355
416.45849609375,409.2666320800781,0.004564667120575905,0.007689958438277245,0.1064552292227745
351.0202331542969,343.7086486816406,0.005048660561442375,0.0074398098513484,0.1067364439368248
421.3663635253906,416.0412292480469,0.006012720055878162,0.002450578846037388,0.10934881865978241
353.5370788574219,348.2853698730469,0.0056928712874650955,0.00262054824270308,0.10949985682964325
416.4970703125,409.50634765625,0.0046482086181640625,0.007205076050013304,0.10640831291675568
349.75091552734375,342.6401672363281,0.005021784454584122,0.007066590711474419,0.10665562748908997
417.8463134765625,412.6235656738281,0.005826482083648443,0.0024359712842851877,0.10915312170982361
350.7149658203125,345.5408935546875,0.005517581012099981,0.0026467060670256615,0.10919330269098282
413.4332580566406,406.4180908203125,0.004637904930859804,0.007267354521900415,0.10625266283750534
346.5185852050781,339.3768310546875,0.005069653503596783,0.007081314455717802,0.1066286563873291
416.26116943359375,411.0287170410156,0.005850884132087231,0.0024326988495886326,0.10906706005334854
349.7386474609375,344.5804748535156,0.005541309714317322,0.002587927272543311,0.1093560978770256
408.7177734375,401.8066711425781,0.00465080700814724,0.0070419637486338615,0.10647287219762802
342.4346923828125,335.37060546875,0.004955388139933348,0.007037596311420202,0.10675989836454391
414.8226623535156,409.6927490234375,0.005610355641692877,0.002470566425472498,0.1089453473687172
347.91973876953125,342.8191833496094,0.005419017281383276,0.0026062773540616035,0.10879217833280563
405.9293212890625,399.0780029296875,0.004735418129712343,0.006842861883342266,0.10621745139360428
340.56329345703125,333.5791931152344,0.005062637850642204,0.006771924905478954,0.10668402165174484
410.9653625488281,405.86492919921875,0.005541093181818724,0.00247735483571887,0.10912258923053741
344.3887939453125,339.3564758300781,0.005231642629951239,0.0026614649686962366,0.10857562720775604
404.5453186035156,397.75653076171875,0.004634757060557604,0.006825353018939495,0.10587451606988907
339.58062744140625,332.6885070800781,0.005049341358244419,0.006606702227145433,0.10640757530927658
406.6532287597656,401.5758056640625,0.0055409581400454044,0.002432136330753565,0.10908770561218262
341.0393981933594,336.0202941894531,0.005229639820754528,0.002637078519910574,0.10857636481523514
402.1739501953125,395.431640625,0.004645117092877626,0.006725096609443426,0.10571949183940887
337.081298828125,330.2349853515625,0.005041869357228279,0.006523774471133947,0.10634669661521912
404.5136413574219,399.4853210449219,0.0054410528391599655,0.002431318862363696,0.1092119887471199
339.5354919433594,334.5617980957031,0.005111724138259888,0.002663868712261319,0.10859153419733047
398.7838134765625,392.0386047363281,0.004638694226741791,0.006739081349223852,0.10563424229621887
334.4698791503906,327.63665771484375,0.005111650563776493,0.006429550237953663,0.10626127570867538
402.60284423828125,397.5758972167969,0.005465491209179163,0.0024031077045947313,0.10926378518342972
338.487060546875,333.54962158203125,0.0050477138720452785,0.002655656775459647,0.10857585072517395
395.3006591796875,388.5800476074219,0.004574350547045469,0.006756419315934181,0.10552220046520233
332.4819030761719,325.6885986328125,0.005073138978332281,0.006389938294887543,0.10617745667695999
399.2651672363281,394.2645263671875,0.005442356690764427,0.0023736762814223766,0.10926114767789841
335.9734191894531,331.0680236816406,0.005009655840694904,0.002630080096423626,0.10855548083782196
392.91644287109375,386.23779296875,0.004541595000773668,0.006707562133669853,0.10540754348039627
331.01318359375,324.260986328125,0.005054382607340813,0.006329121999442577,0.10604534298181534
395.5932922363281,390.6039123535156,0.005435521714389324,0.00236130109988153,0.10909826308488846
333.2933654785156,328.40850830078125,0.004983461927622557,0.002619244623929262,0.10834839195013046
390.61395263671875,383.9613037109375,0.004498383495956659,0.006700609810650349,0.10531684756278992
329.3604431152344,322.6512145996094,0.00499766506254673,0.006300142500549555,0.10603358596563339
392.6534118652344,387.6862487792969,0.005403873510658741,0.0023474441841244698,0.109147809445858
331.5886535644531,326.70343017578125,0.005009280052036047,0.002594397868961096,0.10833747684955597
387.30023193359375,380.65509033203125,0.0045379758812487125,0.006647166796028614,0.10525748133659363
327.0248718261719,320.3323974609375,0.004977662581950426,0.00628740806132555,0.10599374771118164
390.1398010253906,385.2217712402344,0.0053004613146185875,0.0023530428297817707,0.1091289296746254
329.9524230957031,325.0995178222656,0.004953440744429827,0.0025849605444818735,0.10837084800004959
384.1343688964844,377.5050048828125,0.004582548048347235,0.006571747828274965,0.10522150993347168
324.9187316894531,318.2365417480469,0.005020718555897474,0.006224825978279114,0.10594058036804199
387.2767333984375,382.37872314453125,0.005253690294921398,0.002362710190936923,0.1089809462428093
327.84674072265625,323.0191650390625,0.004896560218185186,0.0025937631726264954,0.10824397206306458
381.67108154296875,375.0745849609375,0.00458315247669816,0.006506461184471846,0.10517065972089767
323.37188720703125,316.72576904296875,0.005017712712287903,0.006156433839350939,0.10590503364801407
384.1194152832031,379.24462890625,0.005201323423534632,0.002371334470808506,0.10884701460599899
325.67779541015625,320.8553466796875,0.004881333559751511,0.00260251690633595,0.10805214196443558
379.2350769042969,372.6534118652344,0.004627623129636049,0.006433280184864998,0.10512099415063858
321.6990966796875,315.0854797363281,0.005031037610024214,0.006078807637095451,0.10586917400360107
381.388427734375,376.5509948730469,0.005114661995321512,0.002385126892477274,0.10875297337770462
323.930419921875,319.12554931640625,0.004829909186810255,0.0026225524488836527,0.10786307603120804
376.5072021484375,369.9366149902344,0.004670608323067427,0.006368907168507576,0.10508313775062561
319.7528076171875,313.1628723144531,0.005069462116807699,0.005993302445858717,0.10585615038871765
379.0511474609375,374.2453918457031,0.005045377183705568,0.002392229624092579,0.10869359225034714
322.3301696777344,317.5422058105469,0.004782540258020163,0.0026402671355754137,0.1076558530330658
373.95794677734375,367.3992919921875,0.004711837042123079,0.006304354872554541,0.10505717247724533
317.919921875,311.3532409667969,0.005107827950268984,0.005908534396439791,0.10585038363933563
376.76068115234375,371.9827880859375,0.004976591560989618,0.0024051836226135492,0.10869956761598587
320.56060791015625,315.7837219238281,0.004737412557005882,0.002666601212695241,0.10748951137065887
371.8656005859375,365.3152160644531,0.004754113033413887,0.006245606113225222,0.10505428165197372
316.2812194824219,309.7369384765625,0.005152579862624407,0.005819321144372225,0.10583127290010452
374.5631408691406,369.8114929199219,0.0049155824817717075,0.002414512448012829,0.10866055637598038
318.6601257324219,313.8963623046875,0.0046886480413377285,0.002691984176635742,0.10734613239765167
370.116455078125,363.5799865722656,0.004779053386300802,0.006192289758473635,0.10507979243993759
314.56463623046875,308.0440979003906,0.005184616893529892,0.00574019830673933,0.10581380873918533
372.8204345703125,368.0926513671875,0.004862217698246241,0.002421840326860547,0.1085757464170456
316.8717956542969,312.1165466308594,0.004657338839024305,0.0027089163195341825,0.10721013695001602
368.5227966308594,362.00408935546875,0.004806166514754295,0.006128582172095776,0.10513214766979218
312.67425537109375,306.18133544921875,0.005200942046940327,0.005668757017701864,0.10580874234437943
371.49676513671875,366.7996826171875,0.00479684304445982,0.0024280056823045015,0.10846679657697678
315.1313171386719,310.3882751464844,0.004625985398888588,0.0027186961378902197,0.10707196593284607
367.05535888671875,360.5573425292969,0.004836096893996,0.006055821664631367,0.10520629584789276
310.6451721191406,304.1755676269531,0.005214901641011238,0.005608005449175835,0.10581371933221817
370.3418884277344,365.6745300292969,0.004731370601803064,0.0024363594129681587,0.10834955424070358
313.26690673828125,308.5402526855469,0.0045929839834570885,0.00272106914781034,0.10696263611316681
365.65350341796875,359.1870422363281,0.004860573913902044,0.005966581404209137,0.10528919845819473
308.4624328613281,302.0216369628906,0.0052161430940032005,0.005549237597733736,0.10580963641405106
369.14520263671875,364.5080261230469,0.004663914442062378,0.0024465518072247505,0.1081937849521637
311.1828918457031,306.4739074707031,0.004562627989798784,0.0027178653981536627,0.10687312483787537
364.16253662109375,357.73394775390625,0.004887337796390057,0.005862534511834383,0.10536566376686096
306.06634521484375,299.6599426269531,0.005209248047322035,0.005487691145390272,0.10579187422990799
367.76617431640625,363.1631774902344,0.004589395597577095,0.0024563090410083532,0.10801282525062561
308.8976135253906,304.2125244140625,0.004523747134953737,0.0027104767505079508,0.10679731518030167
362.3448486328125,355.95941162109375,0.004910789895802736,0.005751493852585554,0.10542777180671692
303.3827209472656,297.0130920410156,0.005199857521802187,0.005424186121672392,0.10576295852661133
366.1022033691406,361.5334777832031,0.004515776410698891,0.0024649447295814753,0.10783753544092178
306.4262390136719,301.76873779296875,0.004480785224586725,0.002699360018596053,0.10674567520618439
360.0992736816406,353.7612609863281,0.004930335097014904,0.005636264570057392,0.10547137260437012
300.4697265625,294.14056396484375,0.005186144262552261,0.005357778165489435,0.10571828484535217
364.0170593261719,359.4833068847656,0.004441097844392061,0.0024731610901653767,0.10766148567199707
303.7742919921875,299.14599609375,0.004434165544807911,0.0026883864775300026,0.10670020431280136
357.4220275878906,351.1323547363281,0.004949049558490515,0.005520555656403303,0.10548640042543411
297.46490478515625,291.1776123046875,0.005175113212317228,0.005286302417516708,0.10565923899412155
361.37347412109375,356.8739318847656,0.00436832569539547,0.0024806088767945766,0.10750839859247208
300.9253845214844,296.3273620605469,0.004382833372801542,0.0026801784988492727,0.10665261000394821
354.3800048828125,348.13970947265625,0.0049631367437541485,0.005407962016761303,0.10547388345003128
294.5004577636719,288.2566833496094,0.005167583003640175,0.005208124872297049,0.10558943450450897
358.12115478515625,353.6531982421875,0.0043008774518966675,0.0024871977511793375,0.1073906198143959
297.88409423828125,293.31451416015625,0.004330834373831749,0.0026761936023831367,0.1066080778837204
351.0924987792969,344.9014892578125,0.004973177332431078,0.005300043150782585,0.1054425984621048
291.69500732421875,285.4954833984375,0.005162475164979696,0.0051262956112623215,0.10551399737596512
354.32318115234375,349.8841552734375,0.00423817802220583,0.0024937214329838753,0.10730889439582825
294.7395324707031,290.19549560546875,0.004280483815819025,0.0026762252673506737,0.10656821727752686
347.6274719238281,341.48486328125,0.0049813296645879745,0.00519588403403759,0.10540025681257248
289.0915222167969,282.9356384277344,0.005159829277545214,0.005043090786784887,0.10544273257255554
350.144287109375,345.7317810058594,0.004178774077445269,0.00250105164013803,0.1072588711977005
291.6271667480469,287.1059265136719,0.0042322538793087006,0.0026797300670295954,0.10652516037225723
344.003173828125,337.9081726074219,0.004988737870007753,0.005094289314001799,0.10535001754760742
286.6357421875,280.5227355957031,0.005158488638699055,0.004960064310580492,0.10537338256835938
345.8258972167969,341.4391784667969,0.00412030192092061,0.002508498728275299,0.10723316669464111
288.6859436035156,284.1859130859375,0.004186735954135656,0.0026837261393666267,0.10647857934236526
340.2392883300781,334.1904296875,0.004998065065592527,0.004993644542992115,0.10530035197734833
284.24688720703125,278.1741943359375,0.005157845094799995,0.004881357774138451,0.10531046986579895
341.6270446777344,337.2663269042969,0.004060538485646248,0.0025164098478853703,0.10722210258245468
286.0290222167969,281.5500793457031,0.0041431160643696785,0.0026861573569476604,0.1064307913184166
336.3775634765625,330.37335205078125,0.005010148510336876,0.004893174860626459,0.105255626142025
281.866455078125,275.8305358886719,0.005157051607966423,0.004809760022908449,0.10525152832269669
337.7198486328125,333.3863525390625,0.003999038133770227,0.0025236729998141527,0.10721328109502792
283.67718505859375,279.22052001953125,0.004101341590285301,0.0026843196246773005,0.10638284683227539
332.5309753417969,326.5699462890625,0.005023888777941465,0.004793803207576275,0.1052183136343956
279.496826171875,273.4933776855469,0.005154441110789776,0.004748636391013861,0.10519242286682129
334.18505859375,329.8794250488281,0.00393728306517005,0.0025301040150225163,0.10719184577465057
281.5816345214844,277.1490478515625,0.004062213469296694,0.002676301635801792,0.10633302479982376
328.837158203125,322.9185791015625,0.005036382935941219,0.004696934949606657,0.10519011318683624
277.1705322265625,271.19610595703125,0.005147057585418224,0.004699188284575939,0.10513019561767578
331.0315246582031,326.75439453125,0.003877344075590372,0.002533889841288328,0.10715100914239883
279.6683349609375,275.26153564453125,0.004026808775961399,0.0026610970962792635,0.10628289729356766
325.396484375,319.51898193359375,0.0050449008122086525,0.004606757313013077,0.10516677051782608
274.9010314941406,268.9530029296875,0.005132225342094898,0.004662645049393177,0.10505963116884232
328.251220703125,324.0032043457031,0.0038210926577448845,0.0025331780780106783,0.10708802193403244
277.8878173828125,273.5085754394531,0.003995954524725676,0.002637773286551237,0.10623630881309509
322.239013671875,316.4006652832031,0.005046974401921034,0.004526814445853233,0.10514576733112335
272.6738586425781,266.75030517578125,0.005108482204377651,0.004639105871319771,0.10497791320085526
325.8359375,321.6181945800781,0.003769611706957221,0.0025257442612200975,0.10700740665197372
276.225830078125,271.8759460449219,0.003969147335737944,0.0026066682767122984,0.10619661957025528
319.3277282714844,313.52557373046875,0.005041029304265976,0.004460847470909357,0.1051221415400505
270.4567565917969,264.5556335449219,0.005076486151665449,0.0046281167306005955,0.10488419234752655
323.7604675292969,319.57421875,0.0037241720128804445,0.002509986748918891,0.1069188043475151
274.6742248535156,270.3554992675781,0.003945834934711456,0.002568306867033243,0.10616467148065567
316.6091003417969,310.8403015136719,0.005024984013289213,0.00441083125770092,0.10509057343006134
268.2352294921875,262.35491943359375,0.005036424845457077,0.004628641065210104,0.10477780550718307
321.9715576171875,317.8176574707031,0.0036857391241937876,0.0024853935465216637,0.10683374851942062
273.2205810546875,268.93377685546875,0.003926284611225128,0.0025245065335184336,0.10614089667797089
314.0403137207031,308.3017272949219,0.004998978693038225,0.0043772258795797825,0.10504759103059769
266.0110778808594,260.1503601074219,0.004989780951291323,0.004638412036001682,0.10466422885656357
320.4010314941406,316.27996826171875,0.0036542071029543877,0.002452607499435544,0.10676603019237518
271.8448181152344,267.5898742675781,0.003910026513040066,0.002477386500686407,0.10612509399652481
311.5850524902344,305.87396240234375,0.004963328130543232,0.004358975682407618,0.10499200224876404
263.8038024902344,257.9617004394531,0.004937983583658934,0.004655256401747465,0.10454652458429337
318.97088623046875,314.882080078125,0.003629530780017376,0.0024136407300829887,0.10672173649072647
270.5120544433594,266.2873840332031,0.003897728631272912,0.002429331187158823,0.10611382126808167
309.2328796386719,303.5468444824219,0.004919711966067553,0.004353856202214956,0.10492467880249023
261.6298522949219,255.8056640625,0.00488263089209795,0.004677122924476862,0.10443004965782166
317.613037109375,313.5553283691406,0.003610932733863592,0.002370337024331093,0.10670704394578934
269.1897277832031,264.9929504394531,0.003889390965923667,0.002382041420787573,0.10610780864953995
306.9654541015625,301.3024597167969,0.004869779106229544,0.004359263461083174,0.10484650731086731
259.4961853027344,253.689697265625,0.004824944771826267,0.004701731260865927,0.1043161153793335
316.26904296875,312.24041748046875,0.003597524017095566,0.0023253941908478737,0.1067170575261116
267.8564453125,263.68408203125,0.003885246580466628,0.0023373423609882593,0.10610570758581161
304.7420959472656,299.10015869140625,0.0048162080347537994,0.0043724714778363705,0.10476026684045792
257.3864440917969,251.59751892089844,0.0047667371109128,0.004726937040686607,0.10420766472816467
314.902099609375,310.900390625,0.0035879851784557104,0.002280465792864561,0.10674743354320526
266.51483154296875,262.3634033203125,0.0038842884823679924,0.0022963492665439844,0.10610871016979218
302.4964599609375,296.8735656738281,0.004761355929076672,0.00439111702144146,0.1046672984957695
255.28028869628906,249.50848388671875,0.004709988832473755,0.004751570988446474,0.10410314053297043
313.47845458984375,309.5013427734375,0.0035807183012366295,0.0022376684937626123,0.10679293423891068
265.1797180175781,261.0460205078125,0.0038855753373354673,0.0022594397887587547,0.10611996799707413
300.1629943847656,294.55718994140625,0.004707900807261467,0.004412360955029726,0.10456912964582443
253.16783142089844,247.41246032714844,0.004656869452446699,0.004773835651576519,0.10400183498859406
311.97637939453125,308.0212707519531,0.0035746025387197733,0.002198677510023117,0.1068466380238533
263.8892822265625,259.7704162597656,0.0038872912991791964,0.002227587392553687,0.1061425656080246
297.6757507324219,292.08502197265625,0.004657648969441652,0.004434493370354176,0.10446584969758987
251.04527282714844,245.30551147460938,0.004609290976077318,0.004792191553860903,0.1039012148976326
310.3924255371094,306.4569091796875,0.003568485612049699,0.002164410660043359,0.10690531879663467
262.68377685546875,258.577880859375,0.0038876086473464966,0.0022005881182849407,0.10618023574352264
295.0136413574219,289.4363098144531,0.004612158052623272,0.004455354530364275,0.10435685515403748
248.92291259765625,243.19749450683594,0.004569019190967083,0.004805843345820904,0.1037994846701622
308.7637634277344,304.8454284667969,0.003561530029401183,0.002135822782292962,0.10696663707494736
261.6078796386719,257.513671875,0.0038852603174746037,0.0021784587297588587,0.10623624175786972
292.1839599609375,286.6183776855469,0.004572682082653046,0.004473637789487839,0.104243203997612
246.79782104492188,241.08578491210938,0.004536449443548918,0.004813701380044222,0.10369517654180527
307.172119140625,303.2689514160156,0.003552504815161228,0.0021132200490683317,0.10703092068433762
260.70660400390625,256.6241149902344,0.0038780851755291224,0.0021606760565191507,0.10631173104047775
289.21453857421875,283.6590576171875,0.004540265072137117,0.004488199483603239,0.104124516248703
244.63136291503906,238.93186950683594,0.004512357525527477,0.004814871586859226,0.1035875529050827
305.7545471191406,301.865234375,0.0035407980903983116,0.002095790347084403,0.10710006207227707
260.0323486328125,255.96311950683594,0.0038641884457319975,0.0021461700089275837,0.10640530288219452
286.12493896484375,280.5773620605469,0.004515176638960838,0.004499960225075483,0.10400115698575974
242.35107421875,236.663330078125,0.004496273584663868,0.00480967340990901,0.103476881980896
304.66168212890625,300.7856750488281,0.003525703912600875,0.0020827525295317173,0.1071765124797821
259.62579345703125,255.57298278808594,0.0038416904862970114,0.0021336376667022705,0.10651446133852005
282.91888427734375,277.3769836425781,0.004497050307691097,0.004509268794208765,0.1038738563656807
239.861328125,234.18496704101562,0.00448765279725194,0.004797757137566805,0.10336542874574661
304.03399658203125,300.1719055175781,0.0035063570830971003,0.002072579925879836,0.1072644293308258
259.5240173339844,255.4921417236328,0.003809097222983837,0.0021219851914793253,0.10663390904664993
279.5691223144531,274.03057861328125,0.004485406447201967,0.004516771528869867,0.1037435308098793
237.06362915039062,231.39849853515625,0.004485873971134424,0.0047792913392186165,0.10325398296117783
303.9743347167969,300.1276550292969,0.003481966443359852,0.0020640939474105835,0.10736412554979324
259.75762939453125,255.7519989013672,0.0037660016678273678,0.0021101050078868866,0.10675689578056335
276.02862548828125,270.4918518066406,0.004478748422116041,0.004522522911429405,0.10361328721046448
233.89283752441406,228.23886108398438,0.004489569459110498,0.0047554150223731995,0.10314741730690002
304.50054931640625,300.6716613769531,0.0034521205816417933,0.00205608899705112,0.10747752338647842
260.3309326171875,256.35711669921875,0.0037132760044187307,0.0020968180615454912,0.10687655955553055
272.2508544921875,266.7153625488281,0.004475508816540241,0.004525742959231138,0.10348507761955261
230.3450469970703,224.70191955566406,0.00449727289378643,0.004728063941001892,0.10304605960845947
305.53839111328125,301.7300720214844,0.003416860243305564,0.002047764603048563,0.10760264843702316
261.2097473144531,257.2723388671875,0.0036533204838633537,0.002081717597320676,0.10698767006397247
268.23248291015625,262.6996154785156,0.004473558161407709,0.004524909425526857,0.10336364060640335
226.50186157226562,220.86874389648438,0.004507172387093306,0.004700013902038336,0.1029524877667427
306.9180603027344,303.1325988769531,0.003377476939931512,0.0020386718679219484,0.10773888230323792
262.308349609375,258.4102783203125,0.0035897449124604464,0.0020646986085921526,0.10708706825971603
264.0344543457031,258.50762939453125,0.0044704913161695,0.004518148023635149,0.10325029492378235
222.53347778320312,216.90953063964844,0.0045167226344347,0.004673872608691454,0.10286572575569153
308.3756408691406,304.6141052246094,0.003336558351293206,0.002028861315920949,0.10788362473249435
263.4677429199219,259.609130859375,0.0035272901877760887,0.0020464423578232527,0.10717373341321945
259.80963134765625,254.29425048828125,0.0044634477235376835,0.004504346754401922,0.10314810276031494
218.6827850341797,213.06724548339844,0.004523543640971184,0.004651822615414858,0.10278556495904922
309.60137939453125,305.86279296875,0.0032976954244077206,0.0020188381895422935,0.10803243517875671
264.4783020019531,260.6565246582031,0.0034706084989011288,0.0020280322059988976,0.10724594444036484
255.791748046875,250.29449462890625,0.004450287204235792,0.004483054857701063,0.1030576154589653
215.2356719970703,209.6284637451172,0.004525151569396257,0.0046350983902812,0.10270918160676956
310.2768859863281,306.55767822265625,0.003265234176069498,0.0020096206571906805,0.10817904770374298
265.1028137207031,261.3122253417969,0.003424137132242322,0.0020109883043915033,0.10730388015508652
252.25096130371094,246.77919006347656,0.004429261200129986,0.004454694222658873,0.10298062115907669
212.4664306640625,206.86851501464844,0.004519742447882891,0.004623357206583023,0.10263748466968536
310.1227111816406,306.41705322265625,0.0032427639234811068,0.0020022233948111534,0.10831697285175323
265.1165466308594,261.34912109375,0.003391050035133958,0.001996892038732767,0.10734598338603973
249.4527587890625,244.0131378173828,0.004399894271045923,0.004421042278409004,0.10291590541601181
210.60397338867188,205.017333984375,0.0045066471211612225,0.004615312442183495,0.10256650298833847
308.9425048828125,305.2425537109375,0.003233326831832528,0.001997897634282708,0.10843544453382492
264.356201171875,260.6021728515625,0.003373455023393035,0.0019871238619089127,0.10737362504005432
247.5974578857422,242.19561767578125,0.004361663945019245,0.004384695086628199,0.10286521166563034
209.7932586669922,204.22084045410156,0.004485358018428087,0.004609506111592054,0.10249774903059006
306.6459655761719,302.9428405761719,0.0032385883387178183,0.001997186802327633,0.10852400958538055
262.7419738769531,258.99078369140625,0.0033724659588187933,0.0019822283647954464,0.10738522559404373
246.80641174316406,241.44602966308594,0.00431619631126523,0.004348054528236389,0.10282541066408157
210.0968017578125,204.54217529296875,0.004456506576389074,0.004604148678481579,0.10242895781993866
303.25286865234375,299.5376892089844,0.0032581924460828304,0.002000634092837572,0.10857456177473068
260.2966613769531,256.53790283203125,0.0033872828353196383,0.001982559682801366,0.10738367587327957
247.09405517578125,241.77687072753906,0.004264721181243658,0.004313743207603693,0.10279617458581924
211.48507690429688,205.95199584960938,0.004421665798872709,0.004597260616719723,0.10236173123121262
298.88922119140625,295.1536865234375,0.0032914490438997746,0.0020080155227333307,0.10858213156461716
257.1466064453125,253.37083435058594,0.00341622531414032,0.0019879606552422047,0.10736803710460663
248.36732482910156,243.093017578125,0.004208473488688469,0.004284692928195,0.1027727872133255
213.83853149414062,208.33033752441406,0.004382194019854069,0.004588256124407053,0.10229610651731491
293.8018798828125,290.0392761230469,0.003335815854370594,0.0020184784661978483,0.10854527354240417
253.5381622314453,249.73728942871094,0.003457355545833707,0.0019975618924945593,0.10734108090400696
250.4092559814453,245.17543029785156,0.0041502173990011215,0.004262350965291262,0.10275361686944962
216.9445343017578,211.46363830566406,0.00434008939191699,0.00457701226696372,0.10223408043384552
288.3412170410156,284.5475769042969,0.003387084696441889,0.002030817558988929,0.10846905410289764
249.83059692382812,245.99876403808594,0.003507167799398303,0.002010512864217162,0.10729982703924179
252.88980102539062,247.69126892089844,0.004093396943062544,0.004248967859894037,0.1027342826128006
220.51136779785156,215.05799865722656,0.004299033433198929,0.004564185161143541,0.10217618942260742
282.93798828125,279.11260986328125,0.0034401915036141872,0.0020432593300938606,0.108364038169384
246.4556427001953,242.58969116210938,0.0035613118670880795,0.0020257034339010715,0.10724453628063202
255.39854431152344,250.227294921875,0.004041287116706371,0.004246987402439117,0.10271146148443222
224.2091522216797,218.78013610839844,0.004263379145413637,0.004552253056317568,0.10211985558271408
278.035888671875,274.1813659667969,0.003490019589662552,0.0020542116835713387,0.1082388162612915
243.86065673828125,239.96026611328125,0.0036153008695691824,0.002042036037892103,0.1071712076663971
257.519287109375,252.36474609375,0.0039973752573132515,0.004258145112544298,0.10268009454011917
227.73095703125,222.31907653808594,0.00423814170062542,0.0045443507842719555,0.10206318646669388
274.0254821777344,270.1473388671875,0.003531624563038349,0.002062641317024827,0.10810235142707825
242.4307098388672,238.49815368652344,0.003664441406726837,0.0020591188222169876,0.10707711428403854
258.9219665527344,253.77210998535156,0.003963571973145008,0.004283376969397068,0.10263729840517044
230.87660217285156,225.4706573486328,0.004228197503834963,0.0045436532236635685,0.10200216621160507
271.154296875,267.2591857910156,0.0035629658959805965,0.0020682259928435087,0.10795369744300842
242.41354370117188,238.45289611816406,0.003705262206494808,0.002076928736642003,0.1069549098610878
259.4516906738281,254.295654296875,0.00393842626363039,0.004322015214711428,0.1025804802775383
233.62049865722656,228.20761108398438,0.004236087668687105,0.00455098832026124,0.10193490982055664
269.47088623046875,265.5648193359375,0.0035847185645252466,0.002071769442409277,0.1077832505106926
243.87416076660156,239.8896026611328,0.003736649639904499,0.0020965663716197014,0.10679521411657333
259.1712951660156,254.00096130371094,0.003918881993740797,0.004371588118374348,0.10250887274742126
236.14756774902344,230.714599609375,0.004262588452547789,0.004566096235066652,0.10186267644166946
268.806640625,264.893310546875,0.003600593889132142,0.0020746306981891394,0.10757200419902802
246.7021484375,242.69619750976562,0.0037601294461637735,0.0021200806368142366,0.10658463835716248
258.3448486328125,253.15724182128906,0.0038984082639217377,0.0044283499009907246,0.10242306441068649
238.81163024902344,233.348388671875,0.004305514972656965,0.0045851911418139935,0.10178763419389725
268.8233947753906,264.90338134765625,0.0036164752673357725,0.0020776756573468447,0.10729324072599411
250.65756225585938,246.62945556640625,0.003780517028644681,0.002149500185623765,0.10630958527326584
257.3588562011719,252.15626525878906,0.003869737032800913,0.00448892405256629,0.10232675820589066
242.0548553466797,236.55491638183594,0.004360752645879984,0.004604806657880545,0.10171646624803543
269.105712890625,265.1767272949219,0.003638355527073145,0.0020811574067920446,0.10692217200994492
255.44888305664062,251.39346313476562,0.0038049062713980675,0.0021867959294468164,0.10595681518316269
256.5978698730469,251.387451171875,0.003826339729130268,0.0045500341802835464,0.10222316533327103
246.27223205566406,240.73402404785156,0.0044224257580935955,0.004620871972292662,0.10165619105100632
269.28082275390625,265.3389892578125,0.003671269631013274,0.0020836482290178537,0.10643593966960907
260.81494140625,256.7227783203125,0.003841114928945899,0.002232927829027176,0.10551349818706512
256.3438415527344,251.13632202148438,0.0037620291113853455,0.004610717762261629,0.10211503505706787
251.67359924316406,246.1006317138672,0.004482844844460487,0.004630811046808958,0.10161454975605011
269.1349792480469,265.1772766113281,0.0037173365708440542,0.0020815483294427395,0.10582652688026428
266.5278625488281,262.3872375488281,0.003895551897585392,0.0022862765472382307,0.104970283806324
256.72308349609375,251.53106689453125,0.003672773251309991,0.00467116292566061,0.10200460255146027
258.1566162109375,252.55682373046875,0.004532336723059416,0.00463526975363493,0.10159941017627716
268.6890563964844,264.7153015136719,0.003775963792577386,0.002069579903036356,0.10509833693504333
272.3221740722656,268.1221923828125,0.00397118367254734,0.0023423985112458467,0.10431842505931854
257.7430725097656,252.58056640625,0.0035539595410227776,0.004733139183372259,0.10189502686262131
265.2010803222656,259.5874938964844,0.004556461703032255,0.004638323560357094,0.10161952674388885
268.24200439453125,264.25604248046875,0.003845685627311468,0.0020408136770129204,0.10427284985780716
277.75946044921875,273.4942626953125,0.004067452158778906,0.0023919660598039627,0.10354895144701004
259.38018798828125,254.26109313964844,0.003402608446776867,0.004799769259989262,0.10179124027490616
271.8117370605469,266.2044982910156,0.004533677827566862,0.004647061228752136,0.10168635845184326
268.35595703125,264.36614990234375,0.0039236159063875675,0.0019883394706994295,0.10338416695594788
282.0887756347656,277.7625427246094,0.004179189447313547,0.0024201818741858006,0.10265354812145233
261.7211608886719,256.65704345703125,0.0032208303455263376,0.00487341545522213,0.10170111060142517
276.64727783203125,271.0743408203125,0.004438953474164009,0.004670517519116402,0.10181961208581924
269.682373046875,265.7006530761719,0.004005678463727236,0.0019082654034718871,0.10247623175382614
284.2579650878906,279.8901062011719,0.004295032937079668,0.0024081042502075434,0.10162871330976486
265.0333251953125,260.02899169921875,0.003020202973857522,0.004955671727657318,0.10163750499486923
278.4434509277344,272.93792724609375,0.00425195274874568,0.004718075972050428,0.10205161571502686
272.6340026855469,268.6721496582031,0.004088615998625755,0.001803071703761816,0.10160308331251144
283.2767333984375,278.9008483886719,0.004402649123221636,0.0023393193259835243,0.1004902645945549
269.61480712890625,264.6644592285156,0.0028247723821550608,0.00504361791536212,0.10161320865154266
276.70660400390625,271.2984313964844,0.003974426072090864,0.004793211352080107,0.10243526101112366
277.04241943359375,273.1064758300781,0.004170533735305071,0.0016848514787852764,0.10082390904426575
278.97576904296875,274.6278991699219,0.004498164169490337,0.0022116610780358315,0.09929626435041428
275.35614013671875,270.44256591796875,0.002663726219907403,0.005130695644766092,0.10163533687591553
272.1894226074219,266.8930358886719,0.0036425082944333553,0.004889458883553743,0.10303901880979538
282.12335205078125,278.2099304199219,0.004250489175319672,0.001572575536556542,0.10018959641456604
272.5721435546875,268.2707214355469,0.004593981895595789,0.0020458055660128593,0.09815263748168945
281.4106750488281,276.5091552734375,0.002555360784754157,0.0052138324826955795,0.10169392079114914
266.5925598144531,261.3991394042969,0.003316442482173443,0.00499191926792264,0.10392308235168457
286.905517578125,283.0039367675781,0.004324708133935928,0.0014839123468846083,0.0997278168797493
266.2113342285156,261.9458312988281,0.0047103059478104115,0.0018769674934446812,0.09718701243400574
286.5543518066406,281.6392822265625,0.0024988390505313873,0.005296037532389164,0.10176391899585724
261.6270446777344,256.5077209472656,0.003046988509595394,0.005089743994176388,0.10509522259235382
290.7342529296875,286.8355712890625,0.004382970742881298,0.0014257170259952545,0.09943099319934845
261.65765380859375,257.3982238769531,0.004852899815887213,0.001736030331812799,0.09649761021137238
289.9898681640625,285.0412902832031,0.0024821965489536524,0.0053786118514835835,0.10181988030672073
258.24267578125,253.16180419921875,0.0028550790157169104,0.005177142098546028,0.10647530108690262
293.39569091796875,289.4991760253906,0.004414388909935951,0.0013936659088358283,0.0992489829659462
259.4175720214844,255.13848876953125,0.005000172182917595,0.0016357027925550938,0.09611522406339645
291.70697021484375,286.71435546875,0.0024919682182371616,0.005455899517983198,0.10186752676963806
256.55914306640625,251.49107360839844,0.002734955633059144,0.005242581013590097,0.10793007165193558
294.89825439453125,291.00927734375,0.004416559357196093,0.0013794673141092062,0.09909770637750626
258.97509765625,254.67076110839844,0.0051157367415726185,0.0015728363068774343,0.09600453078746796
292.15087890625,287.1133117675781,0.0025154920294880867,0.005520500708371401,0.10195491462945938
256.217041015625,251.15435791015625,0.002670314395800233,0.005268156062811613,0.10934560745954514
295.3382263183594,291.4613037109375,0.004399893339723349,0.0013763546012341976,0.09888145327568054
259.528076171875,255.21116638183594,0.005173558834940195,0.0015383672434836626,0.09609413146972656
291.76898193359375,286.6904602050781,0.0025396044366061687,0.005574180278927088,0.10216452926397324
256.6985168457031,251.6488800048828,0.002643106272444129,0.0052425735630095005,0.1106807067990303
294.9241638183594,291.0589599609375,0.00437976373359561,0.0013800124870613217,0.09853100776672363
260.46490478515625,256.1557312011719,0.005169114097952843,0.0015230216085910797,0.09631109237670898
290.8828430175781,285.7697448730469,0.002551916055381298,0.005622540134936571,0.10258842259645462
257.51556396484375,252.49057006835938,0.002638322301208973,0.005172560922801495,0.11195390671491623
294.03070068359375,290.1711120605469,0.004370133392512798,0.0013881572522222996,0.09804259985685349
261.4595947265625,257.1769104003906,0.0051138331182301044,0.0015193864237517118,0.096605584025383
289.80633544921875,284.6691589355469,0.0025427115615457296,0.005665482021868229,0.10330893844366074
258.34320068359375,253.35040283203125,0.002643904648721218,0.005077896174043417,0.11319120228290558
293.09979248046875,289.234375,0.004381921142339706,0.0013992215972393751,0.09748485684394836
262.34765625,258.1043701171875,0.005026062019169331,0.0015215196181088686,0.0969487726688385
288.9071350097656,283.76312255859375,0.002508551813662052,0.005691796541213989,0.10438647866249084
259.0125732421875,254.05592346191406,0.002650648355484009,0.004974949173629284,0.11438649147748947
292.53515625,288.6493835449219,0.004420168232172728,0.0014118567341938615,0.09697515517473221
263.0245361328125,258.8271789550781,0.004923442378640175,0.0015247904229909182,0.09732432663440704
288.5022277832031,283.3728942871094,0.00245478842407465,0.005687032826244831,0.10584009438753128
259.4042053222656,254.4878387451172,0.002651782473549247,0.004871145356446505,0.11549066752195358
292.59783935546875,288.6790466308594,0.0044803558848798275,0.0014244004851207137,0.0966392531991005
263.3936462402344,259.24395751953125,0.004818939603865147,0.0015262368833646178,0.09771063923835754
288.7106018066406,283.6153259277344,0.0023950240574777126,0.005642872303724289,0.10763254016637802
259.3753662109375,254.50502014160156,0.0026435768231749535,0.00476871756836772,0.11641792953014374
293.3331298828125,289.37689208984375,0.004545168951153755,0.0014360313070937991,0.09656507521867752
263.3576965332031,259.25531005859375,0.004719228018075228,0.0015241391956806183,0.09806983917951584
289.3760070800781,284.32659912109375,0.0023441549856215715,0.005561789497733116,0.10964243859052658
258.7702331542969,253.95059204101562,0.0026254875119775534,0.004672564100474119,0.11706313490867615
294.5325012207031,290.5466003417969,0.004589984659105539,0.0014465947169810534,0.09676098823547363
262.8270263671875,258.7718505859375,0.004625955130904913,0.0015175248263403773,0.0983419120311737
290.154052734375,285.15496826171875,0.0023103479761630297,0.005454681813716888,0.11165774613618851
257.5010070800781,252.73158264160156,0.0025997867342084646,0.004592651501297951,0.11732131987810135
295.83074951171875,291.8332824707031,0.004595503211021423,0.0014566064346581697,0.09713923931121826
261.771728515625,257.7644348144531,0.00453903479501605,0.0015063192695379257,0.09846300631761551
290.6861267089844,285.7381286621094,0.0022936826571822166,0.005334316752851009,0.11339886486530304
255.607666015625,250.8818359375,0.0025700342375785112,0.004539025016129017,0.11712940037250519
296.86920166015625,292.88232421875,0.004556594882160425,0.001466254936531186,0.09754499793052673
260.2351379394531,256.275390625,0.004459139425307512,0.0014924618881195784,0.098395936191082
290.7554931640625,285.86004638671875,0.0022896253503859043,0.005209482740610838,0.11458966881036758
253.27232360839844,248.5791473388672,0.002539849141612649,0.00451647350564599,0.11650040745735168
297.3885498046875,293.4318542480469,0.004482078831642866,0.0014748078538104892,0.09782450646162033
258.31549072265625,254.40054321289062,0.004387437365949154,0.0014793060254305601,0.09815666079521179
290.3460998535156,285.5072021484375,0.0022930679842829704,0.005083669442683458,0.11505579948425293
250.77992248535156,246.10887145996094,0.002511616563424468,0.0045197089202702045,0.11553996056318283
297.2266845703125,293.3131408691406,0.004388328175991774,0.0014810041757300496,0.09788966178894043
256.1084899902344,252.23219299316406,0.004326325375586748,0.001470157760195434,0.09780604392290115
289.5757751464844,284.7995910644531,0.002299904590472579,0.004956756252795458,0.11478625982999802
248.40872192382812,243.75440979003906,0.002486016135662794,0.004534483887255192,0.11440542340278625
296.3346862792969,292.4706115722656,0.004289074335247278,0.0014841948868706822,0.09774524718523026
253.70103454589844,249.85369873046875,0.004279878456145525,0.0014663890469819307,0.0974201038479805
288.6062316894531,283.8963623046875,0.00230759778060019,0.004833684768527746,0.11392078548669815
246.33726501464844,241.70074462890625,0.002462404780089855,0.0045457202941179276,0.11324653029441833
294.8039855957031,290.9898986816406,0.004193640314042568,0.0014853238826617599,0.09746158868074417
251.19869995117188,247.3683624267578,0.004252638202160597,0.0014669109368696809,0.09705677628517151
287.5442810058594,282.8973693847656,0.0023147817701101303,0.0047254604287445545,0.11268109828233719
244.5738067626953,239.95928955078125,0.0024399913381785154,0.00454562995582819,0.11217019706964493
292.8841247558594,289.11651611328125,0.004105969797819853,0.0014867100398987532,0.09712731093168259
248.7613983154297,244.9348602294922,0.00424830662086606,0.001469894777983427,0.09674394875764847
286.3953857421875,281.7996826171875,0.0023206996265798807,0.004645136184990406,0.11128000915050507
242.98594665527344,238.3960418701172,0.0024189725518226624,0.004536128137260675,0.11123465746641159
290.91143798828125,287.1838684082031,0.004027721472084522,0.0014912593178451061,0.0968087688088417
246.56214904785156,242.72694396972656,0.004265941679477692,0.001474764314480126,0.09648570418357849
285.1130065917969,280.5518798828125,0.002325064269825816,0.004599509760737419,0.10988514870405197
241.4145965576172,236.84552001953125,0.0024011030327528715,0.0045276666060090065,0.11046858131885529
289.1592712402344,285.4627685546875,0.0039614178240299225,0.0015007604379206896,0.09654362499713898
244.72108459472656,240.8676300048828,0.004299195017665625,0.0014822263037785888,0.09627427905797958
283.6451110839844,279.1032409667969,0.002327293623238802,0.004584314301609993,0.10860523581504822
239.76473999023438,235.20645141601562,0.0023887166753411293,0.004530338104814291,0.10987529158592224
287.7212219238281,284.04510498046875,0.0039100912399590015,0.0015154049033299088,0.09633917361497879
243.2608184814453,239.38247680664062,0.0043406132608652115,0.001494097406975925,0.09609851986169815
281.96240234375,277.4307556152344,0.0023272072430700064,0.004585988353937864,0.10750386118888855
238.04574584960938,233.4849090576172,0.0023832544684410095,0.004549865610897541,0.1094280555844307
286.49627685546875,282.8296203613281,0.0038761720061302185,0.001533445785753429,0.09618580341339111
242.11195373535156,238.20457458496094,0.004384094849228859,0.0015117003349587321,0.09594817459583282
280.05682373046875,275.53448486328125,0.00232486124150455,0.004587812349200249,0.10660039633512497
236.32870483398438,231.75399780273438,0.002384835621342063,0.004582948517054319,0.10908196121454239
285.2798156738281,281.61285400390625,0.0038606293965131044,0.001552034867927432,0.09606213122606277
241.16590881347656,237.22621154785156,0.0044280048459768295,0.0015351582551375031,0.09581143409013748
277.9390563964844,273.4300842285156,0.0023212034720927477,0.004579230677336454,0.10587449371814728
234.69424438476562,230.099365234375,0.002392953960224986,0.00462096743285656,0.10879163444042206
283.896484375,280.2216491699219,0.003861167933791876,0.001569560612551868,0.09594698250293732
240.3223419189453,236.34750366210938,0.004473385401070118,0.0015626722015440464,0.09567999094724655
275.6570739746094,271.1648254394531,0.002317744540050626,0.0045610335655510426,0.10528600960969925
233.19683837890625,228.58096313476562,0.002407048363238573,0.004653865471482277,0.1085415780544281
282.2745361328125,278.5860290527344,0.0038735484704375267,0.0015869378112256527,0.09582390636205673
239.51019287109375,235.49815368652344,0.00452124048024416,0.0015918451827019453,0.09554856270551682
273.3052062988281,268.8282470703125,0.0023164378944784403,0.004541364032775164,0.10480708628892899
231.86148071289062,227.22682189941406,0.002426902297884226,0.004675589967519045,0.10834243893623352
280.4523010253906,276.74517822265625,0.0038934743497520685,0.0016070813871920109,0.09568563103675842
238.6905517578125,234.6406707763672,0.004570287652313709,0.001621194533072412,0.09541473537683487
271.0002746582031,266.5318298339844,0.002318928251042962,0.004529254045337439,0.10443275421857834
230.67889404296875,226.02723693847656,0.0024522007443010807,0.004686751402914524,0.1082177385687828
278.54730224609375,274.8161926269531,0.003918200731277466,0.0016333047533407807,0.09553487598896027
237.84913635253906,233.76116943359375,0.004618796054273844,0.0016514695016667247,0.09528394043445587
268.8436584472656,264.37451171875,0.0023270982783287764,0.00452774204313755,0.10417204350233078
229.609130859375,224.93978881835938,0.0024826207663863897,0.004692521411925554,0.10817673802375793
276.69140625,272.9308776855469,0.003945979289710522,0.0016675182851031423,0.09537730365991592
236.99717712402344,232.87022399902344,0.004665641579777002,0.0016850060783326626,0.0951632484793663
266.88226318359375,262.4038391113281,0.002342269755899906,0.004534014500677586,0.10402681678533554
228.59681701660156,223.90550231933594,0.00251791812479496,0.004700190853327513,0.10822587460279465
274.98687744140625,271.19195556640625,0.00397604750469327,0.0017093959031626582,0.09522222727537155
236.15037536621094,231.98158264160156,0.0047114938497543335,0.0017247743671759963,0.09506478160619736
265.099609375,260.607421875,0.0023651565425097942,0.004539514426141977,0.10398487746715546
227.58792114257812,222.86785888671875,0.0025582595262676477,0.004714542999863625,0.10836697369813919
273.4620056152344,269.6300964355469,0.0040057990700006485,0.0017565906746312976,0.0950717180967331
235.31825256347656,231.1018524169922,0.00476021459326148,0.001772636198438704,0.09499824792146683
263.4310607910156,258.9253234863281,0.0023955979850143194,0.004535156302154064,0.1040363535284996
226.54515075683594,221.78868103027344,0.0026042561512440443,0.004736395087093115,0.10861486941576004
272.0760192871094,268.2076110839844,0.004032173193991184,0.0018061734735965729,0.09492640197277069
234.5005340576172,230.22860717773438,0.004815800581127405,0.0018286008853465319,0.094971664249897
261.8096923828125,257.2939147949219,0.002432603156194091,0.004515355918556452,0.104180246591568
225.47071838378906,220.67124938964844,0.0026569494511932135,0.004762422293424606,0.10897770524024963
270.7530822753906,266.8507385253906,0.004053008742630482,0.0018559913150966167,0.09478506445884705
233.678955078125,229.34243774414062,0.0048820083029568195,0.0018912948435172439,0.09498663246631622
260.193115234375,255.6703643798828,0.002474986482411623,0.004481911659240723,0.10442981123924255
224.36949157714844,219.52259826660156,0.002717231400310993,0.004787337500602007,0.10945992916822433
269.4181213378906,265.4838562011719,0.004068901762366295,0.0019065412925556302,0.09465357661247253
232.81202697753906,228.4033660888672,0.0049580116756260395,0.0019584663677960634,0.09504211694002151
258.5793151855469,254.04945373535156,0.0025219109375029802,0.004441551398485899,0.10481315106153488
223.26011657714844,218.363037109375,0.002785403747111559,0.004807977005839348,0.11003896594047546
268.0027160644531,264.0357360839844,0.0040830462239682674,0.0019599013030529022,0.09455043822526932
231.8478240966797,227.36256408691406,0.0050393324345350266,0.0020284943748265505,0.09513358771800995
256.9826354980469,252.44151306152344,0.002573119942098856,0.004401803016662598,0.10536716133356094
222.15960693359375,217.21109008789062,0.0028604150284081697,0.0048233079724013805,0.11066558212041855
266.46490478515625,262.46075439453125,0.00410018116235733,0.002018022583797574,0.09450346976518631
230.75958251953125,226.1964874267578,0.005120231304317713,0.0021009838674217463,0.09524910151958466
255.40440368652344,250.84490966796875,0.002629157854244113,0.004367463756352663,0.10611898452043533
221.07192993164062,216.0714874267578,0.0029406631365418434,0.004835039842873812,0.11125977337360382
264.79840087890625,260.750244140625,0.004124307073652744,0.002081226324662566,0.09454142302274704
229.56729125976562,224.92645263671875,0.005198223982006311,0.002175963716581464,0.09537483006715775
253.815673828125,249.23085021972656,0.002690467517822981,0.004337627906352282,0.10707712173461914
219.98106384277344,214.92942810058594,0.003025084501132369,0.004843214061111212,0.1117490828037262
263.04852294921875,258.94964599609375,0.004156392998993397,0.0021477513946592808,0.09468171745538712
228.34140014648438,223.62249755859375,0.00527526019141078,0.002252634847536683,0.09549514949321747
252.16067504882812,247.5465850830078,0.002756668720394373,0.004306945018470287,0.10822780430316925
218.844482421875,213.74351501464844,0.0031143685337156057,0.004846000112593174,0.11207926273345947
261.3097839355469,257.15692138671875,0.0041926465928554535,0.0022144922986626625,0.09492702037096024
227.18939208984375,222.38897705078125,0.005359262693673372,0.002329770242795348,0.0955895259976387
250.35789489746094,245.71604919433594,0.0028252522461116314,0.004267682787030935,0.1095384880900383
217.60121154785156,212.45249938964844,0.003211226547136903,0.004841988906264305,0.11221057921648026
259.6824645996094,255.47874450683594,0.004224223084747791,0.0022779693827033043,0.09526223689317703
226.2190704345703,221.32981872558594,0.005459544714540243,0.002406320534646511,0.09563179314136505
248.30679321289062,243.64512634277344,0.002890642499551177,0.004214046057313681,0.11093325167894363
216.17726135253906,210.9817352294922,0.0033187249209731817,0.004829972982406616,0.11211688816547394
258.2442321777344,253.99984741210938,0.004239037167280912,0.0023365712258964777,0.09565795212984085
225.5228271484375,220.53411865234375,0.005583810620009899,0.0024817155208438635,0.09559448063373566
245.89456176757812,241.2274932861328,0.0029450843576341867,0.004143252968788147,0.11229006946086884
214.51190185546875,209.26878356933594,0.003439292311668396,0.004811333492398262,0.11178029328584671
257.02166748046875,252.75283813476562,0.0042256820015609264,0.0023906202986836433,0.09606926888227463
225.16920471191406,220.06771850585938,0.005736976861953735,0.002556802937760949,0.09545886516571045
243.0107421875,238.35707092285156,0.0029813440050929785,0.004056898877024651,0.11345548927783966
212.564453125,207.2712860107422,0.0035739270970225334,0.004788361024111509,0.11120354384183884
256.0005187988281,251.72508239746094,0.004178592935204506,0.0024433855433017015,0.09644338488578796
225.19602966308594,219.96678161621094,0.005920447874814272,0.0026335841976106167,0.095223069190979
239.571533203125,234.95033264160156,0.0029955566860735416,0.003961168695241213,0.11428426951169968
210.3296356201172,204.98219299316406,0.00372294127009809,0.004763807635754347,0.11040619015693665
255.13246154785156,250.86436462402344,0.0041016386821866035,0.0025000034365803003,0.09672636538743973
225.6189727783203,220.24530029296875,0.006134511902928352,0.0027147922664880753,0.09490251541137695
235.55209350585938,230.97784423828125,0.0029893142636865377,0.0038653267547488213,0.11469285935163498
207.85411071777344,202.44557189941406,0.0038879483472555876,0.004740379750728607,0.10943782329559326
254.35182189941406,250.0955047607422,0.0040074908174574375,0.0025676852092146873,0.09687412530183792
226.41001892089844,220.8717803955078,0.006382508669048548,0.002803527982905507,0.0945226177573204
231.01576232910156,226.49395751953125,0.0029687045607715845,0.003781489096581936,0.11467094719409943
205.25035095214844,199.76889038085938,0.00407396862283349,0.004721670877188444,0.10836397856473923
253.55514526367188,249.30299377441406,0.003913326654583216,0.0026537913363426924,0.0968603566288948
227.48719787597656,221.75868225097656,0.00667163310572505,0.002903270535171032,0.09410760551691055
226.1376190185547,221.66465759277344,0.0029414058662950993,0.0037189172580838203,0.11427996307611465
202.72134399414062,197.14674377441406,0.004289642442017794,0.004714559763669968,0.10724925249814987
252.5862579345703,248.3219757080078,0.003833864815533161,0.0027611141558736563,0.09667973220348358
228.6943359375,222.74136352539062,0.0070139821618795395,0.0030184730421751738,0.09367305785417557
221.20770263671875,216.77565002441406,0.002914000302553177,0.0036779805086553097,0.11360657960176468
200.55372619628906,194.8530731201172,0.004547768738120794,0.00473045976832509,0.10615317523479462
251.22549438476562,246.9311981201172,0.0037777358666062355,0.002883926732465625,0.09634774178266525
229.7991485595703,223.578369140625,0.007424226496368647,0.003152649151161313,0.09323351830244064
216.57366943359375,212.17788696289062,0.0028914050199091434,0.0036450533661991358,0.11275453865528107
199.0699920654297,193.19383239746094,0.004864780232310295,0.004785449244081974,0.10510341823101044
249.2074737548828,244.87168884277344,0.003748578019440174,0.0030051141511648893,0.09589339047670364
230.57781982421875,224.03775024414062,0.007918383926153183,0.0033057802356779575,0.09279954433441162
212.42018127441406,208.06771850585938,0.0028755678795278072,0.0035926171112805605,0.1118365004658699
198.45851135253906,192.33779907226562,0.005261839367449284,0.004898655228316784,0.10404660552740097
246.25701904296875,241.87457275390625,0.003751818323507905,0.0031064085196703672,0.09533324837684631
231.3648681640625,224.452880859375,0.008506148122251034,0.0034701356198638678,0.09238383919000626
207.41336059570312,203.144775390625,0.002847321331501007,0.003469154005870223,0.11103513836860657
198.58987426757812,192.14332580566406,0.005765548441559076,0.005074862856417894,0.10263314098119736
239.99905395507812,235.61703491210938,0.0037446601781994104,0.0031280056573450565,0.09456805884838104
241.25540161132812,233.93765258789062,0.009155054576694965,0.0036398870870471,0.09202727675437927
177.05043029785156,173.24822998046875,0.0024857213720679283,0.0029323839116841555,0.10931596904993057
202.12139892578125,195.53944396972656,0.006392235867679119,0.004788690712302923,0.09914817661046982
186.7822265625,183.54339599609375,0.002602053340524435,0.0020080667454749346,0.0933769941329956
262.5431213378906,255.60716247558594,0.008579754270613194,0.003461409593001008,0.09153708815574646
62.926509857177734,59.57156753540039,0.0031946853268891573,0.0015312443720176816,0.09919771552085876
289.6628723144531,275.8993835449219,0.02418512850999832,0.0014213667018339038,0.0960245206952095
187.6793212890625,178.81739807128906,0.014400968328118324,0.0013841231120750308,0.09693806618452072
130.42660522460938,119.6428451538086,0.018270019441843033,0.0014065196737647057,0.094548799097538
181.49566650390625,178.3488006591797,0.0029460603836923838,0.0013397287111729383,0.10039698332548141
143.30966186523438,133.40394592285156,0.01641908474266529,0.0015162359923124313,0.09380455315113068
105.52322387695312,101.19819641113281,0.005015079397708178,0.001771776471287012,0.09316053986549377
217.78768920898438,209.656005859375,0.01287826057523489,0.0015577569138258696,0.09136832505464554
62.601890563964844,59.49946594238281,0.0028693033382296562,0.0014140839921310544,0.09607326984405518
370.1352233886719,356.58380126953125,0.023563485592603683,0.0015204455703496933,0.10094589740037918
227.8531494140625,218.5609893798828,0.014638497494161129,0.0019562486559152603,0.09947828948497772
433.7122497558594,412.6865539550781,0.03620360046625137,0.003468230599537492,0.11898035556077957
279.04254150390625,257.5570983886719,0.03757874667644501,0.003320537507534027,0.10357830673456192
597.1930541992188,563.963623046875,0.06156064569950104,0.002680719830095768,0.11087815463542938
857.2120361328125,808.2232666015625,0.09140873700380325,0.004031078889966011,0.12688378989696503
141.256103515625,127.4989242553711,0.018249643966555595,0.00729661900550127,0.09840350598096848
841.2791137695312,815.2904052734375,0.045064713805913925,0.0047367289662361145,0.10880396515130997
933.0053100585938,915.2572021484375,0.029104046523571014,0.004022176377475262,0.11849915981292725
444.06585693359375,425.52471923828125,0.03237365186214447,0.0026253266260027885,0.10416562855243683
818.3851318359375,756.084716796875,0.11139214038848877,0.01083326991647482,0.11876577883958817
898.4271240234375,869.6185302734375,0.044402316212654114,0.011006557382643223,0.11041200160980225
624.6475830078125,556.986572265625,0.1023675873875618,0.03048679791390896,0.1233830451965332
632.362548828125,589.956787109375,0.05284881964325905,0.02966911904513836,0.11468053609132767
712.3021240234375,695.158447265625,0.0035226577892899513,0.027923161163926125,0.1420801728963852
879.7119750976562,852.892822265625,0.02323150634765625,0.028160084038972855,0.11233457922935486
666.4944458007812,652.7640380859375,0.013926312327384949,0.011603420600295067,0.09655178338289261
522.5682373046875,513.2192993164062,0.010209151543676853,0.006550723221153021,0.09689905494451523
478.2623291015625,455.5671081542969,0.03832998499274254,0.005384944844990969,0.08377791196107864
553.7271728515625,535.9789428710938,0.021772565320134163,0.011573300696909428,0.10753460228443146
470.5817565917969,444.11376953125,0.0072350818663835526,0.043185487389564514,0.12576773762702942
517.0416870117188,496.98992919921875,0.0030916163232177496,0.03474589064717293,0.11330178380012512
452.9645080566406,445.5305480957031,0.002206563949584961,0.010530675761401653,0.10653329640626907
551.0408935546875,546.6390991210938,0.002869292860850692,0.004021499305963516,0.09564034640789032
495.1993713378906,485.6578369140625,0.004822293296456337,0.012235527858138084,0.1012624204158783
435.4324645996094,426.134765625,0.0073447986505925655,0.009250083938241005,0.1000254824757576
350.1153869628906,345.1234130859375,0.006813004147261381,0.0014408051501959562,0.08650925755500793
433.75927734375,425.85595703125,0.005820688791573048,0.008264545351266861,0.08607212454080582
382.18731689453125,367.4766540527344,0.005491056479513645,0.02210027538239956,0.0915004089474678
413.469482421875,401.60302734375,0.004059710074216127,0.017575711011886597,0.10487260669469833
374.4228515625,366.80029296875,0.0059208194725215435,0.006882898043841124,0.12207148224115372
365.7861633300781,359.50360107421875,0.005920048337429762,0.004615811165422201,0.10146062076091766
325.8346862792969,319.447998046875,0.004302510060369968,0.006702746264636517,0.08840777724981308
383.0338439941406,379.06365966796875,0.002237220760434866,0.00399087043479085,0.08561523258686066
315.0078125,312.1185302734375,0.0025041960179805756,0.0015262761153280735,0.08740495890378952
370.81536865234375,363.2174987792969,0.002732417546212673,0.010487687774002552,0.09878211468458176
320.9147644042969,311.41552734375,0.0034229583106935024,0.013650539331138134,0.09624958038330078
317.2221984863281,309.7280578613281,0.0076784356497228146,0.005395155865699053,0.09573212265968323
278.7455749511719,273.5441589355469,0.006991399917751551,0.0014287418453022838,0.09913411736488342
348.38909912109375,345.3556823730469,0.002353391144424677,0.0018702535890042782,0.09215963631868362
286.2848815917969,282.6195373535156,0.0024310650769621134,0.002988124033436179,0.0955738052725792
340.00555419921875,336.9985046386719,0.0021388849709182978,0.0019623038824647665,0.09564566612243652
297.10784912109375,293.0150451660156,0.0030036719981580973,0.0034213692415505648,0.0880269855260849
305.6138916015625,299.5279235839844,0.005424822214990854,0.004983782768249512,0.08816591650247574
263.6388854980469,258.6908874511719,0.0052176229655742645,0.0028877826407551765,0.08953040093183517
309.4644775390625,306.6811828613281,0.0023702546022832394,0.0013016463490203023,0.0947357639670372
262.2629699707031,259.24560546875,0.002626817673444748,0.0015213682781904936,0.09432775527238846
315.71258544921875,312.4828186035156,0.002035323763266206,0.002704011043533683,0.08601062744855881
268.6964111328125,264.84075927734375,0.003847540123388171,0.0021535230334848166,0.08551239222288132
298.60687255859375,293.6282043457031,0.006320184096693993,0.0018324896227568388,0.09023383259773254
253.44357299804688,249.44134521484375,0.0036206699442118406,0.0024351265747100115,0.09743273258209229
304.63360595703125,301.2530212402344,0.0019525900715962052,0.0029400938656181097,0.09342467039823532
253.6104278564453,250.4894561767578,0.0020633714739233255,0.0024172437842935324,0.08806619793176651
299.61212158203125,296.8227233886719,0.002433531917631626,0.0014290882973000407,0.08580823242664337
256.0540466308594,252.66819763183594,0.0036934323143213987,0.0013522065710276365,0.08630289882421494
284.3965759277344,280.9910888671875,0.0031833916436880827,0.00186153466347605,0.08830326795578003
240.97067260742188,237.6934051513672,0.0025631911121308804,0.0021856739185750484,0.09028346836566925
291.7481384277344,288.88067626953125,0.0021233318839222193,0.0017820603679865599,0.09147568047046661
240.520263671875,237.55038452148438,0.00207574013620615,0.002059265971183777,0.09023725241422653
289.7250061035156,286.3603515625,0.0022278535179793835,0.00274489214643836,0.08783042430877686
243.32200622558594,239.69760131835938,0.003512773895636201,0.001989630749449134,0.08732050657272339
278.5626525878906,275.35565185546875,0.003391057951375842,0.0012474280083552003,0.08877651393413544
232.86038208007812,230.03675842285156,0.0022660919930785894,0.001595814828760922,0.08926661312580109
281.02606201171875,278.0719909667969,0.0019244016148149967,0.0022090114653110504,0.08873668313026428
232.01466369628906,229.13092041015625,0.002173680579289794,0.0018162488704547286,0.08887755125761032
282.8504333496094,279.7834167480469,0.0029943669214844704,0.0013137541245669127,0.09129723906517029
238.07711791992188,234.69985961914062,0.0030419903341680765,0.0018688768614083529,0.0921824648976326
271.0244445800781,267.7001647949219,0.0022458701860159636,0.002621790859848261,0.08904267102479935
229.1359100341797,226.23080444335938,0.002213340951129794,0.0018384784925729036,0.087920181453228
269.566650390625,266.7913513183594,0.002377621363848448,0.001381106791086495,0.08959347754716873
224.00534057617188,221.07167053222656,0.002400240395218134,0.001654475461691618,0.09063069522380829
271.6234436035156,268.5478515625,0.0022040733601897955,0.0021794980857521296,0.08838265389204025
226.35256958007812,223.25636291503906,0.002584578236564994,0.001851890585385263,0.08779753744602203
266.8779602050781,263.8895568847656,0.0028352418448776007,0.001322384225204587,0.0909566581249237
224.85218811035156,221.92474365234375,0.0024581586476415396,0.0015715428162366152,0.09125947952270508
262.0888671875,259.0757751464844,0.0020223783794790506,0.002232185797765851,0.08857955783605576
220.06556701660156,217.11207580566406,0.0022276698146015406,0.0019224995048716664,0.08783984184265137
263.12091064453125,260.1047058105469,0.002816899912431836,0.0013682522112503648,0.09236132353544235
220.5324249267578,217.45668029785156,0.0027584212366491556,0.0015081155579537153,0.09424681961536407
259.9713134765625,256.9677429199219,0.002100717043504119,0.002151850378140807,0.08772838115692139
219.58514404296875,216.73675537109375,0.00214599072933197,0.0018136401195079088,0.08685699105262756
255.5080108642578,252.6452178955078,0.002627833979204297,0.0012628295226022601,0.09174685180187225
214.82908630371094,211.76255798339844,0.00276506831869483,0.0014536030357703567,0.09571986645460129
256.0221862792969,252.96253967285156,0.0022045751102268696,0.0021471509244292974,0.08837941288948059
213.95399475097656,210.99659729003906,0.002230230951681733,0.0019262704299762845,0.08791445940732956
255.82550048828125,252.98265075683594,0.002533680060878396,0.0013063651276752353,0.09228253364562988
215.2906036376953,212.33383178710938,0.0024814961943775415,0.0014565218007192016,0.09877626597881317
250.70547485351562,247.7422332763672,0.0020988171454519033,0.002065182663500309,0.08812429010868073
211.71981811523438,208.7732391357422,0.0023263811599463224,0.001812999602407217,0.08768942207098007
249.95228576660156,246.9441375732422,0.0029337259475141764,0.0012662309454753995,0.09081769734621048
209.74220275878906,206.726806640625,0.0026842092629522085,0.0013930373825132847,0.09767821431159973
249.26589965820312,246.36634826660156,0.0020132760982960463,0.002023744862526655,0.08810362964868546
209.1046905517578,206.23841857910156,0.0020761743653565645,0.0018982880283147097,0.08790498226881027
246.9097900390625,243.9381866455078,0.00280147441662848,0.001300319330766797,0.09207072108983994
206.7272186279297,203.54327392578125,0.002983391983434558,0.0014274929417297244,0.09785015881061554
246.14674377441406,243.18222045898438,0.002134300535544753,0.0020448865834623575,0.08749304711818695
205.22848510742188,202.3661651611328,0.002106974134221673,0.0018656845204532146,0.08759910613298416
245.17088317871094,242.29598999023438,0.002640739781782031,0.0012715597404167056,0.09187500178813934
203.94630432128906,200.92449951171875,0.0027408325113356113,0.0013624251587316394,0.09701656550168991
243.29530334472656,240.36761474609375,0.002109674969688058,0.002001932356506586,0.0871889516711235
201.4031524658203,198.47943115234375,0.0021484068129211664,0.0019493463914841413,0.08748488873243332
243.92100524902344,240.98681640625,0.002707182662561536,0.0012926718918606639,0.09342647343873978
201.46469116210938,198.438720703125,0.002764600794762373,0.0013509710552170873,0.09681806713342667
241.63427734375,238.76675415039062,0.0020928746089339256,0.0019042732892557979,0.0868934914469719
199.3530731201172,196.47967529296875,0.002119343262165785,0.0018852147040888667,0.08711295574903488
241.3585205078125,238.421142578125,0.002705105347558856,0.0012946826172992587,0.09374795109033585
198.57652282714844,195.52334594726562,0.0028245917055755854,0.0013614982599392533,0.09601355344057083
240.07603454589844,237.19520568847656,0.0021146629005670547,0.0019128323765471578,0.08670815825462341
197.46624755859375,194.60340881347656,0.002098635770380497,0.0018827766180038452,0.08721282333135605
238.73495483398438,235.83795166015625,0.0026077006477862597,0.0012897183187305927,0.09482946991920471
195.825927734375,192.79246520996094,0.0028060292825102806,0.0013447657693177462,0.09580682963132858
238.1393280029297,235.24754333496094,0.0021645210217684507,0.0018881992436945438,0.08654239028692245
195.0670928955078,192.18177795410156,0.002139304531738162,0.0018930286169052124,0.08691554516553879
236.75247192382812,233.87904357910156,0.0025487313978374004,0.001291622524149716,0.09532501548528671
193.60986328125,190.65797424316406,0.0026675371918827295,0.0013266968308016658,0.09547726809978485
235.8563232421875,233.00067138671875,0.0021551833488047123,0.001823369413614273,0.08663848042488098
192.581787109375,189.68475341796875,0.0021843702998012304,0.001871358253993094,0.08691658824682236
234.93333435058594,232.02378845214844,0.0025973909068852663,0.0013027804670855403,0.0959453284740448
191.69522094726562,188.74154663085938,0.0026404710952192545,0.0013468245742842555,0.09600265324115753
233.37034606933594,230.5192413330078,0.002142047742381692,0.0018254808383062482,0.08673400431871414
190.13723754882812,187.26324462890625,0.0021901167929172516,0.001817198353819549,0.0870329812169075
233.0038299560547,230.11070251464844,0.0025923505891114473,0.0012858797563239932,0.09540056437253952
189.7824249267578,186.84976196289062,0.0026083008851855993,0.0013369459193199873,0.09600407630205154
230.9204864501953,228.06536865234375,0.0021412379574030638,0.001836053212173283,0.08664769679307938
187.82611083984375,184.93524169921875,0.002214999170973897,0.001825143350288272,0.08707984536886215
231.0205841064453,228.12362670898438,0.0026119539979845285,0.001281635370105505,0.09501684457063675
187.84877014160156,184.93348693847656,0.002578802639618516,0.0013305839383974671,0.09605841338634491
228.62014770507812,225.77056884765625,0.002131848130375147,0.0018355370266363025,0.08658873289823532
185.69032287597656,182.7932586669922,0.002226773416623473,0.0018268126295879483,0.0870271623134613
228.84344482421875,225.94793701171875,0.0026257066056132317,0.001279885764233768,0.09427113831043243
185.7186279296875,182.8162384033203,0.002562059322372079,0.0013230820186436176,0.09598203003406525
226.5477752685547,223.7135772705078,0.0021298746578395367,0.0018091914243996143,0.08646693825721741
183.6905517578125,180.79727172851562,0.002239328110590577,0.0018078837310895324,0.08696682006120682
226.60134887695312,223.70965576171875,0.002634461037814617,0.0012789572356268764,0.09349856525659561
183.55950927734375,180.66549682617188,0.0025506154634058475,0.0013269968330860138,0.09551992267370224
224.5084228515625,221.6781768798828,0.002130281412974,0.0018023379379883409,0.08639335632324219
181.72023010253906,178.83804321289062,0.002242334419861436,0.001785517786629498,0.08682554215192795
224.2981414794922,221.41651916503906,0.002625528024509549,0.0012759009841829538,0.09309129416942596
181.34042358398438,178.45509338378906,0.0025472380220890045,0.0013255066005513072,0.09489638358354568
222.5076446533203,219.6794891357422,0.002142260316759348,0.001789040514267981,0.0862504094839096
179.78919982910156,176.9118194580078,0.002248964970931411,0.001773288007825613,0.08662638068199158
222.00534057617188,219.14300537109375,0.0025923289358615875,0.0012758186785504222,0.09282655268907547
179.22293090820312,176.3544921875,0.0025277449749410152,0.0013225205475464463,0.09433023631572723
220.3875274658203,217.56809997558594,0.0021589414682239294,0.0017569935880601406,0.08614668250083923
177.79286193847656,174.91920471191406,0.0022639648523181677,0.001754476805217564,0.08644426614046097
219.8278350830078,216.97962951660156,0.002560368273407221,0.0012802373385056853,0.09279048442840576
177.2543487548828,174.40115356445312,0.002505397191271186,0.0013278779806569219,0.09365613013505936
218.20120239257812,215.38897705078125,0.002177407033741474,0.001726617687381804,0.08602093905210495
175.8328857421875,172.97174072265625,0.0022795461118221283,0.0017177220433950424,0.08625210076570511
217.72265625,214.8925323486328,0.002522339578717947,0.001280077500268817,0.09289024025201797
175.4906005859375,172.65420532226562,0.00247934996150434,0.0013312294613569975,0.09310989826917648
215.89218139648438,213.08038330078125,0.0021992288529872894,0.0017052990151569247,0.085952527821064
173.93472290039062,171.07412719726562,0.0023000517394393682,0.0016984839458018541,0.08613212406635284
215.60543823242188,212.79150390625,0.002484499476850033,0.0012832374777644873,0.09300755709409714
173.8621826171875,171.0453643798828,0.0024496240075677633,0.001333383610472083,0.09253036230802536
213.4721221923828,210.66514587402344,0.0022245370782911777,0.0016714357770979404,0.08590006828308105
172.089599609375,169.23126220703125,0.002328605391085148,0.0016668580938130617,0.08606137335300446
213.41651916503906,210.6169891357422,0.002448603045195341,0.0012864115415140986,0.09320244938135147
172.2628936767578,169.46669006347656,0.002410905435681343,0.0013403334887698293,0.09205763041973114
211.07508850097656,208.26869201660156,0.002246827818453312,0.0016483031213283539,0.08588308840990067
170.41969299316406,167.5561065673828,0.0023673539981245995,0.001640049391426146,0.08598748594522476
211.05035400390625,208.26060485839844,0.002424689242616296,0.001288879313506186,0.09329619258642197
170.6521453857422,167.87757873535156,0.002371898852288723,0.0013443425996229053,0.09164436161518097
208.71194458007812,205.9121551513672,0.002261263085529208,0.0016200781101360917,0.08591203391551971
168.93190002441406,166.06243896484375,0.0024071545340120792,0.0016123681562021375,0.0859689712524414
208.49546813964844,205.71006774902344,0.0024119457229971886,0.0012931454693898559,0.09328661113977432
169.0239715576172,166.26539611816406,0.002341155195608735,0.0013512918958440423,0.09123511612415314
206.37525939941406,203.5839385986328,0.0022691653575748205,0.0015950131928548217,0.0859241858124733
167.58714294433594,164.716064453125,0.0024378602392971516,0.0015851937932893634,0.08595654368400574
205.81387329101562,203.03135681152344,0.002402951242402196,0.0012978441081941128,0.09321089088916779
167.393310546875,164.6455078125,0.0023208355996757746,0.001357303699478507,0.09087332338094711
204.072509765625,201.28953552246094,0.002278245287016034,0.0015690759755671024,0.08593142032623291
166.3356170654297,163.46575927734375,0.0024605421349406242,0.0015604007057845592,0.08593909442424774
203.1070556640625,200.32835388183594,0.002393311122432351,0.0013033762807026505,0.09303555637598038
165.7882080078125,163.0487823486328,0.0023071037139743567,0.0013615019852295518,0.0905127078294754
201.82208251953125,199.047119140625,0.0022891967091709375,0.0015425122110173106,0.08591122180223465
165.1248779296875,162.25723266601562,0.00247466703876853,0.0015420753043144941,0.08592730760574341
200.48675537109375,197.71107482910156,0.0023827492259442806,0.0013127530692145228,0.09279374778270721
164.25120544433594,161.51739501953125,0.0023000037763267756,0.0013644311111420393,0.09015912562608719
199.6119384765625,196.84649658203125,0.002302926266565919,0.0015109198866412044,0.08585193753242493
163.89320373535156,161.03346252441406,0.0024783180560916662,0.0015233152080327272,0.08589134365320206
198.0205841064453,195.2487335205078,0.0023698059376329184,0.0013242325512692332,0.09248366951942444
162.77857971191406,160.04800415039062,0.002299015875905752,0.0013666105223819613,0.08977647125720978
197.4439697265625,194.68617248535156,0.0023203736636787653,0.0014797146432101727,0.08577606081962585
162.58950805664062,159.74046325683594,0.0024715957697480917,0.0015091560781002045,0.08586674183607101
195.75502014160156,192.98760986328125,0.0023541825357824564,0.0013379381271079183,0.09213513880968094
161.3663787841797,158.637451171875,0.002304189605638385,0.001366414362564683,0.08936383575201035
195.31983947753906,192.56866455078125,0.002342654624953866,0.0014462078688666224,0.08567553758621216
161.20533752441406,158.37045288085938,0.0024561197496950626,0.0014965991722419858,0.08585229516029358
193.6758270263672,190.91392517089844,0.002334632445126772,0.0013540537329390645,0.0917557030916214
160.00498962402344,157.27642822265625,0.0023126129526644945,0.0013661622069776058,0.08891778439283371
193.2185821533203,190.47137451171875,0.002369864610955119,0.001413219841197133,0.08556628972291946
159.73446655273438,156.91485595703125,0.002438196912407875,0.001483823754824698,0.08585897088050842
191.7628173828125,189.00758361816406,0.002313706325367093,0.0013696517562493682,0.09135519713163376
158.6949920654297,155.9671630859375,0.0023211627267301083,0.0013656115625053644,0.08844410628080368
191.1445770263672,188.39981079101562,0.0023975686635822058,0.0013829058734700084,0.08545243740081787
158.23562622070312,155.43040466308594,0.0024203553330153227,0.0014722213381901383,0.08589300513267517
189.94467163085938,187.19595336914062,0.002294183475896716,0.00138436583802104,0.09094412624835968
157.42153930664062,154.6947784423828,0.0023295001592487097,0.0013647603336721659,0.08796307444572449
189.1188201904297,186.37660217285156,0.0024234005250036716,0.0013541645603254437,0.08534383028745651
156.7768096923828,153.98519897460938,0.0024035011883825064,0.001460412866435945,0.08596520125865936
188.15121459960938,185.4082489013672,0.002276711631566286,0.0013987473212182522,0.09052374958992004
156.15530395507812,153.42921447753906,0.002336442470550537,0.0013660261174663901,0.08748679608106613
187.19972229003906,184.46066284179688,0.002446077996864915,0.0013272613286972046,0.08523856848478317
155.42982482910156,152.65118408203125,0.002389758825302124,0.001446090522222221,0.08607203513383865
186.351318359375,183.61331176757812,0.0022615925408899784,0.0014124470762908459,0.09009883552789688
154.88980102539062,152.163818359375,0.002340844366699457,0.0013704091543331742,0.08703549206256866
185.43255615234375,182.69737243652344,0.002464783377945423,0.0013026506640017033,0.08514650166034698
154.23057556152344,151.46343994140625,0.0023802390787750483,0.001429667347110808,0.08621813356876373
184.5677947998047,181.83338928222656,0.002248611068353057,0.0014267453225329518,0.08967315405607224
153.64329528808594,150.91644287109375,0.002342293970286846,0.001379014109261334,0.08661986142396927
183.84056091308594,181.10958862304688,0.0024806552100926638,0.0012800742406398058,0.0850595161318779
153.1656951904297,150.40879821777344,0.002375510288402438,0.0014105136506259441,0.08638884872198105
182.87197875976562,180.1392822265625,0.002237020991742611,0.0014433535980060697,0.08925049751996994
152.4479217529297,149.71852111816406,0.002340777311474085,0.001392852165736258,0.08625812083482742
182.42633056640625,179.69847106933594,0.0024961947929114103,0.001259820070117712,0.08498518913984299
152.18487548828125,149.43690490722656,0.0023753575515002012,0.0013891528360545635,0.08657203614711761
181.35366821289062,178.62030029296875,0.002225998556241393,0.0014640659792348742,0.08883363753557205
151.31956481933594,148.58555603027344,0.0023365854285657406,0.0014123980654403567,0.08595173805952072
181.2008056640625,178.47314453125,0.0025146696716547012,0.0012422981671988964,0.08491882681846619
151.24166870117188,148.50096130371094,0.002379800658673048,0.001366591197438538,0.0867505818605423
180.06349182128906,177.3263397216797,0.0022152410820126534,0.0014904248528182507,0.0884329229593277
150.24270629882812,147.50210571289062,0.0023297120351344347,0.001437403610907495,0.0857033059000969
180.1744384765625,177.4430389404297,0.002537816995754838,0.0012278007343411446,0.08485842496156693
150.3041229248047,147.56874084472656,0.0023885383270680904,0.0013439924223348498,0.08691132813692093
178.99920654296875,176.2541961669922,0.002205067314207554,0.00152372638694942,0.08806105703115463
149.18040466308594,146.43104553222656,0.002320881001651287,0.0014677009312435985,0.08550791442394257
179.33197021484375,176.5928497314453,0.0025652386248111725,0.0012170069385319948,0.0847989022731781
149.34317016601562,146.61131286621094,0.0024006138555705547,0.0013222674606367946,0.08704279363155365
178.1121368408203,175.35499572753906,0.0021962951868772507,0.0015634484589099884,0.08772777765989304
148.10121154785156,145.34068298339844,0.0023110152687877417,0.0015028909547254443,0.08535824716091156
178.60675048828125,175.85650634765625,0.002595289843156934,0.0012104735942557454,0.08473610877990723
148.3396759033203,145.6094512939453,0.0024149459786713123,0.0013026298256590962,0.08714361488819122
177.31863403320312,174.54595947265625,0.0021894618403166533,0.0016070675337687135,0.08744048327207565
147.0068359375,144.23291015625,0.002300920430570841,0.0015420622657984495,0.08524363487958908
177.87649536132812,175.11334228515625,0.002624621381983161,0.0012083940673619509,0.08466561138629913
147.27232360839844,144.54200744628906,0.0024303661193698645,0.0012859052512794733,0.08721727877855301
176.52767944335938,173.7379913330078,0.002184865763410926,0.0016504301456734538,0.08720342814922333
145.92893981933594,143.13966369628906,0.0022915368899703026,0.0015839292900636792,0.08515438437461853
177.00082397460938,174.22503662109375,0.0026497691869735718,0.0012101749889552593,0.08458135277032852
146.14251708984375,143.41065979003906,0.0024453590158373117,0.0012729059671983123,0.08727273344993591
175.65318298339844,172.8478240966797,0.0021822811104357243,0.0016880721086636186,0.08701755106449127
144.918701171875,142.11279296875,0.0022835179697722197,0.0016266385791823268,0.08508294075727463
175.86935424804688,173.0831298828125,0.0026684708427637815,0.001214382122270763,0.08447977900505066
144.97987365722656,142.24513244628906,0.0024589067324995995,0.0012641047360375524,0.08732319623231888
174.62677001953125,171.80979919433594,0.002181193558499217,0.0017150980420410633,0.08688172698020935
144.01853942871094,141.19613647460938,0.0022770450450479984,0.0016673561185598373,0.08502055704593658
174.44082641601562,171.64761352539062,0.0026798867620527744,0.0012194170849397779,0.08435679972171783
143.8468017578125,141.10821533203125,0.002469986444339156,0.0012594929430633783,0.08738444000482559
173.39913940429688,170.57608032226562,0.002181245246902108,0.0017290004761889577,0.086793452501297
143.24368286132812,140.40663146972656,0.0022724056616425514,0.001702428562566638,0.08496462553739548
172.76010131835938,169.9640655517578,0.002683555008843541,0.0012242645025253296,0.08421365916728973
142.8304443359375,140.08787536621094,0.002477332716807723,0.001258334144949913,0.0874747559428215
171.9434051513672,169.11962890625,0.002182167721912265,0.001730499672703445,0.08674412965774536
142.58563232421875,139.73663330078125,0.002269926480948925,0.0017298310995101929,0.08491158485412598
170.92929077148438,168.13458251953125,0.0026795286685228348,0.0012287955032661557,0.08405521512031555
142.0137176513672,139.26795959472656,0.0024793429765850306,0.0012599597685039043,0.08761157840490341
170.27684020996094,167.45675659179688,0.002183865988627076,0.0017218413995578885,0.08672291040420532
142.03419494628906,139.17640686035156,0.00226995931006968,0.0017483369447290897,0.08486268669366837
169.0585479736328,166.2688446044922,0.002668276196345687,0.0012333379127085209,0.0838896781206131
141.4346160888672,138.6878204345703,0.0024741562083363533,0.0012631979770958424,0.0878116637468338
168.4759521484375,165.6623077392578,0.0021865065209567547,0.001706564100459218,0.08671173453330994
141.59698486328125,138.73316955566406,0.0022728892508894205,0.0017583246808499098,0.08482089638710022
167.23536682128906,164.4532928466797,0.0026509130839258432,0.0012386641465127468,0.08372804522514343
141.0811004638672,138.33621215820312,0.0024605949874967337,0.001267397659830749,0.08808892965316772
166.65774536132812,163.8518829345703,0.002190335188060999,0.001687566633336246,0.08669152110815048
141.29721069335938,138.42926025390625,0.0022788504138588905,0.0017612483352422714,0.0847901999950409
165.51312255859375,162.74005126953125,0.002629447029903531,0.0012451274087652564,0.0835791751742363
140.90481567382812,138.16500854492188,0.002438581082969904,0.0012719257501885295,0.08845457434654236
164.9467010498047,162.1488494873047,0.0021956339478492737,0.0016670894110575318,0.08664781600236893
141.14923095703125,138.2785186767578,0.0022879859898239374,0.001757865771651268,0.08477945625782013
163.93263244628906,161.1688232421875,0.0026057567447423935,0.0012528655352070928,0.08345071226358414
140.85797119140625,138.12596130371094,0.0024092714302241802,0.0012765214778482914,0.08891154080629349
163.4257049560547,160.635498046875,0.0022024333011358976,0.0016465908847749233,0.08656911551952362
141.14920043945312,138.276611328125,0.002300505992025137,0.0017487198347225785,0.08479729294776917
162.5225372314453,159.76747131347656,0.002581467619165778,0.001261673984117806,0.08334928005933762
140.9160614013672,138.1937255859375,0.002374333096668124,0.0012810543412342668,0.08946318179368973
162.1175079345703,159.33413696289062,0.002210634760558605,0.0016271001659333706,0.08644966036081314
141.2716522216797,138.39772033691406,0.0023166367318481207,0.00173419457860291,0.0848509892821312
161.30618286132812,158.55917358398438,0.00255709420889616,0.0012712918687611818,0.08328018337488174
141.08204650878906,138.3700714111328,0.0023359826300293207,0.0012857456458732486,0.0901106521487236
160.9994354248047,158.22174072265625,0.002220046939328313,0.0016095854807645082,0.0862891674041748
141.50006103515625,138.62493896484375,0.002336748642846942,0.0017144873272627592,0.08495095372200012
160.2733612060547,157.53370666503906,0.002532628597691655,0.0012816505040973425,0.0832514837384224
141.36781311035156,138.66563415527344,0.002296235179528594,0.0012909647775813937,0.0908585712313652
160.0359344482422,157.2625274658203,0.002230527810752392,0.0015945471823215485,0.08608638495206833
141.8374481201172,138.96044921875,0.002360945101827383,0.001690949546173215,0.08510527014732361
159.3977813720703,156.66448974609375,0.002508310368284583,0.0012927609495818615,0.08327481895685196
141.79049682617188,139.09628295898438,0.002257026033475995,0.0012971912510693073,0.09171054512262344
159.19691467285156,156.42654418945312,0.002241909271106124,0.001582037191838026,0.0858394131064415
142.30844116210938,139.42813110351562,0.0023890736047178507,0.0016650940524414182,0.08532331138849258
158.65391540527344,155.92514038085938,0.002485277596861124,0.001304918434470892,0.08336836844682693
142.37240600585938,139.68304443359375,0.002220278372988105,0.0013049894478172064,0.09267295151948929
158.47808837890625,155.70985412597656,0.0022537631448358297,0.0015717216301709414,0.08554975688457489
142.94606018066406,140.06065368652344,0.002420200267806649,0.0016383390175178647,0.08561386913061142
158.033447265625,155.30580139160156,0.002465436002239585,0.0013186837313696742,0.08355826884508133
143.1315460205078,140.44287109375,0.0021876331884413958,0.001314834225922823,0.09374456852674484
157.9011688232422,155.13470458984375,0.0022655585780739784,0.0015628737164661288,0.08522487431764603
143.77838134765625,140.88632202148438,0.002452828688547015,0.0016116250772029161,0.08598270267248154
157.5634002685547,154.83163452148438,0.0024511022493243217,0.0013347883941605687,0.08388146758079529
144.0868377685547,141.3937530517578,0.0021602408960461617,0.001327667385339737,0.09491277486085892
157.50601196289062,154.74171447753906,0.002276337007060647,0.0015545199858024716,0.08488564193248749
144.81480407714844,141.9152069091797,0.002485038014128804,0.0015855684177950025,0.08642811328172684
157.30101013183594,154.55816650390625,0.002444097539409995,0.0013539671199396253,0.08438130468130112
145.25027465820312,142.54730224609375,0.002138702664524317,0.001344229094684124,0.09615018218755722
157.33790588378906,154.5767059326172,0.0022854998242110014,0.0015455220127478242,0.08456861227750778
146.0361328125,143.12924194335938,0.0025143770035356283,0.0015606385422870517,0.08693917840719223
157.3173370361328,154.55494689941406,0.0024453080259263515,0.001377318287268281,0.08510735630989075
146.61314392089844,143.89471435546875,0.002123215701431036,0.0013653432251885533,0.09741516411304474
157.4450225830078,154.68812561035156,0.0022928831167519093,0.0015344202984124422,0.08432452380657196
147.4098358154297,144.4969482421875,0.002538365079089999,0.0015375904040411115,0.0874907374382019
157.66651916503906,154.87548828125,0.002453950932249427,0.0014059306122362614,0.08610906451940536
148.1411590576172,145.40191650390625,0.002113783499225974,0.0013916086172685027,0.09865393489599228
157.86090087890625,155.10926818847656,0.002299246145412326,0.0015198509208858013,0.08420878648757935
148.88400268554688,145.9675750732422,0.0025544548407197,0.001517532509751618,0.08804372698068619
158.37210083007812,155.54391479492188,0.0024674355518072844,0.0014404080575332046,0.08742604404687881
149.77626037597656,147.0113983154297,0.0021107064094394445,0.0014229650842025876,0.09980379790067673
158.58909606933594,155.84317016601562,0.002305784961208701,0.0015006107278168201,0.08427292853593826
150.39358520507812,147.47682189941406,0.002560707274824381,0.0015017293626442552,0.08855443447828293
159.41268920898438,156.5409698486328,0.0024805779103189707,0.0014813876478001475,0.08907338976860046
151.44296264648438,148.64801025390625,0.0021149301901459694,0.0014589166967198253,0.10080225020647049
159.5925750732422,156.85205078125,0.0023142611607909203,0.0014758005272597075,0.08454939723014832
151.86831665039062,148.95530700683594,0.0025553787127137184,0.001491093193180859,0.08897732198238373
160.71401977539062,157.7962646484375,0.002486361423507333,0.001528606517240405,0.09102783352136612
153.0577392578125,150.22842407226562,0.002128452295437455,0.001498276717029512,0.10159456729888916
160.78643798828125,158.05003356933594,0.002326701767742634,0.0014452842297032475,0.08504125475883484
153.2349853515625,150.3305206298828,0.002537460532039404,0.0014859788352623582,0.08927518874406815
162.1585235595703,159.19683837890625,0.002477744361385703,0.0015812728088349104,0.09321797639131546
154.54071044921875,151.67262268066406,0.0021543509792536497,0.0015390354674309492,0.10213923454284668
162.05519104003906,159.32061767578125,0.0023450381122529507,0.0014097053790464997,0.08572013676166534
154.4415740966797,151.55023193359375,0.002507872646674514,0.0014862235402688384,0.08942876756191254
163.59054565429688,160.5909881591797,0.0024502298329025507,0.0016382813919335604,0.09552998095750809
155.81822204589844,152.9064178466797,0.002196289598941803,0.0015790312318131328,0.1024138480424881
163.2792205810547,160.54336547851562,0.002370741916820407,0.001370362238958478,0.08653032779693604
155.46478271484375,152.59030151367188,0.00246964069083333,0.0014906697906553745,0.08943259716033936
164.85067749023438,161.82078552246094,0.002404786180704832,0.0016984360991045833,0.09782924503087997
156.83909606933594,153.8782196044922,0.002257399260997772,0.0016162707470357418,0.1024046465754509
164.35586547851562,161.61497497558594,0.002404174767434597,0.0013294796226546168,0.08740754425525665
156.30458068847656,153.4490203857422,0.002427942818030715,0.0014974263031035662,0.08928859978914261
165.8204803466797,162.76626586914062,0.002347838133573532,0.0017605515895411372,0.1000007912516594
157.59304809570312,154.57789611816406,0.002338967053219676,0.001649125711992383,0.10211066901683807
165.20851135253906,162.45896911621094,0.002443908015266061,0.0012892034137621522,0.08829773217439651
156.97511291503906,154.13912963867188,0.002388489432632923,0.001503380830399692,0.08900491893291473
166.45199584960938,163.37586975097656,0.00228843092918396,0.0018242124933749437,0.1019807979464531
158.11192321777344,155.03822326660156,0.0024399892427027225,0.001676565851084888,0.10154280066490173
165.8000030517578,163.03936767578125,0.0024858531542122364,0.0012519562151283026,0.0891718789935112
157.48582458496094,154.669677734375,0.002355448203161359,0.0015049941139295697,0.08859247714281082
166.7914276123047,163.69178771972656,0.0022348344791680574,0.0018890205537900329,0.10377219319343567
158.46115112304688,155.32516479492188,0.0025589256547391415,0.0016984909307211637,0.10072791576385498
166.14706420898438,163.37464904785156,0.002524580806493759,0.0012196081224828959,0.09003131836652756
157.8468017578125,155.05128479003906,0.002330631949007511,0.001499020610935986,0.0880698710680008
166.94749450683594,163.81983947753906,0.002192496322095394,0.001953977858647704,0.10544174164533615
158.68704223632812,155.48394775390625,0.0026963641867041588,0.0017154414672404528,0.09971857815980911
166.34854125976562,163.56600952148438,0.002553794300183654,0.0011931818444281816,0.0909038782119751
158.06932067871094,155.2954864501953,0.002314807614311576,0.001483494066633284,0.08746828138828278
167.05836486816406,163.89654541015625,0.0021642791107296944,0.002017759019508958,0.10708016902208328
158.80160522460938,155.52285766601562,0.002857469953596592,0.0017284302739426494,0.09857937693595886
166.55308532714844,163.76483154296875,0.00256723677739501,0.0011727047385647893,0.09182948619127274
158.1644744873047,155.41246032714844,0.002309412695467472,0.0014581556897610426,0.08682234585285187
167.25570678710938,164.05345153808594,0.0021521917078644037,0.0020769527181982994,0.10876700282096863
158.7782745361328,155.40863037109375,0.003053225576877594,0.0017385807586833835,0.09737461060285568
166.9102783203125,164.12359619140625,0.002559002721682191,0.0011576971737667918,0.09283316880464554
158.11167907714844,155.37867736816406,0.002318429760634899,0.001424405723810196,0.0861591175198555
167.65333557128906,164.40509033203125,0.0021593107376247644,0.002126661827787757,0.11052574962377548
158.5825958251953,155.09747314453125,0.0032999133691191673,0.0017472903709858656,0.09615226089954376
167.50857543945312,164.73370361328125,0.002524586161598563,0.0011472390033304691,0.09389721602201462
157.8673858642578,155.1454315185547,0.0023497475776821375,0.001384357805363834,0.08549024909734726
168.30885314941406,165.01026916503906,0.0021921107545495033,0.0021592755801975727,0.11228926479816437
158.1778106689453,154.54225158691406,0.0036163388285785913,0.0017563127912580967,0.09492401778697968
168.34561157226562,165.59426879882812,0.0024632068816572428,0.0011406670091673732,0.09494070708751678
157.379638671875,154.65357971191406,0.002415191847831011,0.0013406877405941486,0.08481161296367645
169.18252563476562,165.8297119140625,0.002262371126562357,0.0021655296441167593,0.11388644576072693
157.52378845214844,153.69285583496094,0.004021586384624243,0.0017669245135039091,0.09366748481988907
169.3368377685547,166.61936950683594,0.0023807301186025143,0.0011378891067579389,0.09581536799669266
156.6160888671875,153.86212158203125,0.0025297009851783514,0.0012959373416379094,0.08411455154418945
170.14028930664062,166.7258758544922,0.0023897942155599594,0.0021377047523856163,0.11506685614585876
156.5977020263672,152.51792907714844,0.004531489219516516,0.001781037193723023,0.09235084056854248
170.3192138671875,167.6387939453125,0.0022939976770430803,0.001140120322816074,0.09633579850196838
155.55982971191406,152.7449951171875,0.0027095379773527384,0.0012522161705419421,0.08339563012123108
171.00685119628906,167.5133819580078,0.002603659639135003,0.0020719526801258326,0.11556769162416458
155.40496826171875,151.01686096191406,0.005156286526471376,0.001800922560505569,0.09095072001218796
171.09799194335938,168.44229125976562,0.0022346139885485172,0.001150101306848228,0.0963352620601654
154.19664001464844,151.27908325195312,0.002970712026581168,0.001211067195981741,0.08266554027795792
171.63258361816406,168.0238494873047,0.002941669663414359,0.001971493475139141,0.11521469801664352
153.97042846679688,149.21066284179688,0.005900200922042131,0.0018298570066690445,0.08947363495826721
171.52700805664062,168.8599090576172,0.002248231088742614,0.001171235810033977,0.09573736041784286
152.54393005371094,149.47418212890625,0.0033269240520894527,0.0011735135922208428,0.08195317536592484
171.91639709472656,168.13035583496094,0.003445245325565338,0.0018474501557648182,0.11396892368793488
152.32528686523438,147.1284637451172,0.0067629143595695496,0.0018716022605076432,0.08795688301324844
171.54637145996094,168.80328369140625,0.0023889581207185984,0.001205418724566698,0.09458883106708527
150.65243530273438,147.3746795654297,0.0037891475949436426,0.0011403807438910007,0.08129887282848358
171.8214874267578,167.76809692382812,0.0041508921422064304,0.0017167511396110058,0.11195632815361023
150.5221710205078,144.82078552246094,0.007742505054920912,0.0019311517244204879,0.08645568042993546
171.158447265625,168.24920654296875,0.0027084650937467813,0.0012490241788327694,0.09304941445589066
148.589111328125,145.04139709472656,0.004368017893284559,0.0011126658646389842,0.08073761314153671
171.36956787109375,166.9386444091797,0.005076823756098747,0.0015967806102707982,0.10941138863563538
148.6355438232422,142.35638427734375,0.008843835443258286,0.002014125930145383,0.0850176215171814
170.40487670898438,167.2257843017578,0.00324122398160398,0.0012903370661661029,0.09133077412843704
146.45681762695312,142.56744384765625,0.005080278031527996,0.0010925839887931943,0.08029454201459885
170.57183837890625,165.64891052246094,0.006213466636836529,0.001500495127402246,0.10659504681825638
146.72975158691406,139.78843688964844,0.010084438137710094,0.002124994294717908,0.08365947008132935
169.3583984375,165.80868530273438,0.003995439037680626,0.0013115683104842901,0.08962106704711914
144.3834991455078,140.0635223388672,0.005956100299954414,0.001084245857782662,0.0799797773361206
169.43441772460938,163.91783142089844,0.007523697335273027,0.0014348668046295643,0.10373114794492722
144.8818359375,137.1741180419922,0.011505336500704288,0.0022628018632531166,0.08236590027809143
168.07879638671875,164.0725555419922,0.004954238887876272,0.0012974049896001816,0.08804132789373398
142.4901123046875,137.62142944335938,0.0070492979139089584,0.0010919562773779035,0.07980526238679886
167.98643493652344,161.79444885253906,0.008960398845374584,0.0014043784467503428,0.10096044838428497
143.18519592285156,134.57476806640625,0.013180387206375599,0.002418248914182186,0.08111090213060379
166.62240600585938,162.08709716796875,0.006091533228754997,0.0012465256731957197,0.08662665635347366
140.88633728027344,135.30670166015625,0.00844606850296259,0.0011173479724675417,0.07979262620210648
166.29364013671875,159.3565216064453,0.010491970926523209,0.001415492151863873,0.0983387753367424
141.74649047851562,132.05149841308594,0.015223057009279728,0.002569432370364666,0.07987584918737411
165.06529235839844,159.92515563964844,0.007397328037768602,0.0011758062755689025,0.0853574201464653
139.673095703125,133.1614227294922,0.010268411599099636,0.0011552827199921012,0.07998209446668625
164.4616241455078,156.70223999023438,0.012125208042562008,0.0014767288230359554,0.09584253281354904
140.6722869873047,129.65367126464844,0.01777985692024231,0.002683978294953704,0.078670434653759
163.51268005371094,157.66685485839844,0.008895233273506165,0.0011128013720735908,0.08418148756027222
138.9521484375,131.2145538330078,0.01267347950488329,0.001193192321807146,0.08042609691619873
162.62208557128906,153.93763732910156,0.013906734995543957,0.001594294561073184,0.09339302033185959
140.0685272216797,127.42041778564453,0.021019143983721733,0.002726583741605282,0.07752551883459091
162.10252380371094,155.41163635253906,0.01063738763332367,0.0010835615685209632,0.08304163813591003
138.85292053222656,129.50669860839844,0.015853140503168106,0.0012156633893027902,0.08118069171905518
160.88084411621094,151.14300537109375,0.0158898513764143,0.001768167014233768,0.09088214486837387
140.0264434814453,125.36078643798828,0.025130288675427437,0.0026713255792856216,0.07648398727178574
161.0007781982422,153.28976440429688,0.012679697014391422,0.0011043077101930976,0.08190203458070755
139.561767578125,128.10560607910156,0.020054027438163757,0.0012120997998863459,0.08231019228696823
159.27537536621094,148.35354614257812,0.018088869750499725,0.0019903930369764566,0.08822006732225418
140.646484375,123.46157836914062,0.030345415696501732,0.002512571634724736,0.07559143751859665
160.37437438964844,151.45460510253906,0.015041893348097801,0.0011821492807939649,0.08077557384967804
141.37196350097656,127.12333679199219,0.025636039674282074,0.0011832315940409899,0.08389944583177567
157.6129150390625,145.43466186523438,0.02040892094373703,0.00223973928950727,0.08539208769798279
142.04832458496094,121.68960571289062,0.036949750036001205,0.0022693113423883915,0.07491972297430038
160.25843811035156,149.99380493164062,0.01760851964354515,0.0013252641074359417,0.0797746479511261
145.02980041503906,127.0012435913086,0.03319074958562851,0.0011453671613708138,0.08605077117681503
153.99661254882812,140.85736083984375,0.022181473672389984,0.0024446346797049046,0.08262065798044205
144.7459716796875,120.5318832397461,0.04494763910770416,0.001988529460504651,0.07459993660449982
156.7467803955078,145.89212036132812,0.018563516438007355,0.0015634875744581223,0.0791158601641655
155.66783142089844,132.3911590576172,0.04362299665808678,0.0011572870425879955,0.08865305781364441
126.97831726074219,116.96002960205078,0.016020435839891434,0.002381877275183797,0.08171338587999344
147.92848205566406,121.84611511230469,0.04907061159610748,0.0015918900026008487,0.07511159032583237
111.53044891357422,107.01577758789062,0.005672810599207878,0.0017978717805817723,0.07793249934911728
162.9651336669922,137.7345428466797,0.04731181636452675,0.001326570170931518,0.09113898128271103
54.984535217285156,52.00605773925781,0.002041012980043888,0.0021676234900951385,0.0874159038066864
181.2509307861328,153.73045349121094,0.05170242488384247,0.0015750881284475327,0.08817201852798462
97.20356750488281,81.29991912841797,0.02715158648788929,0.003015967318788171,0.08198711276054382
161.62518310546875,125.12590789794922,0.0651625469326973,0.0051455991342663765,0.13451990485191345
89.33853912353516,77.69239807128906,0.01855582930147648,0.002768302336335182,0.09840798377990723
243.5960693359375,207.35130310058594,0.06859084963798523,0.001740777399390936,0.10789506882429123
213.96334838867188,153.43214416503906,0.11483335494995117,0.00408788351342082,0.10705859959125519
281.132080078125,236.02748107910156,0.08298370987176895,0.0034337288234382868,0.18958663940429688
499.43023681640625,373.8973388671875,0.22881950438022614,0.017545389011502266,0.23504520952701569
71.50000762939453,57.96291732788086,0.01572447642683983,0.009666815400123596,0.08414430171251297
784.9177856445312,638.7979125976562,0.25833261013031006,0.03129049018025398,0.13082748651504517
1245.1602783203125,879.8310546875,0.6561048626899719,0.07088157534599304,0.18360337615013123
709.8281860351562,476.7803039550781,0.4380987286567688,0.025754980742931366,0.11210210621356964
211.401123046875,206.49037170410156,0.003446869319304824,0.004532255232334137,0.09211859852075577
786.9259033203125,584.5112915039062,0.3620772063732147,0.03901490569114685,0.1868545114994049
759.5888671875,519.6886596679688,0.40625956654548645,0.07030975073575974,0.16155260801315308
245.3277587890625,201.23866271972656,0.03917940706014633,0.046713341027498245,0.11427127569913864
335.64111328125,219.74632263183594,0.22376713156700134,0.0060533154755830765,0.0984567329287529
322.41876220703125,240.48468017578125,0.11252126097679138,0.04969891533255577,0.08239748328924179
261.39935302734375,242.6025848388672,0.011289468966424465,0.02387998253107071,0.12120261043310165
226.90415954589844,191.40545654296875,0.05272389575839043,0.016583772376179695,0.08448640257120132
324.2015686035156,300.4951477050781,0.00572840915992856,0.03896527737379074,0.13595880568027496
206.35458374023438,174.83013916015625,0.043124500662088394,0.01710742712020874,0.14084820449352264
361.9873962402344,356.8868103027344,0.0053713442757725716,0.0030065507162362337,0.09116509556770325
448.0399475097656,414.1285095214844,0.041548952460289,0.023765690624713898,0.12541204690933228
452.01068115234375,433.5541076660156,0.006669597700238228,0.028670836240053177,0.07863505184650421
468.27630615234375,435.8173828125,0.052415549755096436,0.011062625795602798,0.07198359817266464
422.4412841796875,398.5351257324219,0.03824448585510254,0.007989741861820221,0.07890325784683228
330.3018493652344,305.0989990234375,0.0072555686347186565,0.04156365990638733,0.07932411879301071
355.9737548828125,345.7458190917969,0.01291857659816742,0.005816854536533356,0.08602288365364075
332.4579162597656,323.2312316894531,0.005875554867088795,0.010751752182841301,0.09130213409662247
264.0886535644531,259.92706298828125,0.002537746913731098,0.0038596787489950657,0.09628797322511673
268.3208312988281,255.53453063964844,0.0028234384953975677,0.020859021693468094,0.09450573474168777
245.5506134033203,233.45082092285156,0.020152125507593155,0.0023582796566188335,0.08445820957422256
228.72247314453125,212.97186279296875,0.013905617408454418,0.015950702130794525,0.08224524557590485
270.9050598144531,258.2973327636719,0.012848627753555775,0.010717828758060932,0.08244902640581131
267.7540283203125,237.56385803222656,0.020300503820180893,0.03845838084816933,0.08107347786426544
267.94342041015625,260.2612609863281,0.012092827819287777,0.0017413671594113111,0.07650768756866455
323.3273010253906,293.0639953613281,0.039225853979587555,0.019696533679962158,0.08021130412817001
191.69395446777344,187.19027709960938,0.004577687010169029,0.002856461564078927,0.0786602795124054
251.02052307128906,237.09942626953125,0.012251487001776695,0.01390056312084198,0.08450710028409958
160.19302368164062,150.96775817871094,0.0051231710240244865,0.011642564088106155,0.08423884212970734
202.65187072753906,193.95298767089844,0.008505306206643581,0.006479205098003149,0.12066271901130676
144.58502197265625,137.1292266845703,0.0074937790632247925,0.00578467408195138,0.08165781199932098
204.68601989746094,200.61785888671875,0.0034455708228051662,0.003012164030224085,0.08392948657274246
150.16448974609375,146.9546356201172,0.0025430878158658743,0.002376517979428172,0.07500528544187546
204.62808227539062,200.61880493164062,0.004014932084828615,0.0023161331191658974,0.08437424898147583
197.61883544921875,193.25108337402344,0.002634884789586067,0.0044935611076653,0.080352783203125
154.06710815429688,150.33917236328125,0.0031197520438581705,0.002823867369443178,0.07561241835355759
178.64047241210938,172.36927795410156,0.0024236999452114105,0.008463643491268158,0.08275271207094193
121.92989349365234,118.13003540039062,0.0025678775273263454,0.003458765335381031,0.07865405827760696
171.1654510498047,165.28741455078125,0.0026988559402525425,0.007537684869021177,0.07597631961107254
105.15937805175781,102.23139953613281,0.0022268230095505714,0.0020162761211395264,0.08064287155866623
139.79837036132812,137.27183532714844,0.002222788752987981,0.0012762885307893157,0.07769975811243057
110.03815460205078,106.21931457519531,0.003442622721195221,0.0027305518742650747,0.07322563976049423
144.23561096191406,140.36148071289062,0.0038659742567688227,0.0023016766645014286,0.07902941107749939
87.92073059082031,84.97325897216797,0.002514864318072796,0.0018324654083698988,0.07738036662340164
207.0926971435547,203.1608428955078,0.002476396504789591,0.0039055333472788334,0.07408896088600159
160.24615478515625,156.50592041015625,0.0032065005507320166,0.0026522227562963963,0.08108612895011902
245.66033935546875,240.9015655517578,0.004162459168583155,0.0036511903163045645,0.08519446104764938
270.5472106933594,266.0228271484375,0.00240727374330163,0.004957395605742931,0.08420521765947342
177.45053100585938,171.52989196777344,0.002845573937520385,0.007518152706325054,0.07387728989124298
254.92735290527344,249.59115600585938,0.00240726419724524,0.006592283956706524,0.08364243060350418
144.3619384765625,140.06500244140625,0.003771445946767926,0.0030370920430868864,0.08926629275083542
203.94920349121094,197.29354858398438,0.0025012940168380737,0.009186363779008389,0.08118312060832977
133.90650939941406,130.73207092285156,0.0022175952326506376,0.002495922613888979,0.08176727592945099
212.0956573486328,205.88050842285156,0.0023296496365219355,0.008264866657555103,0.0917886272072792
173.7245635986328,169.84571838378906,0.0031313097570091486,0.0026689772494137287,0.09787046164274216
220.46543884277344,212.65550231933594,0.0023180576972663403,0.011882051825523376,0.07098807394504547
255.62342834472656,248.79356384277344,0.002324342727661133,0.009739183820784092,0.07980889827013016
180.755615234375,176.3928985595703,0.0025215439964085817,0.004449766129255295,0.08770644664764404
252.47271728515625,244.2260284423828,0.002794855972751975,0.011535611934959888,0.10814530402421951
181.91505432128906,178.09588623046875,0.0024483269080519676,0.003617030568420887,0.07864779233932495
185.10572814941406,172.36961364746094,0.0027241914067417383,0.02130732126533985,0.07203560322523117
200.08477783203125,196.56771850585938,0.002042109379544854,0.003489687340334058,0.07511613517999649
181.82070922851562,168.92401123046875,0.0028983564116060734,0.021282609552145004,0.08062148839235306
208.7987823486328,204.06576538085938,0.0036654749419540167,0.004061117768287659,0.08697157353162766
220.34304809570312,200.55885314941406,0.002719698240980506,0.03491790592670441,0.09653980284929276
219.24298095703125,216.79429626464844,0.0020983736030757427,0.0012410763883963227,0.07789590954780579
269.6974792480469,252.29527282714844,0.0020820526406168938,0.031074605882167816,0.08238870650529861
187.15704345703125,183.3267364501953,0.002677380107343197,0.003506340319290757,0.07384461909532547
188.41397094726562,171.5509796142578,0.0020317004527896643,0.030102605000138283,0.07958435267210007
218.3423309326172,212.4032745361328,0.003556210780516267,0.00649389810860157,0.0914003849029541
167.11383056640625,160.12217712402344,0.003362700343132019,0.008877333253622055,0.08716394752264023
213.21646118164062,208.05136108398438,0.002335118595510721,0.006473389454185963,0.07608538120985031
186.8721466064453,182.86373901367188,0.0024865157902240753,0.0040755984373390675,0.07273511588573456
181.11697387695312,173.84336853027344,0.0026897427160292864,0.01043001189827919,0.07137303054332733
170.97349548339844,166.3063507080078,0.005708578508347273,0.0019588039722293615,0.0833456814289093
193.0343017578125,189.06761169433594,0.0029408917762339115,0.002882150001823902,0.10551684349775314
177.21824645996094,174.14503479003906,0.002646327717229724,0.001902107265777886,0.07989899814128876
186.7638397216797,183.55726623535156,0.0021055154502391815,0.002603155793622136,0.0852234959602356
159.179931640625,156.02734375,0.0028632476460188627,0.001991979544982314,0.0724981278181076
208.48281860351562,203.52740478515625,0.0028321389108896255,0.005002673249691725,0.10380125790834427
196.30792236328125,190.57208251953125,0.002795966574922204,0.0067669409327209,0.09543890506029129
161.38197326660156,158.09217834472656,0.0023482865653932095,0.0026216665282845497,0.0804821327328682
169.36624145507812,164.278564453125,0.002041331958025694,0.0065928297117352486,0.07705959677696228
155.68971252441406,152.344970703125,0.002072980161756277,0.0029936274513602257,0.08114390075206757
145.9439239501953,140.16673278808594,0.0020879521034657955,0.007881141267716885,0.07926534116268158
179.26052856445312,172.79090881347656,0.0029544061981141567,0.008453904651105404,0.07654731720685959
171.28749084472656,164.5806884765625,0.003386385040357709,0.008460666052997112,0.07832749933004379
152.45948791503906,148.8776397705078,0.0023004538379609585,0.0030691572465002537,0.08970549702644348
160.37713623046875,155.03042602539062,0.0023472108878195286,0.006844989489763975,0.07506126910448074
142.0072479248047,138.02545166015625,0.0021999776363372803,0.0042013488709926605,0.07811233401298523
141.84799194335938,135.59237670898438,0.0032343955244868994,0.007804473862051964,0.07361728698015213
157.88433837890625,153.96839904785156,0.002348103327676654,0.003398183500394225,0.10428068786859512
147.49034118652344,144.50950622558594,0.0022409858647733927,0.0020569392945617437,0.08318775147199631
160.09555053710938,156.6099395751953,0.002006780356168747,0.003274293849244714,0.084507517516613
161.2470703125,157.8538360595703,0.0028343345038592815,0.002517937682569027,0.07171005755662918
135.47796630859375,131.93359375,0.0023379968479275703,0.0028872608672827482,0.09317484498023987
137.2979278564453,134.7875213623047,0.0019415630958974361,0.0013069604756310582,0.08861413598060608
148.16322326660156,145.30892944335938,0.0019670736510306597,0.00209117797203362,0.08251606673002243
139.1899871826172,136.1249237060547,0.002483479678630829,0.002149684587493539,0.07484748959541321
154.43280029296875,151.53977966308594,0.0022622167598456144,0.0018069763900712132,0.08584339171648026
154.21644592285156,151.4149169921875,0.0019740101415663958,0.0019184545380994678,0.08552975207567215
137.74972534179688,134.79127502441406,0.0019766136538237333,0.002413899404928088,0.07631916552782059
146.44813537597656,143.29217529296875,0.002188056707382202,0.0026032852474600077,0.07602837681770325
130.919189453125,128.06954956054688,0.0021678435150533915,0.0018649074481800199,0.08332674205303192
132.67807006835938,129.72547912597656,0.002114424016326666,0.002125279977917671,0.08327387273311615
144.1409912109375,141.12892150878906,0.0022493249271064997,0.0022923338692635298,0.07412345707416534
137.01821899414062,133.29354858398438,0.0019168799044564366,0.004086287226527929,0.07230847328901291
150.3420867919922,147.61245727539062,0.002017483115196228,0.0017945498693734407,0.08236073702573776
150.61546325683594,146.87034606933594,0.002272278070449829,0.0035756691358983517,0.08211363106966019
135.4740447998047,132.400146484375,0.002986065810546279,0.0016781003214418888,0.07418232411146164
141.13461303710938,136.63375854492188,0.0019461404299363494,0.005618723575025797,0.07184341549873352
129.56614685058594,127.20584106445312,0.001968282274901867,0.0011760004563257098,0.07881554961204529
133.97865295410156,130.05328369140625,0.0020232514943927526,0.004260467831045389,0.0783502385020256
133.13604736328125,130.34190368652344,0.0028300501871854067,0.0012593076098710299,0.07494644075632095
143.18798828125,138.13975524902344,0.0022798357531428337,0.006350599694997072,0.0733010545372963
98.00080871582031,95.56318664550781,0.0018966858042404056,0.001415263512171805,0.07816490530967712
123.095703125,119.72128295898438,0.001960671739652753,0.0032633619848638773,0.07624085247516632
93.73550415039062,91.13957214355469,0.0020480456296354532,0.001628963160328567,0.07574295252561569
121.10126495361328,117.1666030883789,0.0022153325844556093,0.004169429652392864,0.07422810047864914
77.44115447998047,73.87142944335938,0.0025963829830288887,0.0029811181593686342,0.0780976340174675
104.74455261230469,101.91808319091797,0.0019915886223316193,0.002145486418157816,0.0757933035492897
92.97875213623047,89.67325592041016,0.002189195714890957,0.0029035857878625393,0.07591048628091812
89.02283477783203,86.13784790039062,0.0020977684762328863,0.0021946311462670565,0.07387834042310715
87.44477844238281,83.36608123779297,0.00387833034619689,0.0027687952388077974,0.07551315426826477
84.50153350830078,82.24925994873047,0.001873985049314797,0.0011199966538697481,0.07552826404571533
90.50265502929688,87.22315216064453,0.002823266899213195,0.002198708476498723,0.07685131579637527
65.8522720336914,63.54864501953125,0.0018958445871248841,0.001221777405589819,0.07448197156190872
100.03984832763672,96.3057632446289,0.004261033609509468,0.0017429363215342164,0.07320994883775711
63.281558990478516,60.244529724121094,0.002473623026162386,0.002125366358086467,0.07375342398881912
79.82294464111328,76.67105865478516,0.003225965891033411,0.0015033534727990627,0.07872263342142105
77.42391204833984,74.59143829345703,0.0022101998329162598,0.0019382656319066882,0.07582425326108932
72.16007232666016,68.92878723144531,0.0036857433151453733,0.001295591238886118,0.07406158000230789
74.33770751953125,70.73603057861328,0.0024675356689840555,0.0032622406724840403,0.07367834448814392
62.81262969970703,60.13636779785156,0.0021152158733457327,0.0016798048745840788,0.0778752863407135
70.44528198242188,67.75920867919922,0.0020087885204702616,0.0018740999512374401,0.07446306198835373
67.28817749023438,64.22720336914062,0.0022981020156294107,0.0023280263412743807,0.0747905746102333
66.94503021240234,64.00251007080078,0.002104354789480567,0.0022777062840759754,0.0751488134264946
61.015628814697266,57.992610931396484,0.0019156631315127015,0.002580101601779461,0.07751364260911942
64.4436264038086,62.196163177490234,0.0018634031293913722,0.0011604788014665246,0.07355199009180069
62.531707763671875,59.46757507324219,0.0018845568411052227,0.0027635162696242332,0.0740097314119339
64.84954071044922,62.507816314697266,0.001881372882053256,0.0013023765059188008,0.0749850794672966
58.1463508605957,55.11506271362305,0.0020509352907538414,0.002470756880939007,0.07704447954893112
61.76712417602539,59.509315490722656,0.0019073293078690767,0.001135583850555122,0.07363516837358475
60.55900955200195,57.7919807434082,0.0018590136896818876,0.0021855251397937536,0.07447569072246552
60.031272888183594,57.77926254272461,0.0018707908457145095,0.0011483639245852828,0.07424317300319672
59.326900482177734,56.713130950927734,0.002098836936056614,0.0016112044686451554,0.07587483525276184
56.52229690551758,53.991275787353516,0.002028749091550708,0.001556798699311912,0.07382454723119736
60.9791374206543,58.558536529541016,0.001866043428890407,0.001465764595195651,0.07546968758106232
54.345340728759766,52.05925369262695,0.0019144430989399552,0.0011752111604437232,0.07412589341402054
60.142982482910156,57.82390213012695,0.002034480683505535,0.0011051975889131427,0.07492411881685257
55.01938247680664,52.24964904785156,0.002115099923685193,0.0019446201622486115,0.07398734986782074
58.00581359863281,55.7583122253418,0.0018621591152623296,0.0011181216686964035,0.0757363811135292
54.66797637939453,52.37192153930664,0.0019224085845053196,0.0011916240910068154,0.07390390336513519
56.702919006347656,54.4786491394043,0.001953976461663842,0.0010068962583318353,0.0743832141160965
57.0839958190918,54.33233642578125,0.0020312427077442408,0.001993332989513874,0.0739370658993721
53.51576614379883,51.268310546875,0.0019112550653517246,0.0010644079884514213,0.07596241682767868
55.75102233886719,53.51838684082031,0.0018815564690157771,0.001109575154259801,0.07370663434267044
53.82423400878906,51.58647155761719,0.0018786669243127108,0.0011186236515641212,0.07391177862882614
57.031150817871094,54.47517395019531,0.0019307475304231048,0.001711621880531311,0.07347896695137024
52.83753967285156,50.50063705444336,0.002026003785431385,0.0011273064883425832,0.0760246217250824
53.9619026184082,51.78662109375,0.0018532838439568877,0.0010185536229982972,0.07393655925989151
54.10009765625,51.83354568481445,0.0018767405999824405,0.0011769193224608898,0.07397221773862839
54.252525329589844,51.89850997924805,0.0018656287575140595,0.001384006580337882,0.07291973382234573
54.08267593383789,51.72596740722656,0.0021279905922710896,0.0010773096000775695,0.07540592551231384
51.60927200317383,49.41170883178711,0.001865985686890781,0.0010477571049705148,0.07406929135322571
54.822410583496094,52.59103775024414,0.0018860704731196165,0.0010869874386116862,0.07448410242795944
51.795204162597656,49.572547912597656,0.0018434821395203471,0.0011457923101261258,0.07280199229717255
54.729679107666016,52.42304611206055,0.0021259114146232605,0.0009949813829734921,0.07461859285831451
50.505958557128906,48.2282600402832,0.0019045803928747773,0.0011757484171539545,0.07375344634056091
54.68269348144531,52.495235443115234,0.0018691447330638766,0.001009589177556336,0.07480926811695099
50.37887191772461,48.20449447631836,0.0018419333500787616,0.001048721489496529,0.07290484756231308
54.531944274902344,52.28086853027344,0.002033353317528963,0.000983050325885415,0.07428760081529617
50.09627914428711,47.77936935424805,0.001934418105520308,0.0012310410384088755,0.07341805100440979
54.50046157836914,52.32707595825195,0.0018531561363488436,0.0009961272589862347,0.07487452775239944
49.31345748901367,47.15461349487305,0.0018419019179418683,0.0010168529115617275,0.07294650375843048
54.25984191894531,52.05695724487305,0.0019279092084616423,0.0009951540268957615,0.07413515448570251
49.503379821777344,47.20478820800781,0.0019288882613182068,0.0012061636662110686,0.07310649752616882
54.54326629638672,52.36507797241211,0.0018692995654419065,0.0009920368902385235,0.0747518539428711
48.3701057434082,46.21290588378906,0.0018397315870970488,0.0010149622103199363,0.07298540323972702
54.087581634521484,51.911842346191406,0.0018697702325880527,0.0009989341488108039,0.07413861900568008
48.7828254699707,46.52619552612305,0.0019023631466552615,0.001155218342319131,0.07278411835432053
54.46847152709961,52.284183502197266,0.0018964626360684633,0.0009833044605329633,0.07444034516811371
47.75825500488281,45.59686279296875,0.0018374527571722865,0.0010243398137390614,0.07304953783750534
53.7709846496582,51.60360336303711,0.0018501364393159747,0.0009985356591641903,0.07430455833673477
48.2781982421875,46.0661735534668,0.001877561560831964,0.0010954270837828517,0.07255291193723679
54.07545852661133,51.893310546875,0.0019054379081353545,0.0009778715902939439,0.07404938340187073
47.55824279785156,45.38774108886719,0.001841131947003305,0.0010409306269139051,0.07294696569442749
53.399208068847656,51.234745025634766,0.0018440954154357314,0.0009966325014829636,0.07440982758998871
47.98631286621094,45.80848693847656,0.0018630593549460173,0.0010426930384710431,0.07249490916728973
53.62868881225586,51.45584487915039,0.001889279461465776,0.0009802831336855888,0.07380630820989609
47.47419738769531,45.298126220703125,0.001853493507951498,0.0010438495082780719,0.07273975014686584
53.410099029541016,51.25117492675781,0.0018382568378001451,0.0009944551857188344,0.07425673305988312
47.90559005737305,45.748783111572266,0.0018678429769352078,0.0009950880194082856,0.07253432273864746
54.05405807495117,51.88755798339844,0.0018579353345558047,0.0010030741104856133,0.07359950244426727
47.7474250793457,45.572593688964844,0.001885228673927486,0.0010114054894074798,0.07265131920576096
55.037105560302734,52.87751770019531,0.001830268302001059,0.0010107379639521241,0.0739084929227829
48.7918815612793,46.633914947509766,0.0019029098330065608,0.0009585272637195885,0.0727248266339302
57.17913818359375,54.986793518066406,0.0018309173174202442,0.001092412625439465,0.07306797057390213
48.980045318603516,46.789024353027344,0.001958895241841674,0.000966461724601686,0.07283435016870499
59.24421310424805,57.047428131103516,0.0018260023789480329,0.0011039251694455743,0.07318217307329178
48.544708251953125,46.35603332519531,0.0019460630137473345,0.0009657273185439408,0.07327785342931747
60.59614181518555,58.35190200805664,0.0018167807720601559,0.0012260250514373183,0.07228347659111023
45.849937438964844,43.6519775390625,0.0019786120392382145,0.0009559572208672762,0.07306747883558273
61.17117691040039,58.96867370605469,0.0018158629536628723,0.0011385376565158367,0.07253043353557587
42.74030685424805,40.57402801513672,0.0018897522240877151,0.000970407563727349,0.0736197903752327
62.1103630065918,59.8990478515625,0.0018155735451728106,0.00116940017323941,0.0718831941485405
39.61122131347656,37.44245529174805,0.0019125782418996096,0.0009680120274424553,0.07284700870513916
64.14286041259766,61.99480056762695,0.0018163048662245274,0.0010317566338926554,0.07240258157253265
36.74832534790039,34.60343551635742,0.0018406192539259791,0.0009762717527337372,0.07364437729120255
66.22451782226562,64.0360107421875,0.001837940770201385,0.0011067941086366773,0.07161392271518707
35.06700134277344,32.889556884765625,0.0019016084261238575,0.001004713587462902,0.07242841273546219
70.40740203857422,68.2811508178711,0.0018304698169231415,0.0009672741871327162,0.07273805886507034
33.4320068359375,31.2741756439209,0.0018267008708789945,0.0010052508441731334,0.07418572157621384
71.85201263427734,69.56639862060547,0.0018951990641653538,0.0012547788210213184,0.07106281071901321
35.1491584777832,32.84563064575195,0.0020202810410410166,0.0011514185462146997,0.07176792621612549
80.3390121459961,78.04361724853516,0.001961709000170231,0.0011364822275936604,0.07463008910417557
38.63300323486328,36.24201965332031,0.0019423692720010877,0.0012997164158150554,0.0769938975572586
80.83984375,77.81423950195312,0.0023102874401956797,0.0023074503988027573,0.07167336344718933
52.276405334472656,49.220664978027344,0.002780255861580372,0.0019056882010772824,0.07127682864665985
94.76336669921875,91.88851928710938,0.002341876970604062,0.0018219287740066648,0.07929494976997375
60.889259338378906,57.6162223815918,0.002616116777062416,0.002276161452755332,0.08268969506025314
92.4104995727539,88.74935913085938,0.002654452808201313,0.0031980632338672876,0.07348889112472534
64.00132751464844,59.913673400878906,0.004110523033887148,0.0026359145995229483,0.07144393771886826
130.8433837890625,127.4712905883789,0.0027629497926682234,0.0023415060713887215,0.08198630064725876
93.88219451904297,88.88313293457031,0.00430642394348979,0.0038861699867993593,0.09027623385190964
138.05523681640625,132.77976989746094,0.0039947424083948135,0.004996558651328087,0.07798171788454056
50.89731216430664,45.451595306396484,0.0059816669672727585,0.0034841569140553474,0.07128023356199265
502.1639099121094,477.4853210449219,0.025120772421360016,0.021418124437332153,0.1409141570329666
677.9985961914062,642.489501953125,0.03857977315783501,0.02890617772936821,0.17661283910274506
88.10427856445312,84.39667510986328,0.003448162227869034,0.002269154880195856,0.0848945826292038
531.4715576171875,504.3066711425781,0.02984420768916607,0.022318189963698387,0.10836904495954514
847.718994140625,792.1694946289062,0.06970839202404022,0.0382503867149353,0.15701067447662354
295.79833984375,264.40234375,0.04436999559402466,0.01650656946003437,0.0957706943154335
233.11390686035156,225.8280792236328,0.008005703799426556,0.004380078986287117,0.10929407924413681
467.3577575683594,434.0770568847656,0.05063450336456299,0.013118499889969826,0.1404210478067398
207.54933166503906,188.39654541015625,0.02958040125668049,0.006836059968918562,0.0944560244679451
386.66412353515625,365.7259521484375,0.03486037254333496,0.005352212116122246,0.083187036216259
785.1366577148438,692.1422119140625,0.15843090415000916,0.024638455361127853,0.14597994089126587
629.4104614257812,544.521728515625,0.14046405255794525,0.026700420305132866,0.1306518316268921
202.67916870117188,193.93150329589844,0.009778764098882675,0.00609199982136488,0.08122804760932922
394.38983154296875,358.0256652832031,0.059586502611637115,0.010461496189236641,0.13401809334754944
463.6089782714844,414.5675964355469,0.08079975843429565,0.014585762284696102,0.13486438989639282
205.72616577148438,200.6977996826172,0.005667621269822121,0.0028809949290007353,0.07540514320135117
221.21922302246094,190.07545471191406,0.052233729511499405,0.008717098273336887,0.06683547794818878
207.4649200439453,196.4416046142578,0.016582893207669258,0.0039892601780593395,0.07372374087572098
194.90493774414062,188.89779663085938,0.008458486758172512,0.001823308994062245,0.08662395179271698
124.05742645263672,114.11579895019531,0.012255662120878696,0.0060923160053789616,0.07676387578248978
200.7581787109375,195.68113708496094,0.00732149463146925,0.0013847722439095378,0.07239068299531937
218.4827880859375,197.54605102539062,0.03408566117286682,0.006262657232582569,0.07625723630189896
200.68882751464844,195.32940673828125,0.002527053002268076,0.006773653440177441,0.07090591639280319
243.15306091308594,231.00311279296875,0.015445739030838013,0.007343141362071037,0.07555050402879715
272.44903564453125,264.6440734863281,0.009862370789051056,0.003918081056326628,0.09147198498249054
209.06817626953125,202.7197265625,0.002473063999786973,0.008554461412131786,0.08346851915121078
256.6982727050781,247.64085388183594,0.011388232931494713,0.005229322239756584,0.07486531138420105
238.6597900390625,228.02134704589844,0.017797213047742844,0.0018689415883272886,0.08053648471832275
160.33499145507812,150.61080932617188,0.008439500816166401,0.00951351597905159,0.07476794719696045
151.2166748046875,147.24021911621094,0.002447224920615554,0.004019137006253004,0.07432636618614197
166.909912109375,160.07667541503906,0.010873929597437382,0.0012319362722337246,0.07803001999855042
124.4229736328125,119.29401397705078,0.006324598100036383,0.0021959247533231974,0.08686970919370651
175.4411163330078,169.40647888183594,0.007889259606599808,0.0026695746928453445,0.0755213275551796
138.89683532714844,126.81547546386719,0.02023710496723652,0.0024786805734038353,0.07234633713960648
232.94659423828125,229.29183959960938,0.0027196344453841448,0.002648100024089217,0.09708809107542038
211.2600555419922,204.57992553710938,0.009769287891685963,0.0018732493044808507,0.08588593453168869
171.35269165039062,165.51966857910156,0.007291620597243309,0.0029345855582505465,0.07199278473854065
161.04685974121094,156.73765563964844,0.0026103267446160316,0.004520067945122719,0.07439978420734406
134.5250701904297,127.65380096435547,0.009802333079278469,0.002475736429914832,0.07322391867637634
123.50102996826172,118.64834594726562,0.005713373422622681,0.002508592326194048,0.07416966557502747
115.26383972167969,112.63927459716797,0.0019036595476791263,0.0018925555050373077,0.07264582812786102
96.40705871582031,92.91771697998047,0.003926130011677742,0.0016163709806278348,0.07180964201688766
131.47744750976562,128.492919921875,0.003088975790888071,0.00150262750685215,0.06887268275022507
73.66494750976562,70.69440460205078,0.0025882699992507696,0.001999368891119957,0.06767163425683975
253.2153778076172,248.80059814453125,0.005656010936945677,0.0016666124574840069,0.07534630596637726
240.55491638183594,236.24652099609375,0.004773667082190514,0.0022019436582922935,0.08205816894769669
99.59060668945312,96.80166625976562,0.0020599444396793842,0.0020228377543389797,0.07475537806749344
116.95960998535156,114.57467651367188,0.0019672911148518324,0.0014232948888093233,0.06896406412124634
115.67082977294922,113.33708190917969,0.0018274096073582768,0.00147647422272712,0.06818047910928726
73.06033325195312,70.8680191040039,0.0018096498679369688,0.001192288240417838,0.0691341683268547
192.58473205566406,189.88250732421875,0.0019775209948420525,0.001987768802791834,0.07195714116096497
130.09007263183594,126.40308380126953,0.003085007658228278,0.002812202787026763,0.07383822649717331
216.8945770263672,213.283935546875,0.002767465077340603,0.003016912844032049,0.0718453973531723
235.66600036621094,232.17066955566406,0.002335003577172756,0.00325975869782269,0.06979554146528244
89.81526947021484,87.51085662841797,0.0019205902935937047,0.0013110397849231958,0.06885997951030731
158.85105895996094,155.8446807861328,0.0019329010974615812,0.002706441329792142,0.06867006421089172
69.16979217529297,66.12350463867188,0.001976698637008667,0.002716127783060074,0.06998775154352188
331.4636535644531,327.31134033203125,0.002904320601373911,0.003841440426185727,0.07794134318828583
380.3344421386719,371.8294372558594,0.004833218641579151,0.01060616597533226,0.07852941006422043
131.4559783935547,124.78368377685547,0.004580314736813307,0.0073017398826777935,0.07312671095132828
160.61428833007812,157.42713928222656,0.0019448905950412154,0.002980385674163699,0.07245185971260071
201.1733856201172,195.24984741210938,0.002418518764898181,0.008003734052181244,0.07124163210391998
119.6463394165039,117.2676010131836,0.0018703710520640016,0.0013522703666239977,0.07674167305231094
136.70887756347656,133.24070739746094,0.0028015142306685448,0.0027796963695436716,0.06775721907615662
166.30613708496094,161.79248046875,0.0037479838356375694,0.00391547242179513,0.06819254904985428
83.63002014160156,80.88860321044922,0.001996302045881748,0.0020237176213413477,0.07314067333936691
166.71798706054688,163.0926055908203,0.002339814091101289,0.003381977090612054,0.07644781470298767
71.47150421142578,68.84918975830078,0.0017750168917700648,0.0020534833893179893,0.07080642133951187
253.97389221191406,250.4535675048828,0.002901166444644332,0.002756289904937148,0.06915857642889023
289.0364990234375,282.4041748046875,0.0035218698903918266,0.00840600673109293,0.06683851033449173
193.25704956054688,189.210205078125,0.001998357940465212,0.004772222600877285,0.06615657359361649
214.90647888183594,211.05694580078125,0.0018113296246156096,0.004474655259400606,0.07065370678901672
299.9198303222656,294.9993896484375,0.0019747670739889145,0.00626616133376956,0.0799979642033577
230.2528839111328,226.6772918701172,0.0026508918963372707,0.0029100982937961817,0.07950857281684875
116.20491790771484,113.00834655761719,0.0030358610674738884,0.0019773924723267555,0.06899401545524597
177.37120056152344,172.35389709472656,0.002436394803225994,0.006231916137039661,0.06831452250480652
113.87872314453125,110.94779968261719,0.0018707863055169582,0.0026460655499249697,0.06725040078163147
109.13827514648438,105.58744812011719,0.0021232469007372856,0.003500125603750348,0.07391435652971268
141.2853546142578,137.97384643554688,0.0019155689515173435,0.0032141106203198433,0.07466740906238556
78.38226318359375,75.8102798461914,0.002525036921724677,0.0011406781850382686,0.0739125981926918
196.9852752685547,193.40106201171875,0.0030262924265116453,0.002799193374812603,0.06714615225791931
129.5271453857422,125.7041244506836,0.002112986985594034,0.004206704907119274,0.06631775200366974
238.31927490234375,235.8547821044922,0.0018683102680370212,0.0016617155633866787,0.06994719058275223
252.52194213867188,249.7676239013672,0.0019361407030373812,0.001997284358367324,0.07876192778348923
104.64591979980469,102.07560729980469,0.0019591187592595816,0.0016374901169911027,0.07720129191875458
97.78474426269531,95.19564819335938,0.002684766659513116,0.0011435531778261065,0.06749339401721954
155.77224731445312,152.78997802734375,0.002040489576756954,0.0025644521228969097,0.06797999888658524
88.65805053710938,85.87694549560547,0.0019883064087480307,0.0022166864946484566,0.06786096096038818
225.3919219970703,223.1870574951172,0.0017925291322171688,0.0011864848202094436,0.07153620570898056
226.14846801757812,223.501708984375,0.00205228035338223,0.0017489201854914427,0.07461533695459366
130.51043701171875,128.0955810546875,0.002340346807613969,0.0009907992789521813,0.07492837309837341
125.0382080078125,122.37667846679688,0.002246473217383027,0.001693132915534079,0.0691724494099617
153.9942626953125,151.00523376464844,0.002329237526282668,0.0023209131322801113,0.0663951188325882
98.38365173339844,95.75161743164062,0.0018384542781859636,0.0020716905128210783,0.06769626587629318
161.02029418945312,158.72434997558594,0.0019541943911463022,0.0011842594249173999,0.07267154008150101
137.33041381835938,134.8814239501953,0.0017798226326704025,0.0013681496493518353,0.08750037848949432
154.93563842773438,152.39842224121094,0.0025693431962281466,0.0010028602555394173,0.0751117393374443
141.7456817626953,138.76251220703125,0.0031093284487724304,0.0014971663476899266,0.06799126416444778
149.07546997070312,146.2868194580078,0.0019204203272238374,0.002284943126142025,0.06859776377677917
117.1253890991211,114.55443572998047,0.0021231428254395723,0.0016542141092941165,0.06822773814201355
133.8239288330078,131.60182189941406,0.001976643456146121,0.0009862816659733653,0.07406457513570786
111.281494140625,109.05302429199219,0.001831608358770609,0.001193216536194086,0.07160566002130508
128.17027282714844,125.7924575805664,0.002322358312085271,0.000976278621237725,0.07285002619028091
106.7319564819336,104.01215362548828,0.0026438357308506966,0.0013705133460462093,0.07126281410455704
140.80482482910156,138.13525390625,0.0018401172710582614,0.0021676921751350164,0.0665670782327652
108.84449005126953,106.20947265625,0.0019140341319143772,0.0020199769642204046,0.06680150330066681
140.39276123046875,138.1472625732422,0.0018015246605500579,0.0012510832166299224,0.07191959023475647
116.58953094482422,114.0630111694336,0.0020846088882535696,0.0013275942765176296,0.08204203099012375
117.91014099121094,115.15813446044922,0.0027059046551585197,0.0013594498159363866,0.0719330832362175
103.73424530029297,101.05276489257812,0.0020897379145026207,0.001915617729537189,0.06788043677806854
117.34249877929688,115.1372299194336,0.001773025025613606,0.0012793390778824687,0.06790833920240402
94.64342498779297,92.3568344116211,0.0021108633372932673,0.0009865793399512768,0.07378720492124557
130.502197265625,128.39312744140625,0.0017426596023142338,0.0010738368146121502,0.07008177787065506
105.0189437866211,102.5520248413086,0.0023803338408470154,0.00117585773114115,0.06888212263584137
124.10670471191406,121.5743408203125,0.002701069926843047,0.000930188805796206,0.07167355716228485
106.21047973632812,103.93970489501953,0.0021483858581632376,0.0009479349246248603,0.07226218283176422
113.88390350341797,111.37529754638672,0.0019531557336449623,0.0017271246761083603,0.06684618443250656
94.51712036132812,92.13971710205078,0.0019179731607437134,0.001479078084230423,0.06788822263479233
125.9114990234375,123.49336242675781,0.0021868825424462557,0.0011503390269353986,0.07495290040969849
103.9875717163086,101.1279525756836,0.0029841167852282524,0.001154191792011261,0.07904689013957977
120.2672348022461,117.75370788574219,0.0018461837898939848,0.0018313191831111908,0.06747715175151825
104.38479614257812,101.8292007446289,0.0017875890480354428,0.0019587543793022633,0.06824255734682083
112.45655822753906,110.28494262695312,0.0018574614077806473,0.0010586342541500926,0.07135699689388275
92.67462921142578,90.40092468261719,0.0019766914192587137,0.00102787755895406,0.07714205235242844
122.26559448242188,119.887939453125,0.001897913170978427,0.0014981705462560058,0.06796133518218994
100.01068115234375,97.47771453857422,0.0020641537848860025,0.001636819913983345,0.06824774295091629
114.28562927246094,111.9826889038086,0.0022132189478725195,0.0009352476918138564,0.0728709027171135
94.82186126708984,92.64510345458984,0.0019372747046872973,0.0009462621528655291,0.07349944114685059
114.6826171875,112.3913803100586,0.0018058604327961802,0.0014291021507233381,0.0673755556344986
91.21630859375,88.94220733642578,0.001813781214877963,0.0013826669892296195,0.06758774071931839
119.55502319335938,117.07817840576172,0.0024497956037521362,0.000960484379902482,0.07717066258192062
97.0643310546875,94.7129898071289,0.002256144070997834,0.00094174052355811,0.0752398893237114
110.42304992675781,108.14423370361328,0.0017475764034315944,0.0014551244676113129,0.06774652749300003
90.65290069580078,88.39159393310547,0.001775873708538711,0.0013980214716866612,0.06743630766868591
114.2793197631836,112.06375122070312,0.001964845694601536,0.0009508235962130129,0.07577398419380188
93.5788345336914,91.23644256591797,0.0021873617079108953,0.0009768330492079258,0.07602890580892563
111.37368774414062,109.09716796875,0.0018901362782344222,0.0013004378415644169,0.06812398135662079
93.34747314453125,91.08084106445312,0.0017767504323273897,0.0014009621227160096,0.06777697056531906
107.56137084960938,105.38599395751953,0.0019307715119794011,0.000929054047446698,0.07454632967710495
88.85099029541016,86.67414093017578,0.0019218827364966273,0.0009506084024906158,0.07405968755483627
110.78755950927734,108.5860366821289,0.0018106709467247128,0.00123297527898103,0.06797051429748535
92.05840301513672,89.81285095214844,0.001866700011305511,0.0012669711140915751,0.06787192076444626
105.51871490478516,103.25995635986328,0.002068249974399805,0.000931131246034056,0.0759071484208107
87.68560791015625,85.48636627197266,0.001981534995138645,0.0009469736833125353,0.07349833101034164
107.92962646484375,105.72334289550781,0.001749069313518703,0.0013028261018916965,0.06803358346223831
89.04798126220703,86.87116241455078,0.001761247287504375,0.001242527854628861,0.06749334931373596
106.24459075927734,103.96253204345703,0.002080988371744752,0.0009428660850971937,0.07701312750577927
88.6609878540039,86.38365936279297,0.0021256052423268557,0.0009390586637891829,0.07449975609779358
104.69184875488281,102.44577026367188,0.0017649905057623982,0.001360484166070819,0.06833457201719284
86.9576644897461,84.77198028564453,0.0017422728706151247,0.0012778801610693336,0.06756043434143066
106.31513214111328,104.07445526123047,0.0020015714690089226,0.0009461702429689467,0.07668080925941467
89.18710327148438,86.92402648925781,0.002092669252306223,0.0009413776569999754,0.07460527122020721
102.26507568359375,99.990234375,0.0017981029814109206,0.0013840370811522007,0.068377286195755
85.47657775878906,83.29154205322266,0.0017524618888273835,0.0012645608512684703,0.0676519125699997
104.98319244384766,102.74520874023438,0.0019865427166223526,0.000953972339630127,0.07677265256643295
87.994384765625,85.79479217529297,0.001985026290640235,0.0009368429309688509,0.07386549562215805
100.59471130371094,98.31074523925781,0.0017692930996418,0.001429622177965939,0.06845101714134216
84.3214340209961,82.11646270751953,0.0017745965160429478,0.0012846454046666622,0.06753546744585037
102.83370208740234,100.56218719482422,0.002034195000305772,0.0009614246082492173,0.07737024873495102
86.25655364990234,84.07452392578125,0.0019602016545832157,0.000929372210521251,0.0737244039773941
99.43651580810547,97.1773452758789,0.001747322385199368,0.0013999524526298046,0.06855282187461853
83.73685455322266,81.53811645507812,0.0017571713542565703,0.0012929680524393916,0.06736642122268677
100.57626342773438,98.29383087158203,0.0020646289922297,0.0009573583956807852,0.07714372128248215
84.70671844482422,82.51455688476562,0.001985696842893958,0.000927607121411711,0.07355108112096786
98.41310119628906,96.16877746582031,0.0017449571751058102,0.0013746016193181276,0.06845489144325256
83.18465423583984,81.01033020019531,0.0017399296630173922,0.0012616484891623259,0.06735367327928543
98.69517517089844,96.4232406616211,0.0020502021070569754,0.000962542777415365,0.07655646651983261
83.3841781616211,81.18222045898438,0.002017065417021513,0.00092697812942788,0.0729932188987732
97.3304214477539,95.06896209716797,0.001743689994327724,0.0014134737430140376,0.06828786432743073
82.39533996582031,80.21603393554688,0.0017367370892316103,0.0012751445174217224,0.06733633577823639
97.25537872314453,94.9918441772461,0.0020173632074147463,0.0009804245783016086,0.07646381109952927
82.3460464477539,80.14434051513672,0.002021153224632144,0.0009296283242292702,0.07263154536485672
96.22530364990234,93.95913696289062,0.001739986939355731,0.0014281299663707614,0.06821043789386749
81.56593322753906,79.361083984375,0.0017360399942845106,0.001328085782006383,0.06727836281061172
96.26622009277344,94.00244140625,0.002008195035159588,0.0009935512207448483,0.07629088312387466
81.63858032226562,79.43679809570312,0.0020135222002863884,0.000940709316637367,0.07246636599302292
95.23466491699219,92.97514343261719,0.0017392198788002133,0.0014180212747305632,0.06809040904045105
80.76117706298828,78.5438461303711,0.001735139638185501,0.0013543061213567853,0.06726057082414627
95.52672576904297,93.25735473632812,0.0020195571705698967,0.001003597746603191,0.07577934861183167
81.02804565429688,78.82022094726562,0.0020207518246024847,0.0009512770920991898,0.07218091934919357
94.21808624267578,91.95646667480469,0.001740536536090076,0.0014244145713746548,0.06791463494300842
79.8360595703125,77.61339569091797,0.0017350808484479785,0.0013647153973579407,0.06727679818868637
94.79847717285156,92.52462768554688,0.0020281460601836443,0.0010149001609534025,0.07523247599601746
80.32003784179688,78.10388946533203,0.0020357994362711906,0.0009618093608878553,0.07173455506563187
93.17964935302734,90.91346740722656,0.001741326879709959,0.001435993704944849,0.06775218993425369
78.81336975097656,76.58434295654297,0.0017366547835990787,0.001375193940475583,0.06731056421995163
94.0693130493164,91.7944564819336,0.002029220573604107,0.001025598612613976,0.07474444061517715
79.50827026367188,77.28561401367188,0.00204919814132154,0.0009702403331175447,0.07129400223493576
92.29651641845703,90.02889251708984,0.0017411964945495129,0.0014419718645513058,0.06760425120592117
77.90081024169922,75.66657257080078,0.0017386832041665912,0.0013821794418618083,0.06738065928220749
93.2799301147461,91.0062484741211,0.0020276771392673254,0.001035594497807324,0.07420390099287033
78.65594482421875,76.42989349365234,0.002057422185316682,0.0009757131338119507,0.07094835489988327
91.51497650146484,89.24769592285156,0.0017419579671695828,0.0014437239151448011,0.06744411587715149
77.12712097167969,74.88914489746094,0.0017409751890227199,0.0013854573480784893,0.06747615337371826
92.39476776123047,90.12061309814453,0.0020314911380410194,0.0010458496399223804,0.07354786992073059
77.80664825439453,75.57727813720703,0.0020648555364459753,0.0009812433272600174,0.07063207030296326
90.7369155883789,88.46868896484375,0.001745420042425394,0.0014449878362938762,0.06730205565690994
76.38092803955078,74.14140319824219,0.001744962064549327,0.0013821005122736096,0.06759972125291824
91.52237701416016,89.24354553222656,0.0020431922748684883,0.0010576307540759444,0.07284150272607803
76.97593688964844,74.74142456054688,0.00207722675986588,0.0009856563992798328,0.07030679285526276
89.9708023071289,87.69597625732422,0.0017504761926829815,0.0014546092133969069,0.06722897291183472
75.60450744628906,73.3643569946289,0.0017501921392977238,0.0013745310716331005,0.0677790641784668
90.74032592773438,88.45404815673828,0.002055885037407279,0.0010732124792411923,0.07217235863208771
76.18256378173828,73.9427490234375,0.002089935587719083,0.0009894827380776405,0.07001005858182907
89.22330474853516,86.9360580444336,0.001756125595420599,0.0014740810729563236,0.06721405684947968
74.80204772949219,72.55947875976562,0.0017544719157740474,0.0013712317449972034,0.06797196716070175
90.03820037841797,87.74197387695312,0.0020694101694971323,0.0010920439381152391,0.071550153195858
75.43543243408203,73.19174194335938,0.0020983112044632435,0.000993488123640418,0.06977900117635727
88.45467376708984,86.15288543701172,0.0017629089998081326,0.0014954275684431195,0.06726203113794327
73.97872161865234,71.73418426513672,0.0017574477242305875,0.0013687812024727464,0.06814224272966385
89.36066436767578,87.05265808105469,0.002084424952045083,0.0011124927550554276,0.0709545686841011
74.73188018798828,72.48542785644531,0.0021041445434093475,0.0009963958291336894,0.06961841881275177
87.63129425048828,85.31287384033203,0.0017703048652037978,0.0015184324001893401,0.06740501523017883
73.13587188720703,70.89139556884766,0.0017599952407181263,0.0013631596229970455,0.06829015910625458
88.70098876953125,86.37957000732422,0.0020982606802135706,0.0011365374084562063,0.07040145993232727
74.0492935180664,71.80180358886719,0.0021070288494229317,0.0009981290204450488,0.06949049234390259
86.80089569091797,84.46227264404297,0.0017773228464648128,0.001547223306261003,0.06763558834791183
72.27953338623047,70.03742218017578,0.001761326682753861,0.0013548252172768116,0.06840375065803528
88.0701904296875,85.73214721679688,0.0021111108362674713,0.0011658970033749938,0.06995364278554916
73.36384582519531,71.11752319335938,0.0021049415227025747,0.0009997510351240635,0.06939800083637238
85.99412536621094,83.63184356689453,0.0017842906527221203,0.0015815052902325988,0.06793799251317978
71.43096923828125,69.19257354736328,0.0017607725458219647,0.001346543082036078,0.0684739276766777
87.449462890625,85.09306335449219,0.002123097190633416,0.0011971504427492619,0.06962725520133972
72.68832397460938,70.44510650634766,0.0020978895481675863,0.001001731026917696,0.06934080272912979
85.19005584716797,82.80402374267578,0.0017913415795192122,0.0016151907620951533,0.06827609986066818
70.59695434570312,68.36386108398438,0.0017590544885024428,0.0013373896945267916,0.06848642230033875
86.82293701171875,84.44847869873047,0.0021328385919332504,0.0012279010843485594,0.06940950453281403
72.03388977050781,69.79507446289062,0.0020881779491901398,0.0010030863340944052,0.06931870430707932
84.3470687866211,81.93983459472656,0.0017970892367884517,0.0016451969277113676,0.06860856711864471
69.77101135253906,67.5448226928711,0.0017566225724294782,0.001326939556747675,0.06844077259302139
86.15928649902344,83.76957702636719,0.0021376495715230703,0.0012562707997858524,0.06927455961704254
71.39752960205078,69.16426849365234,0.00207659974694252,0.0010034202132374048,0.06932540237903595
83.4625015258789,81.03829193115234,0.0018005543388426304,0.0016698730178177357,0.06889926642179489
68.95948028564453,66.74150848388672,0.0017532926285639405,0.0013155002379789948,0.0683581754565239
85.467041015625,83.06523895263672,0.0021380046382546425,0.0012817364186048508,0.06919348984956741
70.76313018798828,68.53736114501953,0.00206234073266387,0.0010022949427366257,0.06934530287981033
82.57797241210938,80.1406021118164,0.0018024895107373595,0.0016899966867640615,0.06911232322454453
68.16770935058594,65.95989227294922,0.0017489668680354953,0.0013016220182180405,0.06825220584869385
84.7587890625,82.34623718261719,0.002136695198714733,0.0013055503368377686,0.06914312392473221
70.11774444580078,67.90129852294922,0.0020459142979234457,0.0009995546424761415,0.06937115639448166
81.73096466064453,79.28191375732422,0.0018044416792690754,0.0017090662149712443,0.06923017650842667
67.41756439208984,65.2212905883789,0.0017442015232518315,0.001285659964196384,0.06813439726829529
84.03273010253906,81.6087875366211,0.002136170631274581,0.00132950849365443,0.06910984218120575
69.45235443115234,67.24579620361328,0.00202883780002594,0.000996195594780147,0.06940396130084991
80.94913482666016,78.48884582519531,0.0018073254032060504,0.0017281364416703582,0.06925597041845322
66.72467803955078,64.53990936279297,0.001739776460453868,0.001269642380066216,0.06800635159015656
83.27960968017578,80.84419250488281,0.0021369033493101597,0.001352235791273415,0.069085031747818
68.75850677490234,66.5615005493164,0.002012801356613636,0.0009922974277287722,0.06944610923528671
80.23747253417969,77.7673568725586,0.0018108575604856014,0.0017451810417696834,0.06920924782752991
66.0975570678711,63.92403793334961,0.0017359718913212419,0.0012535924324765801,0.06787320971488953
82.49349212646484,80.0475845336914,0.002138184616342187,0.001372371450997889,0.06906307488679886
68.03842163085938,65.8504867553711,0.001998469466343522,0.0009875295218080282,0.06949400156736374
79.5965347290039,77.11859893798828,0.0018146747024729848,0.001759107457473874,0.0691051185131073
65.5274658203125,63.365257263183594,0.0017326045781373978,0.0012370191980153322,0.06774017214775085
81.68894958496094,79.23413848876953,0.002139331540092826,0.0013893903233110905,0.069045290350914
67.2979507446289,65.11882781982422,0.0019857222214341164,0.0009816362289711833,0.06954421103000641
79.0093994140625,76.5256118774414,0.0018185150111094117,0.001769921276718378,0.06895649433135986
64.9943618774414,62.843788146972656,0.0017295549623668194,0.0012194260489195585,0.06760846823453903
80.87698364257812,78.41492462158203,0.002140006283298135,0.001403372036293149,0.06903722137212753
66.55138397216797,64.3807601928711,0.0019743754528462887,0.0009748457232490182,0.0696016177535057
78.45259094238281,75.96472930908203,0.0018220990896224976,0.00177816825453192,0.06877315789461136
64.48119354248047,62.34275817871094,0.0017268339870497584,0.0012005422031506896,0.0674746111035347
80.07501983642578,77.6070327758789,0.0021396514493972063,0.0014154913369566202,0.06904136389493942
65.81570434570312,63.653079986572266,0.001964470837265253,0.0009673675522208214,0.06967074424028397
77.90642547607422,75.41581726074219,0.001825132523663342,0.0017848177812993526,0.06856288760900497
63.9688606262207,61.843074798583984,0.0017243411857634783,0.00118044123519212,0.06733923405408859
79.29928588867188,76.82659912109375,0.00213762023486197,0.0014265802456066012,0.06905924528837204
65.10437774658203,62.9494743347168,0.001955299871042371,0.0009594488656148314,0.06975331902503967
77.35438537597656,74.86238098144531,0.0018271091394126415,0.0017902844119817019,0.06833026558160782
63.447391510009766,61.33480453491211,0.001721841748803854,0.001159223960712552,0.06720542907714844
78.56136322021484,76.08511352539062,0.0021334171760827303,0.0014371364377439022,0.06909740716218948
64.42259979248047,62.27546691894531,0.0019460186595097184,0.0009512778487987816,0.06984832882881165
76.79360961914062,74.30138397216797,0.0018277853960171342,0.0017950828187167645,0.06807967275381088
62.91056442260742,60.8118782043457,0.0017190533690154552,0.0011367526603862643,0.06707844883203506
77.8587417602539,75.38005828857422,0.0021268902346491814,0.0014472525799646974,0.06916105002164841
63.77069091796875,61.63187026977539,0.001935712993144989,0.0009428782504983246,0.06995224952697754
76.21630859375,73.72512817382812,0.0018271948210895061,0.0017987999599426985,0.06781818717718124
62.36136245727539,60.27714538574219,0.0017157847760245204,0.0011134383967146277,0.06696046143770218
77.18419647216797,74.70410919189453,0.002118362346664071,0.0014566935133188963,0.06925590336322784
63.14578628540039,61.015872955322266,0.0019241225672885776,0.0009345380240119994,0.07005854696035385
75.62844848632812,73.1396713256836,0.001825682120397687,0.0018007773905992508,0.06755444407463074
61.81232833862305,59.742977142333984,0.001712094177491963,0.0010895119048655033,0.06685492396354675
76.52123260498047,74.04096984863281,0.0021084703039377928,0.0014643556205555797,0.06938445568084717
62.5356559753418,60.415287017822266,0.0019111736910417676,0.0009263408719561994,0.07016119360923767
75.0406494140625,72.55602264404297,0.001823608879931271,0.0017996462993323803,0.06730003654956818
61.27074432373047,59.21657943725586,0.0017080358229577541,0.0010650752810761333,0.06676091998815536
75.85714721679688,73.37834167480469,0.002097710268571973,0.001468996750190854,0.06954502314329147
61.931880950927734,59.82159423828125,0.0018968661315739155,0.0009185987873934209,0.07025546580553055
74.45480346679688,71.9768295288086,0.001821214216761291,0.0017934233183041215,0.06706546992063522
60.74391174316406,58.705196380615234,0.0017037446377798915,0.0010401455219835043,0.0666772872209549
75.17955780029297,72.70469665527344,0.002086263382807374,0.0014687798684462905,0.06973429769277573
61.331581115722656,59.2318229675293,0.0018812549533322453,0.0009114760905504227,0.07033904641866684
73.86737060546875,71.39958953857422,0.001818457618355751,0.001779952202923596,0.06685826927423477
60.23212432861328,58.20919418334961,0.0016993301687762141,0.0010144651168957353,0.06660304218530655
74.4845962524414,72.01708221435547,0.002073929412290454,0.0014621657319366932,0.06994593888521194
60.74125671386719,58.65223693847656,0.0018645531963557005,0.0009053299436345696,0.07040786743164062
73.25863647460938,70.8055419921875,0.0018150989199057221,0.0017574589001014829,0.06668202579021454
59.729610443115234,57.72281265258789,0.0016949784476310015,0.000987874809652567,0.06653711199760437
73.7705307006836,71.31482696533203,0.002060055499896407,0.0014478134689852595,0.07017650455236435
60.1727409362793,58.094242095947266,0.0018469017231836915,0.0009008927154354751,0.07046008855104446
72.61333465576172,70.1803970336914,0.0018104698974639177,0.0017246912466362119,0.0665363147854805
59.231178283691406,57.24055099487305,0.0016908153193071485,0.0009608683758415282,0.06647860258817673
73.03675842285156,70.59838104248047,0.0020436635240912437,0.001424688147380948,0.07042032480239868
59.635005950927734,57.56622314453125,0.001828323001973331,0.000899381993804127,0.07049285620450974
71.91915130615234,69.51295471191406,0.0018038437701761723,0.0016801294405013323,0.06642084568738937
58.74253845214844,56.7674446105957,0.0016870503313839436,0.0009346015867777169,0.06642699986696243
72.27774810791016,69.86339569091797,0.0020234668627381325,0.0013918055919930339,0.07067149132490158
59.13259506225586,57.0719108581543,0.001808744273148477,0.0009025765466503799,0.07050242274999619
71.17666625976562,68.80462646484375,0.0017945485888049006,0.0016228851163759828,0.06633234024047852
58.276206970214844,56.31495666503906,0.001683932263404131,0.0009109340026043355,0.06638182699680328
71.4809799194336,69.09829711914062,0.0019985062535852194,0.0013483724324032664,0.07092425227165222
58.665855407714844,56.61050796508789,0.0017880289815366268,0.0009129359968937933,0.07048650830984116
70.39241790771484,68.06282806396484,0.0017819583881646395,0.0015518799191340804,0.06626740843057632
57.84695816040039,55.89607238769531,0.001681852387264371,0.0008930603507906199,0.0663428083062172
70.643310546875,68.3006591796875,0.0019679961260408163,0.0012938803993165493,0.07117155194282532
58.24101257324219,56.186485290527344,0.0017665288178250194,0.0009337266674265265,0.07043997943401337
69.5712890625,67.29291534423828,0.0017657835269346833,0.0014665382914245129,0.06622196733951569
57.46400833129883,55.517765045166016,0.0016814121045172215,0.0008848780416883528,0.0663098692893982
69.77468872070312,67.48038482666016,0.0019314271630719304,0.0012289808364585042,0.07140998542308807
57.86794662475586,55.8076286315918,0.001745108631439507,0.000968362030107528,0.07035832852125168
68.7228775024414,66.50371551513672,0.0017462032847106457,0.0013682828284800053,0.0661916509270668
57.13228225708008,55.18230056762695,0.0016834072303026915,0.0008908840245567262,0.06628385931253433
68.89718627929688,66.6582260131836,0.0018892933148890734,0.0011559821432456374,0.0716327354311943
57.555946350097656,55.48101806640625,0.0017249431693926454,0.0010202006669715047,0.07023530453443527
67.87039184570312,65.71627807617188,0.001724070985801518,0.0012607146054506302,0.06617171317338943
56.855350494384766,54.890628814697266,0.0016886271769180894,0.0009154792642220855,0.06626718491315842
68.03968811035156,65.8599624633789,0.00184293941128999,0.0010799405863508582,0.07182859629392624
57.30134201049805,55.201194763183594,0.001707616844214499,0.0010914158774539828,0.07006313651800156
67.05412292480469,64.9664077758789,0.0017014548648148775,0.001150823663920164,0.06615718454122543
56.632137298583984,54.6397705078125,0.0016977671766653657,0.0009616862516850233,0.06626402586698532
67.24365997314453,65.12203979492188,0.0017953735077753663,0.0010083098895847797,0.07197818905115128
57.09259033203125,54.95596694946289,0.0016946461983025074,0.0011819280916824937,0.06983385235071182
66.31938171386719,64.29319763183594,0.0016817209543660283,0.001047854428179562,0.06613998860120773
56.4494514465332,54.41629409790039,0.0017109964974224567,0.0010297035332769156,0.06628087908029556
66.55358123779297,64.48258972167969,0.001750968862324953,0.0009499760344624519,0.07205168902873993
56.90568161010742,54.72245788574219,0.0016871425323188305,0.0012883840827271342,0.06954601407051086
65.71459197998047,63.7374382019043,0.0016696053789928555,0.000962480844464153,0.06611080467700958
56.27992630004883,54.19462585449219,0.0017276090802624822,0.0011164124589413404,0.06632862985134125
66.00856018066406,63.974143981933594,0.0017156285466626287,0.0009128988021984696,0.07201521843671799
56.713626861572266,54.4769172668457,0.0016850992105901241,0.0014041602844372392,0.06920812278985977
65.25196075439453,63.3045539855957,0.0016705519519746304,0.0009030528017319739,0.06606043130159378
56.08161544799805,53.93684387207031,0.001745863351970911,0.0012152852723374963,0.06641954928636551
65.61941528320312,63.602848052978516,0.0016957060433924198,0.0009007144253700972,0.07183505594730377
56.48529052734375,54.19294738769531,0.0016871695406734943,0.0015208107652142644,0.0688352882862091
64.90292358398438,62.962257385253906,0.0016895130975171924,0.0008721369667910039,0.06598454713821411
55.826759338378906,53.6199951171875,0.0017630058573558927,0.0013191447360441089,0.0665687620639801
65.32691192626953,63.30821228027344,0.0016965727554634213,0.0009109576931223273,0.07149333506822586
56.184566497802734,53.84001541137695,0.0016907185781747103,0.00162935396656394,0.06845147907733917
64.57941436767578,62.62372970581055,0.0017287381924688816,0.0008647937211208045,0.06589222699403763
55.54168701171875,53.27358627319336,0.0017766575329005718,0.0014237704453989863,0.06678841263055801
64.9632797241211,62.92459487915039,0.0017215843545272946,0.0009359996765851974,0.07098894566297531
55.7965202331543,53.409217834472656,0.0016925540985539556,0.00172039691824466,0.06808299571275711
64.02720642089844,62.04275894165039,0.001783619518391788,0.0008691148832440376,0.06580787152051926
55.533626556396484,53.200931549072266,0.001788747264072299,0.0015348666347563267,0.06708865612745285
63.7488899230957,61.67649841308594,0.0017716721631586552,0.0009663658565841615,0.07033748179674149
55.84812927246094,53.44269943237305,0.0016897432506084442,0.0017657876014709473,0.0677664577960968
61.0723762512207,59.070152282714844,0.0018265522085130215,0.0008623389876447618,0.06577804684638977
58.28886032104492,55.869014739990234,0.0018216012977063656,0.0016680308617651463,0.06750282645225525
54.25197982788086,52.1733283996582,0.0018115323036909103,0.000953995855525136,0.06958866864442825
58.746883392333984,56.397579193115234,0.0016876066802069545,0.0016612241743132472,0.06748881936073303
43.63669204711914,41.55824661254883,0.0018074099207296968,0.0010313496459275484,0.06590666621923447
58.25894546508789,55.76693344116211,0.0018218648619949818,0.0017859392100945115,0.06881120055913925
36.372039794921875,34.27738571166992,0.0017678654985502362,0.0010330061195418239,0.06942177563905716
66.03861999511719,63.59623718261719,0.001756026642397046,0.0017886728746816516,0.0670032724738121
29.357633590698242,26.557334899902344,0.0018488598288968205,0.0024299598298966885,0.06608881801366806
92.76721954345703,87.75064086914062,0.0017820800421759486,0.0066718836314976215,0.07895961403846741
54.5316276550293,50.103580474853516,0.001994612393900752,0.005334901623427868,0.07632889598608017
99.69380950927734,92.75725555419922,0.00236047082580626,0.01004205085337162,0.07352939248085022
53.397769927978516,46.7713737487793,0.002810772741213441,0.009109055623412132,0.0666482225060463
204.38497924804688,189.90577697753906,0.003136869752779603,0.023641711100935936,0.1089906394481659
218.9552459716797,199.38096618652344,0.004130926448851824,0.032937005162239075,0.10403194278478622
30.41365623474121,28.403968811035156,0.0017219060100615025,0.0009540256578475237,0.06717231869697571
173.44508361816406,159.48062133789062,0.004624378867447376,0.021970529109239578,0.0667007714509964
108.89824676513672,91.84272766113281,0.004126039333641529,0.02856941893696785,0.07077855616807938
168.9300537109375,164.38507080078125,0.003037037095054984,0.004635039251297712,0.07089358568191528
243.56927490234375,214.8117218017578,0.006429992150515318,0.04968831315636635,0.0698394775390625
218.4665985107422,200.48028564453125,0.0021508855279535055,0.03246966376900673,0.06760389357805252
94.34510803222656,91.52572631835938,0.0034650631714612246,0.000865356472786516,0.0654178187251091
232.30899047851562,214.89012145996094,0.005454927682876587,0.028059333562850952,0.06617403775453568
283.2893981933594,256.87445068359375,0.005299143027514219,0.04609110578894615,0.07198327034711838
74.65536499023438,62.04714584350586,0.0037272819317877293,0.019942758604884148,0.07732028514146805
140.1385040283203,119.98511505126953,0.007425225805491209,0.031495507806539536,0.06930163502693176
224.4490509033203,185.28330993652344,0.00882533099502325,0.06804091483354568,0.0732627660036087
53.46711349487305,46.116451263427734,0.002162790158763528,0.011227566748857498,0.06554815918207169
334.3401794433594,296.1186218261719,0.005641190800815821,0.06870562583208084,0.1048155352473259
564.6643676757812,457.5837097167969,0.009263115003705025,0.2017267346382141,0.15857258439064026
345.52276611328125,275.5575866699219,0.008394851349294186,0.12914954125881195,0.11929947882890701
122.238037109375,119.18895721435547,0.00270290020853281,0.0019557152409106493,0.0719773918390274
307.32440185546875,266.2386474609375,0.005186696071177721,0.07515566796064377,0.09145669639110565
376.3120422363281,318.0293273925781,0.0069197360426187515,0.10785019397735596,0.08977451175451279
185.90750122070312,170.89959716796875,0.0036228185053914785,0.024982552975416183,0.0705215185880661
156.70413208007812,145.20252990722656,0.013860591687262058,0.007593425922095776,0.07745950669050217
208.73516845703125,190.0029754638672,0.003188013331964612,0.03249703347682953,0.08896684646606445
198.27308654785156,180.16148376464844,0.006396816577762365,0.027988385409116745,0.09190109372138977
219.61314392089844,214.94505310058594,0.00449423398822546,0.0033827864099293947,0.07295810431241989
212.44241333007812,205.44252014160156,0.0027341418899595737,0.00991658866405487,0.06745357811450958
181.74020385742188,170.91990661621094,0.005869016516953707,0.014463967643678188,0.06538018584251404
183.1096954345703,176.96109008789062,0.0069228545762598515,0.004047868773341179,0.0663234144449234
143.2344970703125,140.04412841796875,0.00297297234646976,0.0018549698870629072,0.07764044404029846
134.73863220214844,129.51983642578125,0.0023773452267050743,0.006555784028023481,0.07522297650575638
143.21766662597656,139.08267211914062,0.004825428128242493,0.002048312220722437,0.06981125473976135
126.00099182128906,121.1511459350586,0.003852719906717539,0.004467443097382784,0.06897656619548798
171.69081115722656,166.5138702392578,0.003096100175753236,0.005983733106404543,0.06370227038860321
147.3345947265625,140.88369750976562,0.008411080576479435,0.003226214088499546,0.06322434544563293
132.47999572753906,127.88461303710938,0.006477165035903454,0.0014016140485182405,0.06559880077838898
118.1155014038086,115.19855499267578,0.0031968846451491117,0.0011730915866792202,0.07319540530443192
120.25822448730469,116.48251342773438,0.004589446820318699,0.0013663078425452113,0.07978331297636032
95.24402618408203,92.2230453491211,0.002928643487393856,0.0016865548677742481,0.07133815437555313
143.5374298095703,139.96282958984375,0.00459326384589076,0.0012106230715289712,0.06726471334695816
121.88082885742188,116.54871368408203,0.006195229012519121,0.0030941904988139868,0.06874092668294907
112.20867919921875,107.313720703125,0.0035921731032431126,0.004908845294266939,0.06444502621889114
93.68695831298828,91.16525268554688,0.001960128080099821,0.0016882293857634068,0.06975254416465759
114.44072723388672,111.369384765625,0.002193540334701538,0.0025350661017000675,0.07070373743772507
96.15206146240234,92.95853424072266,0.00295145227573812,0.0020241010934114456,0.07057508826255798
116.08940124511719,113.63324737548828,0.0018831596244126558,0.0016255055088549852,0.07018177211284637
100.88520812988281,97.39016723632812,0.0027400159742683172,0.002913842210546136,0.06681139022111893
100.91090393066406,96.54631805419922,0.0056830947287380695,0.001773598836734891,0.06362348049879074
86.88874816894531,83.75751495361328,0.003216885030269623,0.001754186232574284,0.06457015872001648
105.77977752685547,103.34469604492188,0.0019105407409369946,0.0015998617745935917,0.06798776984214783
90.20104217529297,87.72763061523438,0.0025830415543168783,0.0009501774329692125,0.0706799328327179
103.71305847167969,101.3319320678711,0.001801038975827396,0.0016138986684381962,0.06736569106578827
87.63104248046875,85.11477661132812,0.0024284147657454014,0.0012818356044590473,0.06611423194408417
102.64807891845703,100.08924102783203,0.0022883154451847076,0.0014908078592270613,0.06692738831043243
87.54573059082031,85.01103210449219,0.0020756216254085302,0.0016046989476308227,0.06945398449897766
101.1290054321289,98.89961242675781,0.0019946845714002848,0.0011294438736513257,0.06673271209001541
88.36590576171875,86.25106811523438,0.0018323890399187803,0.0010728295892477036,0.06622307747602463
96.13321685791016,93.9085922241211,0.0017221622401848435,0.0013785670744255185,0.06742659211158752
82.8006591796875,80.5787582397461,0.0016617714427411556,0.0014281045878306031,0.06769630312919617
99.299072265625,97.02307891845703,0.002297275001183152,0.000940588244702667,0.06570599228143692
85.45117950439453,83.15812683105469,0.0023619404528290033,0.0009174093138426542,0.06533847749233246
95.45592498779297,93.50811004638672,0.001651068334467709,0.0009117400040850043,0.06664115935564041
83.90662384033203,81.86661529541016,0.0016472769202664495,0.0010323734022676945,0.07001776248216629
92.30245971679688,90.3319091796875,0.0016637392109259963,0.0009235648321919143,0.0676896944642067
78.50267028808594,76.41850280761719,0.0017623264575377107,0.001081278664059937,0.06623682379722595
96.85332489013672,94.61443328857422,0.001833160873502493,0.0013041363563388586,0.06702392548322678
82.17558288574219,80.08898162841797,0.0018855123780667782,0.0009408183395862579,0.06734361499547958
93.92357635498047,91.9352035522461,0.0017541840206831694,0.0009072706452570856,0.06576461344957352
81.54273223876953,79.59846496582031,0.0016227841842919588,0.0009603583603166044,0.065269835293293
91.03693389892578,88.99639892578125,0.0016059309709817171,0.0011385175166651607,0.06683122366666794
78.26568603515625,76.17050170898438,0.001704784226603806,0.0011273744748905301,0.06791109591722488
93.4906005859375,91.44538116455078,0.001863130833953619,0.0009091845131479204,0.06590649485588074
80.01791381835938,78.01136779785156,0.0017839253414422274,0.0009127598023042083,0.06582054495811462
91.4212417602539,89.45809173583984,0.0016386612551286817,0.0009504224872216582,0.0668613389134407
79.11898803710938,77.18372344970703,0.0016305026365444064,0.0008919999236240983,0.06740116328001022
90.83274841308594,88.87433624267578,0.001665474963374436,0.0009310076129622757,0.06601715087890625
78.40055084228516,76.419189453125,0.001709236647002399,0.0009363088756799698,0.06585957854986191
90.78358459472656,88.63834381103516,0.0017279241001233459,0.0012157814344391227,0.06733888387680054
78.85108947753906,76.73895263671875,0.001774510252289474,0.001108097261749208,0.06708285212516785
88.9859848022461,87.04967498779297,0.0017042859690263867,0.0008591781952418387,0.06545757502317429
76.73104858398438,74.8226089477539,0.0016285099554806948,0.0008770193671807647,0.06556742638349533
90.92008972167969,88.96131896972656,0.0016191818285733461,0.0009458707645535469,0.06762472540140152
78.23893737792969,76.2583236694336,0.0016788706416264176,0.0009227810078300536,0.06797832995653152
89.35843658447266,87.38064575195312,0.001771486597135663,0.0008739533368498087,0.06550706177949905
77.85613250732422,75.86292266845703,0.0017527143936604261,0.000924795342143625,0.06544539332389832
88.39759826660156,86.37908172607422,0.0016792763490229845,0.001014170004054904,0.0671788901090622
76.58463287353516,74.62213897705078,0.001670320751145482,0.000910676084458828,0.06720003485679626
89.53495025634766,87.6226806640625,0.0016576863126829267,0.0008607133640907705,0.06530676782131195
77.76423645019531,75.83728790283203,0.0016614061314612627,0.0008831480517983437,0.06546676158905029
87.91995239257812,85.8979263305664,0.001667340868152678,0.0010152831673622131,0.06807152926921844
76.83883666992188,74.8151626586914,0.0017034214688465,0.0009891940280795097,0.0677366703748703
87.96073913574219,86.02194213867188,0.0017058063531294465,0.0008689310634508729,0.06514313817024231
76.5508804321289,74.62061309814453,0.0016764737665653229,0.0008797917980700731,0.06521409749984741
87.9951171875,86.03219604492188,0.0016594820190221071,0.000920276390388608,0.0673041045665741
76.88802337646484,74.92987060546875,0.001666310359723866,0.0009064249461516738,0.06717871874570847
86.9135513305664,84.9879379272461,0.0016869009705260396,0.000863042485434562,0.06506387144327164
75.7947998046875,73.84005737304688,0.0017089389730244875,0.0008925558649934828,0.06539922207593918
87.70394134521484,85.70402526855469,0.001673783757723868,0.0009598549222573638,0.06830985844135284
76.46308898925781,74.48896026611328,0.0016556016635149717,0.000941394129768014,0.06756250560283661
86.58666229248047,84.6688003540039,0.0016591938911005855,0.0008762337383814156,0.0650147870182991
75.50064849853516,73.569091796875,0.0016860662726685405,0.000875449797604233,0.06507985293865204
87.02238464355469,85.0499267578125,0.001684376155026257,0.000904883083421737,0.06778297573328018
75.5496597290039,73.58349609375,0.0016709956107661128,0.0009164846851490438,0.06724211573600769
86.75370788574219,84.82952880859375,0.001673057209700346,0.0008760002092458308,0.06496495753526688
75.28886413574219,73.35009002685547,0.0016911952989175916,0.0008813444874249399,0.06525050103664398
86.58346557617188,84.6080322265625,0.0016678764950484037,0.0009189704433083534,0.0682009607553482
74.96996307373047,73.00182342529297,0.0016522359801456332,0.0009412757935933769,0.0671384334564209
86.53717803955078,84.61418914794922,0.001668072072789073,0.0008806726546026766,0.06486136466264725
74.78556060791016,72.84757232666016,0.0017119593685492873,0.0008632747922092676,0.06503690779209137
86.2976303100586,84.33403015136719,0.0016808044165372849,0.000882600957993418,0.06818985939025879
74.36936950683594,72.40898895263672,0.001647395663894713,0.0009274916374124587,0.06729383766651154
86.2753677368164,84.35018920898438,0.0016563675599172711,0.0008962805732153356,0.0648857057094574
74.03756713867188,72.0950698852539,0.0017069943714886904,0.0008772797882556915,0.06503595411777496
86.31102752685547,84.34199523925781,0.0016840732423588634,0.000893706688657403,0.06801449507474899
73.97335052490234,72.00984191894531,0.001652304083108902,0.0009366694721393287,0.06690191477537155
85.7842788696289,83.85956573486328,0.0016600302187725902,0.0008933130302466452,0.0648043304681778
73.17222595214844,71.23580932617188,0.001708243042230606,0.0008648658404126763,0.06498651206493378
86.28641510009766,84.33055114746094,0.0016768689965829253,0.0008726856322027743,0.06810847669839859
73.55457305908203,71.59654235839844,0.0016458675963804126,0.0009305680287070572,0.06698188185691833
85.20913696289062,83.27983856201172,0.0016568556893616915,0.0009058343130163848,0.0647956132888794
72.2631607055664,70.3218994140625,0.0017110545886680484,0.0008728020475246012,0.0649326965212822
86.19953918457031,84.2451400756836,0.0016772318631410599,0.0008722007041797042,0.06796804070472717
73.07247924804688,71.12016296386719,0.0016466182423755527,0.0009218482882715762,0.06680827587842941
84.65332794189453,82.72649383544922,0.0016585537232458591,0.0009003679733723402,0.0647376999258995
71.44935607910156,69.50947570800781,0.0017113316571339965,0.0008714457508176565,0.06484878808259964
85.94091033935547,83.99066925048828,0.0016711066709831357,0.0008736629388295114,0.06778586655855179
72.59194946289062,70.63936614990234,0.0016419864259660244,0.0009295359486714005,0.06668213754892349
83.94257354736328,82.01481628417969,0.001657437882386148,0.0009038031566888094,0.06471417099237442
70.58759307861328,68.6485824584961,0.001714387210085988,0.0008666922803968191,0.0648464784026146
85.56465148925781,83.62063598632812,0.001669976394623518,0.0008626293856650591,0.06777079403400421
72.00025177001953,70.05506134033203,0.0016399178421124816,0.0009181303903460503,0.06661668419837952
83.30181884765625,81.3753433227539,0.0016546878032386303,0.0009055366390384734,0.06463649123907089
69.83075714111328,67.89159393310547,0.001711623277515173,0.0008722007041797042,0.06472529470920563
85.08206176757812,83.13998413085938,0.0016668346943333745,0.0008660431485623121,0.06756339222192764
71.43270874023438,69.4884262084961,0.0016386830247938633,0.000919286860153079,0.06653003394603729
82.58856201171875,80.66363525390625,0.0016545812832191586,0.0009027337073348463,0.06462742388248444
69.1077880859375,67.17147827148438,0.0017107874155044556,0.0008672495023347437,0.06472951918840408
84.475341796875,82.54013061523438,0.0016624038107693195,0.0008586441981606185,0.0674687922000885
70.78244018554688,68.84504699707031,0.001634909538552165,0.0009122409392148256,0.06638184189796448
81.94078826904297,80.0177230834961,0.0016523414524272084,0.0009032098460011184,0.06452881544828415
68.48811340332031,66.55176544189453,0.0017114914953708649,0.0008685921784490347,0.06463101506233215
83.74991607666016,81.81643676757812,0.00166135944891721,0.0008583912276662886,0.06736050546169281
70.09649658203125,68.1610107421875,0.0016332429368048906,0.000910608156118542,0.06635554134845734
81.2963638305664,79.37564086914062,0.0016502373619005084,0.0009011549409478903,0.06450241804122925
67.91665649414062,65.98334503173828,0.0017085362924262881,0.0008663456537760794,0.06458757072687149
82.93689727783203,81.00868225097656,0.0016572527820244431,0.0008552756626158953,0.06719549000263214
69.3530044555664,67.42194366455078,0.0016302980948239565,0.0009077278664335608,0.06620445847511292
80.70647430419922,78.7880630493164,0.0016493453877046704,0.0008989376947283745,0.06442684680223465
67.41609954833984,65.4839859008789,0.0017090492183342576,0.0008642371976748109,0.06454677879810333
82.05984497070312,80.1348648071289,0.001654391409829259,0.0008534450316801667,0.0671062245965004
68.60505676269531,66.67717742919922,0.001627120771445334,0.0009060639422386885,0.06612864881753922
80.09903717041016,78.18338012695312,0.0016475047450512648,0.0008963634609244764,0.06437256932258606
66.93242645263672,65.00204467773438,0.0017088979948312044,0.0008620689040981233,0.06448996067047119
81.14543914794922,79.22388458251953,0.0016519241034984589,0.0008522084099240601,0.0669487863779068
67.85662841796875,65.93211364746094,0.001624777796678245,0.0009042119490914047,0.06600160151720047
79.4584732055664,77.54651641845703,0.0016460017068311572,0.0008916190126910806,0.06431449949741364
66.4218521118164,64.49451446533203,0.001706477371044457,0.0008588951313868165,0.06446558982133865
80.2594985961914,78.34131622314453,0.0016477585304528475,0.0008519546827301383,0.0668330267071724
67.14791107177734,65.22522735595703,0.00162252108566463,0.0009049930959008634,0.06589267402887344
78.781005859375,76.87098693847656,0.0016471071867272258,0.00088782625971362,0.06425528228282928
65.9014892578125,63.97616195678711,0.0017064339481294155,0.0008555782842449844,0.06443145871162415
79.39391326904297,77.48011016845703,0.0016427566297352314,0.0008510725456289947,0.06668871641159058
66.49014282226562,64.57117462158203,0.00161923433188349,0.0009032072848640382,0.06577447801828384
78.04029846191406,76.13338470458984,0.0016478210454806685,0.000882036576513201,0.06419838964939117
65.33872985839844,63.414424896240234,0.0017078225500881672,0.0008526915917173028,0.06440497189760208
78.58111572265625,76.66999053955078,0.0016387582290917635,0.0008525691810064018,0.06654553860425949
65.8912124633789,63.974185943603516,0.0016164056723937392,0.0009044580510817468,0.0656593069434166
77.25151824951172,75.34757995605469,0.0016483720391988754,0.0008765108650550246,0.06414923816919327
64.75093841552734,62.8289680480957,0.0017072898335754871,0.0008488965686410666,0.06438778340816498
77.80115509033203,75.89362335205078,0.0016342535382136703,0.0008528981124982238,0.06639572978019714
65.3249282836914,63.410396575927734,0.0016140281222760677,0.0009042020537890494,0.06554155796766281
76.44658660888672,74.54489135742188,0.0016505572712048888,0.0008708749082870781,0.0640973299741745
64.154296875,62.23390197753906,0.001707639079540968,0.0008457094081677496,0.06437235325574875
77.05211639404297,75.14778900146484,0.001629498670808971,0.0008542503928765655,0.06624500453472137
64.78524780273438,62.87286376953125,0.0016115489415824413,0.0009045921033248305,0.06543143093585968
75.64154815673828,73.74164581298828,0.0016531160799786448,0.0008656687568873167,0.06405100226402283
63.562007904052734,61.6428108215332,0.0017083276761695743,0.0008429631707258523,0.06435498595237732
76.31796264648438,74.41670227050781,0.001625141012482345,0.0008556893444620073,0.06608466804027557
64.24987030029297,62.3403205871582,0.0016092092264443636,0.0009034806280396879,0.06532084941864014
74.85689544677734,72.95905303955078,0.0016556548653170466,0.0008597442647442222,0.06401468813419342
62.97662353515625,61.05868148803711,0.0017085185972973704,0.0008403849205933511,0.0643489733338356
75.6000747680664,73.70093536376953,0.0016213740454986691,0.0008582958835177124,0.06593011319637299
63.7133674621582,61.80581283569336,0.0016073707956820726,0.0009034319082275033,0.06521537899971008
74.10340118408203,72.20696258544922,0.0016589723527431488,0.0008543267613276839,0.06397870182991028
62.40582275390625,60.48990249633789,0.0017073400085791945,0.0008377518970519304,0.06433770060539246
74.8934555053711,72.99678039550781,0.0016174990450963378,0.0008605087059549987,0.06576701998710632
63.172340393066406,61.267173767089844,0.0016057259635999799,0.0009024745086207986,0.06510642170906067
73.3759536743164,71.48015594482422,0.0016631203470751643,0.0008494806825183332,0.06394943594932556
61.83735656738281,59.92282485961914,0.001706609851680696,0.000835796759929508,0.06433283537626266
74.20895385742188,72.31401824951172,0.0016141713131219149,0.0008633211837150156,0.06561905890703201
62.630062103271484,60.727699279785156,0.0016040920745581388,0.0009004201856441796,0.06501089781522751
72.67141723632812,70.77629852294922,0.0016670416807755828,0.0008446425199508667,0.06392782181501389
61.266109466552734,59.353519439697266,0.0017047531437128782,0.0008339983760379255,0.06432168185710907
73.54851531982422,71.65477752685547,0.001611534971743822,0.0008666557841934264,0.0654638335108757
62.08893585205078,60.1893424987793,0.0016028520185500383,0.0008980932179838419,0.0649118572473526
71.9816665649414,70.08687591552734,0.0016710504423826933,0.0008403033134527504,0.06391126662492752
60.68267822265625,58.772518157958984,0.001701490138657391,0.0008325150702148676,0.06431598216295242
72.91853332519531,71.02574920654297,0.0016091845463961363,0.0008699081954546273,0.06532395631074905
61.54939651489258,59.6528205871582,0.0016017962479963899,0.0008949452894739807,0.06482039391994476
71.30306243896484,69.40818786621094,0.0016752469819039106,0.0008365476387552917,0.06389780342578888
60.0832633972168,58.17584228515625,0.0016974774189293385,0.0008313304278999567,0.0643017366528511
72.320556640625,70.42859649658203,0.0016072813887149096,0.0008728793472982943,0.0651877149939537
61.016029357910156,59.122962951660156,0.0016008425736799836,0.0008906495058909059,0.06473185122013092
70.62731170654297,68.73234558105469,0.0016788634238764644,0.0008332955185323954,0.06388840824365616
59.46384811401367,57.5593376159668,0.0016926820389926434,0.0008305860101245344,0.06428753584623337
71.74879455566406,69.85738372802734,0.0016058344626799226,0.0008756956085562706,0.06506459414958954
60.48615264892578,58.5968017578125,0.0016000501345843077,0.0008856881177052855,0.06464788317680359
69.94840240478516,68.05364227294922,0.0016813840484246612,0.0008305805386044085,0.06387781351804733
58.825477600097656,56.92441177368164,0.0016867186641320586,0.0008301020134240389,0.0642654225230217
71.19377136230469,69.30313110351562,0.0016047533135861158,0.0008775440510362387,0.06494931876659393
59.95867156982422,58.073280334472656,0.0015994779532775283,0.0008799439528957009,0.06456780433654785
69.25796508789062,67.36371612548828,0.0016827731160447001,0.0008283848292194307,0.06386720389127731
58.170989990234375,56.273658752441406,0.0016798473661765456,0.0008300027111545205,0.06424064189195633
70.64073944091797,68.75120544433594,0.0016038295580074191,0.0008783602970652282,0.06484390050172806
59.432064056396484,57.550865173339844,0.0015991368563845754,0.0008734723669476807,0.06448929756879807
68.54962158203125,66.65650177001953,0.0016825898783281446,0.0008266067015938461,0.06385180354118347
57.50747299194336,55.61404037475586,0.0016723740845918655,0.0008302800706587732,0.0642106831073761
70.07405853271484,68.1861801147461,0.0016030397964641452,0.0008777485927566886,0.06474841386079788
58.90449523925781,57.02754211425781,0.0015990111278370023,0.0008665864006616175,0.06441530585289001
67.8191909790039,65.92800903320312,0.0016805205959826708,0.0008251909748651087,0.06383316218852997
56.84360122680664,54.95413589477539,0.001664482755586505,0.0008309092372655869,0.06417685002088547
69.47942352294922,67.59390258789062,0.0016022782074287534,0.0008756067254580557,0.06465781480073929
58.374759674072266,56.502098083496094,0.00159918621648103,0.0008593064267188311,0.06434129923582077
67.06575012207031,65.17737579345703,0.0016764835454523563,0.0008240612805821002,0.0638095885515213
56.190284729003906,54.30478286743164,0.0016562967794016004,0.000831873097922653,0.0641416534781456
68.84678649902344,66.96428680419922,0.001601540599949658,0.0008719622856006026,0.06457488983869553
57.84312057495117,55.97455978393555,0.0015996024012565613,0.0008521255222149193,0.06426980346441269
66.2942123413086,64.4094009399414,0.0016707361210137606,0.0008232452091760933,0.06378144025802612
55.559173583984375,53.67741775512695,0.001648358185775578,0.0008330746204592288,0.06410402059555054
68.1679916381836,66.28923797607422,0.0016007738886401057,0.0008668415830470622,0.06449434906244278
57.3068733215332,55.442195892333984,0.0016002635238692164,0.0008451000321656466,0.0641995370388031
65.51529693603516,63.634788513183594,0.0016633160412311554,0.0008226772770285606,0.06375101208686829
54.95951461791992,53.08124923706055,0.001640775823034346,0.0008344128145836294,0.06406689435243607
67.44688415527344,65.57233428955078,0.0016001376789063215,0.0008606320479884744,0.06441639363765717
56.767250061035156,54.906185150146484,0.001601075753569603,0.0008384441607631743,0.0641302615404129
64.74008178710938,62.864295959472656,0.001654891180805862,0.0008223068434745073,0.06371872872114182
54.39659881591797,52.52153396606445,0.0016338127898052335,0.0008357208571396768,0.06402970105409622
66.68994903564453,64.81988525390625,0.001599677256308496,0.0008536637178622186,0.0643393024802208
56.224143981933594,54.36627197265625,0.0016019393224269152,0.0008325559902004898,0.06406231224536896
63.98057174682617,62.109619140625,0.0016458728350698948,0.0008222796022891998,0.06368766725063324
53.871341705322266,51.99917984008789,0.0016276136739179492,0.0008368578273802996,0.06399286538362503
65.9126968383789,64.04714965820312,0.001599423703737557,0.0008464539423584938,0.06426088511943817
55.680938720703125,53.82597351074219,0.0016027226811274886,0.0008272993727587163,0.06399542838335037
63.24721908569336,61.3809928894043,0.0016368527431041002,0.0008224291377700865,0.06365836411714554
53.379966735839844,51.51041030883789,0.0016223336569964886,0.0008376691839657724,0.06395556032657623
65.13111114501953,63.269954681396484,0.0015994493151083589,0.0008392494055442512,0.06418081372976303
55.140892028808594,53.28852844238281,0.001603253884240985,0.0008228607475757599,0.06393053382635117
62.546321868896484,60.684471130371094,0.0016282708384096622,0.0008227679645642638,0.06363297253847122
52.916744232177734,51.04954528808594,0.001617991249077022,0.0008380637154914439,0.06391701102256775
64.3631362915039,62.506004333496094,0.0015996714355424047,0.0008326031384058297,0.06409914791584015
54.60926818847656,52.75925064086914,0.0016034248983487487,0.0008192440727725625,0.06386834383010864
61.88009262084961,60.02210998535156,0.0016205679858103395,0.0008231890969909728,0.06361059844493866
52.47279739379883,50.607852935791016,0.0016145340632647276,0.0008378484635613859,0.06387532502412796
63.6232795715332,61.76980209350586,0.0016000136965885758,0.000826615490950644,0.06401637196540833
54.09090805053711,52.2430534362793,0.0016031588893383741,0.0008163757156580687,0.06380898505449295
61.24717330932617,59.392478942871094,0.0016139522194862366,0.0008236233261413872,0.06359078735113144
52.04180908203125,50.17904281616211,0.0016118782805278897,0.0008370857685804367,0.06382809579372406
62.919681549072266,61.069461822509766,0.0016003266209736466,0.000821438618004322,0.06393349915742874
53.588096618652344,51.74232482910156,0.0016023628413677216,0.0008141152211464942,0.06375310570001602
60.64407730102539,58.792152404785156,0.0016084722010418773,0.0008239347953349352,0.0635722428560257
51.619483947753906,49.75882339477539,0.001609968370757997,0.0008358347695320845,0.06377582997083664
62.25297546386719,60.40568542480469,0.001600437331944704,0.0008170904475264251,0.06385254114866257
53.102012634277344,51.25822448730469,0.001601137570105493,0.0008124157320708036,0.06370110809803009
60.066261291503906,58.21664047241211,0.0016040842747315764,0.0008241070318035781,0.0635523572564125
51.203216552734375,49.34463882446289,0.0016086730174720287,0.0008341501816175878,0.0637165904045105
61.62271499633789,59.77812194824219,0.0016002411721274257,0.0008134625386446714,0.0637742280960083
52.63441848754883,50.792579650878906,0.0015995007706806064,0.000811138772405684,0.06365206837654114
59.507328033447266,57.659706115722656,0.0016007033409550786,0.0008239599410444498,0.06352929770946503
50.790130615234375,48.93359375,0.0016078912885859609,0.000832141435239464,0.06365186721086502
61.02695846557617,59.184879302978516,0.001599638257175684,0.0008105068118311465,0.06370040029287338
52.18654251098633,50.34660339355469,0.00159754219930619,0.0008102292194962502,0.06360547989606857
58.963340759277344,57.11746597290039,0.0015981483738869429,0.0008235808927565813,0.06350106745958328
50.37973403930664,48.52522277832031,0.0016074759187176824,0.0008299194741994143,0.06358151882886887
60.46474075317383,58.62507247924805,0.001598646747879684,0.0008080664556473494,0.06363089382648468
51.759300231933594,49.921241760253906,0.0015954177360981703,0.0008094750810414553,0.0635610893368721
58.42974090576172,56.585506439208984,0.0015962176257744431,0.0008229122031480074,0.06346704810857773
49.96836471557617,48.115806579589844,0.0016073178267106414,0.0008276464650407434,0.06350762397050858
59.93789291381836,58.100589752197266,0.0015972696710377932,0.0008060297113843262,0.06356560438871384
51.35478591918945,49.51858139038086,0.0015932128299027681,0.0008088519680313766,0.06351736187934875
57.90290451049805,56.06020736694336,0.0015947798965498805,0.0008220665622502565,0.06342744082212448
49.55175018310547,47.70109558105469,0.0016072560101747513,0.0008254051208496094,0.06343236565589905
59.448707580566406,57.6137580871582,0.0015956168062984943,0.0008041935507208109,0.06350454688072205
50.97358703613281,49.13919448852539,0.0015910324873402715,0.0008082751301117241,0.06347399204969406
57.37855911254883,55.537315368652344,0.0015937448479235172,0.0008210916421376169,0.0633828267455101
49.124942779541016,47.27613830566406,0.0016072184080258012,0.0008232865948230028,0.06335523724555969
58.99927520751953,57.16667556762695,0.0015937064308673143,0.0008025824790820479,0.06344550102949142
50.617427825927734,48.784847259521484,0.0015888746129348874,0.0008076736121438444,0.0634307861328125
56.85113525390625,55.011295318603516,0.0015929419314488769,0.0008200308075174689,0.06333553045988083
48.68275833129883,46.83572006225586,0.0016072255093604326,0.0008212935645133257,0.06327764689922333
58.59086608886719,56.76065444946289,0.001591656357049942,0.0008009951561689377,0.06338846683502197
50.28670883178711,48.45591735839844,0.001586812431924045,0.000807013944722712,0.06338774412870407
56.31581115722656,54.47732162475586,0.0015923012979328632,0.0008189569925889373,0.06328602135181427
48.22230911254883,46.37699890136719,0.001607205020263791,0.0008194163092412055,0.0631999522447586
58.221683502197266,56.393836975097656,0.0015895217657089233,0.0007995134801603854,0.06333276629447937
49.98184585571289,48.15284729003906,0.0015848070615902543,0.0008063014247454703,0.06334470957517624
55.768375396728516,53.931209564208984,0.0015917904675006866,0.0008178451680578291,0.06323474645614624
47.74241256713867,45.898807525634766,0.0016070716083049774,0.0008177179261110723,0.0631210207939148
57.887996673583984,56.06247329711914,0.0015873071970418096,0.0007981680682860315,0.0632784515619278
49.70054626464844,47.873313903808594,0.0015829004114493728,0.0008055040962062776,0.0633029192686081
55.2078857421875,53.37200927734375,0.001591456588357687,0.0008166611078195274,0.06318184733390808
47.24446105957031,45.40261459350586,0.0016068611294031143,0.0008159963181242347,0.06304152309894562
57.584556579589844,55.76131820678711,0.001585030579008162,0.0007969388971105218,0.06322574615478516
49.44013214111328,47.61465835571289,0.0015810448676347733,0.000804661016445607,0.06326214969158173
54.63523483276367,52.800594329833984,0.0015913340030238032,0.0008154220995493233,0.06312631815671921
46.73099136352539,44.89089584350586,0.0016065475065261126,0.0008144101593643427,0.0629613995552063
57.30656814575195,55.48548889160156,0.0015827101888135076,0.000795943895354867,0.06317517161369324
49.196529388427734,47.372840881347656,0.0015792753547430038,0.0008036606595851481,0.06322193890810013
54.053958892822266,52.2205810546875,0.0015913996612653136,0.0008140081772580743,0.06306711584329605
46.20620346069336,44.367919921875,0.0016060277121141553,0.0008129089837893844,0.0628814771771431
57.04753112792969,55.22846603393555,0.0015804176218807697,0.0007951721199788153,0.06312725692987442
48.965877532958984,47.14399719238281,0.0015775597421452403,0.0008025558781810105,0.06318219751119614
53.46622848510742,51.63412094116211,0.0015916615957394242,0.0008124726009555161,0.06300400197505951
45.673343658447266,43.836971282958984,0.0016051902202889323,0.0008115030359476805,0.06280260533094406
56.80356216430664,54.98637390136719,0.0015781684778630733,0.0007945733377709985,0.06308187544345856
48.74526596069336,46.925209045410156,0.001575967762619257,0.0008012964972294867,0.06314229965209961
52.874961853027344,51.044124603271484,0.0015920378500595689,0.0008108822512440383,0.06293760985136032
45.13641357421875,43.302059173583984,0.0016039732145145535,0.0008102161809802055,0.0627259910106659
56.56865310668945,54.75324630737305,0.0015760342357680202,0.0007940069190226495,0.06303849071264267
48.53083038330078,46.71267318725586,0.0015744954580441117,0.0007997871725820005,0.06310153007507324
52.2823371887207,50.4528694152832,0.0015923037426546216,0.0008092572679743171,0.06286904215812683
44.598384857177734,42.766117095947266,0.0016023936914280057,0.000809095858130604,0.06265220791101456
56.33767318725586,54.523983001708984,0.001574075547978282,0.0007934030145406723,0.06299524009227753
48.319122314453125,46.502933502197266,0.0015731191961094737,0.0007980924565345049,0.0630585104227066
51.691001892089844,49.863014221191406,0.0015922378515824676,0.0008077212260104716,0.06280108541250229
44.06367111206055,42.23355484008789,0.0016004537465050817,0.0008081361302174628,0.0625820904970169
56.103878021240234,54.29193115234375,0.0015723331598564982,0.0007925397367216647,0.06295103579759598
48.1057014465332,46.29151153564453,0.0015718723880127072,0.0007962323143146932,0.06301376223564148
51.10471725463867,49.2783317565918,0.0015916983829811215,0.0008063482237048447,0.06273607164621353
43.537994384765625,41.71009063720703,0.0015982117038220167,0.0008073128992691636,0.06251396983861923
55.85895538330078,54.048789978027344,0.0015708021819591522,0.0007914492744021118,0.06290414929389954
47.88446807861328,46.072322845458984,0.001570689957588911,0.0007942300289869308,0.06296836584806442
50.52947998046875,48.704891204833984,0.0015905379550531507,0.0008051549666561186,0.06267449259757996
43.02809143066406,41.20244216918945,0.0015958193689584732,0.0008065447327680886,0.062446579337120056
55.594173431396484,53.785888671875,0.0015694693429395556,0.0007900053169578314,0.06285495311021805
47.64820098876953,45.838077545166016,0.0015695445472374558,0.0007922317599877715,0.06292330473661423
49.9720573425293,48.14942932128906,0.001588768558576703,0.0008041298133321106,0.06261780858039856
42.54184341430664,40.718505859375,0.0015933703398332,0.0008057521772570908,0.06237768009305
55.29899597167969,53.492610931396484,0.0015683165984228253,0.000788397213909775,0.0628027468919754
47.38791275024414,45.57975769042969,0.0015684019308537245,0.0007903088117018342,0.06287985295057297
49.442203521728516,47.621761322021484,0.0015864333836361766,0.0008031536126509309,0.06256487965583801
42.088958740234375,40.267982482910156,0.0015909579815343022,0.0008048733579926193,0.06230622157454491
54.962833404541016,53.1583366394043,0.0015672779409214854,0.0007867342210374773,0.06274896115064621
47.09541320800781,45.28910827636719,0.0015672571025788784,0.0007885778904892504,0.06283865123987198
48.94979476928711,47.13174057006836,0.0015837025130167603,0.0008021573885343969,0.06251277029514313
41.678627014160156,39.86006164550781,0.0015886112814769149,0.0008038873202167451,0.06223162263631821
54.57569885253906,52.77304458618164,0.0015663112280890346,0.0007850879919715226,0.06269548833370209
46.76152038574219,44.95696258544922,0.0015660730423405766,0.0007870382978580892,0.0628003478050232
48.50320816040039,46.68768310546875,0.0015807687304913998,0.0008010888705030084,0.062459707260131836
41.3177375793457,39.501644134521484,0.0015863559674471617,0.0008027639705687761,0.062153398990631104
54.13077163696289,52.32981872558594,0.0015654065646231174,0.000783645489718765,0.06264252215623856
46.381134033203125,44.578182220458984,0.0015648864209651947,0.0007857106393203139,0.06276550143957138
48.10895919799805,46.296119689941406,0.0015777366934344172,0.0007998589426279068,0.06240415945649147
41.01195526123047,39.19839859008789,0.0015842118300497532,0.0008014438790269196,0.06207268312573433
53.62358093261719,51.82421875,0.0015645119128748775,0.0007823930936865509,0.06259094923734665
45.9498405456543,44.14838790893555,0.0015636538155376911,0.0007845971849747002,0.06273283809423447
47.773094177246094,45.96306610107422,0.0015747062861919403,0.0007984612602740526,0.062344539910554886
40.76435470581055,38.95341873168945,0.0015821588458493352,0.0007999173831194639,0.06198981776833534
53.05369567871094,51.2557487487793,0.0015636347234249115,0.0007814320269972086,0.06254106760025024
45.46710205078125,43.6669807434082,0.001562414807267487,0.0007837651064619422,0.06270276755094528
47.49662780761719,45.68948745727539,0.0015717357164248824,0.0007969234720803797,0.06228116899728775
40.57413101196289,38.76589584350586,0.0015801421832293272,0.0007982281967997551,0.061905086040496826
52.42530822753906,50.628658294677734,0.0015627731336280704,0.0007806798676028848,0.062492359429597855
44.93807601928711,43.13917541503906,0.0015611537965014577,0.0007831493276171386,0.06267503648996353
47.273773193359375,45.46957778930664,0.0015688386047258973,0.0007952723535709083,0.06221394240856171
40.43550109863281,38.630069732666016,0.001578149851411581,0.0007963415700942278,0.06181881204247475
51.74775314331055,49.9522705078125,0.0015619047917425632,0.000780150992795825,0.06244537979364395
44.37208938598633,42.57426071166992,0.001559874857775867,0.0007827916997484863,0.06264948099851608
47.09563064575195,45.29441833496094,0.0015660793287679553,0.0007935246103443205,0.062140945345163345
40.33816146850586,38.53559494018555,0.001576205831952393,0.0007943128584884107,0.06173074617981911
51.03614807128906,49.241798400878906,0.0015610154950991273,0.0007796743302606046,0.06240032985806465
43.78406524658203,41.98720932006836,0.0015585466753691435,0.000782639894168824,0.06262636184692383
46.94643020629883,45.1482048034668,0.0015634098090231419,0.000791771337389946,0.062063559889793396
40.26868438720703,38.469058990478516,0.0015743038384243846,0.0007921077776700258,0.06164200231432915
50.30857467651367,48.515316009521484,0.0015601172344759107,0.0007792368996888399,0.062358222901821136
43.19264221191406,41.39666748046875,0.0015572018455713987,0.0007826332584954798,0.0626055970788002
46.80622100830078,45.01099395751953,0.0015607959358021617,0.0007900641649030149,0.06197984516620636
40.209476470947266,38.412818908691406,0.0015724744880571961,0.0007897911127656698,0.06155228987336159
49.586448669433594,47.794288635253906,0.0015592395793646574,0.0007786866626702249,0.06231953948736191
42.61689376831055,40.82168960571289,0.0015558109153062105,0.0007828492671251297,0.06258735060691833
46.656620025634766,44.864383697509766,0.0015582129126414657,0.0007884681690484285,0.061889756470918655
40.1441650390625,38.350460052490234,0.0015707924030721188,0.0007873730501160026,0.06146221235394478
48.88961410522461,47.0986213684082,0.0015583441127091646,0.0007779274601489305,0.06228569895029068
42.07576370239258,40.28125,0.001554346876218915,0.0007832535193301737,0.06257136911153793
46.47946548461914,44.690147399902344,0.0015557084698230028,0.000787064665928483,0.061793144792318344
40.05805969238281,38.267215728759766,0.0015693132299929857,0.0007849411922506988,0.061371710151433945
48.23659133911133,46.446834564208984,0.0015574564458802342,0.000776912085711956,0.062257397919893265
41.58437728881836,39.790496826171875,0.0015528027433902025,0.0007837897283025086,0.0625583752989769
46.26197052001953,44.475547790527344,0.0015532445395365357,0.0007858072058297694,0.06168970838189125
39.940608978271484,38.15248489379883,0.0015681382501497865,0.0007824825588613749,0.06128128990530968
47.63966369628906,45.85123062133789,0.001556545845232904,0.0007755890837870538,0.062236227095127106
41.15181350708008,39.35852813720703,0.001551159773953259,0.000784453353844583,0.0625479519367218
45.998592376708984,44.214969635009766,0.001550842891447246,0.0007847919478081167,0.06158051639795303
39.78706359863281,38.001426696777344,0.0015674035530537367,0.0007800385938026011,0.06119154766201973
47.105690002441406,45.31863784790039,0.0015556170837953687,0.0007740326109342277,0.06222286447882652
40.78017807006836,38.98743438720703,0.0015493970131501555,0.00078529492020607,0.0625397190451622
45.6921272277832,43.91123962402344,0.0015485115582123399,0.000783951545599848,0.06146528571844101
39.59764099121094,37.814212799072266,0.001567180035635829,0.0007776257116347551,0.06110268458724022
46.63619613647461,44.85055160522461,0.0015546507202088833,0.0007722761365585029,0.062217988073825836
40.4662971496582,38.67396545410156,0.001547562307678163,0.0007864327635616064,0.0625334084033966
45.350093841552734,43.57183837890625,0.0015462995506823063,0.000783286988735199,0.061346087604761124
39.377471923828125,37.59597396850586,0.0015674917958676815,0.0007751898956485093,0.061015889048576355
46.2266960144043,44.44247055053711,0.0015536327846348286,0.0007703682058490813,0.062222495675086975
40.20175552368164,38.40971755981445,0.0015456891851499677,0.0007878236356191337,0.06252812594175339
44.98500061035156,43.209285736083984,0.0015441819559782743,0.000782785180490464,0.061223354190588
39.13349914550781,37.35354232788086,0.001568474224768579,0.0007728092023171484,0.060931459069252014
45.871543884277344,44.088653564453125,0.0015525344060733914,0.000768509111367166,0.062236640602350235
39.977378845214844,38.18546676635742,0.0015437945257872343,0.0007895722519606352,0.0625227764248848
44.60749435424805,42.834205627441406,0.00154220056720078,0.0007823765045031905,0.06109986454248428
38.87215042114258,37.0933837890625,0.0015701149823144078,0.0007704247254878283,0.060849905014038086
45.56388473510742,43.78225326538086,0.0015513389371335506,0.0007667341851629317,0.06225956603884697
39.78398895263672,37.99189758300781,0.0015419843839481473,0.0007918771007098258,0.06251618266105652
44.22898864746094,42.457984924316406,0.0015404100995510817,0.0007820725440979004,0.060976460576057434
38.600494384765625,36.82246398925781,0.001572493463754654,0.0007681286078877747,0.060772061347961426
45.29669952392578,43.51624298095703,0.0015500127337872982,0.0007650587940588593,0.06229190528392792
39.61333465576172,37.82069396972656,0.0015403013676404953,0.0007948369020596147,0.06250714510679245
43.855796813964844,42.08694839477539,0.0015387997264042497,0.0007817920413799584,0.060855064541101456
38.321842193603516,36.54402542114258,0.0015757364453747869,0.0007659385446459055,0.0606980100274086
45.063758850097656,43.284423828125,0.001548520172946155,0.0007635121583007276,0.06233192980289459
39.45956802368164,37.66592788696289,0.0015388656174764037,0.0007985382690094411,0.06249404326081276
43.491634368896484,41.724796295166016,0.0015374041395261884,0.0007815195713192225,0.060737550258636475
38.0399169921875,36.261653900146484,0.001579973497428,0.0007639924297109246,0.06062818691134453
44.85921096801758,43.08094024658203,0.0015468556666746736,0.0007621208787895739,0.06237844377756119
39.318946838378906,37.52369689941406,0.0015377544332295656,0.0008032136247493327,0.06247662007808685
43.13747024536133,41.37248611450195,0.0015362427802756429,0.0007812075200490654,0.06062586233019829
37.756866455078125,35.97739028930664,0.0015853323275223374,0.0007623659912496805,0.06056264787912369
44.67755889892578,42.900352478027344,0.0015450150240212679,0.0007608169107697904,0.06242906674742699
39.18861770629883,37.3909912109375,0.0015371616464108229,0.0008090367773547769,0.062452830374240875
42.79433822631836,41.031028747558594,0.0015353572089225054,0.000780865375418216,0.06051988899707794
37.47734832763672,35.6956787109375,0.0015921145677566528,0.0007612116751261055,0.06050087511539459
44.50911331176758,42.73296356201172,0.0015429791528731585,0.0007596841314807534,0.062481656670570374
39.06318283081055,37.2621955871582,0.0015372477937489748,0.0008162701269611716,0.062422849237918854
42.46409606933594,40.702301025390625,0.0015347268199548125,0.0007804445922374725,0.06042114645242691
37.20619583129883,35.421085357666016,0.0016006160294637084,0.0007607335573993623,0.060443345457315445
44.34638214111328,42.571327209472656,0.0015408080071210861,0.0007586413412354887,0.06253337860107422
38.94007110595703,37.13447570800781,0.0015382989076897502,0.0008251880644820631,0.0623851902782917
42.14912796020508,40.38862609863281,0.0015344436978921294,0.0007799788727425039,0.06032916530966759
36.950889587402344,35.16080856323242,0.0016112469602376223,0.0007611391483806074,0.06038903817534447
44.179439544677734,42.40553283691406,0.0015385010046884418,0.0007576780626550317,0.0625816285610199
38.81319046020508,37.00140380859375,0.0015406307065859437,0.000836133724078536,0.06234068050980568
41.85454559326172,40.09518814086914,0.001534485723823309,0.0007793486001901329,0.06024404615163803
36.720340728759766,34.9233512878418,0.0016244526486843824,0.0007627707091160119,0.060337964445352554
43.996822357177734,42.224098205566406,0.0015361453406512737,0.00075684511102736,0.06262265890836716
38.67656707763672,36.85658264160156,0.0015446587931364775,0.0008495531510561705,0.0622880682349205
41.588233947753906,39.829856872558594,0.0015349042369052768,0.0007785418420098722,0.06016528233885765
36.525413513183594,34.71913146972656,0.0016408138908445835,0.0007659466355107725,0.06029016897082329
43.78749465942383,42.01596450805664,0.0015337619697675109,0.0007562032551504672,0.06265470385551453
38.523738861083984,36.692996978759766,0.001550921006128192,0.000866016314830631,0.06222716346383095
41.35810852050781,39.600582122802734,0.0015357747906818986,0.0007774323457852006,0.060092344880104065
36.37477111816406,34.556236267089844,0.0016609580488875508,0.0007712200749665499,0.06024494394659996
43.54431915283203,41.773990631103516,0.0015314719639718533,0.0007557079079560935,0.06267409026622772
38.35126495361328,36.50653076171875,0.0015600142069160938,0.000886295922100544,0.06215772405266762
41.17015075683594,39.4133415222168,0.00153716083150357,0.0007759666186757386,0.06002448499202728
36.277984619140625,34.443485260009766,0.0016857740702107549,0.0007791718817315996,0.06020260974764824
43.26120376586914,41.49205017089844,0.0015292982570827007,0.0007554106414318085,0.06268017739057541
38.157833099365234,36.29507827758789,0.001572726760059595,0.0009111659019254148,0.06208061799407005
41.02854537963867,39.272274017333984,0.0015392274362966418,0.0007740840082988143,0.05996152386069298
36.239524841308594,34.38455581665039,0.0017161507857963443,0.0007905324455350637,0.06016268581151962
42.938148498535156,41.17007827758789,0.001527323853224516,0.0007553906762041152,0.06267129629850388
37.9479866027832,36.06224822998047,0.0015899203717708588,0.0009416617103852332,0.06199469417333603
40.93143081665039,39.17545700073242,0.0015421564457938075,0.00077172985766083,0.0599031075835228
36.26008605957031,34.378963470458984,0.0017533539794385433,0.000806364172603935,0.06012662500143051
42.58295440673828,40.8158073425293,0.0015256389742717147,0.0007557168719358742,0.06264673173427582
37.733680725097656,35.81869125366211,0.0016127410344779491,0.0009792362106963992,0.06190004199743271
40.87074661254883,39.11466979980469,0.0015462678857147694,0.0007689128979109228,0.059848759323358536
36.33444595336914,34.420223236083984,0.001798689248971641,0.000827851879876107,0.06009507551789284
42.20956802368164,40.44313049316406,0.001524345832876861,0.0007564070983789861,0.0626060962677002
37.53386306762695,35.58201599121094,0.0016425494104623795,0.0010252093197777867,0.06179690361022949
40.83163833618164,39.07481384277344,0.0015518676955252886,0.0007658187532797456,0.0597982294857502
36.45296859741211,34.496971130371094,0.001854109694249928,0.0008565105963498354,0.06006894260644913
41.840087890625,40.07398223876953,0.0015236127655953169,0.0007576190400868654,0.0625489130616188
37.374122619628906,35.376033782958984,0.001681188470683992,0.0010812868131324649,0.061685144901275635
40.79583740234375,39.03728103637695,0.0015595165314152837,0.0007625456782989204,0.05975259840488434
36.60438537597656,34.59602355957031,0.0019218150991946459,0.0008938913815654814,0.060050953179597855
41.498172760009766,39.731868743896484,0.0015237308107316494,0.0007593789487145841,0.06247474253177643
37.2834587097168,35.2277717590332,0.001730885705910623,0.001149205956608057,0.06156433746218681
40.74205017089844,38.9803352355957,0.0015697804046794772,0.0007594245835207403,0.059711191803216934
36.77714157104492,34.703495025634766,0.002004569163545966,0.0009418624104000628,0.0600428432226181
41.20841598510742,39.44108963012695,0.0015251616714522243,0.0007618309464305639,0.062382761389017105
37.288387298583984,35.16141891479492,0.0017946481239050627,0.0012305793352425098,0.06143521890044212
40.65772247314453,38.8909797668457,0.0015833693323656917,0.0007566101267002523,0.05967528000473976
36.968746185302734,34.814369201660156,0.0021060416474938393,0.0010017672320827842,0.06004709377884865
40.985626220703125,39.21607208251953,0.0015285807894542813,0.0007650965708307922,0.06227149814367294
37.40790557861328,35.19331359863281,0.0018763757543638349,0.0013268650509417057,0.061297204345464706
40.542476654052734,38.76841354370117,0.0016008800594136119,0.0007543396786786616,0.05964541435241699
37.19104766845703,34.937442779541016,0.0022307264152914286,0.0010751559166237712,0.060066092759370804
40.832298278808594,39.05900192260742,0.0015346965519711375,0.000769124599173665,0.06213885173201561
37.64845275878906,35.32720947265625,0.001980553613975644,0.0014389291172847152,0.06115018203854561
40.4135627746582,38.6295280456543,0.0016228996682912111,0.0007527110865339637,0.059623122215270996
37.470218658447266,35.096492767333984,0.0023832013830542564,0.001162205240689218,0.06010211631655693
40.735877990722656,38.9570426940918,0.0015441463328897953,0.0007738566491752863,0.06198352202773094
38.00237274169922,35.55336380004883,0.0021120146848261356,0.0015661175129935145,0.06099434196949005
40.304595947265625,38.5077018737793,0.0016498565673828125,0.000751713290810585,0.059610556811094284
37.84352493286133,35.32624816894531,0.002568892203271389,0.0012624814407899976,0.06015880033373833
40.67866516113281,38.89254379272461,0.001557137118652463,0.0007790200179442763,0.061804190278053284
38.45798110961914,35.858585357666016,0.0022755011450499296,0.0017066918080672622,0.06082993745803833
40.25218200683594,38.439453125,0.0016818016301840544,0.0007514358148910105,0.059610988944768906
38.34465789794922,35.65922546386719,0.0027923209127038717,0.00137376191560179,0.06023916229605675
40.650020599365234,38.85541915893555,0.0015730686718598008,0.0007841098704375327,0.06160140037536621
39.009281158447266,36.237159729003906,0.0024746786803007126,0.0018564123893156648,0.060657668858766556
40.281253814697266,38.4501838684082,0.0017178062116727233,0.0007517760386690497,0.059628091752529144
38.98685836791992,36.1090087890625,0.003056804882362485,0.0014919270761311054,0.060348689556121826
40.666168212890625,38.8627815246582,0.0015907568158581853,0.0007884511142037809,0.061378125101327896
39.67014694213867,36.70517349243164,0.0027112611569464207,0.0020090581383556128,0.06048135831952095
40.393577575683594,38.54262924194336,0.0017558097606524825,0.0007527470006607473,0.05966672673821449
39.75706100463867,36.66633224487305,0.0033616910222917795,0.0016098880441859365,0.06049373000860214
40.766380310058594,38.9548225402832,0.001608732040040195,0.0007916182512417436,0.06113796308636665
40.46096420288086,37.288639068603516,0.002983961021527648,0.002154603600502014,0.06030440703034401
40.58390808105469,38.71324157714844,0.0017924108542501926,0.0007542819366790354,0.05973200500011444
40.6272087097168,37.31073760986328,0.00370179396122694,0.0017175250686705112,0.0606812946498394
40.98998260498047,39.171852111816406,0.0016253077192232013,0.0007931902655400336,0.06088836491107941
41.382850646972656,37.99798583984375,0.0032868364360183477,0.0022802380844950676,0.06013251468539238
40.86267852783203,38.9742317199707,0.0018238938646391034,0.0007564464467577636,0.059827771037817
41.57685852050781,38.03390884399414,0.00406586192548275,0.0018016811227425933,0.060917701572179794
41.34971237182617,39.527889251708984,0.0016380631132051349,0.000792836828622967,0.06063739210367203
42.39699172973633,38.80914306640625,0.0036071420181542635,0.002369101857766509,0.05997283384203911
41.268524169921875,39.365882873535156,0.001846456783823669,0.0007596618961542845,0.05995837599039078
42.59553146362305,38.84059524536133,0.004437860567122698,0.0018478484125807881,0.06120840460062027
41.83712387084961,40.01583480834961,0.001643711351789534,0.0007909523556008935,0.0603957399725914
43.44525909423828,39.681495666503906,0.003925688099116087,0.0024051652289927006,0.05983367934823036
41.826744079589844,39.91498947143555,0.0018566035432741046,0.00076438975520432,0.06012588366866112
43.64485168457031,39.710514068603516,0.004793575033545494,0.0018439803970977664,0.06155574321746826
42.4536018371582,40.63751220703125,0.001639918191358447,0.0007887603132985532,0.06017496436834335
44.47686767578125,40.582496643066406,0.004216714296489954,0.002377522876486182,0.05972518026828766
42.52800750732422,40.613731384277344,0.0018510769587010145,0.0007709538331255317,0.060326043516397476
44.658512115478516,40.594539642333984,0.005102880764752626,0.0017858571372926235,0.06196020916104317
43.20423126220703,41.39714050292969,0.0016266516176983714,0.0007878309697844088,0.05998493358492851
45.45008087158203,41.48480987548828,0.004451492801308632,0.0022859282325953245,0.05965599790215492
43.33433532714844,41.424842834472656,0.0018290301086381078,0.0007789834053255618,0.06054854765534401
45.56690216064453,41.43635940551758,0.005334125366061926,0.0016787339700385928,0.0624115951359272
44.061058044433594,42.26535415649414,0.0016055046580731869,0.0007892484427429736,0.059832893311977386
46.30398178100586,42.3351936340332,0.004603945184499025,0.0021409918554127216,0.05963198095560074
44.2143669128418,42.316410064697266,0.0017932887421920896,0.0007870865520089865,0.06077689304947853
46.33503341674805,42.20388412475586,0.0054663908667862415,0.001538067706860602,0.06289210915565491
44.952091217041016,43.168636322021484,0.001579122617840767,0.0007934086606837809,0.05971914902329445
46.982120513916016,43.07436752319336,0.004659405909478664,0.0019630291499197483,0.05965346097946167
45.112117767333984,43.2314453125,0.0017481817631050944,0.0007933726301416755,0.06098923459649086
46.931182861328125,42.858951568603516,0.005492681171745062,0.0013843406923115253,0.0633721798658371
45.8094482421875,44.037296295166016,0.0015511970268562436,0.0008003547554835677,0.059637341648340225
47.46548080444336,43.67103576660156,0.004619037266820669,0.0017755813896656036,0.05971366539597511
45.94484329223633,44.08604431152344,0.0016973864985629916,0.0007969728321768343,0.06116170808672905
47.33293151855469,43.365535736083984,0.005421276669949293,0.0012371852062642574,0.06381655484437943
46.5653190612793,44.80177307128906,0.0015254650497809052,0.0008101429557427764,0.059574101120233536
47.74800491333008,44.101863861083984,0.004497498273849487,0.0015988053055480123,0.05979872867465019
46.647315979003906,44.81303405761719,0.0016447639791294932,0.0007982706883922219,0.06127645820379257
47.54317092895508,43.70985412597656,0.0052726962603628635,0.001110135461203754,0.0641898587346077
47.161312103271484,45.40215301513672,0.0015053217066451907,0.0008227016660384834,0.059514712542295456
47.824710845947266,44.34394836425781,0.004317999351769686,0.0014457133365795016,0.05989091098308563
47.194522857666016,45.38481140136719,0.001594156725332141,0.0007987669087015092,0.06132512912154198
47.569358825683594,43.88325119018555,0.005073437001556158,0.0010095755569636822,0.06446009129285812
47.59252166748047,45.832176208496094,0.0014941375702619553,0.0008376529440283775,0.05944528430700302
47.70842742919922,44.393699645996094,0.004107449669390917,0.0013225695583969355,0.05997142940759659
47.5985221862793,45.810523986816406,0.0015496935229748487,0.000800043111667037,0.06131286546587944
47.4237060546875,43.8837890625,0.004851469304412603,0.0009362012497149408,0.06460809707641602
47.90083312988281,46.13312911987305,0.0014940638793632388,0.0008541921270079911,0.059357549995183945
47.42627716064453,44.26475143432617,0.0038922401145100594,0.0012303416151553392,0.06002330780029297
47.90284729003906,46.13114547729492,0.0015152313280850649,0.0008030834142118692,0.06125449761748314
47.13969421386719,43.733665466308594,0.004632565192878246,0.000886825320776552,0.06463322043418884
48.13697052001953,46.35655212402344,0.0015044566243886948,0.0008713379502296448,0.059252213686704636
47.03169631958008,44.0000114440918,0.0036954327952116728,0.0011671058600768447,0.06004128232598305
48.1515998840332,46.389591217041016,0.001492345705628395,0.0008082743734121323,0.06116968393325806
46.781654357910156,43.48688888549805,0.0044409725815057755,0.0008574309176765382,0.06455641239881516
48.33100128173828,46.53463363647461,0.001521361293271184,0.0008886655559763312,0.059135619550943375
46.59523010253906,43.66225814819336,0.00353582133539021,0.0011295836884528399,0.060027096420526505
48.36552429199219,46.60700988769531,0.0014797491021454334,0.0008157208212651312,0.061077769845724106
46.41651153564453,43.2029914855957,0.004295333754271269,0.0008436248172074556,0.06440378725528717
48.50164031982422,46.6888542175293,0.0015386160230264068,0.0009066074853762984,0.05901753902435303
46.18011474609375,43.30941390991211,0.003427102230489254,0.0011144726304337382,0.059991512447595596
48.554378509521484,46.794490814208984,0.0014743012143298984,0.0008255697321146727,0.0609951950609684
46.09212875366211,42.924522399902344,0.004209241364151239,0.000841790868435055,0.06420915573835373
48.66809844970703,46.84101867675781,0.0015496655832976103,0.0009263352840207517,0.058907974511384964
45.79709243774414,42.94905090332031,0.0033789672888815403,0.0011182129383087158,0.05994529649615288
48.75050735473633,46.985599517822266,0.0014729202957823873,0.0008381519000977278,0.06093728169798851
45.8304557800293,42.6701774597168,0.004192042630165815,0.0008486690348945558,0.06399231404066086
48.85250473022461,47.014564514160156,0.0015503442846238613,0.0009492077515460551,0.058816488832235336
45.39573287963867,42.5273323059082,0.003400578862056136,0.0011382712982594967,0.05989757925271988
48.980892181396484,47.20699691772461,0.001475352793931961,0.0008540966082364321,0.06091686338186264
45.66475296020508,42.47337341308594,0.004246530123054981,0.0008609081269241869,0.06376614421606064
49.03086471557617,47.18508529663086,0.0015425552846863866,0.0009740004898048937,0.05875004827976227
44.838966369628906,41.90000915527344,0.0035058113280683756,0.0011750917183235288,0.05985068902373314
49.1416130065918,47.350765228271484,0.0014872506726533175,0.0008755897870287299,0.06094266474246979
45.8735466003418,42.62639617919922,0.0043503521010279655,0.0008734296425245702,0.06352586299180984
48.66939926147461,46.81785583496094,0.001543531659990549,0.000985321938060224,0.058711446821689606
43.969024658203125,40.889095306396484,0.0037239904049783945,0.001240264973603189,0.059780094772577286
47.727359771728516,45.918670654296875,0.0015015784883871675,0.0008982716244645417,0.060876552015542984
48.18547439575195,44.94731903076172,0.004336566664278507,0.0008758684271015227,0.06319385021924973
42.1904411315918,40.31281661987305,0.0016823940677568316,0.0008994417148642242,0.058670688420534134
43.304805755615234,39.98348617553711,0.00414299638941884,0.0013089285930618644,0.059535618871450424
37.251190185546875,35.47557067871094,0.0015452089719474316,0.0008117081015370786,0.059716179966926575
42.450252532958984,39.53086471557617,0.003784578526392579,0.0008150293142534792,0.0619581937789917
31.994192123413086,29.890277862548828,0.0022623685654252768,0.0007654901128262281,0.058998528867959976
47.49553680419922,43.93112564086914,0.004670349881052971,0.0012764210114255548,0.059102531522512436
28.149166107177734,25.598716735839844,0.003140151733532548,0.0007836262229830027,0.05885600671172142
39.08527374267578,34.54769515991211,0.0070220292545855045,0.0008129343623295426,0.06200995296239853
28.69339942932129,26.264015197753906,0.0029513249173760414,0.0007088684942573309,0.0599287711083889
64.92594146728516,60.1388053894043,0.007162180729210377,0.001228216220624745,0.05919312313199043
43.67262268066406,38.57187271118164,0.007867998443543911,0.0011399625800549984,0.059677258133888245
96.90278625488281,88.62860870361328,0.01419019140303135,0.0010965331457555294,0.063081294298172
139.9354705810547,120.6738510131836,0.03584006801247597,0.0012509896187111735,0.07160995155572891
59.65062713623047,56.383724212646484,0.004431204870343208,0.0008785172831267118,0.06120426952838898
72.94915008544922,64.80419158935547,0.013045660220086575,0.002029683208093047,0.060728464275598526
61.71821975708008,56.08949279785156,0.009121260605752468,0.0009199389605782926,0.060812853276729584
54.74192428588867,51.57465744018555,0.0042941272258758545,0.0008702862542122602,0.058505889028310776
78.40730285644531,67.86773681640625,0.01874377764761448,0.0010246840538457036,0.06553348153829575
49.922996520996094,47.9565544128418,0.0017786904936656356,0.0009375743684358895,0.0608309730887413
68.65802001953125,60.42848205566406,0.012884938158094883,0.002372842514887452,0.060064855962991714
33.778045654296875,31.212427139282227,0.003139656037092209,0.0008150124922394753,0.05882854759693146
95.11517333984375,87.74243927001953,0.011708792299032211,0.001830442575737834,0.06031196936964989
89.26437377929688,77.14990997314453,0.021467240527272224,0.0014305267250165343,0.06655832380056381
91.68003845214844,89.52061462402344,0.0015555117279291153,0.0015527061186730862,0.06053133308887482
97.04202270507812,88.33932495117188,0.012078488245606422,0.004146129824221134,0.059038516134023666
132.28359985351562,126.48356628417969,0.008795448578894138,0.001582829630933702,0.06108994781970978
103.94612121582031,102.02665710449219,0.0019091340946033597,0.0007295117247849703,0.06001439318060875
50.704891204833984,46.737205505371094,0.005964646115899086,0.0008170164655894041,0.05768545717000961
59.52946472167969,55.60917663574219,0.005905670113861561,0.0007061408250592649,0.06143828481435776
60.80826187133789,58.93148422241211,0.001590366242453456,0.0009054155671037734,0.06288877874612808
49.16192626953125,45.84264373779297,0.00428405636921525,0.0011702529154717922,0.05921274423599243
97.75999450683594,94.88660430908203,0.003513375064358115,0.0010701667051762342,0.058161959052085876
85.53670501708984,83.75098419189453,0.0015638928161934018,0.000827989773824811,0.05897792428731918
57.22150421142578,53.23159408569336,0.006012855563312769,0.0007966635166667402,0.058515314012765884
42.239952087402344,39.29948425292969,0.003874219721183181,0.0007792850374244153,0.061371468007564545
96.95270538330078,94.31458282470703,0.0024829658214002848,0.0015654509188607335,0.06139170005917549
81.34095001220703,77.13961791992188,0.005518868565559387,0.0017073384951800108,0.05882292985916138
62.08530044555664,60.12356948852539,0.0020145541056990623,0.0007494954625144601,0.05797074735164642
65.27220153808594,62.843162536621094,0.002843032591044903,0.0008467335719615221,0.058415163308382034
61.233123779296875,58.271785736083984,0.004048227798193693,0.0007210246985778213,0.05767134204506874
53.50285339355469,51.166770935058594,0.002415992319583893,0.0010773929534479976,0.0589388832449913
67.98870086669922,66.10395812988281,0.0015995290596038103,0.0009480614098720253,0.06109493598341942
65.27006530761719,63.00849914550781,0.002531396457925439,0.0007943921373225749,0.05986687168478966
51.32463455200195,49.175437927246094,0.0022748783230781555,0.000878403487149626,0.057255543768405914
42.61112594604492,40.843990325927734,0.0015880451537668705,0.0008013193146325648,0.05724543705582619
76.02335357666016,73.17610168457031,0.0037831373047083616,0.0007341128075495362,0.05886290222406387
61.92997360229492,59.2795295715332,0.0033537147101014853,0.0007347381324507296,0.060621775686740875
58.15171813964844,56.2475700378418,0.0014498400269076228,0.0011731594568118453,0.05926473066210747
52.792381286621094,50.52847671508789,0.0021264737006276846,0.0012491808738559484,0.057607825845479965
61.9018440246582,60.135555267333984,0.0016490538837388158,0.0007252073264680803,0.057915911078453064
52.96306228637695,51.048851013183594,0.0018545595230534673,0.0008127313340082765,0.05805651843547821
61.26213073730469,59.410823822021484,0.0017699792515486479,0.0007793250842951238,0.057665739208459854
56.513343811035156,54.52080154418945,0.0017229804070666432,0.0010988052235916257,0.05816510692238808
52.608116149902344,50.74632263183594,0.0017052296316251159,0.0008270396501757205,0.059565912932157516
45.81245422363281,44.09000015258789,0.0015463399467989802,0.0007129543810151517,0.05928090959787369
62.23415756225586,60.408203125,0.0016785133630037308,0.0008252676343545318,0.05740624666213989
52.544654846191406,50.82966613769531,0.0014571574283763766,0.0008321458590216935,0.057033371180295944
54.467525482177734,52.48480224609375,0.0020920594688504934,0.0007056910544633865,0.058384835720062256
46.1022834777832,44.06993865966797,0.002149700652807951,0.0007232409552671015,0.05958731099963188
60.402488708496094,58.59187316894531,0.0014736581360921264,0.0009820652194321156,0.0582752488553524
49.336666107177734,47.4891357421875,0.0015803148271515965,0.000960718491114676,0.05770162120461464
58.75355529785156,57.0044059753418,0.001608873950317502,0.0007202606066130102,0.05845837667584419
50.683589935302734,48.841407775878906,0.0017887272406369448,0.0007245218730531633,0.058555588126182556
53.99333953857422,52.214664459228516,0.0014981814892962575,0.0009098288137465715,0.05746686831116676
45.38045120239258,43.55540466308594,0.0014760307967662811,0.0010230420157313347,0.057551220059394836
59.78030776977539,57.979469299316406,0.001709847478196025,0.0007084651151672006,0.059168409556150436
50.87514114379883,49.1179084777832,0.0016041477210819721,0.0007253946969285607,0.05924615636467934
52.35185241699219,50.58268737792969,0.0014935880899429321,0.0008930630865506828,0.057584021240472794
43.8006477355957,42.03300094604492,0.001440562424249947,0.000950081623159349,0.05723222345113754
58.78985595703125,56.892173767089844,0.0019100887002423406,0.0007099584327079356,0.0587659627199173
48.43842315673828,46.574947357177734,0.0018330744933336973,0.000709970889147371,0.059195343405008316
54.338253021240234,52.561439514160156,0.0014779213815927505,0.000921062019187957,0.05773206055164337
44.92566680908203,43.15440368652344,0.001471981406211853,0.0009195228922180831,0.05755108222365379
57.15742111206055,55.354896545410156,0.001714961719699204,0.0007155347266234457,0.05872778967022896
46.686180114746094,44.874935150146484,0.0017422299133613706,0.0007055579917505383,0.05873511731624603
55.54539108276367,53.75093078613281,0.0014692321419715881,0.0009727235301397741,0.05734831467270851
46.114742279052734,44.34123229980469,0.0014494962524622679,0.0009478528518229723,0.05748375877737999
54.953495025634766,53.12125015258789,0.001767625566571951,0.0007164028938859701,0.05902288109064102
45.14471435546875,43.368587493896484,0.0016637236112728715,0.0007111284648999572,0.05887007340788841
55.89293670654297,54.089820861816406,0.0014920126413926482,0.0009677201742306352,0.057325031608343124
46.2827033996582,44.51082992553711,0.001446822308935225,0.0009509511291980743,0.05729866400361061
53.63309097290039,51.772361755371094,0.0018330321181565523,0.000710348947905004,0.05890373885631561
43.96794128417969,42.153324127197266,0.0017469889717176557,0.0007044344674795866,0.058890629559755325
55.73424530029297,53.93983459472656,0.0014875546330586076,0.0009522360051050782,0.05745144188404083
45.72022247314453,43.95689392089844,0.0014579754788428545,0.0009195582824759185,0.057456228882074356
53.37963104248047,51.55609130859375,0.0017595482058823109,0.000711972767021507,0.05877794325351715
43.615333557128906,41.81966018676758,0.0017183903837576509,0.0007006535888649523,0.05861518532037735
55.17925262451172,53.38224792480469,0.0014764349907636642,0.0009711500606499612,0.05732128396630287
44.99111557006836,43.23478698730469,0.0014479310484603047,0.0009145691874437034,0.0575077161192894
53.51045227050781,51.671627044677734,0.001784655498340726,0.0007151884492486715,0.05889032781124115
43.916378021240234,42.136539459228516,0.0016871326370164752,0.0007017955067567527,0.05853741243481636
53.92564010620117,52.1218376159668,0.001486035413108766,0.0009770281612873077,0.05722704902291298
44.124629974365234,42.3655891418457,0.0014460181118920445,0.0009241362567991018,0.05739627033472061
53.498172760009766,51.64313888549805,0.0018182023195549846,0.0007140642264857888,0.0588902086019516
44.17700958251953,42.37148666381836,0.0017365884268656373,0.0007018900359980762,0.05862854793667793
52.609676361083984,50.815185546875,0.0014793053269386292,0.0009640803327783942,0.05728000029921532
43.22200393676758,41.46010208129883,0.0014504007995128632,0.0009257852798327804,0.0573810450732708
53.29383850097656,51.46846008300781,0.0017640924779698253,0.0007127316202968359,0.05869666486978531
44.02236557006836,42.227928161621094,0.0017173279775306582,0.0007014999282546341,0.05850235000252724
51.909236907958984,50.12158203125,0.00146998162381351,0.0009595748269930482,0.05728776752948761
42.80183410644531,41.04269027709961,0.0014435522025451064,0.0009258355712518096,0.05744505301117897
52.82196044921875,50.99277114868164,0.0017725066281855106,0.0007122617098502815,0.058680370450019836
43.68844223022461,41.912841796875,0.0016823242185637355,0.0007017885218374431,0.05835454538464546
51.56393814086914,49.770748138427734,0.0014809190761297941,0.0009615609305910766,0.05719471350312233
42.7978401184082,41.03723907470703,0.0014440987724810839,0.0009293777984566987,0.0573863610625267
51.99275588989258,50.14434814453125,0.0018107020296156406,0.0007118245121091604,0.05871446430683136
43.248443603515625,41.454647064208984,0.0017181546427309513,0.0007014753646217287,0.05839811637997627
51.21030807495117,49.415462493896484,0.001482246327213943,0.0009636798640713096,0.05718859285116196
42.80080032348633,41.035194396972656,0.0014509361935779452,0.0009338145609945059,0.05732321739196777
51.091766357421875,49.261226654052734,0.0017771582351997495,0.0007120592636056244,0.05859315022826195
42.70620346069336,40.90604019165039,0.001731416559778154,0.0007016545860096812,0.058362994343042374
50.8542594909668,49.06422424316406,0.0014712143456563354,0.0009650638094171882,0.0571897067129612
42.61091232299805,40.844730377197266,0.001448391703888774,0.0009373482316732407,0.05733117088675499
50.4538459777832,48.635902404785156,0.0017525958828628063,0.0007125880219973624,0.05853503942489624
42.275604248046875,40.49150466918945,0.0017005529953166842,0.0007022694335319102,0.05826890841126442
50.466651916503906,48.67564392089844,0.0014726865338161588,0.0009666992700658739,0.05713140591979027
42.32262420654297,40.5570068359375,0.0014454274205490947,0.0009400250855833292,0.057289063930511475
50.03535079956055,48.20759582519531,0.0017720450414344668,0.0007127016433514655,0.05853787437081337
42.037113189697266,40.251461029052734,0.0017026804853230715,0.0007033139117993414,0.05826544761657715
49.947486877441406,48.154823303222656,0.0014775642193853855,0.0009656324982643127,0.05710643529891968
41.988441467285156,40.21998596191406,0.0014488217420876026,0.0009435571264475584,0.057226646691560745
49.646060943603516,47.81793212890625,0.001774371019564569,0.000712155713699758,0.058486662805080414
41.86007308959961,40.062477111816406,0.0017263401532545686,0.000703492492903024,0.05826781690120697
49.329532623291016,47.53996276855469,0.001472789328545332,0.0009644219535402954,0.05709660053253174
41.58095932006836,39.81080627441406,0.0014522358542308211,0.0009440327412448823,0.05720166862010956
49.26960754394531,47.451942443847656,0.0017528607277199626,0.0007135255145840347,0.05844707414507866
41.6393928527832,39.84125518798828,0.0017273641424253583,0.0007044903468340635,0.05822092294692993
48.744422912597656,46.95567321777344,0.0014673470286652446,0.0009694125619716942,0.05703699588775635
41.14026641845703,39.368289947509766,0.0014501095283776522,0.0009506040951237082,0.05716225877404213
48.953678131103516,47.13702392578125,0.0017479131929576397,0.0007158342632465065,0.05847810581326485
41.41313552856445,39.6173210144043,0.0017194886459037662,0.0007077067857608199,0.058221958577632904
48.229488372802734,46.440059661865234,0.001468307920731604,0.0009711215388961136,0.05697120353579521
40.74187088012695,38.9660530090332,0.0014496047515422106,0.0009602526552043855,0.05708887800574303
48.652286529541016,46.830692291259766,0.0017569399205967784,0.000716269772965461,0.05849871784448624
41.21003723144531,39.4084587097168,0.001728095463477075,0.0007101176306605339,0.058247387409210205
47.719825744628906,45.930335998535156,0.0014696113066747785,0.0009707342251203954,0.056931816041469574
40.37227249145508,38.59355163574219,0.0014526295708492398,0.0009640138014219701,0.05704016983509064
48.30731201171875,46.48501205444336,0.0017571159405633807,0.0007174527854658663,0.05850149691104889
40.97949981689453,39.171573638916016,0.0017403241945430636,0.0007111398153938353,0.05821942910552025
47.210601806640625,45.420597076416016,0.001467761816456914,0.0009747005533427,0.05687766894698143
39.99905776977539,38.218135833740234,0.0014550293562933803,0.0009665284305810928,0.057014331221580505
47.930885314941406,46.10963439941406,0.0017513007624074817,0.0007203366840258241,0.05854338780045509
40.70535659790039,38.89522171020508,0.0017435186309739947,0.0007130550220608711,0.058184679597616196
46.73491668701172,44.94425964355469,0.0014657956780865788,0.0009792953496798873,0.05681110545992851
39.64156723022461,37.85830307006836,0.001454826444387436,0.0009721737587824464,0.056976333260536194
47.54935836791992,45.7266960144043,0.0017510163597762585,0.000722509459592402,0.058589767664670944
40.428890228271484,38.61763381958008,0.0017433237517252564,0.0007157744839787483,0.05817079544067383
46.29206466674805,44.500892639160156,0.0014663714682683349,0.0009808778995648026,0.056754592806100845
39.33656311035156,37.550392150878906,0.0014553904766216874,0.0009783034911379218,0.0569324754178524
47.14604949951172,45.32051086425781,0.001755487872287631,0.0007234722725115716,0.05860612541437149
40.166683197021484,38.351383209228516,0.0017495814245194197,0.000717929913662374,0.05815444141626358
45.865238189697266,44.07386779785156,0.001467241789214313,0.0009812630014494061,0.0567120686173439
39.0805778503418,37.2908821105957,0.0014582868898287416,0.0009831557981669903,0.05689745768904686
46.71171951293945,44.885406494140625,0.0017560285050421953,0.0007245741435326636,0.05860111862421036
39.90009689331055,38.07979202270508,0.0017583713633939624,0.0007199117681011558,0.05811605229973793
45.46116256713867,43.67006301879883,0.001466400921344757,0.000982412020675838,0.05666939169168472
38.8519401550293,37.058929443359375,0.0014610603684559464,0.000987559906207025,0.056869979947805405
46.268287658691406,44.442378997802734,0.0017537567764520645,0.0007260629790835083,0.05859985575079918
39.62356948852539,37.79981231689453,0.0017637871205806732,0.0007222048589028418,0.05807614326477051
45.09537887573242,43.303794860839844,0.0014657378196716309,0.0009849451016634703,0.05662434920668602
38.651493072509766,36.8549690246582,0.0014629345387220383,0.000993346213363111,0.056838247925043106
45.82870101928711,44.001712799072266,0.0017543970607221127,0.0007275935495272279,0.0585993267595768
39.34869384765625,37.521480560302734,0.0017686198698356748,0.0007247805478982627,0.05805142968893051
44.76338577270508,42.97040939331055,0.0014664053451269865,0.0009878865676000714,0.05658293142914772
38.48214340209961,36.68132400512695,0.0014654058031737804,0.0010002589551731944,0.056798506528139114
45.39268112182617,43.563236236572266,0.0017579462146386504,0.0007292507798410952,0.05858442559838295
39.08281707763672,37.25054931640625,0.0017763848882168531,0.0007275966345332563,0.05802779272198677
44.454036712646484,42.659114837646484,0.001467899652197957,0.0009910009102895856,0.05654728040099144
38.336246490478516,36.530372619628906,0.0014691795222461224,0.001007317565381527,0.056762538850307465
44.962528228759766,43.12997817993164,0.0017626635963097215,0.0007310898508876562,0.05856760963797569
38.825252532958984,36.98659896850586,0.001786867855116725,0.0007305095205083489,0.05799637734889984
44.161216735839844,42.363529205322266,0.0014696046710014343,0.000995590235106647,0.056509122252464294
38.200443267822266,36.38907241821289,0.0014737392775714397,0.0010144197149202228,0.05672931298613548
44.5477409362793,42.711605072021484,0.0017675806302577257,0.0007334426045417786,0.05856236442923546
38.575313568115234,36.73013687133789,0.0017976716626435518,0.0007333978428505361,0.05796419084072113
43.88169479370117,42.080291748046875,0.0014715205179527402,0.0010019246255978942,0.05646829307079315
38.06425476074219,36.24736785888672,0.0014780942583456635,0.001021817559376359,0.05669322982430458
44.15678405761719,42.31593322753906,0.0017738696187734604,0.0007365448982454836,0.05856442078948021
38.33808135986328,36.48672103881836,0.0018076424021273851,0.0007364113116636872,0.05793354660272598
43.60691452026367,41.80073547363281,0.0014743123902007937,0.001009476138278842,0.056428708136081696
37.923423767089844,36.10103988647461,0.0014821995282545686,0.0010294276289641857,0.05665701627731323
43.78828811645508,41.94126510620117,0.001782529870979488,0.0007401549955829978,0.05856815725564957
38.11741256713867,36.25979995727539,0.0018177713500335813,0.0007394628482870758,0.05789963901042938
43.32392883300781,41.51230239868164,0.0014780857600271702,0.0010173504706472158,0.056390825659036636
37.77287673950195,35.945003509521484,0.0014866467099636793,0.0010366447968408465,0.05662263557314873
43.43807601928711,41.58392333984375,0.0017928103916347027,0.0007440398912876844,0.0585729219019413
37.91250991821289,36.048274993896484,0.0018288249848410487,0.0007424295181408525,0.05786089599132538
43.02894973754883,41.211524963378906,0.0014823868405073881,0.0010253866203129292,0.056353915482759476
37.611141204833984,35.777957916259766,0.001491515664383769,0.0010430770926177502,0.05658857896924019
43.102882385253906,41.24131393432617,0.0018033601809293032,0.0007481571519747376,0.058580875396728516
37.719120025634766,35.84823226928711,0.0018401513807475567,0.000745220051612705,0.057820145040750504
42.7244873046875,40.90108108520508,0.0014867811696603894,0.0010336642153561115,0.05631820857524872
37.437591552734375,35.59939956665039,0.0014962860150262713,0.0010489936685189605,0.05655517429113388
42.781620025634766,40.91256332397461,0.0018137312727048993,0.0007525038090534508,0.05859379842877388
37.53125762939453,35.65435028076172,0.0018504583276808262,0.0007477847393602133,0.05777871236205101
42.41545104980469,40.58601379394531,0.0014913738705217838,0.0010418397141620517,0.05628305673599243
37.25336837768555,35.41090774536133,0.001500422484241426,0.0010540905641391873,0.05652061477303505
42.468048095703125,40.5911979675293,0.0018244682578369975,0.0007570160669274628,0.05861072242259979
37.34156799316406,35.459625244140625,0.0018591751577332616,0.000750010134652257,0.057734910398721695
42.10260772705078,40.267059326171875,0.0014965377049520612,0.001049557700753212,0.056249942630529404
37.058502197265625,35.21253967285156,0.00150411541108042,0.001058062887750566,0.056487128138542175
42.15523147583008,40.27033996582031,0.001835586503148079,0.0007615479989908636,0.058632299304008484
37.14360046386719,35.257415771484375,0.0018668639240786433,0.0007518060738220811,0.05768493562936783
41.785919189453125,39.944427490234375,0.0015020869905129075,0.00105652108322829,0.05621858686208725
36.85163497924805,35.002872467041016,0.0015076490817591548,0.0010607789736241102,0.05645502731204033
41.837398529052734,39.944889068603516,0.0018460877472534776,0.0007657716632820666,0.058657944202423096
36.932003021240234,35.042259216308594,0.0018737214850261807,0.0007532229647040367,0.05762728303670883
41.463985443115234,39.61720275878906,0.0015075057744979858,0.0010622777044773102,0.056188810616731644
36.63235855102539,34.781471252441406,0.001510916743427515,0.0010623474372550845,0.05642562732100487
41.5091438293457,39.610084533691406,0.0018549618544057012,0.0007694776868447661,0.058683767914772034
36.703948974609375,34.811832427978516,0.0018789145397022367,0.0007541032391600311,0.05756082758307457
41.13223648071289,39.281253814697266,0.0015124204801395535,0.0010663470020517707,0.05615989863872528
36.39903259277344,34.547122955322266,0.0015135434223338962,0.0010622893460094929,0.05639905110001564
41.165557861328125,39.261329650878906,0.0018618506146594882,0.0007725119357928634,0.05870481953024864
36.46010971069336,34.56703186035156,0.0018821117701008916,0.0007543288520537317,0.057485416531562805
40.78337097167969,38.929420471191406,0.0015166059602051973,0.001068652723915875,0.05613229051232338
36.15071105957031,34.2987174987793,0.0015155035071074963,0.0010609413729980588,0.056376863270998
40.802215576171875,38.89446258544922,0.0018663917435333133,0.0007748061325401068,0.05871557071805
36.20111846923828,34.30832290649414,0.0018833864014595747,0.0007542133098468184,0.057399727404117584
40.41579818725586,38.560245513916016,0.0015200371854007244,0.0010689911432564259,0.05610404163599014
35.89044189453125,34.039127349853516,0.0015169153921306133,0.0010585266863927245,0.05635930597782135
40.41706466674805,38.50741958618164,0.0018688220297917724,0.0007762173772789538,0.05871228873729706
35.9298210144043,34.038246154785156,0.0018832749919965863,0.0007537845522165298,0.057304512709379196
40.02803039550781,38.17231750488281,0.001522545237094164,0.0010673858923837543,0.05607486143708229
35.62141799926758,33.77126693725586,0.001518011442385614,0.0010553288739174604,0.05634790658950806
40.01217269897461,38.10238265991211,0.0018689637072384357,0.0007768021314404905,0.05869073048233986
35.65153884887695,33.76192855834961,0.0018821258563548326,0.0007530986913479865,0.05719983950257301
39.62126159667969,37.766658782958984,0.001524022314697504,0.0010642894776538014,0.056044623255729675
35.34910202026367,33.500431060791016,0.001518827979452908,0.0010516158072277904,0.0563449002802372
39.587406158447266,37.67915725708008,0.0018670032732188702,0.0007765755290165544,0.05864598602056503
35.37116622924805,33.48409652709961,0.0018801364349201322,0.0007523013046011329,0.05708504840731621
39.1982536315918,37.345924377441406,0.0015245652757585049,0.0010598446242511272,0.056012436747550964
35.079811096191406,33.23271179199219,0.001519408542662859,0.0010477580362930894,0.056351304054260254
39.14599609375,37.24067687988281,0.0018634226871654391,0.0007757125422358513,0.05857493728399277
35.095333099365234,33.21120071411133,0.0018775828648358583,0.0007514450699090958,0.056961700320243835
38.76206970214844,36.912841796875,0.0015243266243487597,0.0010545573895797133,0.05597858503460884
34.818946838378906,32.97341537475586,0.0015198400942608714,0.001043841359205544,0.05636885389685631
38.69453811645508,36.793212890625,0.0018588613020256162,0.0007742944872006774,0.05847485363483429
34.83122634887695,32.950199127197266,0.0018748440779745579,0.0007505745161324739,0.05683169141411781
38.31851577758789,36.47281265258789,0.001523618120700121,0.0010488932020962238,0.05594479665160179
34.572757720947266,32.7285041809082,0.0015202313661575317,0.0010402998887002468,0.05639871582388878
38.238033294677734,36.34136199951172,0.001853991998359561,0.000772471132222563,0.05834386125206947
34.58403396606445,32.70603942871094,0.0018722581444308162,0.0007498046034015715,0.05669644847512245
37.874977111816406,36.03293228149414,0.0015227056574076414,0.0010431394912302494,0.055912379175424576
34.347320556640625,32.50404357910156,0.0015206335810944438,0.0010370798408985138,0.05644194781780243
37.78419876098633,35.892486572265625,0.0018493038369342685,0.0007704586023464799,0.058183010667562485
34.3593635559082,32.48422622680664,0.0018700517248362303,0.0007490412681363523,0.05655907094478607
37.43661117553711,35.597965240478516,0.0015217834152281284,0.0010378302540630102,0.055883731693029404
34.14413070678711,32.301448822021484,0.0015210082056000829,0.001034385059028864,0.05649840459227562
37.3424072265625,35.45570373535156,0.0018451550276950002,0.0007683782023377717,0.057993534952402115
34.16114807128906,32.288639068603516,0.0018682368099689484,0.0007483498775400221,0.056421659886837006
37.01057815551758,35.174896240234375,0.001521011465229094,0.0010331191588193178,0.05586180463433266
33.96536636352539,32.12294006347656,0.0015212874859571457,0.0010321913287043571,0.056568440049886703
36.91879653930664,35.03691864013672,0.0018419065745547414,0.0007662808056920767,0.05777841433882713
33.99079513549805,32.12074661254883,0.001866642851382494,0.0007477173930965364,0.056287165731191635
36.603424072265625,34.7701416015625,0.0015204009832814336,0.0010291521903127432,0.055850669741630554
33.81264114379883,31.970190048217773,0.0015213272999972105,0.0010305390460416675,0.05665156617760658
36.51874542236328,34.64155578613281,0.0018393336795270443,0.0007642146665602922,0.05754176154732704
33.84762191772461,31.97998046875,0.0018650699639692903,0.0007470527198165655,0.05615813657641411
36.22177505493164,34.39035415649414,0.0015199952758848667,0.0010257591493427753,0.055854443460702896
33.68547439575195,31.842924118041992,0.0015209540724754333,0.0010292374063283205,0.05674542114138603
36.147682189941406,34.27505874633789,0.0018373924540355802,0.0007620638352818787,0.05728951469063759
33.73030090332031,31.8651065826416,0.0018633167492225766,0.0007463270449079573,0.056037139147520065
35.87155532836914,34.041481018066406,0.0015196106396615505,0.001022998825646937,0.055877067148685455
33.584232330322266,31.741607666015625,0.0015201526693999767,0.001028159516863525,0.05684709548950195
35.80940628051758,33.94131851196289,0.001835698145441711,0.0007598731899634004,0.05702998489141464
33.63734817504883,31.77477264404297,0.0018611662089824677,0.0007454584701918066,0.055926285684108734
35.55626678466797,33.72716522216797,0.0015191863058134913,0.0010205766884610057,0.05592202767729759
33.506351470947266,31.663787841796875,0.0015188587130978703,0.0010272247018292546,0.05695243179798126
35.50740432739258,33.6438102722168,0.0018341722898185253,0.0007575933123007417,0.0567709244787693
33.56658172607422,31.70673942565918,0.0018586956430226564,0.0007444614893756807,0.05582600459456444
35.27773666381836,33.449371337890625,0.0015186003874987364,0.0010183063568547368,0.05599145591259003
33.44929885864258,31.607013702392578,0.0015171299455687404,0.0010263061849400401,0.057056915014982224
35.24154281616211,33.3825798034668,0.0018323395634070039,0.0007551491726189852,0.05652181804180145
33.515174865722656,31.658164978027344,0.0018559378804638982,0.0007433515274897218,0.055736660957336426
35.03522872924805,33.20742416381836,0.001517743687145412,0.0010161721147596836,0.05608465522527695
33.41130447387695,31.569469451904297,0.001515113515779376,0.0010254323715344071,0.057156194001436234
35.0084114074707,33.15412902832031,0.0018301132367923856,0.0007526291883550584,0.05629134550690651
33.47709655761719,31.622966766357422,0.0018529657972976565,0.0007421556510962546,0.055656708776950836
34.827579498291016,33.000301361083984,0.0015166477533057332,0.0010139563819393516,0.056197766214609146
33.38816833496094,31.546974182128906,0.001512864138931036,0.0010246119927614927,0.057245612144470215
34.803218841552734,32.95358657836914,0.001827611355111003,0.0007499823695980012,0.056083641946315765
33.447715759277344,31.596582412719727,0.0018497538985684514,0.0007408198434859514,0.055584706366062164
34.64799118041992,32.82112121582031,0.001515560899861157,0.0010116773191839457,0.05632511526346207
33.375328063964844,31.535070419311523,0.0015104784397408366,0.0010235561057925224,0.057324253022670746
34.61711502075195,32.77187728881836,0.0018250680295750499,0.0007473485893569887,0.055902812629938126
33.42222595214844,31.574140548706055,0.0018464899621903896,0.0007393083069473505,0.0555187352001667
34.48781204223633,32.661216735839844,0.001514687668532133,0.0010093379532918334,0.056458279490470886
33.36921691894531,31.530139923095703,0.0015081067103892565,0.0010222214041277766,0.05739152804017067
34.44073486328125,32.59941101074219,0.0018228580011054873,0.0007448535179719329,0.055746711790561676
33.3966178894043,31.551610946655273,0.0018432519864290953,0.0007376208668574691,0.05545679107308388
34.33797073364258,32.511390686035156,0.0015143166529014707,0.001007026294246316,0.056591082364320755
33.36811447143555,31.530433654785156,0.0015058234566822648,0.0010205346625298262,0.05745026841759682
34.263389587402344,32.425315856933594,0.0018214165465906262,0.0007424699724651873,0.05561308562755585
33.371456146240234,31.529443740844727,0.0018402497516945004,0.0007358168950304389,0.055397674441337585
34.186092376708984,32.35914611816406,0.0015147494850680232,0.0010047615505754948,0.05671904236078262
33.36881637573242,31.532630920410156,0.0015038374112918973,0.0010184706188738346,0.05750304087996483
34.08271789550781,32.24697494506836,0.0018212446011602879,0.0007402999326586723,0.05549678951501846
33.35175704956055,31.51251220703125,0.0018378113163635135,0.0007338749128393829,0.05534001812338829
34.02540588378906,32.1976432800293,0.0015162423951551318,0.001002465607598424,0.056841012090444565
33.37297439575195,31.538288116455078,0.0015021935105323792,0.0010161162354052067,0.05755295976996422
33.897186279296875,32.062705993652344,0.0018226656829938293,0.0007384188938885927,0.055394139140844345
33.34321212768555,31.50634765625,0.0018361792899668217,0.0007318703574128449,0.055283959954977036
33.85218811035156,32.022926330566406,0.0015189559198915958,0.0010003532515838742,0.05696071311831474
33.382877349853516,31.549531936645508,0.0015010196948423982,0.0010136606870219111,0.05760057270526886
33.71034240722656,31.87592887878418,0.0018259838689118624,0.0007368234801106155,0.055301032960414886
33.35206604003906,31.5170841217041,0.0018354359781369567,0.0007299382705241442,0.0552295483648777
33.67132568359375,31.839698791503906,0.0015231277793645859,0.0009984599892050028,0.057083163410425186
33.405208587646484,31.572906494140625,0.0015002940781414509,0.0010114298202097416,0.05764404311776161
33.52776336669922,31.69196319580078,0.0018317130161449313,0.0007355873822234571,0.0552152656018734
33.38352966308594,31.549903869628906,0.0018356147920712829,0.0007281244033947587,0.05517590045928955
33.490028381347656,31.654895782470703,0.001528932130895555,0.0009970697574317455,0.05721340328454971
33.44451904296875,31.612890243530273,0.0014999888371676207,0.0010096547193825245,0.057680584490299225
33.35637283325195,31.517772674560547,0.001839742180891335,0.0007347309729084373,0.05513635650277138
33.439292907714844,31.60649871826172,0.0018366045551374555,0.0007265098975040019,0.055123474448919296
33.31996154785156,31.47998809814453,0.0015364716527983546,0.0009963836055248976,0.057354915887117386
33.50735855102539,31.676105499267578,0.0014999364502727985,0.0010084911482408643,0.057703640311956406
33.200401306152344,31.357513427734375,0.001850148313678801,0.0007343374309130013,0.05506443977355957
33.518638610839844,31.686368942260742,0.0018379664979875088,0.0007251290371641517,0.05507213994860649
33.171207427978516,31.324861526489258,0.0015459276037290692,0.000996639602817595,0.05750622972846031
33.596370697021484,31.76531982421875,0.0014999073464423418,0.0010080370120704174,0.0577080138027668
33.06434631347656,31.215660095214844,0.0018628016114234924,0.0007345651974901557,0.05500035360455513
33.619895935058594,31.7882137298584,0.0018391209887340665,0.000723828561604023,0.055020976811647415
33.047950744628906,31.193756103515625,0.0015571286203339696,0.0009980584727600217,0.0576603040099144
33.710872650146484,31.880104064941406,0.0014996607787907124,0.0010081029031425714,0.05768836662173271
32.94868850708008,31.09290885925293,0.0018772772746160626,0.0007354218978434801,0.054943010210990906
33.7411003112793,31.910234451293945,0.0018397337989881635,0.0007226042216643691,0.05496971681714058
32.94954299926758,31.086149215698242,0.0015700418734923005,0.0010006240336224437,0.0578061118721962
33.84622573852539,32.016204833984375,0.0014989768387749791,0.0010082096559926867,0.05764280632138252
32.85393142700195,30.990007400512695,0.0018931097583845258,0.0007369195809587836,0.054890669882297516
33.87957000732422,32.0501823425293,0.0018391136545687914,0.0007212780183181167,0.05491901934146881
32.8680305480957,30.994590759277344,0.0015842391876503825,0.0010040589841082692,0.05792940780520439
33.993125915527344,32.164730072021484,0.0014975148951634765,0.0010077721672132611,0.057575177401304245
32.77609634399414,30.903486251831055,0.0019093849696218967,0.0007390351383946836,0.05483992397785187
34.030277252197266,32.203407287597656,0.0018367524025961757,0.0007196270162239671,0.05486786738038063
32.79547119140625,30.911724090576172,0.001599244074895978,0.0010078654158860445,0.058019448071718216
34.144561767578125,32.31899642944336,0.0014950454933568835,0.0010062454966828227,0.05749209225177765
32.70809555053711,30.826904296875,0.001925193122588098,0.000741439638659358,0.05478735268115997
34.18576431274414,32.3628044128418,0.0018320153467357159,0.0007175558712333441,0.05481746420264244
32.724388122558594,30.830854415893555,0.0016144319670274854,0.001011216314509511,0.05807103216648102
34.292320251464844,32.47120666503906,0.0014913723571226,0.0010028252145275474,0.05740175023674965
32.64049530029297,30.751550674438477,0.001939541893079877,0.0007437345921061933,0.05473041534423828
34.335697174072266,32.518280029296875,0.0018245098181068897,0.0007149779703468084,0.0547671765089035
32.64862060546875,30.746559143066406,0.00162940111476928,0.001012999564409256,0.05808616802096367
34.42827606201172,32.613250732421875,0.0014864507829770446,0.0009973350679501891,0.05731325224041939
32.56643295288086,30.671295166015625,0.001951707643456757,0.0007452130666933954,0.054667774587869644
34.46926498413086,32.65910339355469,0.0018139966996386647,0.0007120081572793424,0.05471610650420189
32.564369201660156,30.65574836730957,0.0016435757279396057,0.0010122372768819332,0.05807160213589668
34.5435905456543,32.736331939697266,0.001480313134379685,0.0009895359398797154,0.05723356828093529
32.48191452026367,30.582921981811523,0.0019607210997492075,0.0007452592835761607,0.05460004508495331
34.577919006347656,32.77650833129883,0.0018004932207986712,0.0007090486469678581,0.054663799703121185
32.46821594238281,30.555870056152344,0.0016562379896640778,0.001007641782052815,0.058040801435709
34.628597259521484,32.83050537109375,0.0014730491675436497,0.0009798015234991908,0.05716662108898163
32.385467529296875,30.48565101623535,0.001966024748980999,0.0007430510013364255,0.054527733474969864
34.652931213378906,32.861412048339844,0.0017841177759692073,0.0007067489787004888,0.05460841581225395
32.36214828491211,30.449310302734375,0.0016669477336108685,0.0009985595243051648,0.058008432388305664
34.6793098449707,32.89130401611328,0.001464763656258583,0.0009689569124020636,0.05711456388235092
32.275726318359375,30.378562927246094,0.001967288088053465,0.0007380098104476929,0.05445145070552826
34.686668395996094,32.905696868896484,0.0017649047076702118,0.0007060494972392917,0.05454958975315094
32.250362396240234,30.340681076049805,0.0016750498907640576,0.000984582002274692,0.05798649415373802
34.69190216064453,32.914283752441406,0.0014553900109604,0.000958364806137979,0.05707411468029022
32.15995788574219,30.26945686340332,0.001963818445801735,0.0007297628908418119,0.05437114089727402
34.677852630615234,32.907447814941406,0.001742917695082724,0.0007081603980623186,0.054486438632011414
32.14247512817383,30.239805221557617,0.001679789274930954,0.0009658792405389249,0.057983577251434326
34.66795349121094,32.90026092529297,0.0014449713053181767,0.0009496105485595763,0.05703983083367348
32.04632568359375,30.1665096282959,0.0019552221056073904,0.0007186597213149071,0.05428745970129967
34.627838134765625,32.86721420288086,0.0017183511517941952,0.0007144954288378358,0.054420266300439835
32.05299758911133,30.160846710205078,0.001680321991443634,0.0009439165005460382,0.058003105223178864
34.611785888671875,32.85259246826172,0.0014334815787151456,0.0009448793134652078,0.05700168386101723
31.954004287719727,30.088775634765625,0.0019406493520364165,0.000705816550180316,0.054199520498514175
34.540870666503906,32.78840637207031,0.0016913420986384153,0.0007265196763910353,0.05435341224074364
32.00116729736328,30.122718811035156,0.0016752515221014619,0.0009208524716086686,0.05803985521197319
34.52509689331055,32.77186584472656,0.001421060529537499,0.0009464470203965902,0.05694784224033356
31.90787124633789,30.060646057128906,0.0019189122831448913,0.0006934238481335342,0.054105792194604874
34.421268463134766,32.674381256103516,0.001662473427131772,0.0007455272134393454,0.05428897961974144
32.014156341552734,30.151691436767578,0.0016630671452730894,0.0009002821752801538,0.0580788217484951
34.40746307373047,32.656532287597656,0.0014081753324717283,0.0009563101921230555,0.05686866119503975
31.939228057861328,30.11223030090332,0.0018888815538957715,0.0006850000936537981,0.054005566984415054
34.26355743408203,32.51881408691406,0.001632856554351747,0.0007719965651631355,0.05423174053430557
32.12495040893555,30.279340744018555,0.0016419984167441726,0.000887206697370857,0.05810057744383812
34.24974822998047,32.496456146240234,0.001395826111547649,0.000975612027104944,0.056757498532533646
32.08232879638672,30.275962829589844,0.0018493797397240996,0.0006853698287159204,0.05389903485774994
34.05652618408203,32.30999755859375,0.001604454475454986,0.0008048383169807494,0.05418819189071655
32.361576080322266,30.531553268432617,0.001610825303941965,0.0008876407518982887,0.058079060167074203
34.0341911315918,32.27378463745117,0.0013853884302079678,0.0010031535057350993,0.05661354213953018
32.360626220703125,30.57249641418457,0.0018006693571805954,0.0006998290191404521,0.05378814786672592
33.786502838134766,32.03461456298828,0.0015798789681866765,0.0008406430715695024,0.054162491112947464
32.72718048095703,30.90892791748047,0.001570326741784811,0.0009063228499144316,0.05799302086234093
33.753604888916016,31.982419967651367,0.0013781017623841763,0.0010352979879826307,0.05644818767905235
32.74656677246094,30.971162796020508,0.0017460082890465856,0.0007311790832318366,0.05368102714419365
33.45391082763672,31.694551467895508,0.0015614335425198078,0.0008742058416828513,0.054153844714164734
33.151058197021484,31.339021682739258,0.001525070401839912,0.0009424096206203103,0.05782957375049591
33.4188232421875,31.635862350463867,0.0013740899739786983,0.001066218363121152,0.05628039687871933
33.12068176269531,31.351051330566406,0.0016921806382015347,0.0007752615492790937,0.05359058082103729
33.069129943847656,31.30266761779785,0.001549198874272406,0.0009006469044834375,0.05415382608771324
33.48591613769531,31.6760196685791,0.0014830470317974687,0.0009848573245108128,0.05759439617395401
33.04875564575195,31.256214141845703,0.0013719316339120269,0.001090573612600565,0.05612916126847267
33.30379104614258,31.535459518432617,0.0016472854185849428,0.0008187886560335755,0.05352943018078804
32.62517547607422,30.8543758392334,0.0015407128958031535,0.0009178791660815477,0.05415044724941254
33.589176177978516,31.782365798950195,0.0014521304983645678,0.001015251036733389,0.05731194093823433
32.63410949707031,30.83637046813965,0.001369909499771893,0.0011054961942136288,0.05600351095199585
33.192771911621094,31.425939559936523,0.0016175013734027743,0.0008461067918688059,0.0535026416182518
32.094322204589844,30.322608947753906,0.0015332073671743274,0.0009274943149648607,0.054136086255311966
33.43767547607422,31.639467239379883,0.001436262158676982,0.001019835937768221,0.057015933096408844
32.14858627319336,30.350433349609375,0.0013672360219061375,0.0011110649211332202,0.05590019375085831
32.84730529785156,31.084667205810547,0.001605513971298933,0.0008496135124005377,0.05350756272673607
31.48304557800293,29.712648391723633,0.0015248690033331513,0.0009337079245597124,0.05411098897457123
33.11427307128906,31.330156326293945,0.0014359212946146727,0.000997777795419097,0.056726887822151184
31.58579444885254,29.79051399230957,0.0013642587000504136,0.0011101170675829053,0.05580927059054375
32.41996383666992,30.662097930908203,0.0016113127348944545,0.0008336743921972811,0.05353732407093048
30.86372184753418,29.094093322753906,0.0015154238790273666,0.0009422604343853891,0.0540786013007164
32.69920349121094,30.930097579956055,0.0014496840303763747,0.00095955072902143,0.05644892156124115
30.981380462646484,29.189014434814453,0.0013620059471577406,0.0011082289274781942,0.055724989622831345
32.02320098876953,30.266939163208008,0.0016312767984345555,0.0008094925433397293,0.05358780547976494
30.32808494567871,28.55542755126953,0.0015054192626848817,0.0009590763947926462,0.054040852934122086
32.22771453857422,30.469890594482422,0.001473190146498382,0.000918863748665899,0.05617980659008026
30.401241302490234,28.607826232910156,0.00136242073494941,0.001111441757529974,0.05564842373132706
31.665435791015625,29.90662956237793,0.0016566086560487747,0.0007878959295339882,0.05365549027919769
29.89528465270996,28.113250732421875,0.0014966751914471388,0.0009874501265585423,0.05399705097079277
31.731977462768555,29.980695724487305,0.0014977288665249944,0.0008862683898769319,0.05592823401093483
29.902179718017578,28.100053787231445,0.001368566183373332,0.0011240992462262511,0.0555792935192585
31.305648803710938,29.543052673339844,0.0016752488445490599,0.0007752985111437738,0.0537322498857975
29.509597778320312,27.709672927856445,0.0014927928568795323,0.0010280749993398786,0.05394919216632843
31.260257720947266,29.51325225830078,0.0015123463235795498,0.0008673833799548447,0.055714044719934464
29.517513275146484,27.697032928466797,0.0013838449958711863,0.0011470071040093899,0.05550532042980194
30.900875091552734,29.13746452331543,0.0016778134740889072,0.0007727425545454025,0.05381321534514427
29.094717025756836,27.265857696533203,0.0014986604219302535,0.0010810791281983256,0.05389893054962158
30.76263427734375,29.02099609375,0.0015086024068295956,0.0008635248523205519,0.05555741861462593
29.32114028930664,27.47407341003418,0.0014107460156083107,0.0011754630832001567,0.055396292358636856
30.194564819335938,28.438854217529297,0.0016625984571874142,0.0007703946903347969,0.05392135679721832
28.65401268005371,26.77947235107422,0.001519086305052042,0.0011534433579072356,0.053827524185180664
29.22076416015625,27.495439529418945,0.001486562890931964,0.000854693294968456,0.055469680577516556
29.767080307006836,27.900001525878906,0.0014469780726358294,0.0011835534824058414,0.05518133565783501
26.176563262939453,24.455249786376953,0.001647413126192987,0.0007113437750376761,0.054193560034036636
28.226646423339844,26.292945861816406,0.001554848742671311,0.0012386576272547245,0.053694769740104675
21.05314826965332,19.391498565673828,0.001514119328930974,0.0007049901760183275,0.055209483951330185
26.97812843322754,25.13506317138672,0.0015452142106369138,0.0010467638494446874,0.05470750108361244
17.9517822265625,16.200355529785156,0.0017312596319243312,0.0006782259442843497,0.05466848984360695
27.285593032836914,25.2398624420166,0.0017361965728923678,0.0012819517869502306,0.05366568639874458
14.523521423339844,12.642565727233887,0.0018694878090173006,0.0007997710490599275,0.05463256686925888
34.41997146606445,31.13648223876953,0.003743201494216919,0.0017354601295664907,0.054415713995695114
23.63783836364746,20.156593322753906,0.004095263313502073,0.0017664589686319232,0.055038388818502426
32.450592041015625,27.946386337280273,0.005223694257438183,0.0027007069438695908,0.05420062318444252
18.3416805267334,15.724039077758789,0.0028633936308324337,0.0012874073581770062,0.05422423034906387
73.47053527832031,64.31878662109375,0.012152040377259254,0.005056712310761213,0.05473673716187477
89.71746063232422,75.6270980834961,0.019166795536875725,0.00790200475603342,0.05559646710753441
19.868375778198242,18.128782272338867,0.0016237051459029317,0.0007373321568593383,0.055907391011714935
82.77534484863281,71.80995178222656,0.014375697821378708,0.006480822339653969,0.0537128672003746
84.41019439697266,71.37476348876953,0.017132310196757317,0.00786738283932209,0.053558412939310074
26.195459365844727,24.485902786254883,0.0015145194483920932,0.0008191984379664063,0.05426980182528496
57.45991897583008,48.490421295166016,0.01260985154658556,0.004231841769069433,0.05486534908413887
38.0608024597168,33.222938537597656,0.0056306058540940285,0.00294572114944458,0.05497023090720177
28.793399810791016,26.195777893066406,0.0033241966739296913,0.0007473723962903023,0.05618378892540932
33.20184326171875,27.3737735748291,0.007187627721577883,0.003387090750038624,0.054071102291345596
28.614377975463867,25.603740692138672,0.004181144759058952,0.0007585040875710547,0.054081376641988754
41.67326354980469,35.40174102783203,0.007916777394711971,0.003502459265291691,0.05619043484330177
15.643210411071777,13.545193672180176,0.0015365437138825655,0.0015478747664019465,0.055580783635377884
48.96799850463867,40.004756927490234,0.009712688624858856,0.007123550400137901,0.05451223999261856
30.829435348510742,25.370569229125977,0.003497122088447213,0.00633025448769331,0.05451782047748566
40.53075408935547,33.86647033691406,0.007923566736280918,0.004228104837238789,0.05884462967514992
46.35371780395508,37.055179595947266,0.00767676392570138,0.009736397303640842,0.05919577181339264
22.801559448242188,20.46540641784668,0.002869002753868699,0.0007334554684348404,0.05349228158593178
35.03887176513672,28.663127899169922,0.004523545503616333,0.007151338737457991,0.05382979288697243
25.29604148864746,23.240306854248047,0.002175021916627884,0.0007935988251119852,0.05714244022965431
34.91429138183594,29.60761833190918,0.0043667894788086414,0.0051149772480130196,0.056578829884529114
18.839399337768555,16.20313262939453,0.0015168986283242702,0.0026828059926629066,0.053641438484191895
48.96713638305664,42.073795318603516,0.003555953735485673,0.009153131395578384,0.05388009548187256
50.55670928955078,40.50595474243164,0.004129568114876747,0.014842108823359013,0.05649164691567421
26.933345794677734,24.772275924682617,0.00163556810002774,0.0015555527061223984,0.056551072746515274
57.094547271728516,46.72404479980469,0.005474667996168137,0.014196141622960567,0.05350982025265694
26.980104446411133,20.89327049255371,0.004000623244792223,0.0070824651047587395,0.05452907457947731
66.07695770263672,52.0833854675293,0.008508427999913692,0.018324393779039383,0.05771613493561745
100.03658294677734,71.80297088623047,0.014585218392312527,0.040586087852716446,0.06479550153017044
23.531612396240234,21.217405319213867,0.0013534555910155177,0.002137100324034691,0.05689305067062378
77.0781478881836,58.43898010253906,0.010195385664701462,0.02592461183667183,0.05791673809289932
89.73085021972656,64.97879028320312,0.010328656993806362,0.038066066801548004,0.05546979978680611
28.726747512817383,27.151994705200195,0.0013631180627271533,0.0007296557887457311,0.052836596965789795
78.4539566040039,59.587032318115234,0.00839462224394083,0.02801993303000927,0.06596465408802032
59.98248291015625,44.96321105957031,0.005354037042707205,0.023336447775363922,0.06740303337574005
52.14488220214844,46.592063903808594,0.004224366508424282,0.005764456000179052,0.05584050714969635
113.24321746826172,80.77643585205078,0.01586654596030712,0.04789523780345917,0.05858832225203514
75.16287994384766,62.63467788696289,0.006160152144730091,0.017707042396068573,0.05946028605103493
46.29835510253906,44.08981704711914,0.0016398414736613631,0.0016280773561447859,0.057457610964775085
76.41975402832031,66.10086822509766,0.0059654247015714645,0.01341230608522892,0.0630023255944252
95.24152374267578,81.92988586425781,0.00669513363391161,0.01821867935359478,0.08547279238700867
82.80845642089844,77.63678741455078,0.0017012703465297818,0.006979271769523621,0.0831398069858551
60.48161315917969,57.766845703125,0.0030770322773605585,0.001082608592696488,0.06349492818117142
49.213626861572266,44.115604400634766,0.005918965209275484,0.0032179979607462883,0.05295395851135254
55.32807922363281,50.75558853149414,0.0029138177633285522,0.005097261164337397,0.05669528245925903
53.99205017089844,51.08749008178711,0.0014788530534133315,0.0032064346596598625,0.05619145929813385
40.90743637084961,38.89503479003906,0.0022011238615959883,0.0007936134934425354,0.051503244787454605
45.53550338745117,43.082218170166016,0.0015112493420019746,0.0022623809054493904,0.056647203862667084
43.96192932128906,40.91375732421875,0.0013906193198636174,0.003314412198960781,0.06956544518470764
51.25486755371094,49.12265396118164,0.0015416248934343457,0.001368622644804418,0.06770913302898407
43.68132019042969,41.96983337402344,0.0015600171172991395,0.0006841645226813853,0.05893957242369652
41.78116989135742,40.1661491394043,0.0014436361379921436,0.0006884493050165474,0.054897844791412354
37.7676887512207,36.16447448730469,0.0013640315737575293,0.0007989872246980667,0.052170608192682266
45.09550476074219,43.379150390625,0.001366737182252109,0.0009663394303061068,0.0549815408885479
37.63394546508789,36.020999908447266,0.0013674722285941243,0.0007813883712515235,0.05385172367095947
38.835105895996094,37.2298469543457,0.001367309596389532,0.0007609313470311463,0.054113682359457016
35.597049713134766,33.87143325805664,0.0013488889671862125,0.0009446164476685226,0.057886555790901184
37.74073028564453,36.07391357421875,0.0013240415137261152,0.0007799493032507598,0.06148230656981468
32.703468322753906,31.105140686035156,0.0013295219978317618,0.0007392509141936898,0.056394029408693314
37.380279541015625,35.78483963012695,0.001327210571616888,0.0007553573814220726,0.055415716022253036
35.11591720581055,33.56513214111328,0.0013274886878207326,0.0006810282357037067,0.05465265363454819
34.47319030761719,32.89251708984375,0.001342280302196741,0.0007536513730883598,0.053270723670721054
31.057865142822266,29.450151443481445,0.00138094462454319,0.0007163450354710221,0.05590691789984703
34.029502868652344,32.433921813964844,0.0014017345383763313,0.0006875161197967827,0.05509548261761665
30.787052154541016,29.188457489013672,0.0013464088551700115,0.0007368723163381219,0.05569540336728096
34.545440673828125,32.998416900634766,0.001320257200859487,0.0006479035946540534,0.05629432573914528
31.118797302246094,29.581249237060547,0.0013384829508140683,0.0006478518480435014,0.054438017308712006
32.09275436401367,30.48206329345703,0.0013137004571035504,0.0008071131887845695,0.055028367787599564
29.544429779052734,27.931333541870117,0.0013243790017440915,0.0008221719181165099,0.05398213863372803
32.174781799316406,30.616056442260742,0.0013711084611713886,0.0006508757942356169,0.05477349832653999
29.184326171875,27.572288513183594,0.001416043029166758,0.0007039976771920919,0.05520164966583252
32.12044906616211,30.5592098236084,0.0013865572400391102,0.0006575616425834596,0.05391800031065941
29.4003963470459,27.844972610473633,0.0013286852044984698,0.0006949513335712254,0.054360512644052505
30.269092559814453,28.720922470092773,0.0013335631228983402,0.000657623284496367,0.055257655680179596
27.688915252685547,26.160005569458008,0.001329336198978126,0.0006515005952678621,0.053849149495363235
31.662261962890625,30.104652404785156,0.0013094086898490787,0.0007238358375616372,0.05409877002239227
28.511117935180664,26.958518981933594,0.0013247814495116472,0.0006989528774283826,0.05407308414578438
30.20853614807129,28.65532875061035,0.0013438715832307935,0.0006596077000722289,0.05514686182141304
28.211421966552734,26.63947105407715,0.0013685092562809587,0.0006733952322974801,0.055099811404943466
29.645343780517578,28.075284957885742,0.0013742848532274365,0.0006847680197097361,0.05405321344733238
27.271316528320312,25.692115783691406,0.0013341667363420129,0.000741799536626786,0.054121777415275574
29.798887252807617,28.270427703857422,0.0013209234457463026,0.0006561295595020056,0.05399316921830177
27.558443069458008,26.040504455566406,0.0013324965257197618,0.0006398019031621516,0.05317891016602516
28.93549346923828,27.409467697143555,0.0013151485472917557,0.0006665498949587345,0.053517695516347885
26.48505210876465,24.941162109375,0.0013216123916208744,0.0006798453978262842,0.054316166788339615
29.510398864746094,27.9575252532959,0.0013356684939935803,0.0006631234427914023,0.05534786358475685
26.937307357788086,25.396202087402344,0.0013546725967898965,0.0006391655188053846,0.05441852658987045
29.058917999267578,27.479646682739258,0.0013534669997170568,0.0007257459219545126,0.05396661534905434
27.08302116394043,25.497697830200195,0.0013227586168795824,0.0007602086407132447,0.054384008049964905
28.137069702148438,26.613977432250977,0.001320725423283875,0.0006447785999625921,0.05403408035635948
26.217662811279297,24.692646026611328,0.0013321089791134,0.0006550124380737543,0.05314569175243378
28.298255920410156,26.763402938842773,0.0013297684490680695,0.0006723800906911492,0.053377822041511536
26.231815338134766,24.684772491455078,0.0013243542052805424,0.0006792512140236795,0.054524026811122894
27.952444076538086,26.421369552612305,0.00132365757599473,0.0006418341654352844,0.054832782596349716
25.969707489013672,24.444128036499023,0.0013361872406676412,0.0006408712943084538,0.05370507016777992
27.682050704956055,26.127378463745117,0.0013371388195082545,0.0006961652543395758,0.053802069276571274
25.63916778564453,24.077058792114258,0.001320278155617416,0.0007114989566616714,0.05462202802300453
27.711938858032227,26.18450927734375,0.0013224015710875392,0.0006477167480625212,0.05423692241311073
25.622888565063477,24.0963077545166,0.0013325734762474895,0.0006535732536576688,0.05335089936852455
27.345781326293945,25.818012237548828,0.0013321817386895418,0.0006523102638311684,0.053552303463220596
25.245540618896484,23.699432373046875,0.001320532988756895,0.0006802378920838237,0.054572202265262604
27.336584091186523,25.812339782714844,0.0013204627903178334,0.000645030231680721,0.05414979159832001
25.098459243774414,23.580535888671875,0.0013286781031638384,0.000639722915366292,0.05337214842438698
27.292081832885742,25.75025749206543,0.0013278498081490397,0.0006780768162570894,0.05388594791293144
25.13087272644043,23.581220626831055,0.0013233642093837261,0.0006783024873584509,0.054881833493709564
26.945375442504883,25.425718307495117,0.0013236376689746976,0.0006394158117473125,0.05381302908062935
24.866498947143555,23.352264404296875,0.0013299257261678576,0.0006350851035676897,0.05317293480038643
26.832191467285156,25.302265167236328,0.0013249452458694577,0.0006590908742509782,0.05379089340567589
24.688039779663086,23.138874053955078,0.0013156482018530369,0.0006808923208154738,0.05508957803249359
26.79072380065918,25.271886825561523,0.0013197798980399966,0.0006414270610548556,0.053823236376047134
24.652694702148438,23.137226104736328,0.0013270950876176357,0.00063926144503057,0.05322897061705589
26.569225311279297,25.02838134765625,0.0013264953158795834,0.0006741168326698244,0.054053787142038345
24.483264923095703,22.93400001525879,0.0013190138852223754,0.0006744496058672667,0.055253371596336365
26.51484489440918,25.001554489135742,0.0013220253167673945,0.0006360451225191355,0.05342559888958931
24.44552993774414,22.93274688720703,0.001327725243754685,0.00063489651074633,0.053147219121456146
26.318843841552734,24.78484344482422,0.0013231479097157717,0.0006616028258576989,0.054162319749593735
24.314552307128906,22.757171630859375,0.00131574971601367,0.0006885160109959543,0.05552491173148155
26.19816017150879,24.683900833129883,0.001320805517025292,0.0006389505579136312,0.05343811213970184
24.189151763916016,22.677263259887695,0.001327618840150535,0.0006338544772006571,0.05311533063650131
26.117919921875,24.583202362060547,0.0013217818923294544,0.0006578225293196738,0.05449166148900986
24.12627601623535,22.579517364501953,0.0013119581853970885,0.0006676866905763745,0.05569371208548546
25.946731567382812,24.437599182128906,0.0013214711798354983,0.0006336083170026541,0.053159307688474655
23.96021270751953,22.449316024780273,0.0013275928795337677,0.0006315794889815152,0.053131088614463806
25.88677978515625,24.34564781188965,0.0013238959945738316,0.0006641244399361312,0.05471212789416313
23.848295211791992,22.29281997680664,0.0013140894006937742,0.0006764124846085906,0.056022509932518005
25.84383201599121,24.335039138793945,0.0013210541801527143,0.0006338112871162593,0.05313603952527046
23.790346145629883,22.280405044555664,0.0013263992732390761,0.0006318064988590777,0.053083714097738266
25.72325897216797,24.1845703125,0.0013208255404606462,0.0006566820084117353,0.05499352514743805
23.6507625579834,22.10021209716797,0.0013121957890689373,0.0006675659096799791,0.05606687441468239
25.708240509033203,24.201274871826172,0.0013212081976234913,0.0006321044056676328,0.05303098261356354
23.60526466369629,22.09667205810547,0.0013254316290840507,0.0006300111417658627,0.053086984902620316
25.58818817138672,24.044231414794922,0.0013190214522182941,0.0006616164464503527,0.055363789200782776
23.468372344970703,21.91436767578125,0.0013139174552634358,0.0006681023514829576,0.05629943683743477
25.56662940979004,24.059629440307617,0.0013220225227996707,0.0006313970661722124,0.05302908644080162
23.397199630737305,21.88823890686035,0.0013255641097202897,0.0006300173117779195,0.05311699956655502
25.496950149536133,23.95354652404785,0.0013150396989658475,0.0006588997202925384,0.055643483996391296
23.313114166259766,21.762086868286133,0.0013082411605864763,0.0006671731825917959,0.05633208900690079
25.42144203186035,23.91588020324707,0.0013213459169492126,0.0006301073008216918,0.05298347771167755
23.20680046081543,21.69890785217285,0.001325202756561339,0.0006289930315688252,0.05307949706912041
25.36145782470703,23.813432693481445,0.0013170671882107854,0.0006582772475667298,0.056035224348306656
23.113996505737305,21.561017990112305,0.0013107755221426487,0.0006651357398368418,0.05650240182876587
25.29351806640625,23.787866592407227,0.0013216063380241394,0.0006292413454502821,0.05302279815077782
23.01014518737793,21.50299644470215,0.0013240576954558492,0.0006281964597292244,0.05310210958123207
25.225854873657227,23.67761993408203,0.001312621170654893,0.0006585998344235122,0.05626240000128746
22.906660079956055,21.354631423950195,0.0013078938936814666,0.0006649481947533786,0.05656063184142113
25.17270851135254,23.667341232299805,0.0013215388171374798,0.00062854855787009,0.05303238332271576
22.829757690429688,21.322866439819336,0.0013242661952972412,0.0006276345811784267,0.053094007074832916
25.05522918701172,23.50542449951172,0.0013135307235643268,0.0006555222789756954,0.05652784928679466
22.68428611755371,21.1325740814209,0.0013077211333438754,0.0006623420631513,0.05666803941130638
25.028921127319336,23.52398681640625,0.0013210988836362958,0.0006278313230723143,0.05304695665836334
22.62464141845703,21.118608474731445,0.0013229200849309564,0.0006271902821026742,0.05309763178229332
24.88623809814453,23.336103439331055,0.0013114166213199496,0.0006560342735610902,0.05664090812206268
22.45770263671875,20.9063777923584,0.0013074908638373017,0.000660568242892623,0.05672944709658623
24.876787185668945,23.37217903137207,0.0013210887555032969,0.0006269963923841715,0.05305659398436546
22.416276931762695,20.91095733642578,0.0013226416194811463,0.0006263342220336199,0.053083255887031555
24.705097198486328,23.15534210205078,0.0013101815711706877,0.0006545837386511266,0.05673723295331001
22.22772216796875,20.67766761779785,0.0013061859644949436,0.0006591190467588603,0.05674023926258087
24.711408615112305,23.207313537597656,0.0013205313589423895,0.0006265017436817288,0.053057875484228134
22.20132827758789,20.696456909179688,0.0013219082029536366,0.0006260090158320963,0.0530911423265934
24.523035049438477,22.97347068786621,0.0013095577014610171,0.0006534866988658905,0.05680429935455322
22.005504608154297,20.456073760986328,0.00130569061730057,0.0006576573359780014,0.05677567794919014
24.533119201660156,23.0296573638916,0.0013201221590861678,0.0006258465000428259,0.05304781347513199
21.988712310791016,20.484663009643555,0.0013211601180955768,0.000625415937975049,0.05307609960436821
24.329702377319336,22.780794143676758,0.001308748498558998,0.0006524695199914277,0.05682988464832306
21.785266876220703,20.236774444580078,0.0013052207650616765,0.0006552937556989491,0.05682363733649254
24.344219207763672,22.84136199951172,0.0013196502113714814,0.0006252697785384953,0.05303974449634552
21.776460647583008,20.27293586730957,0.0013204592978581786,0.0006248474237509072,0.0530870296061039
24.13047981262207,22.58251953125,0.0013080794597044587,0.0006516119465231895,0.056811485439538956
21.570384979248047,20.0220947265625,0.0013044512597844005,0.000654742878396064,0.056869324296712875
24.144325256347656,22.642179489135742,0.0013190521858632565,0.0006248450954444706,0.053019654005765915
21.56308937072754,20.060115814208984,0.0013196897925809026,0.0006244645919650793,0.053089775145053864
23.930068969726562,22.3835391998291,0.0013077869080007076,0.0006499206065200269,0.05676772817969322
21.361495971679688,19.814077377319336,0.0013042677892372012,0.0006523255724459887,0.056912146508693695
23.937013626098633,22.435651779174805,0.0013185804709792137,0.0006242601084522903,0.052994247525930405
21.350801467895508,19.848384857177734,0.0013189101591706276,0.0006239577778615057,0.05309828370809555
23.728248596191406,22.182863235473633,0.0013071245048195124,0.00064922368619591,0.05672113969922066
21.159927368164062,19.61289405822754,0.0013033803552389145,0.000651549780741334,0.05695692077279091
23.721803665161133,22.22112274169922,0.0013179858215153217,0.0006238687201403081,0.05297532305121422
21.137510299682617,19.63556480407715,0.0013182656839489937,0.000623529776930809,0.05310476943850517
23.53118133544922,21.987407684326172,0.0013072688598185778,0.000647189503069967,0.0566544309258461
20.96957778930664,19.42315673828125,0.0013031146954745054,0.000649686495307833,0.057002078741788864
23.500471115112305,22.000532150268555,0.0013174432097002864,0.0006234332104213536,0.05295015871524811
20.92981719970703,19.428377151489258,0.0013174175983294845,0.0006231667357496917,0.0531146414577961
23.330080032348633,21.78752899169922,0.0013069388223811984,0.0006461918819695711,0.05659864842891693
20.782276153564453,19.236547470092773,0.0013024843065068126,0.0006482176249846816,0.05703769996762276
23.27863311767578,21.779296875,0.0013169709127396345,0.0006229938007891178,0.05293550342321396
20.726213455200195,19.22526741027832,0.0013167912838980556,0.0006226958939805627,0.053120311349630356
23.129993438720703,21.588655471801758,0.0013071883004158735,0.0006446337210945785,0.05654283985495567
20.60060691833496,19.055435180664062,0.0013019046746194363,0.0006469884538091719,0.057072531431913376
23.060871124267578,21.562070846557617,0.0013164825504645705,0.0006226832629181445,0.052921708673238754
20.535114288330078,19.034629821777344,0.001316011417657137,0.00062234589131549,0.05313056707382202
22.92254638671875,21.382211685180664,0.0013074087910354137,0.0006431723013520241,0.05650436878204346
20.4180965423584,18.873579025268555,0.0013014632277190685,0.0006455351249314845,0.057101860642433167
22.851282119750977,21.352951049804688,0.0013160903472453356,0.0006222829688340425,0.052914440631866455
20.35445213317871,18.854463577270508,0.001315321889705956,0.0006219349452294409,0.053136054426431656
22.715139389038086,21.175701141357422,0.0013076086761429906,0.0006418466218747199,0.05647099018096924
20.2392578125,18.695329666137695,0.00130081782117486,0.0006443795282393694,0.05713287368416786
22.650056838989258,21.152067184448242,0.0013157412176951766,0.0006219849456101656,0.05291274935007095
20.18268394470215,18.68317985534668,0.0013146131532266736,0.0006215348839759827,0.05314294993877411
22.513134002685547,20.974393844604492,0.0013080297503620386,0.0006404049345292151,0.056452441960573196
20.06676483154297,18.5235538482666,0.001300130388699472,0.0006432565278373659,0.05715171992778778
22.45653533935547,20.95884132385254,0.001315467176027596,0.0006216617184691131,0.05291299894452095
20.016130447387695,18.517160415649414,0.0013139088405296206,0.0006211591535247862,0.05314372852444649
22.323925018310547,20.78567886352539,0.0013084978563711047,0.0006390494527295232,0.05644712597131729
19.903064727783203,18.360536575317383,0.001299539813771844,0.0006420612917281687,0.05717271938920021
22.272489547729492,20.77503204345703,0.001315212924964726,0.0006213578744791448,0.05291726440191269
19.852136611938477,18.353776931762695,0.001313186134211719,0.0006207484402693808,0.0531393326818943
22.152280807495117,20.614471435546875,0.0013087429106235504,0.0006378605612553656,0.05645075812935829
19.746274948120117,18.204639434814453,0.001298780320212245,0.0006410410860553384,0.05717235803604126
22.103662490844727,20.6064510345459,0.0013149393489584327,0.0006210351129993796,0.05292246490716934
19.692520141601562,18.19480323791504,0.0013124890392646194,0.0006204074597917497,0.05312695354223251
21.997089385986328,20.459556579589844,0.00130904046818614,0.0006366705638356507,0.05646786466240883
19.59149932861328,18.050865173339844,0.0012980337487533689,0.0006399097037501633,0.05716627463698387
21.95480728149414,20.457796096801758,0.0013146818382665515,0.0006207815604284406,0.05292793735861778
19.537202835083008,18.040220260620117,0.0013117286143824458,0.0006200712523423135,0.053108204156160355
21.8575439453125,20.320335388183594,0.001309179817326367,0.0006355874356813729,0.056482553482055664
19.435766220092773,17.89635467529297,0.0012972778640687466,0.0006387442699633539,0.05713999643921852
21.82465362548828,20.32792091369629,0.0013143777614459395,0.000620511535089463,0.05292871221899986
19.38290786743164,17.886735916137695,0.0013109866995364428,0.0006197828333824873,0.05307864025235176
21.7309513092041,20.194135665893555,0.0013092292938381433,0.0006345945876091719,0.05649026483297348
19.276756286621094,17.73876190185547,0.0012965928763151169,0.0006375144585035741,0.057093989104032516
21.706783294677734,20.210430145263672,0.0013140036026015878,0.0006202398799359798,0.052923206239938736
19.225187301635742,17.729951858520508,0.0013101579388603568,0.0006195019814185798,0.053040578961372375
21.612804412841797,20.076601028442383,0.0013091908767819405,0.0006336100050248206,0.05648019164800644
19.113435745239258,17.577068328857422,0.001295971916988492,0.0006362052517943084,0.05702780559659004
21.592374801635742,20.09650230407715,0.001313579734414816,0.0006200314965099096,0.05290655046701431
19.060205459594727,17.565954208374023,0.0013093150919303298,0.0006193246808834374,0.05299315229058266
21.496427536010742,19.96112823486328,0.0013090986758470535,0.0006326283328235149,0.05644363537430763
18.94482421875,17.41034507751465,0.0012954260455444455,0.0006347314338199794,0.05694015324115753
21.472732543945312,19.977481842041016,0.0013131041778251529,0.0006198358605615795,0.05287803336977959
18.88724136352539,17.394044876098633,0.0013084172969684005,0.0006192119908519089,0.05293835327029228
21.373828887939453,19.83972930908203,0.0013089977437630296,0.0006316267536021769,0.056378792971372604
18.770912170410156,17.238496780395508,0.001294979709200561,0.0006331377662718296,0.056835826486349106
21.340604782104492,19.8460693359375,0.0013125931145623326,0.0006197371403686702,0.05283694341778755
18.70690155029297,17.214794158935547,0.0013074823655188084,0.0006191844586282969,0.05287744104862213
21.23946762084961,19.706890106201172,0.0013089687563478947,0.0006305217975750566,0.05628310516476631
18.59320640563965,17.063013076782227,0.0012945379130542278,0.0006314842612482607,0.05671818181872368
21.193843841552734,19.700111389160156,0.0013120850780978799,0.0006196654867380857,0.052785661071538925
18.524513244628906,17.033462524414062,0.0013065311359241605,0.0006192939472384751,0.052813708782196045
21.088706970214844,19.557889938354492,0.0013090093852952123,0.0006294101476669312,0.05616072192788124
18.41457748413086,16.88666343688965,0.0012941363966092467,0.000629801710601896,0.056594446301460266
21.031415939331055,19.53850555419922,0.0013116031186655164,0.0006196720059961081,0.05272727832198143
18.344341278076172,16.854345321655273,0.0013055920135229826,0.0006194142042659223,0.05274933949112892
20.92251968383789,19.393627166748047,0.0013091078726574779,0.0006282911635935307,0.05601920932531357
18.240577697753906,16.71491241455078,0.0012937072897329926,0.0006282026879489422,0.05647098645567894
20.854751586914062,19.362668991088867,0.0013111456064507365,0.0006197154289111495,0.05266522243618965
18.170690536499023,16.681682586669922,0.0013046518433839083,0.0006196207832545042,0.052686985582113266
20.742599487304688,19.215749740600586,0.0013091654982417822,0.0006271359161473811,0.055869828909635544
18.072742462158203,16.549266815185547,0.0012932269601151347,0.0006266539567150176,0.05635351315140724
20.668426513671875,19.177154541015625,0.0013106786645948887,0.0006198225892148912,0.05260227993130684
18.00579071044922,16.517719268798828,0.0013037309981882572,0.0006198746268637478,0.05262688547372818
20.554031372070312,19.029268264770508,0.0013091248692944646,0.0006260040099732578,0.05571994557976723
17.912750244140625,16.391347885131836,0.0012926773633807898,0.0006252282182686031,0.05624508485198021
20.4763126373291,18.9858455657959,0.0013102168450132012,0.0006198914488777518,0.052541378885507584
17.848722457885742,16.361536026000977,0.0013028208632022142,0.0006201474461704493,0.05257006734609604
20.36197853088379,18.839244842529297,0.0013089255662634969,0.0006249379948712885,0.05558016523718834
17.75973129272461,16.24028778076172,0.001292080502025783,0.0006238932255655527,0.05614576116204262
20.283220291137695,18.793506622314453,0.001309720566496253,0.0006200167699716985,0.052484430372714996
17.697307586669922,16.210987091064453,0.0013018959434702992,0.0006204259698279202,0.052515946328639984
20.171323776245117,18.650529861450195,0.0013085632817819715,0.000623874890152365,0.05545758083462715
17.611366271972656,16.09373664855957,0.0012914406834170222,0.0006227241246961057,0.056054748594760895
20.092544555664062,18.603553771972656,0.0013092062436044216,0.0006201426149345934,0.052431657910346985
17.548757553100586,16.06324005126953,0.0013009848771616817,0.0006207771948538721,0.05246368795633316
19.984899520874023,18.46588897705078,0.0013080546632409096,0.0006228699930943549,0.055354904383420944
17.465091705322266,15.949210166931152,0.0012908043572679162,0.0006215856410562992,0.05596861615777016
19.906604766845703,18.41828155517578,0.001308684702962637,0.0006202857475727797,0.052383746951818466
17.401369094848633,15.916670799255371,0.0013000399339944124,0.0006210936699062586,0.05241319164633751
19.802692413330078,18.2852725982666,0.0013074761955067515,0.0006219111965037882,0.055272720754146576
17.318622589111328,15.804439544677734,0.0012901724549010396,0.000620537786744535,0.055882833898067474
19.724903106689453,18.237180709838867,0.0013081501238048077,0.0006205005338415504,0.05233967676758766
17.253803253173828,15.769922256469727,0.0012990477262064815,0.0006214476888999343,0.052363332360982895
19.623760223388672,18.107744216918945,0.00130689877551049,0.0006209336570464075,0.05520986020565033
17.171571731567383,15.659027099609375,0.0012895454419776797,0.0006195803289301693,0.05579818785190582
19.545654296875,18.05841827392578,0.001307655475102365,0.0006208400009199977,0.052298709750175476
17.105283737182617,15.6222562789917,0.001298035029321909,0.0006217419868335128,0.052313826978206635
19.446596145629883,17.93175506591797,0.0013064979575574398,0.0006199683411978185,0.05516064167022705
17.0241641998291,15.513263702392578,0.0012889254139736295,0.0006186317768879235,0.055712081491947174
19.36705780029297,17.88020133972168,0.0013072213623672724,0.000621290470007807,0.052259981632232666
16.956592559814453,15.474459648132324,0.001296983566135168,0.0006219859351404011,0.052264872938394547
19.270593643188477,17.75674057006836,0.0013062594225630164,0.0006189919076859951,0.05512279272079468
16.877582550048828,15.368325233459473,0.001288263127207756,0.0006177528412081301,0.055625006556510925
19.1905574798584,17.703969955444336,0.0013068366097286344,0.0006218845373950899,0.05222263187170029
16.810501098632812,15.329341888427734,0.0012958977604284883,0.0006220951327122748,0.052216313779354095
19.096647262573242,17.583606719970703,0.0013062312500551343,0.0006180305499583483,0.05509098991751671
16.734437942504883,15.22680950164795,0.0012875436805188656,0.0006169646512717009,0.055537402629852295
19.017208099365234,17.5307674407959,0.001306495163589716,0.0006226542755030096,0.05218660831451416
16.668746948242188,15.18863582611084,0.0012947887880727649,0.0006220400100573897,0.05216958373785019
18.927692413330078,17.41529655456543,0.001306395628489554,0.0006171321147121489,0.05506330728530884
16.597190856933594,15.091228485107422,0.001286709331907332,0.0006162062636576593,0.055450454354286194
18.849353790283203,17.363014221191406,0.0013061448698863387,0.0006235073669813573,0.052151333540678024
16.532520294189453,15.053566932678223,0.0012936593266204,0.000621767423581332,0.05212397500872612
18.766300201416016,17.254472732543945,0.001306694932281971,0.000616258941590786,0.055034980177879333
16.46613883972168,14.961843490600586,0.0012857732363045216,0.0006155265728011727,0.05536451190710068
18.68984031677246,17.20360565185547,0.0013057608157396317,0.0006243842071853578,0.052116215229034424
16.402502059936523,14.924859046936035,0.001292543951421976,0.0006211349973455071,0.05208033323287964
18.612836837768555,17.1015567779541,0.0013070226414129138,0.0006154879811219871,0.05500232055783272
16.33956527709961,14.836980819702148,0.0012847395846620202,0.0006148318061605096,0.0552799329161644
18.53960418701172,17.053556442260742,0.0013052726862952113,0.0006251840386539698,0.05208180099725723
16.27665138244629,14.800448417663574,0.0012914371909573674,0.0006201944779604673,0.05203866586089134
18.46738624572754,16.956748962402344,0.001307270023971796,0.0006147505482658744,0.05496266856789589
16.216209411621094,14.715361595153809,0.0012835697270929813,0.0006141987978480756,0.055196404457092285
18.39508628845215,16.90941047668457,0.0013046329841017723,0.0006257737404666841,0.0520472377538681
16.151975631713867,14.677331924438477,0.0012903931783512235,0.0006189273553900421,0.05199839919805527
18.327272415161133,16.817426681518555,0.0013073855079710484,0.0006140324985608459,0.05491377413272858
16.094436645507812,14.595320701599121,0.0012823230354115367,0.0006136342999525368,0.05511373654007912
18.2526798248291,16.767641067504883,0.0013038431061431766,0.000625986373052001,0.05201246589422226
16.027122497558594,14.554143905639648,0.0012894052779302,0.0006173512083478272,0.05195989832282066
18.187339782714844,16.678497314453125,0.0013072136789560318,0.000613309966865927,0.0548580177128315
15.971102714538574,14.473712921142578,0.001280990894883871,0.0006131380214355886,0.055032551288604736
18.10977554321289,16.625696182250977,0.0013028786052018404,0.0006257090135477483,0.051978420466184616
15.90152645111084,14.430249214172363,0.001288504689000547,0.0006155899027362466,0.05192301422357559
18.042739868164062,16.5351505279541,0.001306744641624391,0.0006125250947661698,0.054795410484075546
15.84461784362793,14.348943710327148,0.0012795794755220413,0.0006127249798737466,0.05495215579867363
17.96292495727539,16.48015022277832,0.0013017309829592705,0.0006249286816455424,0.05194452777504921
15.774628639221191,14.305057525634766,0.0012877029366791248,0.0006136866868473589,0.051887646317481995
17.892292022705078,16.386201858520508,0.00130589643958956,0.0006116673466749489,0.054730817675590515
15.715736389160156,14.22168254852295,0.0012781149707734585,0.0006125157233327627,0.05487387254834175
17.812131881713867,16.33101463317871,0.0013004192151129246,0.0006235733744688332,0.05191204696893692
15.647050857543945,14.179113388061523,0.0012870181817561388,0.00061179039767012,0.0518532395362854
17.736286163330078,16.23190689086914,0.0013046144740656018,0.0006107813096605241,0.054668065160512924
15.585099220275879,14.092569351196289,0.001276607159525156,0.000612487958278507,0.05479823052883148
17.65637969970703,16.177228927612305,0.001298922928981483,0.000621764047536999,0.05188073217868805
15.517207145690918,14.050792694091797,0.0012864432064816356,0.0006099796737544239,0.051820266991853714
17.57787322998047,16.07539176940918,0.0013028732500970364,0.0006098835146985948,0.05461019277572632
15.454816818237305,13.963662147521973,0.0012750886380672455,0.0006126852822490036,0.05472682788968086
17.496200561523438,16.01927947998047,0.001297228503972292,0.0006196126341819763,0.05185006931424141
15.38633918762207,13.921306610107422,0.00128599361050874,0.0006083179032430053,0.05178767815232277
17.41550064086914,15.915105819702148,0.0013005645014345646,0.0006090565584599972,0.05455830320715904
15.32331371307373,13.833388328552246,0.0012735682539641857,0.0006130917463451624,0.05465953052043915
17.33250617980957,15.858047485351562,0.001295318710617721,0.000617187237367034,0.051820527762174606
15.255807876586914,13.791967391967773,0.00128565588966012,0.0006069047376513481,0.051756035536527634
17.247512817382812,15.749343872070312,0.0012977159349247813,0.0006083688349463046,0.05451256036758423
15.191641807556152,13.702775001525879,0.001272084191441536,0.0006136948359198868,0.054597772657871246
17.163715362548828,15.691832542419434,0.001293174922466278,0.0006147729582153261,0.051790907979011536
15.126790046691895,13.663947105407715,0.0012854521628469229,0.0006057334248907864,0.05172499641776085
17.073001861572266,15.577159881591797,0.0012942916946485639,0.0006078997976146638,0.054474636912345886
15.061509132385254,13.573515892028809,0.001270716660656035,0.0006144447834230959,0.05454116687178612
16.987991333007812,15.518755912780762,0.0012908168137073517,0.0006124213105067611,0.05176164209842682
15.000221252441406,13.538168907165527,0.0012854015221819282,0.0006048117647878826,0.05169454962015152
16.89156150817871,15.398107528686523,0.0012902666348963976,0.0006077094003558159,0.05444658175110817
14.935362815856934,13.448042869567871,0.0012695015175268054,0.0006153227295726538,0.05449073016643524
16.80510902404785,15.338501930236816,0.0012882865266874433,0.0006102738552726805,0.05173264816403389
14.87837028503418,13.416953086853027,0.0012854572851210833,0.0006040885928086936,0.05166444927453995
16.704452514648438,15.213316917419434,0.0012857824331149459,0.0006078865262679756,0.05443022400140762
14.815296173095703,13.328505516052246,0.0012684722896665335,0.0006162161589600146,0.05444470793008804
16.617368698120117,15.153223037719727,0.0012856796383857727,0.0006085209897719324,0.05170455947518349
14.762924194335938,13.302013397216797,0.0012856166576966643,0.0006035034311935306,0.05163503810763359
16.514636993408203,15.02563190460205,0.0012810193002223969,0.000608447240665555,0.05442706495523453
14.7030668258667,13.216704368591309,0.0012676677433773875,0.0006170300184749067,0.054401371628046036
16.428251266479492,14.966293334960938,0.001283228863030672,0.0006071447278372943,0.051677118986845016
14.655296325683594,13.194869041442871,0.0012857629917562008,0.0006029802607372403,0.05160560458898544
16.326618194580078,14.839397430419922,0.001276321359910071,0.0006093819974921644,0.05443684011697769
14.598809242248535,13.112832069396973,0.0012670682044699788,0.0006176996394060552,0.05435933917760849
16.244577407836914,14.784438133239746,0.0012810955522581935,0.0006061609019525349,0.051651131361722946
14.556931495666504,13.097024917602539,0.0012858089758083224,0.0006024875910952687,0.05157581344246864
16.144174575805664,14.658319473266602,0.0012720137601718307,0.0006105992943048477,0.05445493757724762
14.501248359680176,13.015740394592285,0.0012665995163843036,0.0006181346834637225,0.05431400239467621
16.07014274597168,14.611359596252441,0.0012794923968613148,0.0006055632256902754,0.051625560969114304
14.466262817382812,13.007034301757812,0.0012856583343818784,0.0006019060383550823,0.05154465511441231
15.971639633178711,14.486688613891602,0.0012683984823524952,0.0006119490135461092,0.054477669298648834
14.410093307495117,12.925243377685547,0.0012661805376410484,0.0006182226934470236,0.05426483973860741
15.907620429992676,14.449808120727539,0.0012784964637830853,0.0006051447708159685,0.051599252969026566
14.381321907043457,12.92301082611084,0.0012851868523284793,0.0006011989316903055,0.05151188373565674
15.810941696166992,14.326553344726562,0.0012656445614993572,0.0006131791742518544,0.054497577250003815
14.322800636291504,12.838855743408203,0.0012657259358093143,0.0006180243217386305,0.05420692265033722
15.75778579711914,14.300668716430664,0.001278051408007741,0.0006047621718607843,0.05157098546624184
14.300040245056152,12.842902183532715,0.0012843554140999913,0.0006003804737702012,0.051477011293172836
15.66140365600586,14.177398681640625,0.0012637333711609244,0.000614106364082545,0.05450845882296562
14.236583709716797,12.75390625,0.0012651385040953755,0.000617420650087297,0.05413980409502983
15.61970329284668,14.163171768188477,0.0012780006509274244,0.0006042896420694888,0.051538679748773575
14.219655990600586,12.763956069946289,0.0012831318890675902,0.0005994704551994801,0.05143989622592926
15.52148723602295,14.037908554077148,0.001262578647583723,0.0006145217921584845,0.054502882063388824
14.149150848388672,12.668002128601074,0.0012644134694710374,0.0006166303064674139,0.05406266078352928
15.49140739440918,14.035547256469727,0.00127807492390275,0.0006036139675416052,0.051501549780368805
14.138162612915039,12.68410873413086,0.0012815785594284534,0.0005984912859275937,0.051401857286691666
15.389020919799805,13.906088829040527,0.0012619022745639086,0.0006144314538687468,0.05447655916213989
14.059130668640137,12.579718589782715,0.0012635682942345738,0.0006157052121125162,0.05397748947143555
15.36970329284668,13.914749145507812,0.0012780168326571584,0.0006027016788721085,0.051459457725286484
14.053962707519531,12.601675033569336,0.0012798066018149257,0.000597496866248548,0.05136352777481079
15.262487411499023,13.780564308166504,0.0012614475563168526,0.0006138621247373521,0.054426852613687515
13.967144012451172,12.489594459533691,0.0012626168318092823,0.0006147288368083537,0.05388765037059784
15.251665115356445,13.797952651977539,0.0012776016956195235,0.0006015624385327101,0.051413074135780334
13.966858863830566,12.516363143920898,0.0012779389508068562,0.0005965363816358149,0.05132582411170006
15.13968276977539,13.65915584564209,0.0012610037811100483,0.0006129322573542595,0.05435590818524361
13.874408721923828,12.39874267578125,0.001261623576283455,0.0006137784221209586,0.05379643663764
15.134005546569824,13.681839942932129,0.0012767222942784429,0.0006003121379762888,0.05136476829648018
13.877520561218262,12.428762435913086,0.0012760841054841876,0.0005956350360065699,0.051289819180965424
15.018758773803711,13.53994083404541,0.0012604350922629237,0.0006118910969235003,0.054265476763248444
13.782913208007812,12.309041976928711,0.001260645454749465,0.000612946052569896,0.05370746925473213
15.014870643615723,13.564495086669922,0.00127541518304497,0.0005990039207972586,0.05131653696298599
13.787858963012695,12.34075927734375,0.001274330890737474,0.0005947738536633551,0.051254723221063614
14.89832592010498,13.421408653259277,0.0012597031891345978,0.000610927352681756,0.054160233587026596
13.693861961364746,12.221698760986328,0.0012596935266628861,0.0006121732876636088,0.0536230094730854
14.894180297851562,13.445728302001953,0.0012737773358821869,0.0005977244582027197,0.051270149648189545
13.699983596801758,12.254406929016113,0.0012727304128929973,0.0005940051632933319,0.05122087150812149
14.778160095214844,13.3032865524292,0.0012588407844305038,0.0006100045866332948,0.05404508113861084
13.608080863952637,12.1375093460083,0.0012587514938786626,0.0006115001160651445,0.0535445362329483
14.774100303649902,13.327561378479004,0.0012720051454380155,0.0005965365562587976,0.051226768642663956
13.615575790405273,12.17142105102539,0.0012712874449789524,0.0005932797212153673,0.05118711292743683
14.659834861755371,13.187002182006836,0.001257902360521257,0.0006093047559261322,0.053922925144433975
13.52547550201416,12.05639934539795,0.00125784776173532,0.0006108357338234782,0.05347345769405365
14.658584594726562,13.213933944702148,0.0012701976811513305,0.0005953810759820044,0.05118607357144356
13.535813331604004,12.09298038482666,0.0012699821963906288,0.0005926163285039365,0.05115334689617157
14.545733451843262,13.0748929977417,0.001256962539628148,0.0006087233778089285,0.05379969999194145
13.44517993927002,11.977505683898926,0.00125696521718055,0.0006101944600231946,0.05340949445962906
14.551093101501465,13.108194351196289,0.001268483349122107,0.0005943510332144797,0.05114816501736641
13.460223197937012,12.018651962280273,0.001268797437660396,0.0005919617251493037,0.05111915245652199
14.438404083251953,12.969461441040039,0.0012560387840494514,0.0006082865875214338,0.05367807298898697
13.366458892822266,11.900066375732422,0.001256110379472375,0.0006096270517446101,0.053352344781160355
14.45386791229248,13.012624740600586,0.0012668612180277705,0.0005933703505434096,0.05111277475953102
13.387670516967773,11.947283744812012,0.0012676856713369489,0.0005913912900723517,0.05108480155467987
14.339211463928223,12.872042655944824,0.0012551606632769108,0.0006079216836951673,0.053562771528959274
13.288338661193848,11.823162078857422,0.0012552904663607478,0.0006090318784117699,0.05330152437090874
14.366703033447266,12.926971435546875,0.0012653577141463757,0.0005925175501033664,0.0510794036090374
13.31725788116455,11.878002166748047,0.001266644336283207,0.0005908443126827478,0.051051102578639984
14.247764587402344,12.782238960266113,0.001254314905963838,0.0006076231366023421,0.05345562472939491
13.210291862487793,11.746255874633789,0.0012544662458822131,0.0006084857741370797,0.05325600877404213
14.288531303405762,12.850203514099121,0.0012639258056879044,0.0005917768576182425,0.05104757472872734
13.248516082763672,11.81033706665039,0.00126565748360008,0.0005903608398512006,0.05101698264479637
14.161687850952148,12.6976318359375,0.0012535274727270007,0.0006074380362406373,0.05335730314254761
13.131220817565918,11.668227195739746,0.001253643655218184,0.0006080458988435566,0.05321492254734039
14.21672248840332,12.779692649841309,0.0012625765521079302,0.0005911372136324644,0.05101732164621353
13.180704116821289,11.743542671203613,0.0012647308176383376,0.0005899239331483841,0.050983380526304245
14.078818321228027,12.616082191467285,0.0012527407379820943,0.0006073489203117788,0.05326906591653824
13.051224708557129,11.589217185974121,0.0012528077932074666,0.0006076446734368801,0.05317814648151398
14.149127006530762,12.713248252868652,0.0012612942373380065,0.0005906910519115627,0.050988614559173584
13.113916397094727,11.67773723602295,0.0012638645712286234,0.0005895037902519107,0.050949499011039734
13.996840476989746,12.535272598266602,0.0012519716983661056,0.0006073515396565199,0.05319058895111084
12.970741271972656,11.509647369384766,0.0012519544688984752,0.000607335357926786,0.05314495414495468
14.082876205444336,12.648049354553223,0.001260064309462905,0.0005903634009882808,0.05096130445599556
13.048002243041992,11.612756729125977,0.0012630715500563383,0.0005891058826819062,0.050915732979774475
13.914907455444336,12.454334259033203,0.0012511700624600053,0.0006075158016756177,0.05312304571270943
12.891140937805176,11.430904388427734,0.001251066685654223,0.0006070929230190814,0.05311567708849907
14.015951156616211,12.582096099853516,0.001258875010535121,0.0005901475087739527,0.050934359431266785
12.983318328857422,11.548941612243652,0.0012623494258150458,0.0005887722945772111,0.050881609320640564
13.83308219909668,12.373291015625,0.001250357017852366,0.0006079016602598131,0.05306612327694893
12.81324577331543,11.353856086730957,0.0012501985765993595,0.0006067989161238074,0.053089167922735214
13.947757720947266,12.514763832092285,0.0012577527668327093,0.0005900757969357073,0.05090796574950218
12.920560836791992,11.48702621459961,0.0012617323081940413,0.0005883818375878036,0.05084770545363426
13.752394676208496,12.29323959350586,0.0012494963593780994,0.0006084215710870922,0.05301958695054054
12.737756729125977,11.279216766357422,0.0012493435060605407,0.0006064220215193927,0.0530657134950161
13.876047134399414,12.443892478942871,0.0012566582299768925,0.0005900319083593786,0.0508810430765152
12.861607551574707,11.428849220275879,0.001261194352991879,0.0005880611715838313,0.05081302300095558
13.673445701599121,12.214810371398926,0.0012485855259001255,0.0006091345567256212,0.05297757312655449
12.666703224182129,11.209041595458984,0.00124854885507375,0.0006058349390514195,0.053047001361846924
13.786532402038574,12.355359077453613,0.001255495473742485,0.0005898091476410627,0.05085207149386406
12.831506729125977,11.39932632446289,0.0012608758406713605,0.0005879062809981406,0.05077892169356346
13.559502601623535,12.10155963897705,0.001247623236849904,0.0006103302002884448,0.05289660766720772
12.656929969787598,11.200392723083496,0.0012478920398280025,0.0006043551838956773,0.05304132401943207
13.508286476135254,12.078899383544922,0.0012538840528577566,0.000588751514442265,0.05080690234899521
13.097518920898438,11.665252685546875,0.00126095290761441,0.0005886604194529355,0.050745997577905655
12.767033576965332,11.31421184539795,0.0012474129907786846,0.0006100018508732319,0.05241142585873604
13.036479949951172,11.583617210388184,0.0012478637509047985,0.0005995964165776968,0.05291324853897095
11.827880859375,10.400931358337402,0.001250607892870903,0.0005879449308849871,0.05076730251312256
13.196640968322754,11.764534950256348,0.0012600352056324482,0.0005901092081330717,0.05070335045456886
10.916919708251953,9.477631568908691,0.0012508186046034098,0.0006006279727444053,0.05135653167963028
13.990888595581055,12.545554161071777,0.001249809516593814,0.0005935748922638595,0.052364300936460495
9.512077331542969,8.078890800476074,0.001250215689651668,0.0005918515380471945,0.05121522769331932
17.381059646606445,15.928017616271973,0.0012953963596373796,0.000599229650106281,0.05057287588715553
9.979270935058594,8.518813133239746,0.001315283472649753,0.0005972653161734343,0.050418421626091
26.823213577270508,24.888763427734375,0.0019535606261342764,0.0007480621570721269,0.05836384370923042
24.80453109741211,22.9466552734375,0.0018186516826972365,0.0007378211594186723,0.057964012026786804
10.407119750976562,8.919816970825195,0.001368754543364048,0.000598274462390691,0.05037876218557358
24.99810028076172,23.556459426879883,0.001269546803086996,0.0006090094102546573,0.05023624002933502
13.359674453735352,11.929869651794434,0.0012492308160290122,0.0005919208633713424,0.05092288553714752
43.00905227661133,41.54501724243164,0.0012617114698514342,0.0006188966799527407,0.05237320438027382
55.66304016113281,54.17961120605469,0.0012508626095950603,0.0006624592351727188,0.05267667770385742
20.793495178222656,19.284982681274414,0.0012732654577121139,0.0007077751797623932,0.05179920420050621
46.23685073852539,44.75693893432617,0.0012957080034539104,0.0006555391591973603,0.05042879655957222
64.96214294433594,63.4359016418457,0.0013276200043037534,0.0007262142025865614,0.04993174225091934
41.082828521728516,39.5294075012207,0.0013541068183258176,0.0007559912628494203,0.04983700439333916
40.68206787109375,39.23904800415039,0.0012716742930933833,0.0006037498242221773,0.05053070932626724
35.7689094543457,34.30227279663086,0.0012443936429917812,0.0006602841895073652,0.051429614424705505
35.72341537475586,34.158321380615234,0.0012620090274140239,0.000830297009088099,0.05189404636621475
38.18034362792969,36.6888542175293,0.0012475568801164627,0.0006988204549998045,0.051829878240823746
12.157111167907715,10.704933166503906,0.0012848381884396076,0.0005898971576243639,0.05148101970553398
57.699729919433594,56.241573333740234,0.0012712976895272732,0.0006397882243618369,0.05026116594672203
84.84956359863281,83.39470672607422,0.001260355580598116,0.0006585532682947814,0.04953977093100548
36.606388092041016,35.1619758605957,0.0012530583189800382,0.000649584922939539,0.04930927976965904
44.93524169921875,43.46426010131836,0.001239676377736032,0.0007003078935667872,0.050098761916160583
77.85680389404297,76.33946990966797,0.001250037457793951,0.0007474767044186592,0.051857996731996536
47.518184661865234,45.96843719482422,0.0012740931706503034,0.0007467298419214785,0.053933754563331604
45.4419059753418,43.90030288696289,0.0013630928006023169,0.0006436672410927713,0.05382239446043968
57.6870231628418,56.14079284667969,0.001467483234591782,0.0005933493957854807,0.05158145725727081
24.427532196044922,22.85773468017578,0.0014910086756572127,0.0006503316108137369,0.04991266876459122
47.8962287902832,46.412776947021484,0.0012545706704258919,0.0007193356868810952,0.0496499203145504
74.61126708984375,73.13716125488281,0.0012762353289872408,0.0006738640950061381,0.049905646592378616
28.994300842285156,27.505346298217773,0.001352335442788899,0.0006134152645245194,0.05060795322060585
33.334510803222656,31.878557205200195,0.0012717185309156775,0.0006070701056160033,0.051656100898981094
61.74034118652344,60.278709411621094,0.0012738666264340281,0.0006118153687566519,0.05187921226024628
28.5819149017334,26.996448516845703,0.0015265931142494082,0.0006146699306555092,0.05148356780409813
35.48733139038086,33.842552185058594,0.0015636465977877378,0.0007075868197716773,0.05091644451022148
54.172332763671875,52.626930236816406,0.001364505966193974,0.0007136199274100363,0.05063401535153389
22.252361297607422,20.800691604614258,0.001247959677129984,0.0006464450270868838,0.05044666305184364
42.47431182861328,41.0322265625,0.001283580088056624,0.0005942405550740659,0.05031728371977806
63.74091720581055,62.27835464477539,0.0013147193240001798,0.0006039729341864586,0.05032149329781532
24.189096450805664,22.759199142456055,0.001249900902621448,0.0006001394940540195,0.05048774182796478
37.71501541137695,36.218894958496094,0.0012928963406011462,0.0006742104305885732,0.051256515085697174
63.89582824707031,62.286685943603516,0.0014594667591154575,0.0007200546679086983,0.05193815007805824
27.72694206237793,26.071983337402344,0.0015795968938618898,0.0006938016740605235,0.05182594433426857
30.24320411682129,28.764251708984375,0.0013455823063850403,0.0006010752404108644,0.05056220293045044
50.93452072143555,49.521053314208984,0.0012413007207214832,0.0005856605130247772,0.04999875649809837
23.56800651550293,22.139755249023438,0.0012757909717038274,0.0005821725353598595,0.049926888197660446
30.647769927978516,29.202714920043945,0.0012593924766406417,0.0006093447445891798,0.05106861889362335
44.38092041015625,42.907047271728516,0.0012577729066833854,0.0006361924461089075,0.05268879979848862
20.2060546875,18.71266746520996,0.0013023281935602427,0.0006369011825881898,0.05237731710076332
30.193744659423828,28.755403518676758,0.0012765479041263461,0.0005960530252195895,0.05020418018102646
39.655887603759766,38.23481750488281,0.0012599220499396324,0.0005827395943924785,0.049974147230386734
17.304401397705078,15.880993843078613,0.0012606583768501878,0.0005845221458002925,0.05008167400956154
30.22002601623535,28.77392578125,0.001251411042176187,0.0005918608512729406,0.05244642496109009
39.39010238647461,37.92892837524414,0.0012482012389227748,0.0006019056309014559,0.053612008690834045
14.744343757629395,13.290228843688965,0.0012455296237021685,0.0006296724313870072,0.05165134370326996
37.158721923828125,35.74411392211914,0.0012362455017864704,0.0005951609928160906,0.04989060387015343
56.808929443359375,55.368961334228516,0.0013032727874815464,0.0005765993264503777,0.050002869218587875
23.3275203704834,21.822612762451172,0.0014252844266593456,0.0005852709873579443,0.04996306076645851
27.966506958007812,26.487943649291992,0.0013156912755221128,0.0005927187739871442,0.052435919642448425
50.8469123840332,49.374839782714844,0.001241878024302423,0.0006195049500092864,0.054138150066137314
26.14630889892578,24.633378982543945,0.001283523510210216,0.0006891765515320003,0.05265798419713974
21.878808975219727,20.439268112182617,0.0012449418427422643,0.0006321946275420487,0.050097331404685974
35.71737289428711,34.29869079589844,0.0012653024168685079,0.0005754121229983866,0.04983258247375488
20.877700805664062,19.382896423339844,0.001372280647046864,0.000614294724073261,0.05015154182910919
21.224628448486328,19.775922775268555,0.0012661368818953633,0.0005933070788159966,0.05189834535121918
28.640033721923828,27.152984619140625,0.0012508183717727661,0.0006743636913597584,0.05244569852948189
16.996015548706055,15.528451919555664,0.0012513190740719438,0.0006613172008655965,0.05112464725971222
20.957265853881836,19.519596099853516,0.0012713137548416853,0.0006025848560966551,0.05007205903530121
24.731243133544922,23.22809600830078,0.0013392675900831819,0.0006631831638514996,0.05019233003258705
12.905050277709961,11.474071502685547,0.0012576605658978224,0.0005863991100341082,0.05089488998055458
24.47093963623047,22.93882179260254,0.0012992103584110737,0.0007378920563496649,0.05135677009820938
24.616920471191406,23.135526657104492,0.0012576434528455138,0.0006803272408433259,0.051240965723991394
11.833792686462402,10.369757652282715,0.0013181072426959872,0.000595737190451473,0.05071127414703369
19.189830780029297,17.7392578125,0.0012847880134359002,0.0006051230593584478,0.050561800599098206
11.18168830871582,9.731585502624512,0.0012839442351832986,0.0006014453829266131,0.050740811973810196
21.29244041442871,19.86473846435547,0.001242022612132132,0.0005928740138188004,0.051025450229644775
15.614195823669434,14.149124145507812,0.0013297394616529346,0.0005859688390046358,0.050721701234579086
20.344911575317383,18.910531997680664,0.0012663535308092833,0.0005888057639822364,0.05067994445562363
21.95693588256836,20.497840881347656,0.0012996210716664791,0.0006004677852615714,0.050904978066682816
14.730524063110352,13.299012184143066,0.0012571370461955667,0.000588493887335062,0.05086962878704071
18.728914260864258,17.295637130737305,0.0012390788178890944,0.0006215637549757957,0.0502956248819828
14.725372314453125,13.279280662536621,0.0012863354058936238,0.0005972362705506384,0.05043060705065727
15.867765426635742,14.422592163085938,0.0012574606807902455,0.0006044699111953378,0.05142080783843994
14.09028148651123,12.649262428283691,0.0012693003518506885,0.0005928863538429141,0.050992563366889954
15.012030601501465,13.585598945617676,0.0012357954401522875,0.0006132677081041038,0.050189998000860214
14.063130378723145,12.633696556091309,0.0012552113039419055,0.0005948139005340636,0.050442084670066833
13.756633758544922,12.305756568908691,0.0012693139724433422,0.0005934822838753462,0.051947902888059616
14.377964973449707,12.947011947631836,0.0012621767818927765,0.0005861455574631691,0.050679195672273636
11.669951438903809,10.250774383544922,0.0012437697732821107,0.0005883494159206748,0.05031177029013634
14.592765808105469,13.13323974609375,0.0012998083839192986,0.0005851571913808584,0.05170435085892677
11.290648460388184,9.852193832397461,0.0012696259655058384,0.0005842061364091933,0.051153894513845444
18.70011329650879,17.225093841552734,0.0013522837543860078,0.0005908770253881812,0.05034387484192848
15.086675643920898,13.633252143859863,0.0013127694837749004,0.0005856674397364259,0.05042045935988426
19.526330947875977,18.025184631347656,0.0013689881889149547,0.0005855288472957909,0.052388809621334076
23.409975051879883,21.82762336730957,0.0015312455361708999,0.000584143796004355,0.052465640008449554
11.752450942993164,10.327134132385254,0.001247013220563531,0.0005991262733004987,0.05022468417882919
18.623146057128906,17.10753631591797,0.001417730120010674,0.0006050626398064196,0.050421249121427536
12.691095352172852,11.252302169799805,0.0012686237460002303,0.0005874259513802826,0.05107680335640907
19.014081954956055,17.49054527282715,0.0014284088974818587,0.0005998067790642381,0.05094273388385773
16.8079833984375,15.302227020263672,0.001417716033756733,0.0005881375400349498,0.050283074378967285
15.684466361999512,14.210953712463379,0.001274590496905148,0.0006618915358558297,0.050527170300483704
18.0466251373291,16.553964614868164,0.0013778560096397996,0.0005893339985050261,0.05090651661157608
12.716795921325684,11.273835182189941,0.0012631762074306607,0.000610983872320503,0.05058804526925087
16.777490615844727,15.306219100952148,0.0013552719028666615,0.0005789320566691458,0.050416890531778336
11.482236862182617,10.04323673248291,0.0012342889094725251,0.0006291758618317544,0.05072679743170738
17.78374481201172,16.3363094329834,0.0012975615682080388,0.0005851935711689293,0.05060572922229767
15.830058097839355,14.387085914611816,0.001277390168979764,0.0005980604910291731,0.05052468553185463
13.554407119750977,12.1309175491333,0.0012563661439344287,0.0005776038160547614,0.05065047740936279
16.2408390045166,14.791382789611816,0.0012795866932719946,0.0006029847427271307,0.05081696808338165
11.215078353881836,9.7905855178833,0.001232213107869029,0.0006076396675780416,0.05045657977461815
16.92544174194336,15.497153282165527,0.0012594825820997357,0.000586244510486722,0.05054245889186859
12.440115928649902,11.003241539001465,0.0012552435509860516,0.0006067626527510583,0.05058711767196655
19.052783966064453,17.635793685913086,0.0012308466248214245,0.0005960954003967345,0.050351981073617935
20.318004608154297,18.829463958740234,0.0012805131264030933,0.0006882492452859879,0.05041595548391342
12.895808219909668,11.446295738220215,0.0012727215653285384,0.0006103314808569849,0.05079859122633934
17.355424880981445,15.910988807678223,0.0012609860859811306,0.000615630648098886,0.050612833350896835
13.675545692443848,12.217364311218262,0.0013067873660475016,0.000601419887971133,0.05040778964757919
15.213200569152832,13.79248332977295,0.0012237486662343144,0.0006079745944589376,0.050485529005527496
14.933269500732422,13.442296981811523,0.0013366459170356393,0.0006187909748405218,0.05132543668150902
13.754398345947266,12.336630821228027,0.001243271748535335,0.0005829859874211252,0.05046384036540985
15.795454025268555,14.346721649169922,0.001306563732214272,0.0005850668530911207,0.050291743129491806
11.284831047058105,9.871397972106934,0.0012351105688139796,0.0005794615135528147,0.05061476305127144
17.750598907470703,16.30270767211914,0.0012951366370543838,0.0005788020207546651,0.0510922335088253
12.410585403442383,10.957663536071777,0.0013033366994932294,0.000590996234677732,0.05057549849152565
22.36040687561035,20.9180965423584,0.0012807068414986134,0.0005965140298940241,0.05036994442343712
25.643957138061523,24.149377822875977,0.0013943878002464771,0.0005840544472448528,0.05053580179810524
14.773443222045898,13.345209121704102,0.001254200004041195,0.0005927399033680558,0.05047650262713432
15.795588493347168,14.34289264678955,0.001322822761721909,0.0005776016623713076,0.05024830251932144
19.790393829345703,18.310794830322266,0.0013041563797742128,0.0006435909890569746,0.05057267099618912
11.937541961669922,10.501753807067871,0.001226811553351581,0.0006233018357306719,0.05107316002249718
25.602909088134766,24.1488094329834,0.001282127690501511,0.0006156678427942097,0.050520218908786774
29.5192928314209,28.042198181152344,0.0012827197788283229,0.0006650384748354554,0.0503215529024601
11.458860397338867,10.047059059143066,0.001238385564647615,0.0005821935483254492,0.05015110969543457
22.78166389465332,21.283769607543945,0.001271700719371438,0.0006741177057847381,0.052498456090688705
25.2283935546875,23.673206329345703,0.0012718233047053218,0.0007472906727343798,0.05456291511654854
12.855441093444824,11.42859172821045,0.0012273467145860195,0.0006116161239333451,0.05073682218790054
21.356164932250977,19.913341522216797,0.001269146683625877,0.0006039617001079023,0.05062691122293472
21.41823387145996,19.94322395324707,0.001264045829884708,0.0006693705799989402,0.05083028972148895
11.533247947692871,10.111551284790039,0.0012442561564967036,0.0005852831527590752,0.05069264397025108
18.56669044494629,17.076486587524414,0.0012304742122069001,0.0007165808347053826,0.05166763439774513
12.971298217773438,11.49735164642334,0.0012220061616972089,0.0007039474439807236,0.051096972078084946
17.095483779907227,15.654043197631836,0.0012501017190515995,0.0006234908360056579,0.0504644550383091
19.18308448791504,17.68150520324707,0.0012600513873621821,0.0007297463598661125,0.05066796764731407
12.567002296447754,11.165887832641602,0.0012284289114177227,0.0005744516383856535,0.049967363476753235
15.910283088684082,14.43774700164795,0.0012492637615650892,0.0006665670080110431,0.05146205425262451
13.442954063415527,11.993773460388184,0.0012275910703465343,0.0006250457372516394,0.052286241203546524
12.635746002197266,11.21628189086914,0.0012571181869134307,0.0005769262788817286,0.05024414137005806
11.950026512145996,10.53091049194336,0.0012316686334088445,0.000604519562330097,0.05010223016142845
12.7465238571167,11.318671226501465,0.0012582081835716963,0.0005826248088851571,0.05074356496334076
11.508108139038086,10.058984756469727,0.001222245511598885,0.0006471349624916911,0.05144324153661728
13.840361595153809,12.428763389587402,0.0012476996053010225,0.0005772036965936422,0.04991466924548149
12.427040100097656,11.001813888549805,0.0012401248095557094,0.0006083711632527411,0.050097811967134476
15.247533798217773,13.828736305236816,0.0012338942615315318,0.0005829086876474321,0.05103961005806923
15.729155540466309,14.27536392211914,0.0012345155701041222,0.0006423554732464254,0.051535606384277344
12.889823913574219,11.480117797851562,0.0012309382436797023,0.0005893153720535338,0.049957919865846634
15.86959457397461,14.450385093688965,0.0012528636725619435,0.0005846182466484606,0.05004683881998062
11.438081741333008,10.023566246032715,0.0012279064394533634,0.0005920486873947084,0.05045371875166893
15.42599868774414,14.007132530212402,0.0012275849003344774,0.0005893094348721206,0.051041875034570694
12.697639465332031,11.257559776306152,0.0012278043432161212,0.0006425752653740346,0.050488945096731186
14.064778327941895,12.65328311920166,0.0012398820836097002,0.0005798006895929575,0.050165388733148575
14.888465881347656,13.457843780517578,0.0012417015386745334,0.000615060271229595,0.05022414028644562
11.546126365661621,10.145491600036621,0.001224724343046546,0.0005741014610975981,0.05012218654155731
13.720538139343262,12.29195785522461,0.001218049437738955,0.0006230994476936758,0.05080061033368111
11.124526023864746,9.70355224609375,0.0012257728958502412,0.0006009100470691919,0.05076324939727783
12.721776008605957,11.315014839172363,0.001233805320225656,0.0005807740380987525,0.049947138875722885
10.198354721069336,8.792954444885254,0.0012272100429981947,0.0005837985663674772,0.049989644438028336
14.969286918640137,13.542099952697754,0.0012148116948083043,0.0005998060805723071,0.051987841725349426
12.499590873718262,11.043536186218262,0.001216160599142313,0.0006651983130723238,0.05153753608465195
16.313047409057617,14.910468101501465,0.0012387459864839911,0.0005703408387489617,0.049803540110588074
19.09540557861328,17.645517349243164,0.0012446572072803974,0.0006474193651229143,0.050384875386953354
12.511895179748535,11.088152885437012,0.0012277334462851286,0.000609025766607374,0.05053623020648956
14.418501853942871,12.969679832458496,0.0012123293709009886,0.000643257109913975,0.05210284888744354
14.623361587524414,13.163097381591797,0.0012180580524727702,0.0006977809825912118,0.050234463065862656
10.84486198425293,9.444870948791504,0.0012319177621975541,0.0005742209032177925,0.04969218745827675
17.57787322998047,16.134523391723633,0.0012297839857637882,0.0006456352421082556,0.05056402459740639
15.524625778198242,14.081592559814453,0.0012259234208613634,0.0006417016265913844,0.05092209205031395
11.354475975036621,9.953173637390137,0.001223697210662067,0.0005775062600150704,0.05007012188434601
12.277271270751953,10.83045768737793,0.0012198240729048848,0.0006796572706662118,0.049707308411598206
12.33288288116455,10.921669960021973,0.0012225639075040817,0.0005872498732060194,0.0506306029856205
11.410957336425781,9.98241138458252,0.0012275431072339416,0.0006188062252476811,0.050537146627902985
14.500189781188965,13.10574722290039,0.0012234599562361836,0.0005713821738027036,0.04970218986272812
13.346105575561523,11.938443183898926,0.0012191085843369365,0.0006032692035660148,0.049647342413663864
12.478849411010742,11.051932334899902,0.001220052596181631,0.0006093772244639695,0.05122027546167374
11.616827964782715,10.2074613571167,0.0012260567164048553,0.0005786283290944993,0.05070240795612335
13.151840209960938,11.756414413452148,0.0012247898848727345,0.0005720232147723436,0.04970183223485947
11.642473220825195,10.24776554107666,0.0012215618044137955,0.0005728566320613027,0.04974980279803276
13.479349136352539,12.062307357788086,0.001218909746967256,0.000584723602514714,0.05152253061532974
12.904376983642578,11.47658634185791,0.0012237405171617866,0.0006071703392080963,0.05123346671462059
11.690714836120605,10.291454315185547,0.0012242040829733014,0.0005841305828653276,0.049509331583976746
11.048563957214355,9.65306282043457,0.0012230017455294728,0.0005733593716286123,0.04973197355866432
13.79461669921875,12.376424789428711,0.001220471691340208,0.0005893779452890158,0.051326777786016464
12.679500579833984,11.265637397766113,0.001219322090037167,0.0005836397758685052,0.05123823881149292
12.128005027770996,10.719637870788574,0.0012268837308511138,0.0006002348964102566,0.0494808591902256
11.466142654418945,10.072338104248047,0.0012233013985678554,0.000573787372559309,0.04952603206038475
12.742780685424805,11.330282211303711,0.001222393591888249,0.0005835034535266459,0.05095500871539116
11.718185424804688,10.306169509887695,0.0012209238484501839,0.0005830676527693868,0.051002029329538345
12.57407283782959,11.177658081054688,0.001222893362864852,0.0005794489406980574,0.04952437803149223
11.954510688781738,10.548314094543457,0.0012292267056182027,0.0005945988232269883,0.049428392201662064
11.916553497314453,10.510380744934082,0.0012201021891087294,0.0005761526408605278,0.050804492086172104
11.123497009277344,9.714029312133789,0.0012222635559737682,0.0005795327015221119,0.050856947898864746
12.913605690002441,11.524151802062988,0.0012197577161714435,0.0005676719010807574,0.049573931843042374
12.059560775756836,10.663994789123535,0.001223389757797122,0.0005782832740806043,0.04947295039892197
11.715335845947266,10.30550479888916,0.0012236469192430377,0.0005809322465211153,0.05075421184301376
10.908974647521973,9.504535675048828,0.001218506251461804,0.0005742278881371021,0.0508071668446064
12.842036247253418,11.453612327575684,0.0012204040540382266,0.000565047434065491,0.04956980049610138
11.901189804077148,10.512406349182129,0.001218918594531715,0.0005675849388353527,0.04955323785543442
11.695623397827148,10.289275169372559,0.0012209662236273289,0.0005769738927483559,0.05073784664273262
10.976646423339844,9.568818092346191,0.0012203111546114087,0.0005801477818749845,0.05075990781188011
12.532166481018066,11.144277572631836,0.001218060264363885,0.0005677090957760811,0.0495004877448082
11.620924949645996,10.233297348022461,0.001218772609718144,0.0005653936532326043,0.049554482102394104
11.897274017333984,10.492676734924316,0.0012180357007309794,0.0005755889578722417,0.05077850818634033
11.170778274536133,9.764487266540527,0.0012192866997793317,0.0005780271603725851,0.05076340213418007
12.172137260437012,10.780834197998047,0.001219712314195931,0.0005738377803936601,0.0494527667760849
11.291261672973633,9.904644966125488,0.0012175594456493855,0.0005657623405568302,0.04949561506509781
12.066978454589844,10.66245174407959,0.001217625685967505,0.0005746815586462617,0.05083737149834633
11.309576988220215,9.905455589294434,0.0012169150868430734,0.0005747104296460748,0.05083087459206581
11.843036651611328,10.452478408813477,0.0012188113760203123,0.0005732797435484827,0.049451280385255814
11.03951358795166,9.650439262390137,0.0012206044048070908,0.0005688259843736887,0.04943593591451645
12.118444442749023,10.714886665344238,0.0012166925007477403,0.0005733473808504641,0.050853803753852844
11.336002349853516,9.931838035583496,0.001217196579091251,0.0005733279976993799,0.05089013651013374
11.674592971801758,10.286575317382812,0.001216132310219109,0.0005705297226086259,0.04946872219443321
10.91201114654541,9.522891998291016,0.0012211118591949344,0.0005688238888978958,0.04941515624523163
12.057037353515625,10.653350830078125,0.001218262012116611,0.000573064899072051,0.05080227926373482
11.232325553894043,9.82956600189209,0.0012155338190495968,0.0005724473157897592,0.050876911729574203
11.647951126098633,10.261212348937988,0.00121558946557343,0.0005685086944140494,0.04946897178888321
10.88873291015625,9.502229690551758,0.0012179090408608317,0.0005667611840181053,0.04941685497760773
11.905092239379883,10.50192642211914,0.0012189660919830203,0.0005729349213652313,0.05072157084941864
11.066865921020508,9.665204048156738,0.0012143799103796482,0.000572961987927556,0.05079908296465874
11.702529907226562,10.316869735717773,0.001214611460454762,0.0005677790031768382,0.04944651201367378
10.939460754394531,9.554817199707031,0.0012159678153693676,0.0005650304374285042,0.0494144931435585
11.719944953918457,10.318269729614258,0.0012175417505204678,0.0005724517395719886,0.0506678931415081
10.908490180969238,9.507523536682129,0.0012139080790802836,0.0005736839375458658,0.05071704089641571
11.734563827514648,10.349560737609863,0.0012136067962273955,0.000568249961361289,0.04940745607018471
10.963824272155762,9.580204010009766,0.0012154608266428113,0.0005639069131575525,0.04939365014433861
11.570231437683105,10.16961669921875,0.0012162845814600587,0.0005718285101465881,0.05065583065152168
10.803940773010254,9.403694152832031,0.0012132995761930943,0.0005734656588174403,0.05068633705377579
11.67953109741211,10.294830322265625,0.0012129335664212704,0.0005689566605724394,0.04937553405761719
10.910969734191895,9.52764892578125,0.0012160413898527622,0.0005634527187794447,0.04935739189386368
11.497053146362305,10.09719181060791,0.0012156631564721465,0.0005711381672881544,0.05064614117145538
10.77002239227295,9.370156288146973,0.0012130036484450102,0.0005728533142246306,0.05069376528263092
11.550439834594727,10.166380882263184,0.0012122545158490539,0.0005685844225808978,0.049363873898983
10.795539855957031,9.412227630615234,0.0012166836531832814,0.0005633645923808217,0.049328770488500595
11.480006217956543,10.080903053283691,0.0012153458083048463,0.000570472446270287,0.050619397312402725
10.759712219238281,9.360191345214844,0.0012125610373914242,0.0005724868387915194,0.05069967731833458
11.418732643127441,10.035582542419434,0.0012116628931835294,0.0005674569401890039,0.0493590272963047
10.682984352111816,9.300060272216797,0.0012164837680757046,0.0005630905507132411,0.04931376874446869
11.44711971282959,10.048826217651367,0.001214858959428966,0.0005700893816538155,0.0505819208920002
10.71817684173584,9.319314002990723,0.0012117723235860467,0.0005725252558477223,0.050671350210905075
11.33353328704834,9.951394081115723,0.0012110129464417696,0.000566405535209924,0.049342986196279526
10.622711181640625,9.240445137023926,0.0012159021571278572,0.0005625674966722727,0.04930315911769867
11.355607986450195,9.958120346069336,0.0012140128528699279,0.0005698148743249476,0.05055737495422363
10.63560962677002,9.237467765808105,0.0012110258685424924,0.0005728513933718204,0.050620365887880325
11.288236618041992,9.907210350036621,0.0012102999025955796,0.0005655060522258282,0.04931226000189781
10.600050926208496,9.218395233154297,0.0012156718876212835,0.00056191481417045,0.04928627982735634
11.240422248840332,9.843750953674316,0.0012128895614296198,0.0005693965358659625,0.050552841275930405
10.554557800292969,9.156793594360352,0.001210511545650661,0.0005733399884775281,0.050583790987730026
11.230631828308105,9.850714683532715,0.0012096884893253446,0.0005645517376251519,0.049279700964689255
10.562463760375977,9.181118965148926,0.0012160162441432476,0.0005614616093225777,0.049260616302490234
11.152636528015137,9.75678825378418,0.0012116959551349282,0.0005689125973731279,0.05055437237024307
10.50864028930664,9.1109037399292,0.0012103321496397257,0.000573677709326148,0.050573114305734634
11.1337890625,9.75484848022461,0.0012092799879610538,0.0005635244306176901,0.049253810197114944
10.497088432312012,9.1157865524292,0.0012166936649009585,0.0005612568347714841,0.049232661724090576
11.08694076538086,9.691903114318848,0.0012104754569008946,0.0005686139338649809,0.05054934322834015
10.479663848876953,9.081802368164062,0.0012103617191314697,0.0005739878979511559,0.05056869611144066
11.026893615722656,9.648876190185547,0.0012090738164260983,0.0005623126053251326,0.049232423305511475
10.435603141784668,9.05417251586914,0.0012175015872344375,0.0005612135282717645,0.049207307398319244
11.00928020477295,9.614978790283203,0.0012093267869204283,0.0005686171934939921,0.05053291097283363
10.436058044433594,9.038127899169922,0.0012104258639737964,0.0005744789377786219,0.050547804683446884
10.94395923614502,9.566718101501465,0.0012091640383005142,0.0005611077067442238,0.04921052232384682
10.395940780639648,9.014351844787598,0.0012182064820080996,0.0005612496752291918,0.049186088144779205
10.917675971984863,9.523909568786621,0.0012083403998985887,0.0005689525860361755,0.05051201209425926
10.379941940307617,8.98214340209961,0.0012103816261515021,0.000575023703277111,0.05050953850150108
10.880051612854004,9.50336742401123,0.0012096260907128453,0.000560037384275347,0.049185290932655334
10.362872123718262,8.981293678283691,0.0012186093954369426,0.0005612064269371331,0.04916703328490257
10.836445808410645,9.442805290222168,0.0012076316634193063,0.0005696725565940142,0.0504988431930542
10.331565856933594,8.934085845947266,0.001210179179906845,0.000575417943764478,0.05046813189983368
10.816704750061035,9.440214157104492,0.001210470451042056,0.000559345877263695,0.04915827885270119
10.321524620056152,8.940216064453125,0.0012185696978121996,0.0005610791849903762,0.04914838448166847
10.777480125427246,9.38353443145752,0.0012072884710505605,0.0005706992815248668,0.05049516260623932
10.294787406921387,8.89778995513916,0.0012097936123609543,0.000575574638787657,0.05043138563632965
10.75471305847168,9.378032684326172,0.0012117327423766255,0.000559031730517745,0.04912975803017616
10.274324417114258,8.893505096435547,0.0012181747006252408,0.0005609038635157049,0.0491279736161232
10.734716415405273,9.340157508850098,0.0012073576217517257,0.0005719200125895441,0.050492048263549805
10.259705543518066,8.863337516784668,0.0012092826655134559,0.0005754427402280271,0.0504004992544651
10.703323364257812,9.326181411743164,0.0012132534757256508,0.000558999425265938,0.049101509153842926
10.226702690124512,8.846616744995117,0.001217462820932269,0.0005606079939752817,0.04910508543252945
10.698343276977539,9.303065299987793,0.0012077019782736897,0.000573215598706156,0.05048186704516411
10.218914031982422,8.823403358459473,0.0012086795177310705,0.0005748957046307623,0.050372350960969925
10.662164688110352,9.284446716308594,0.001214761403389275,0.0005591856897808611,0.049074508249759674
10.178729057312012,8.799574851989746,0.001216492848470807,0.000560182030312717,0.04908174276351929
10.663187026977539,9.26737117767334,0.0012080742744728923,0.0005742894136346877,0.05046342685818672
10.171881675720215,8.777482032775879,0.0012079522712156177,0.0005740071646869183,0.05034196004271507
10.625116348266602,9.247032165527344,0.001215840457007289,0.0005593476234935224,0.04904898256063461
10.128267288208008,8.75019645690918,0.001215264666825533,0.0005596968694590032,0.049059055745601654
10.627181053161621,9.231165885925293,0.0012082759058102965,0.0005749778356403112,0.05043881759047508
10.120850563049316,8.72775936126709,0.0012071059318259358,0.0005729320109821856,0.05030715465545654
10.587035179138184,9.208946228027344,0.0012163210194557905,0.0005593688110820949,0.04902440309524536
10.075084686279297,8.69822883605957,0.001213800860568881,0.0005591543740592897,0.0490378774702549
10.588459014892578,9.192658424377441,0.0012081741588190198,0.000575226207729429,0.05041009187698364
10.068387985229492,8.67675495147705,0.001206197077408433,0.0005716985324397683,0.05026855692267418
10.544377326965332,9.166695594787598,0.0012161461636424065,0.0005592104280367494,0.049000393599271774
10.02094554901123,8.645371437072754,0.0012121920008212328,0.0005585952312685549,0.049018096178770065
10.545037269592285,9.149907112121582,0.0012077433057129383,0.0005749172996729612,0.050379928201436996
10.016626358032227,8.626461029052734,0.0012052538804709911,0.000570533040445298,0.05022714287042618
10.495984077453613,9.11912727355957,0.0012153693241998553,0.0005588014610111713,0.04897714778780937
9.967808723449707,8.593502044677734,0.0012105745263397694,0.0005580518627539277,0.04899926483631134
10.496944427490234,9.102858543395996,0.0012070613447576761,0.0005741424392908812,0.050348326563835144
9.966825485229492,8.578093528747559,0.0012043544556945562,0.0005694206338375807,0.05018443241715431
10.443753242492676,9.067975044250488,0.0012142041232436895,0.0005582718295045197,0.04895401373505592
9.9175443649292,8.54440975189209,0.0012090594973415136,0.0005575984832830727,0.04898052290081978
10.445230484008789,9.052419662475586,0.0012062336318194866,0.0005730864941142499,0.050315067172050476
9.919668197631836,8.532222747802734,0.0012035492109134793,0.0005684904172085226,0.05014260858297348
10.389201164245605,9.014639854431152,0.001212814706377685,0.0005576692637987435,0.04893195256590843
9.870326042175293,8.498241424560547,0.0012077306164428592,0.0005572102381847799,0.04896144941449165
10.391456604003906,9.000051498413086,0.0012053229147568345,0.0005718976608477533,0.05027952045202255
9.874953269958496,8.48867130279541,0.0012028447818011045,0.0005676982691511512,0.05010102689266205
10.334198951721191,8.96088981628418,0.001211336930282414,0.000557078281417489,0.048910174518823624
9.82618522644043,8.455045700073242,0.0012065601767972112,0.0005568698397837579,0.04894249141216278
10.337100982666016,8.947112083435059,0.0012044134782627225,0.0005707035888917744,0.05024299398064613
9.832123756408691,8.44688892364502,0.0012021950678899884,0.0005670695099979639,0.05006027594208717
10.280240058898926,8.9081449508667,0.001209894078783691,0.0005565221654251218,0.04888872802257538
9.784463882446289,8.414169311523438,0.0012055282713845372,0.0005565928295254707,0.048923373222351074
10.283315658569336,8.894646644592285,0.0012035657418891788,0.0005696646403521299,0.050205398350954056
9.790741920471191,8.406474113464355,0.0012015915708616376,0.0005665616481564939,0.050019171088933945
10.227829933166504,8.85684585571289,0.001208570902235806,0.000556047132704407,0.04886752739548683
9.744794845581055,8.375316619873047,0.0012045851908624172,0.0005562836304306984,0.048904381692409515
10.230131149291992,8.842666625976562,0.0012028287164866924,0.0005687557277269661,0.05016728490591049
9.750082969665527,8.366751670837402,0.001201006816700101,0.0005661139730364084,0.049977097660303116
10.177468299865723,8.807476997375488,0.0012073877733200788,0.000555667094886303,0.04884630814194679
9.706896781921387,8.33818244934082,0.0012036802945658565,0.0005560350837185979,0.04888566583395004
10.177940368652344,8.791540145874023,0.001202170504257083,0.0005680741742253304,0.05012775585055351
9.7102689743042,8.327887535095215,0.0012004236923530698,0.0005656708963215351,0.04993344470858574
10.128654479980469,8.759541511535645,0.0012063521426171064,0.0005553646478801966,0.048825498670339584
9.670158386230469,8.302226066589355,0.00120274827349931,0.0005557595286518335,0.04886777326464653
10.126656532287598,8.741239547729492,0.0012015781830996275,0.0005675134598277509,0.0500870943069458
9.67150592803955,8.290091514587402,0.0011998158879578114,0.0005652467370964587,0.04988836124539375
10.080657005310059,8.712380409240723,0.0012053758837282658,0.0005550863570533693,0.048804569989442825
9.634381294250488,8.26723861694336,0.0012017914559692144,0.0005554872914217412,0.04885033145546913
10.07625675201416,8.691773414611816,0.00120101950597018,0.0005670592072419822,0.05004440248012543
9.63383960723877,8.25342845916748,0.0011991825886070728,0.0005647877114824951,0.04984254017472267
10.03285026550293,8.665339469909668,0.0012044301256537437,0.0005549000343307853,0.048784539103507996
9.598953247070312,8.232637405395508,0.0012007741024717689,0.0005551929934881628,0.04883326590061188
10.027127265930176,8.643584251403809,0.0012004774762317538,0.0005666245124302804,0.04999919235706329
9.59774398803711,8.218381881713867,0.0011985095916315913,0.0005642962642014027,0.04979593679308891
9.98491096496582,8.618160247802734,0.0012034631799906492,0.0005547365290112793,0.04876511171460152
9.563945770263672,8.198443412780762,0.0011997374240309,0.0005549317575059831,0.0488167367875576
9.97933578491211,8.596749305725098,0.001199929160065949,0.000566215137951076,0.04995150491595268
9.563258171081543,8.18493938446045,0.0011978279799222946,0.0005638125003315508,0.049749817699193954
9.937345504760742,8.571370124816895,0.0012024575844407082,0.0005545659805648029,0.04874637350440025
9.529449462890625,8.164778709411621,0.0011986911995336413,0.0005546494503505528,0.04880007356405258
9.93337631225586,8.551755905151367,0.0011993751395493746,0.0005658392910845578,0.04990125820040703
9.530338287353516,8.153059959411621,0.0011971533531323075,0.0005633227410726249,0.04970404878258705
9.891018867492676,8.525803565979004,0.0012014255626127124,0.0005544294253922999,0.048728737980127335
9.495502471923828,8.131668090820312,0.001197680365294218,0.0005543188308365643,0.04878346621990204
9.89002513885498,8.509387969970703,0.0011988116893917322,0.0005654895212501287,0.04984865337610245
9.498554229736328,8.12229061126709,0.0011964665027335286,0.0005628668004646897,0.049659762531518936
9.84709358215332,8.482612609863281,0.001200414844788611,0.0005543091683648527,0.04871184006333351
9.462121963500977,8.099112510681152,0.001196684199385345,0.0005540058482438326,0.04876641929149628
9.849895477294922,8.47024917602539,0.0011982403229922056,0.0005651408573612571,0.04979555308818817
9.467720031738281,8.092461585998535,0.001195768010802567,0.000562412547878921,0.04961680248379707
9.805900573730469,8.442122459411621,0.001199413207359612,0.0005542313447222114,0.04869560897350311
9.428967475891113,8.066800117492676,0.0011957217939198017,0.0005536314565688372,0.048749055713415146
9.81335735321045,8.434649467468262,0.0011976949172094464,0.0005648890510201454,0.04974154010415077
9.43734073638916,8.06308650970459,0.001195060438476503,0.0005619305302388966,0.049575887620449066
9.76789665222168,8.404767990112305,0.0011984925949946046,0.0005541730206459761,0.048679497092962265
9.3955717086792,8.0342435836792,0.001194758340716362,0.000553286459762603,0.048730526119470596
9.780477523803711,8.402658462524414,0.0011971667408943176,0.0005647075013257563,0.0496881939470768
9.407301902770996,8.034015655517578,0.001194354728795588,0.0005614754045382142,0.04953709617257118
9.73233413696289,8.369839668273926,0.0011975931702181697,0.0005541151622310281,0.04866398498415947
9.361357688903809,8.0009126663208,0.0011937868548557162,0.0005528707406483591,0.04871160164475441
9.750904083251953,8.373961448669434,0.0011966461315751076,0.0005645060446113348,0.04963668808341026
9.377384185791016,8.00508975982666,0.0011936071095988154,0.000560968997888267,0.049500610679388046
9.698631286621094,8.336761474609375,0.0011967273894697428,0.0005540589336305857,0.04864770174026489
9.32634162902832,7.966805934906006,0.0011927911546081305,0.0005524526350200176,0.04869134724140167
9.723738670349121,8.347638130187988,0.001196104334667325,0.0005643398035317659,0.049587782472372055
9.347548484802246,7.976237773895264,0.0011928572785109282,0.0005604361067526042,0.04946640506386757
9.665559768676758,8.304354667663574,0.001195852761156857,0.000553929538000375,0.048631418496370316
9.290180206298828,7.9315948486328125,0.0011917795054614544,0.0005519780097529292,0.04867066070437431
9.697964668273926,8.32271671295166,0.0011955482186749578,0.000564121815841645,0.049541279673576355
9.317805290222168,7.947479248046875,0.0011920843971893191,0.0005598943098448217,0.04943367466330528
9.632403373718262,8.271903038024902,0.0011949696345254779,0.0005537486867979169,0.04861410707235336
9.253268241882324,7.895658493041992,0.0011907708831131458,0.0005514658405445516,0.048649147152900696
9.672660827636719,8.298300743103027,0.0011949565960094333,0.0005638040020130575,0.049498025327920914
9.288192749023438,7.918851852416992,0.0011912955669686198,0.0005593388923443854,0.049402352422475815
9.598478317260742,8.238741874694824,0.0011940817348659039,0.0005534765659831464,0.048595741391181946
9.216026306152344,7.859387397766113,0.0011897641234099865,0.0005509720649570227,0.04862704500555992
9.6470308303833,8.273542404174805,0.0011943347053602338,0.0005634796107187867,0.0494580902159214
9.258843421936035,7.8904948234558105,0.0011905054561793804,0.0005587467458099127,0.049372293055057526
9.563680648803711,8.204758644104004,0.0011931861517950892,0.0005531301139853895,0.048576392233371735
9.178863525390625,7.8232269287109375,0.0011887334985658526,0.0005504488945007324,0.048604536801576614
9.620441436767578,8.247847557067871,0.001193674630485475,0.0005630908417515457,0.04942108690738678
9.229596138000488,7.862205982208252,0.0011897047515958548,0.0005582221783697605,0.04934260994195938
9.528217315673828,8.170136451721191,0.0011922892881557345,0.0005527534522116184,0.048555973917245865
9.142426490783691,7.787775039672852,0.0011877204524353147,0.0005499441758729517,0.04858187213540077
9.592300415039062,8.220630645751953,0.001192983123473823,0.0005626201163977385,0.049386754631996155
9.20028018951416,7.833860397338867,0.0011888970620930195,0.000557681021746248,0.04931311309337616
9.4925537109375,8.135364532470703,0.0011913902126252651,0.0005523069412447512,0.04853413999080658
9.107369422912598,7.753701686859131,0.001186705194413662,0.0005494484794326127,0.04855910688638687
9.562352180480957,8.19158935546875,0.0011922678677365184,0.000562162371352315,0.04935476928949356
9.170392990112305,7.80495023727417,0.0011880886740982533,0.0005571290967054665,0.04928342252969742
9.457672119140625,8.101409912109375,0.0011904706479981542,0.0005518216057680547,0.048511624336242676
9.074193954467773,7.721499443054199,0.0011856984347105026,0.0005489619798026979,0.04853641614317894
9.530354499816895,8.160517692565918,0.001191505347378552,0.0005616880371235311,0.049324072897434235
9.139650344848633,7.7751851081848145,0.0011872808681800961,0.0005565853789448738,0.04925314337015152
9.423818588256836,8.068496704101562,0.0011895361822098494,0.0005513414507731795,0.04848828539252281
9.042902946472168,7.691180229187012,0.0011846635024994612,0.0005485099391080439,0.04851360246539116
9.496633529663086,8.127745628356934,0.0011907005682587624,0.000561199092771858,0.049293842166662216
9.108189582824707,7.744735240936279,0.0011864694533869624,0.0005560010904446244,0.04922189563512802
9.391416549682617,8.037063598632812,0.0011885658605024219,0.0005508546601049602,0.048464249819517136
9.013545989990234,7.662777900695801,0.0011836378835141659,0.0005480754771269858,0.04849109426140785
9.46149730682373,8.09359073638916,0.0011898669181391597,0.0005606696358881891,0.04926382377743721
9.075916290283203,7.713458061218262,0.0011856737546622753,0.0005554469535127282,0.04918970912694931
9.360569953918457,8.007206916809082,0.0011875620111823082,0.000550352327991277,0.048440590500831604
8.985960960388184,7.636143684387207,0.0011826141271740198,0.0005476422957144678,0.04846888780593872
9.425134658813477,8.05821418762207,0.0011890025343745947,0.0005601621815003455,0.0492338165640831
9.042983055114746,7.681528091430664,0.0011848867870867252,0.0005548815825022757,0.049157049506902695
9.33107852935791,7.978715896606445,0.0011865078704431653,0.0005498878308571875,0.04841648414731026
8.959712028503418,7.610847473144531,0.0011815789621323347,0.0005472211632877588,0.04844649136066437
9.388317108154297,8.022405624389648,0.0011880984529852867,0.0005596643895842135,0.04920300096273422
9.009893417358398,7.649457931518555,0.0011841028463095427,0.0005542947328649461,0.04912368953227997
9.302472114562988,7.951106548309326,0.0011854225303977728,0.0005494492361322045,0.048392925411462784
8.934176445007324,7.586259365081787,0.0011805411195382476,0.0005468025337904692,0.048424530774354935
9.351346015930176,7.986464977264404,0.0011871748138219118,0.0005591551307588816,0.04917167127132416
8.97677993774414,7.617331027984619,0.0011833490571007133,0.0005537453107535839,0.04909023270010948
9.274283409118652,7.923945426940918,0.0011842933017760515,0.0005489879404194653,0.04836966097354889
8.909000396728516,7.562020778656006,0.001179504208266735,0.0005464053247123957,0.04840254411101341
9.314809799194336,7.950961112976074,0.0011862399987876415,0.0005586598999798298,0.0491398423910141
8.94432544708252,7.585882186889648,0.0011825842084363103,0.0005531641072593629,0.04905689135193825
9.245767593383789,7.896450519561768,0.0011831173906102777,0.0005485851434059441,0.04834658280014992
8.883694648742676,7.537649154663086,0.0011784773087128997,0.0005460068350657821,0.04838041216135025
9.278767585754395,7.9159770011901855,0.0011852807365357876,0.0005581569275818765,0.049107134342193604
8.91259765625,7.555135726928711,0.0011818654602393508,0.0005525846499949694,0.04902367666363716
9.216445922851562,7.868167400360107,0.0011818871134892106,0.0005481815314851701,0.04832437261939049
8.857725143432617,7.512617588043213,0.0011774656595662236,0.0005455780192278326,0.04835856333374977
9.243393898010254,7.881679058074951,0.001184298424050212,0.0005576435942202806,0.04907436668872833
8.881946563720703,7.525461196899414,0.0011811674339696765,0.000551992270629853,0.04899054765701294
9.185981750488281,7.8387675285339355,0.001180627616122365,0.0005477638333104551,0.04830184951424599
8.831377029418945,7.487184524536133,0.0011764682130888104,0.0005451836041174829,0.048336707055568695
9.208709716796875,7.848076343536377,0.00118330551777035,0.0005571283982135355,0.049041662365198135
8.852303504943848,7.496772289276123,0.0011805052636191249,0.0005513908690772951,0.04895829036831856
9.154301643371582,7.808204174041748,0.0011793189914897084,0.0005472826305776834,0.048279646784067154
8.804476737976074,7.4611968994140625,0.0011754937004297972,0.0005447704461403191,0.04831477627158165
9.174295425415039,7.814784049987793,0.0011823048116639256,0.0005565359606407583,0.049009159207344055
8.823601722717285,7.469018936157227,0.001179878250695765,0.0005507705500349402,0.04892591014504433
9.12171459197998,7.776722431182861,0.0011779844062402844,0.0005468486342579126,0.04825757443904877
8.777413368225098,7.435030937194824,0.0011745549272745848,0.000544353446457535,0.04829280078411102
9.14022445678711,7.781861782073975,0.00118128617759794,0.0005559039418585598,0.048976827412843704
8.79577350616455,7.442108154296875,0.0011793148005381227,0.0005501341656781733,0.048894092440605164
9.088281631469727,7.74444580078125,0.0011766043026000261,0.0005463599809445441,0.04823541268706322
8.750332832336426,7.408839702606201,0.0011736492160707712,0.000543918926268816,0.04827089235186577
9.10605239868164,7.7488179206848145,0.0011802739463746548,0.0005552951479330659,0.04894491657614708
8.7685546875,7.415762424468994,0.0011787895346060395,0.0005495463847182691,0.04886244609951973
9.054350852966309,7.711658954620361,0.0011752145364880562,0.0005459034582599998,0.04821329191327095
8.723527908325195,7.382874965667725,0.0011727901874110103,0.0005435402854345739,0.04824881628155708
9.071819305419922,7.715748310089111,0.001179284998215735,0.0005546105676330626,0.04891234636306763
8.74181842803955,7.389896869659424,0.0011783231748268008,0.0005489139002747834,0.04883028566837311
9.020350456237793,7.678844928741455,0.001173819531686604,0.0005453634657897055,0.04819133132696152
8.697333335876465,7.357488632202148,0.0011719882022589445,0.0005431580939330161,0.04822709783911705
9.037360191345215,7.682429313659668,0.0011783345835283399,0.0005539082922041416,0.04888094961643219
8.715453147888184,7.36436653137207,0.001177927479147911,0.0005482801934704185,0.048798274248838425
8.986388206481934,7.646037578582764,0.0011724437354132533,0.0005448777228593826,0.04816897213459015
8.671732902526855,7.332667827606201,0.0011712523410096765,0.0005427757860161364,0.048205066472291946
9.002885818481445,7.649103164672852,0.001177433761768043,0.0005531558417715132,0.048848818987607956
8.68958854675293,7.339303493499756,0.0011775766033679247,0.000547666335478425,0.048766277730464935
8.95262336730957,7.613420009613037,0.0011711036786437035,0.0005443652626127005,0.04814694821834564
8.646622657775879,7.30830717086792,0.0011705724755302072,0.0005423934780992568,0.04818326234817505
8.96871566772461,7.616055011749268,0.0011766202514991164,0.0005523659638129175,0.04881681501865387
8.664228439331055,7.31472635269165,0.0011772866128012538,0.0005470345495268703,0.048734165728092194
8.919098854064941,7.5810160636901855,0.0011698115849867463,0.0005438535008579493,0.048124972730875015
8.62197494506836,7.284361362457275,0.0011699481401592493,0.0005420449306257069,0.04816166311502457
8.934954643249512,7.583369255065918,0.001175909535959363,0.000551567820366472,0.048784662038087845
8.63940715789795,7.290660381317139,0.001177035504952073,0.0005464162677526474,0.04870205745100975
8.88607120513916,7.5490498542785645,0.001168612390756607,0.0005433717160485685,0.048102959990501404
8.597732543945312,7.260800361633301,0.001169393421150744,0.0005416799685917795,0.04813959449529648
8.901805877685547,7.551236152648926,0.0011753271101042628,0.000550765311345458,0.04875235632061958
8.615068435668945,7.267046928405762,0.0011768516851589084,0.0005457917577587068,0.0486699603497982
8.853609085083008,7.517573833465576,0.0011675301939249039,0.0005429167067632079,0.0480811707675457
8.573819160461426,7.237520217895508,0.0011688676895573735,0.0005413766484707594,0.04811767488718033
8.869634628295898,7.519998073577881,0.0011749237310141325,0.0005499559920281172,0.04871971905231476
8.591348648071289,7.244032382965088,0.0011766874231398106,0.000545188901014626,0.048637811094522476
8.821578979492188,7.4864654541015625,0.0011665922356769443,0.0005424412665888667,0.04805969074368477
8.550013542175293,7.214321613311768,0.0011684010969474912,0.0005410636076703668,0.04809595271945
8.838602066040039,7.489818096160889,0.001174666453152895,0.0005491556948982179,0.04868731275200844
8.568404197692871,7.221774101257324,0.0011765315430238843,0.0005446099094115198,0.048605941236019135
8.789997100830078,7.455705165863037,0.001165806781500578,0.0005420160014182329,0.048038139939308167
8.526153564453125,7.191065788269043,0.001167955924756825,0.0005407366552390158,0.048074111342430115
8.808710098266602,7.460699081420898,0.0011745921801775694,0.0005483285058289766,0.04865504428744316
8.545920372009277,7.199978828430176,0.001176385092549026,0.0005440031527541578,0.048574723303318024
8.759177207946777,7.425577163696289,0.0011652142275124788,0.0005416535423137248,0.04801661893725395
8.502433776855469,7.167941570281982,0.0011675397399812937,0.0005404045805335045,0.048052046447992325
8.779976844787598,7.432638168334961,0.001174718956463039,0.0005475138896144927,0.0486222468316555
8.523798942565918,7.178544998168945,0.0011762322392314672,0.0005434167105704546,0.04854300990700722
8.72927188873291,7.396299839019775,0.0011647763894870877,0.0005412648897618055,0.04799509048461914
8.478858947753906,7.144946575164795,0.0011671158717945218,0.0005401084199547768,0.048030003905296326
8.752241134643555,7.40547513961792,0.0011749961413443089,0.0005467372247949243,0.04858994483947754
8.501751899719238,7.157198905944824,0.0011760181514546275,0.0005428553558886051,0.04851163923740387
8.700272560119629,7.367807388305664,0.0011645243503153324,0.0005409312434494495,0.04797375202178955
8.455370903015137,7.122060775756836,0.0011666821083053946,0.0005397801869548857,0.04800790548324585
8.725431442260742,7.379162788391113,0.0011754196602851152,0.0005459723761305213,0.048557329922914505
8.479850769042969,7.136027812957764,0.0011757659958675504,0.0005422782269306481,0.04848005622625351
8.672228813171387,7.340169906616211,0.0011644221376627684,0.0005406514392234385,0.04795214161276817
8.43192195892334,7.099230766296387,0.0011662280885502696,0.0005394433974288404,0.0479855090379715
8.699626922607422,7.353796005249023,0.0011759488843381405,0.0005452199256978929,0.0485246405005455
8.458075523376465,7.1150221824646,0.001175425248220563,0.000541704532224685,0.0484488271176815
8.644848823547363,7.313140392303467,0.0011644295882433653,0.0005403698887676001,0.04793095216155052
8.408370018005371,7.076309680938721,0.0011657169088721275,0.0005391368176788092,0.04796336591243744
8.674602508544922,7.329168796539307,0.0011765294475480914,0.0005444961134344339,0.04849204793572426
8.43640422821045,7.094141960144043,0.0011750172125175595,0.0005411587771959603,0.048417460173368454
8.6180419921875,7.286607265472412,0.0011645156191661954,0.0005401700036600232,0.0479092001914978
8.384634017944336,7.053250312805176,0.0011651687091216445,0.000538782449439168,0.047940850257873535
8.65018367767334,7.305138111114502,0.0011771171120926738,0.0005437785875983536,0.048459697514772415
8.414584159851074,7.073166370391846,0.001174507662653923,0.000540599983651191,0.04838637262582779
8.591646194458008,7.260491847991943,0.0011646366911008954,0.000539919943548739,0.04788763448596001
8.360886573791504,7.030189037322998,0.0011645675403997302,0.000538458174560219,0.04791850224137306
8.626126289367676,7.281472682952881,0.0011776579776778817,0.0005431046010926366,0.04842722415924072
8.392719268798828,7.052192211151123,0.0011739004403352737,0.0005400538793765008,0.04835502803325653
8.565649032592773,7.234753608703613,0.0011647441424429417,0.0005397344939410686,0.0478656142950058
8.337174415588379,7.007213115692139,0.0011639093281701207,0.0005380968214012682,0.047895800322294235
8.602158546447754,7.257938861846924,0.001178096979856491,0.0005424445844255388,0.048394858837127686
8.370569229125977,7.0309739112854,0.0011731811100617051,0.0005395281477831304,0.04832405969500542
8.540103912353516,7.209494113922119,0.0011647919891402125,0.0005395520129241049,0.04784369468688965
8.31370735168457,6.984493732452393,0.0011632100213319063,0.0005377522320486605,0.04787321016192436
8.577922821044922,7.234206676483154,0.0011783753288909793,0.0005418019718490541,0.04836275428533554
8.348118782043457,7.0095014572143555,0.0011723816860467196,0.0005389938014559448,0.04829296097159386
8.514759063720703,7.184473991394043,0.001164755318313837,0.0005393872852437198,0.04782138019800186
8.290212631225586,6.961812973022461,0.0011624469188973308,0.0005373460589908063,0.0478503592312336
8.553536415100098,7.210412979125977,0.0011784706730395555,0.000541163026355207,0.048330679535865784
8.32548999786377,6.987918376922607,0.0011714703869074583,0.0005384334945119917,0.04826195538043976
8.489370346069336,7.159482002258301,0.0011645860504359007,0.0005392066668719053,0.047799158841371536
8.267011642456055,6.9394330978393555,0.0011616377159953117,0.0005369671271182597,0.047827623784542084
8.528644561767578,7.186218738555908,0.0011783363297581673,0.0005405457341112196,0.04829840734601021
8.302669525146484,6.96617317199707,0.0011704816715791821,0.0005378984496928751,0.048230621963739395
8.464219093322754,7.13480806350708,0.0011642692843452096,0.0005390236619859934,0.047776464372873306
8.244175910949707,6.917445659637451,0.0011607984779402614,0.000536565319634974,0.04780478775501251
8.503146171569824,7.161526679992676,0.0011779643828049302,0.0005399480578489602,0.04826634004712105
8.279528617858887,6.944139003753662,0.0011694154236465693,0.0005373809835873544,0.04819914326071739
8.43912124633789,7.110266208648682,0.0011637831339612603,0.0005388482823036611,0.047753963619470596
8.221773147583008,6.8958964347839355,0.0011599251301959157,0.0005361834773793817,0.04778227582573891
8.477075576782227,7.1363844871521,0.0011773491278290749,0.0005393470055423677,0.04823431745171547
8.256256103515625,6.922020435333252,0.0011683012126013637,0.0005368213751353323,0.04816746711730957
8.413983345031738,7.085769176483154,0.0011631640372797847,0.0005386415868997574,0.04773113504052162
8.199529647827148,6.874514579772949,0.0011590654030442238,0.0005357716581784189,0.04775959625840187
8.450745582580566,7.111086845397949,0.0011765151284635067,0.0005387597484514117,0.04820217192173004
8.233023643493652,6.899932384490967,0.001167161506600678,0.000536308391019702,0.048135653138160706
8.388809204101562,7.061285018920898,0.0011624142061918974,0.0005384664982557297,0.04770836606621742
8.17753791809082,6.85340690612793,0.0011581769213080406,0.0005353427841328084,0.04773711785674095
8.424224853515625,7.085697650909424,0.0011754854349419475,0.0005381689989008009,0.04816998168826103
8.210034370422363,6.878113269805908,0.001165972207672894,0.0005357940099202096,0.04810377210378647
8.363423347473145,7.036684036254883,0.0011615277035161853,0.0005382407107390463,0.04768550023436546
8.15567684173584,6.832434177398682,0.00115728541277349,0.0005349002312868834,0.047714963555336
8.397664070129395,7.06035041809082,0.0011742942733690143,0.0005375813925638795,0.0481376051902771
8.187209129333496,6.856483459472656,0.0011647798819467425,0.0005352406296879053,0.04807150363922119
8.338024139404297,7.012118816375732,0.0011605367762967944,0.0005380212678574026,0.0476626381278038
8.134103775024414,6.811744213104248,0.0011564061278477311,0.0005344530218280852,0.04769296571612358
8.371166229248047,7.035153388977051,0.0011729252291843295,0.000536998501047492,0.0481051430106163
8.16476058959961,6.835220813751221,0.0011635759146884084,0.0005347248516045511,0.04803899675607681
8.312549591064453,6.987527370452881,0.001159456791356206,0.0005377845373004675,0.047640107572078705
8.112600326538086,6.791118144989014,0.0011555264936760068,0.0005340136121958494,0.04767121374607086
8.344867706298828,7.010213851928711,0.0011714586289599538,0.0005363959353417158,0.04807262495160103
8.142633438110352,6.814269542694092,0.0011623827740550041,0.0005342141957953572,0.04800650104880333
8.28699016571045,6.962898254394531,0.0011583107989281416,0.0005375220789574087,0.04761749133467674
8.091043472290039,6.770448684692383,0.0011546608293429017,0.00053353700786829,0.04764953628182411
8.319063186645508,6.9857892990112305,0.0011699306778609753,0.0005358210182748735,0.04803977161645889
8.121014595031738,6.793821334838867,0.001161201624199748,0.0005337144830264151,0.047973569482564926
8.261348724365234,6.938185214996338,0.001157165039330721,0.000537258165422827,0.04759519174695015
8.069474220275879,6.749752521514893,0.0011538001708686352,0.0005330709391273558,0.04762859269976616
8.29382610321045,6.961984157562256,0.0011683121556416154,0.0005352377775125206,0.048006679862737656
8.099769592285156,6.773745536804199,0.0011600374709814787,0.0005332032451406121,0.04794034734368324
8.235800743103027,6.913618564605713,0.001155970268882811,0.000536929874215275,0.04757317528128624
8.047767639160156,6.728937149047852,0.0011529485927894711,0.0005325601086951792,0.047607600688934326
8.26911735534668,6.938720703125,0.0011666961945593357,0.0005346365505829453,0.04797302559018135
8.078843116760254,6.753982067108154,0.001158887636847794,0.0005326972459442914,0.04790690913796425
8.210350036621094,6.889126777648926,0.0011548114707693458,0.0005366008845157921,0.047551773488521576
8.025986671447754,6.7080397605896,0.001152109820395708,0.0005320393829606473,0.04758719354867935
8.245027542114258,6.9160871505737305,0.0011650718515738845,0.0005340237403288484,0.04793928936123848
8.05831241607666,6.734580993652344,0.001157770399004221,0.0005322260549291968,0.047873351722955704
8.185042381286621,6.864792346954346,0.0011536396341398358,0.0005362520460039377,0.04753045737743378
8.004140853881836,6.687088489532471,0.0011512928176671267,0.0005314755253493786,0.04756680503487587
8.221536636352539,6.894039630889893,0.001163438893854618,0.0005334578454494476,0.0479048490524292
8.03799057006836,6.715379238128662,0.001156650367192924,0.000531778612639755,0.047839704900979996
8.159930229187012,6.840668201446533,0.0011524891015142202,0.0005358396447263658,0.047509755939245224
7.982142448425293,6.665991306304932,0.0011504690628498793,0.0005309006664901972,0.04754664748907089
8.198537826538086,6.8725128173828125,0.001161819091066718,0.0005328285042196512,0.04787012189626694
8.017969131469727,6.696479797363281,0.0011555630480870605,0.0005312964203767478,0.04780597612261772
8.134929656982422,6.8166728019714355,0.0011513717472553253,0.0005353533779270947,0.04748948663473129
7.960084915161133,6.644822597503662,0.0011496669612824917,0.000530326331499964,0.04752657562494278
8.176091194152832,6.851495742797852,0.001160262618213892,0.0005322277429513633,0.04783499240875244
7.998117446899414,6.677710056304932,0.0011544934241101146,0.0005308794206939638,0.047772131860256195
8.110013961791992,6.792751789093018,0.0011502968845888972,0.0005348320701159537,0.04746975749731064
7.937862873077393,6.6234965324401855,0.0011488610180094838,0.0005297355237416923,0.04750680550932884
8.154047966003418,6.830897331237793,0.0011587266344577074,0.0005315942689776421,0.04779904708266258
7.978372097015381,6.659041881561279,0.0011534631485119462,0.0005304326768964529,0.0477382093667984
8.085234642028809,6.768976211547852,0.0011492571793496609,0.0005342487129382789,0.047450508922338486
7.9155073165893555,6.602054119110107,0.0011480721877887845,0.0005290949484333396,0.047486986964941025
8.132441520690918,6.810684680938721,0.0011572515359148383,0.0005309982807375491,0.04776322469115257
7.958831787109375,6.640559196472168,0.0011524257715791464,0.000530030345544219,0.04770444333553314
8.060544967651367,6.74530029296875,0.0011482547270134091,0.0005335948662832379,0.04743199050426483
7.8930864334106445,6.580533981323242,0.0011472856858745217,0.0005284739891067147,0.04746727645397186
8.11103630065918,6.7906904220581055,0.0011558012338355184,0.0005303613725118339,0.04772641509771347
7.939396858215332,6.622169494628906,0.001151413656771183,0.0005296257440932095,0.04767073318362236
8.035909652709961,6.721691608428955,0.0011472852202132344,0.0005328708793967962,0.04741399362683296
7.870590686798096,6.5589447021484375,0.0011465010466054082,0.0005278371390886605,0.04744768142700195
8.08981990814209,6.770832538604736,0.0011544207809492946,0.0005297635798342526,0.0476895309984684
7.920029163360596,6.603814601898193,0.0011504306457936764,0.0005292612477205694,0.04763682931661606
8.011245727539062,6.6980695724487305,0.0011463460978120565,0.0005320828640833497,0.047396186739206314
7.848160743713379,6.5374226570129395,0.0011457218788564205,0.0005271972622722387,0.04742787033319473
8.068549156188965,6.750899791717529,0.0011530800256878138,0.0005291689303703606,0.047652509063482285
7.900561809539795,6.585353374481201,0.0011494465870782733,0.0005289020482450724,0.04760339483618736
7.986770153045654,6.6746602058410645,0.001145418849773705,0.0005312280263751745,0.04737863317131996
7.825875282287598,6.516037464141846,0.0011449438752606511,0.0005265734507702291,0.04740792140364647
8.047257423400879,6.730932235717773,0.001151776174083352,0.0005285685183480382,0.04761529341340065
7.881252288818359,6.567022323608398,0.0011484764982014894,0.0005285868537612259,0.047569870948791504
7.962152481079102,6.6511006355285645,0.0011445353738963604,0.0005303379148244858,0.04736150801181793
7.803557872772217,6.494638442993164,0.0011441669194027781,0.0005259155877865851,0.04738782346248627
8.025968551635742,6.710927963256836,0.0011505276197567582,0.0005279897013679147,0.047578200697898865
7.861928939819336,6.5486741065979,0.0011475234059616923,0.000528247794136405,0.047536954283714294
7.937680244445801,6.627702236175537,0.0011436700588092208,0.0005293963477015495,0.04734446853399277
7.781556606292725,6.473525524139404,0.0011433835607022047,0.0005253324052318931,0.04736733436584473
8.004509925842285,6.690725326538086,0.0011493167839944363,0.0005274367285892367,0.04754072055220604
7.842655181884766,6.530352592468262,0.0011465762509033084,0.0005279507022351027,0.04750388488173485
7.913445949554443,6.604539394378662,0.001142835826613009,0.0005284244543872774,0.0473276823759079
7.7598795890808105,6.452740669250488,0.0011426071869209409,0.000524733739439398,0.047346845269203186
7.982821464538574,6.670253276824951,0.001148137846030295,0.0005269228713586926,0.0475037582218647
7.823225021362305,6.511867046356201,0.001145621296018362,0.0005276696756482124,0.04747123643755913
7.889414310455322,6.581580638885498,0.001141996937803924,0.0005274584400467575,0.04731057956814766
7.738580703735352,6.432307243347168,0.00114183418918401,0.0005241957260295749,0.04732586070895195
7.9608001708984375,6.649408340454102,0.0011470033787190914,0.000526439631357789,0.047467056661844254
7.803630352020264,6.493206977844238,0.0011446974240243435,0.0005273681599646807,0.04743906110525131
7.8657732009887695,6.5590009689331055,0.00114118040073663,0.0005264973733574152,0.04729332774877548
7.717641353607178,6.412260055541992,0.001141055254265666,0.0005236160359345376,0.04730456694960594
7.938558578491211,6.628286361694336,0.0011458812514320016,0.0005260497564449906,0.04743063449859619
7.783899307250977,6.47439432144165,0.0011437605135142803,0.0005271060508675873,0.04740716516971588
7.842585563659668,6.536860942840576,0.0011403760872781277,0.0005255516152828932,0.047276079654693604
7.697268486022949,6.392747402191162,0.0011402764357626438,0.0005231102113611996,0.04728281497955322
7.916033744812012,6.606866359710693,0.0011447996366769075,0.0005256424192339182,0.047394637018442154
7.763985633850098,6.4554290771484375,0.0011428255820646882,0.0005267747328616679,0.0473756343126297
7.819740295410156,6.5150370597839355,0.0011395681649446487,0.0005246722139418125,0.04725829139351845
7.6772260665893555,6.373579025268555,0.0011394912144169211,0.0005225904751569033,0.04726063087582588
7.893456935882568,6.58534049987793,0.0011437339708209038,0.0005253172130323946,0.04735909402370453
7.744052410125732,6.436417102813721,0.0011418953072279692,0.0005264853243716061,0.04734448343515396
7.797293663024902,6.493603229522705,0.0011387699050828815,0.0005237971199676394,0.04724067822098732
7.657585144042969,6.3548054695129395,0.0011386944679543376,0.0005221040337346494,0.0472380667924881
7.870699882507324,6.563595771789551,0.0011426801793277264,0.0005250464309938252,0.04732407256960869
7.724072456359863,6.417359828948975,0.0011409618891775608,0.0005261859041638672,0.0473138727247715
7.775268077850342,6.472577095031738,0.001137978513725102,0.000522962654940784,0.04722202941775322
7.638333797454834,6.336424350738525,0.0011379157658666372,0.0005216032732278109,0.04721499979496002
7.847864151000977,6.5417561531066895,0.0011416380293667316,0.0005247747176326811,0.047290168702602386
7.704047679901123,6.3982648849487305,0.0011400486109778285,0.0005258414312265813,0.04728378355503082
7.753488063812256,6.4517741203308105,0.001137172686867416,0.0005221882602199912,0.047203339636325836
7.619499206542969,6.318438529968262,0.0011371232103556395,0.0005211725365370512,0.04719129949808121
7.824951648712158,6.519796371459961,0.0011406396515667439,0.0005245428183116019,0.047256406396627426
7.684702396392822,6.3798604011535645,0.0011390979634597898,0.0005255157011561096,0.047253526747226715
7.731118679046631,6.430337429046631,0.0011363952653482556,0.0005214750417508185,0.047184597700834274
7.60135555267334,6.301153182983398,0.0011363365920260549,0.0005207299254834652,0.04716694355010986
7.802229881286621,6.498002529144287,0.001139652682468295,0.0005243148771114647,0.04722438007593155
7.670702934265137,6.366800308227539,0.0011381591903045774,0.0005251849070191383,0.04722306877374649
7.701004981994629,6.401150703430176,0.0011356017785146832,0.0005207694484852254,0.0471668615937233
7.585620403289795,6.286249160766602,0.0011355211026966572,0.0005203958717174828,0.047141265124082565
7.783012390136719,6.47974967956543,0.0011386795667931437,0.0005239701131358743,0.047193825244903564
7.6969709396362305,6.393986701965332,0.0011371881701052189,0.000524973263964057,0.047190356999635696
7.603628635406494,6.3045196533203125,0.0011348194675520062,0.0005203382461331785,0.04715299978852272
7.549510955810547,6.250830173492432,0.0011347219115123153,0.0005203410401009023,0.04711496829986572
7.863393783569336,6.561241626739502,0.0011375896865502,0.0005233981064520776,0.04716581478714943
7.816201210021973,6.513919353485107,0.0011364337988197803,0.0005250066169537604,0.04715616628527641
7.295884609222412,5.9971160888671875,0.0011340337805449963,0.0005208006477914751,0.04713509976863861
7.18506383895874,5.886257648468018,0.001135079888626933,0.0005205369088798761,0.047099802643060684
10.201523780822754,8.881474494934082,0.0011346093378961086,0.0005583317833952606,0.04735780134797096
9.73430347442627,8.412848472595215,0.0011346727842465043,0.0005588693893514574,0.047468412667512894
8.128090858459473,6.828689098358154,0.0011355206370353699,0.0005200400482863188,0.04716215282678604
9.411346435546875,8.107293128967285,0.0011407270794734359,0.0005272742127999663,0.04700525850057602
8.778843879699707,7.480821132659912,0.0011366675607860088,0.0005204148474149406,0.046948134899139404
7.908015727996826,6.606927871704102,0.0011320847552269697,0.0005283106584101915,0.047088995575904846
8.456002235412598,7.145885944366455,0.00113218417391181,0.0005412466125562787,0.047340117394924164
7.308012008666992,6.009599208831787,0.0011332143330946565,0.0005204910994507372,0.04715600237250328
11.178130149841309,9.873821258544922,0.0011371654691174626,0.0005335700116120279,0.04689411818981171
10.717432022094727,9.411649703979492,0.0011372532462701201,0.0005375802284106612,0.04683655872941017
8.30368709564209,7.0084991455078125,0.0011322241043671966,0.0005220322636887431,0.04680591821670532
8.33746337890625,7.031248092651367,0.0011323345825076103,0.0005346657708287239,0.047271523624658585
9.713645935058594,8.40722942352295,0.0011328101390972733,0.0005258284509181976,0.04770970344543457
8.705634117126465,7.405462265014648,0.0011318153701722622,0.000520379631780088,0.04740746319293976
8.713390350341797,7.419634819030762,0.0011313556460663676,0.0005185900372453034,0.046878255903720856
8.91472339630127,7.620726108551025,0.0011321424972265959,0.0005205985507927835,0.046762678772211075
8.533177375793457,7.236734390258789,0.0011324795195832849,0.0005237514851614833,0.04683275520801544
7.893255233764648,6.594616889953613,0.0011312421411275864,0.0005224528140388429,0.04717906937003136
10.19710636138916,8.89149284362793,0.0011297842720523477,0.0005355679313652217,0.047293778508901596
9.883322715759277,8.582229614257812,0.0011295779841020703,0.0005286721279844642,0.04719674214720726
7.588696002960205,6.293877124786377,0.00113130162935704,0.0005182892782613635,0.04700234904885292
7.438764572143555,6.144677639007568,0.0011305873049423099,0.0005210378440096974,0.04682743549346924
9.95462703704834,8.6566162109375,0.001129425480030477,0.0005266982479952276,0.04699490964412689
9.054830551147461,7.752751350402832,0.0011297744931653142,0.0005297362804412842,0.04723234474658966
8.776866912841797,7.4794158935546875,0.0011309306137263775,0.0005192451644688845,0.047236308455467224
8.813677787780762,7.51936149597168,0.0011307786917313933,0.000518668326549232,0.046959295868873596
8.061735153198242,6.769832134246826,0.001129704061895609,0.0005186304915696383,0.04677358642220497
7.718447685241699,6.425882339477539,0.0011298038298264146,0.0005186368944123387,0.04683453217148781
9.495986938476562,8.200095176696777,0.0011299691395834088,0.0005189789808355272,0.04714177921414375
9.227298736572266,7.929501533508301,0.0011294475989416242,0.0005201887106522918,0.04729786887764931
8.046833038330078,6.748602390289307,0.0011281910119578242,0.0005263856146484613,0.04709429666399956
7.826719284057617,6.534919261932373,0.0011289071990177035,0.0005182695458643138,0.04682118818163872
9.228130340576172,7.933636665344238,0.0011303388746455312,0.0005227387300692499,0.04679549112915993
8.678682327270508,7.385732650756836,0.0011295900912955403,0.0005195628036744893,0.04683729633688927
8.292692184448242,6.997016429901123,0.0011287803063169122,0.0005238044541329145,0.04693828895688057
8.195833206176758,6.897863388061523,0.0011290869442746043,0.0005252768751233816,0.047078847885131836
8.602884292602539,7.3086395263671875,0.0011292367707937956,0.0005181698361411691,0.04705408960580826
8.216336250305176,6.92372465133667,0.001128657953813672,0.0005187772330828011,0.04688936844468117
8.749691009521484,7.458536148071289,0.001127617317251861,0.0005191914387978613,0.04677509143948555
8.626354217529297,7.3343119621276855,0.001128429896198213,0.0005197051796130836,0.04679747670888901
7.961365699768066,6.667798042297363,0.0011303193168714643,0.0005176429403945804,0.04695861414074898
7.736248016357422,6.442797660827637,0.0011280686594545841,0.0005182962631806731,0.04702678695321083
9.093367576599121,7.80051851272583,0.0011263522319495678,0.0005216551362536848,0.04688452556729317
8.760639190673828,7.470026016235352,0.0011266212677583098,0.0005184803158044815,0.04680623114109039
7.9606170654296875,6.668853759765625,0.0011284772772341967,0.000518494809512049,0.04682772979140282
7.776567459106445,6.484640121459961,0.0011282750638201833,0.0005176895065233111,0.04689452797174454
8.834467887878418,7.538924694061279,0.0011271332623437047,0.0005255538271740079,0.046919893473386765
8.464536666870117,7.1705546379089355,0.0011270203394815326,0.0005221947794780135,0.046937428414821625
8.148189544677734,6.856163501739502,0.0011278715683147311,0.0005177333950996399,0.04692237079143524
7.991281986236572,6.700350761413574,0.0011274387361481786,0.0005177174462005496,0.046835318207740784
8.490522384643555,7.199528694152832,0.0011258639860898256,0.0005205642082728446,0.04677791893482208
8.193879127502441,6.901817321777344,0.0011264279019087553,0.0005211984389461577,0.04682483896613121
8.290871620178223,6.998744487762451,0.0011280360631644726,0.0005173453246243298,0.04694363847374916
8.115099906921387,6.823523044586182,0.001127069815993309,0.0005172778037376702,0.04694034904241562
8.218061447143555,6.9271135330200195,0.0011255481513217092,0.0005198016879148781,0.04682732746005058
7.952613353729248,6.662949085235596,0.0011257791193202138,0.0005178915453143418,0.04678288847208023
8.466531753540039,7.175607204437256,0.00112766376696527,0.000517380831297487,0.04684028774499893
8.230518341064453,6.939698696136475,0.0011271144030615687,0.0005170564400032163,0.04687345027923584
8.075567245483398,6.783248424530029,0.0011250281240791082,0.0005226760404184461,0.04684671014547348
7.8413801193237305,6.5506086349487305,0.001125178998336196,0.000519508495926857,0.0468427911400795
8.51345157623291,7.22249174118042,0.0011269262759014964,0.0005178317660465837,0.04685807600617409
8.269736289978027,6.979659557342529,0.0011266701621934772,0.0005170736112631857,0.04682048410177231
7.999239444732666,6.709156513214111,0.0011248803930357099,0.0005198836443014443,0.04677008092403412
7.807348251342773,6.516514778137207,0.001124946284107864,0.0005205858033150434,0.04680671542882919
8.46355152130127,7.172844409942627,0.0011263932101428509,0.000517204636707902,0.04689083993434906
8.226655960083008,6.9364519119262695,0.0011259001912549138,0.0005170390359126031,0.046873461455106735
7.955886363983154,6.6665568351745605,0.0011242596665397286,0.0005188106442801654,0.04677942022681236
7.7701005935668945,6.481204032897949,0.0011245787609368563,0.0005180553998798132,0.04675794020295143
8.411067962646484,7.121330261230469,0.00112639251165092,0.0005165511975064874,0.0468265525996685
8.162421226501465,6.8728718757629395,0.0011257670121267438,0.0005164294852875173,0.04684511572122574
7.9582672119140625,6.668215751647949,0.0011237685102969408,0.0005204919725656509,0.04679213464260101
7.764992713928223,6.4760823249816895,0.0011238231090828776,0.0005184439942240715,0.04677766561508179
8.350662231445312,7.061305046081543,0.0011257450096309185,0.0005167529452592134,0.04681076854467392
8.10758113861084,6.818850994110107,0.00112546281889081,0.0005160656874068081,0.04679665341973305
7.95466423034668,6.665524005889893,0.0011235405690968037,0.0005197227001190186,0.04675090312957764
7.770692825317383,6.481531143188477,0.0011235586134716868,0.0005193811375647783,0.04676918685436249
8.276762962341309,6.98765754699707,0.0011251653777435422,0.0005164918839000165,0.04682769626379013
8.051935195922852,6.763368606567383,0.001124800881370902,0.0005161919398233294,0.046806976199150085
7.940851211547852,6.6527910232543945,0.0011229279916733503,0.0005185318295843899,0.04673302546143532
7.761702537536621,6.473701477050781,0.0011230960953980684,0.0005182875320315361,0.046730924397706985
8.209088325500488,6.92071533203125,0.0011248956434428692,0.000515887513756752,0.046798136085271835
7.989261627197266,6.701125621795654,0.0011244405759498477,0.0005158032872714102,0.046801432967185974
7.937300682067871,6.649177551269531,0.0011225498747080564,0.0005189473158679903,0.046737443655729294
7.752682209014893,6.465287685394287,0.0011225857306271791,0.0005176819395273924,0.046726081520318985
8.158796310424805,6.870982646942139,0.001124418224208057,0.0005157483392395079,0.0467730388045311
7.943355560302734,6.655982971191406,0.0011240417370572686,0.000515335297677666,0.04676835611462593
7.928393840789795,6.64055061340332,0.0011221218155696988,0.0005192173994146287,0.04671734198927879
7.747314453125,6.4598708152771,0.0011222047032788396,0.000518236483912915,0.046722330152988434
8.106874465942383,6.8193511962890625,0.001123951282352209,0.0005156397819519043,0.04677271842956543
7.904069900512695,6.61707878112793,0.0011235874844715,0.000515255203936249,0.04675700515508652
7.910140514373779,6.62324333190918,0.0011216244893148541,0.0005182847380638123,0.04669422283768654
7.7360520362854,6.44921875,0.0011217136634513736,0.0005180006846785545,0.04669761657714844
8.055564880371094,6.768579006195068,0.001123523456044495,0.0005152655648998916,0.04675917327404022
7.861222743988037,6.574599742889404,0.0011231382377445698,0.0005150389624759555,0.04675346985459328
7.892503261566162,6.606029987335205,0.001121245208196342,0.0005179466097615659,0.04668773338198662
7.719411849975586,6.433361530303955,0.001121278153732419,0.0005171911907382309,0.046681568026542664
8.014213562011719,6.727827548980713,0.0011230922536924481,0.0005149597418494523,0.046736013144254684
7.823790550231934,6.537746906280518,0.0011226923670619726,0.0005147265619598329,0.04673345014452934
7.8760986328125,6.589839458465576,0.0011207927018404007,0.0005182046443223953,0.04667605087161064
7.7047953605651855,6.419029235839844,0.0011208682553842664,0.0005171824595890939,0.04667407274246216
7.975512504577637,6.689550399780273,0.0011226674541831017,0.0005147699848748744,0.04672429710626602
7.791917324066162,6.506428241729736,0.0011222702451050282,0.00051440967945382,0.0467149056494236
7.855712413787842,6.570082187652588,0.0011203379835933447,0.0005177836283110082,0.046656928956508636
7.689664840698242,6.404263496398926,0.0011204074835404754,0.0005172111559659243,0.046659205108881
7.936185836791992,6.650661945343018,0.00112219771835953,0.0005145560135133564,0.04671470820903778
7.759739875793457,6.474663257598877,0.0011218030704185367,0.0005142436712048948,0.04670536518096924
7.83408784866333,6.5490922927856445,0.0011199105065315962,0.0005172332166694105,0.04664233699440956
7.6713690757751465,6.386645317077637,0.0011199646396562457,0.0005166766350157559,0.0466403104364872
7.9005656242370605,6.6155900955200195,0.0011217660503461957,0.0005142396548762918,0.046697281301021576
7.728363513946533,6.443751811981201,0.001121350098401308,0.0005140183493494987,0.04669276252388954
7.814270496368408,6.5296220779418945,0.0011194708058610559,0.0005171879893168807,0.04663189873099327
7.653811454772949,6.36961555480957,0.0011195321567356586,0.0005162939196452498,0.04662829637527466
7.867854118347168,6.583385944366455,0.0011213269317522645,0.0005139918648637831,0.04668090492486954
7.7002410888671875,6.41618537902832,0.001120908185839653,0.0005137163680046797,0.046674326062202454
7.793613910675049,6.509410381317139,0.0011190274963155389,0.0005170553340576589,0.04661622270941734
7.637195110321045,6.353349208831787,0.001119099440984428,0.0005162697052583098,0.04661611095070839
7.834935665130615,6.550920486450195,0.0011208746582269669,0.0005137627595104277,0.0466696061193943
7.673239231109619,6.389663219451904,0.0011204656912013888,0.0005134691018611193,0.04666083678603172
7.771908760070801,6.488322734832764,0.0011185684707015753,0.0005166030605323613,0.046600066125392914
7.6196818351745605,6.33635139465332,0.0011186494957655668,0.0005160255823284388,0.04659930616617203
7.80295991897583,6.519425868988037,0.0011204337934032083,0.0005135329556651413,0.0466550849378109
7.646054267883301,6.362924098968506,0.001120009575970471,0.0005132791702635586,0.046648576855659485
7.750697135925293,6.467611312866211,0.0011181345907971263,0.0005162936286069453,0.04658718407154083
7.60152530670166,6.318784713745117,0.0011181951267644763,0.0005155964172445238,0.04658450931310654
7.77309513092041,6.490091323852539,0.0011199708096683025,0.0005132561782374978,0.04663900285959244
7.620359897613525,6.337740898132324,0.0011195503175258636,0.0005130265490151942,0.04663306102156639
7.730020523071289,6.447364807128906,0.0011176997795701027,0.0005161502631381154,0.04657304286956787
7.583982467651367,6.3017048835754395,0.0011177761480212212,0.0005153538077138364,0.0465712696313858
7.744241237640381,6.461713790893555,0.0011195429833605886,0.0005130121135152876,0.046624984592199326
7.595942497253418,6.313840866088867,0.0011190895456820726,0.0005127546028234065,0.046617988497018814
7.708823204040527,6.426698684692383,0.0011172349331900477,0.0005158590502105653,0.046557772904634476
7.566502094268799,6.284674167633057,0.0011173340026289225,0.0005151919322088361,0.0465564988553524
7.7159295082092285,6.433885097503662,0.0011190780205652118,0.0005127880140207708,0.046611152589321136
7.572220325469971,6.2906107902526855,0.0011186364572495222,0.0005125008174218237,0.04660411924123764
7.687459945678711,6.405885219573975,0.0011167949996888638,0.0005154961254447699,0.04654292017221451
7.548510551452637,6.26723051071167,0.0011168807977810502,0.0005148487980477512,0.04654156044125557
7.688843727111816,6.407315254211426,0.0011186101473867893,0.000512517464812845,0.046596501022577286
7.549098014831543,6.267965793609619,0.0011181761510670185,0.000512288068421185,0.04659000411629677
7.6663923263549805,6.385313510894775,0.0011163516901433468,0.0005152314552105963,0.046528734266757965
7.530475616455078,6.249722480773926,0.0011164391180500388,0.0005145343020558357,0.04652664437890053
7.6631669998168945,6.38214111328125,0.001118169049732387,0.0005122538423165679,0.046581484377384186
7.527252197265625,6.246641159057617,0.0011176937259733677,0.0005120206042192876,0.046575382351875305
7.645127773284912,6.364538669586182,0.001115905586630106,0.0005149848875589669,0.046514369547367096
7.512516498565674,6.232244491577148,0.001116009894758463,0.0005142863374203444,0.04651236906647682
7.638379096984863,6.357833385467529,0.001117717009037733,0.0005120315472595394,0.046567153185606
7.506331443786621,6.22621488571167,0.0011172483209520578,0.0005117736873216927,0.046560559421777725
7.623775482177734,6.343716621398926,0.0011154502863064408,0.0005146829062141478,0.04649921506643295
7.4944376945495605,6.214673042297363,0.0011155615793541074,0.0005140198045410216,0.04649737849831581
7.614365577697754,6.334317207336426,0.0011172527447342873,0.000511784281115979,0.04655297100543976
7.486036777496338,6.206418037414551,0.001116782077588141,0.0005115292733535171,0.0465463362634182
7.602277755737305,6.322755336761475,0.001115004881285131,0.0005143521120771766,0.04648439958691597
7.476074695587158,6.196849346160889,0.001115115825086832,0.0005136890686117113,0.04648229107260704
7.591495513916016,6.311956882476807,0.001116786734201014,0.0005115297972224653,0.04653799533843994
7.466608047485352,6.187487602233887,0.0011163066374137998,0.0005113017396070063,0.04653165489435196
7.580809593200684,6.301790237426758,0.001114555518142879,0.0005140916910022497,0.04646960645914078
7.457730293273926,6.179010391235352,0.0011146757751703262,0.0005134129314683378,0.046467531472444534
7.569506645202637,6.290464878082275,0.0011163271265104413,0.0005112856160849333,0.046523526310920715
7.447946548461914,6.169342041015625,0.0011158426059409976,0.0005110245547257364,0.04651707783341408
7.55941104888916,6.280907154083252,0.0011141044087707996,0.000513808976393193,0.04645472392439842
7.439482688903809,6.1612749099731445,0.0011142338626086712,0.000513130275066942,0.04645256698131561
7.5481061935424805,6.26957368850708,0.0011158608831465244,0.0005110283382236958,0.04650881141424179
7.429873466491699,6.151774883270264,0.00111536611802876,0.0005107831675559282,0.04650237783789635
7.538120269775391,6.2601399421691895,0.0011136658722534776,0.0005135043174959719,0.0464395172894001
7.421338081359863,6.143638610839844,0.0011137891560792923,0.0005128575721755624,0.04643760994076729
7.527235984802246,6.24920654296875,0.0011153994128108025,0.0005107705947011709,0.046494413167238235
7.412195205688477,6.134603500366211,0.0011148861376568675,0.0005105400341562927,0.04648784175515175
7.517030239105225,6.239587783813477,0.0011132062645629048,0.0005131903453730047,0.04642442613840103
7.403324604034424,6.126165866851807,0.0011133447987958789,0.0005125239840708673,0.04642244800925255
7.507140636444092,6.229621887207031,0.0011149202473461628,0.000510522339027375,0.04647974669933319
7.3950347900390625,6.117949962615967,0.0011144201271235943,0.0005102861323393881,0.0464731901884079
7.4962897300720215,6.219363689422607,0.0011127557372674346,0.0005129098426550627,0.04640932008624077
7.3856635093688965,6.1090168952941895,0.0011129011400043964,0.0005122488364577293,0.04640718549489975
7.48721170425415,6.210203170776367,0.0011144420132040977,0.0005102758295834064,0.0464649572968483
7.378163814544678,6.101585865020752,0.0011139403795823455,0.0005100441630929708,0.046458568423986435
7.475984573364258,6.199594497680664,0.00111230683978647,0.000512590806465596,0.04639409855008125
7.3684401512146,6.092309951782227,0.0011124559678137302,0.0005119636189192533,0.04639206826686859
7.467596054077148,6.191088676452637,0.0011139762355014682,0.0005100325215607882,0.046450257301330566
7.361440658569336,6.085377216339111,0.0011134556261822581,0.0005097920075058937,0.04644394293427467
7.456086158752441,6.18021821975708,0.0011118559632450342,0.0005122996517457068,0.046379003673791885
7.351538181304932,6.075927257537842,0.0011120147537440062,0.000511671241838485,0.0463767871260643
7.448205947875977,6.172223091125488,0.0011134858941659331,0.0005097673856653273,0.046435628086328506
7.344902038574219,6.069352626800537,0.0011129723861813545,0.0005095441592857242,0.046429120004177094
7.436789512634277,6.161463737487793,0.0011114038061350584,0.0005119794514030218,0.04636342450976372
7.3351359367370605,6.060061454772949,0.0011115609668195248,0.000511365884449333,0.046361133456230164
7.429096698760986,6.153625965118408,0.0011130071943625808,0.0005095196538604796,0.04642073065042496
7.328659534454346,6.053606033325195,0.0011124844895675778,0.000509332399815321,0.04641449823975563
7.41783332824707,6.143024921417236,0.001110952696762979,0.0005117039545439184,0.04634799808263779
7.318928241729736,6.044372081756592,0.0011111180065199733,0.0005110776401124895,0.04634585604071617
7.410241603851318,6.135278701782227,0.0011125304736196995,0.0005092769279144704,0.04640594497323036
7.312494277954102,6.037962436676025,0.001112002064473927,0.0005090711056254804,0.0463995598256588
7.399362087249756,6.125077724456787,0.0011104989098384976,0.0005114194937050343,0.04633248969912529
7.303249835968018,6.029201030731201,0.0011106780730187893,0.0005108070909045637,0.04633057489991188
7.391590118408203,6.117138862609863,0.00111204304266721,0.0005090291379019618,0.04639154300093651
7.296567440032959,6.022572040557861,0.0011115072993561625,0.0005087889730930328,0.04638471454381943
7.381226062774658,6.107473373413086,0.0011100518750026822,0.0005111178616061807,0.04631674662232399
7.287778854370117,6.014256000518799,0.0011102352291345596,0.000510515586938709,0.046314727514982224
7.373344421386719,6.099402904510498,0.0011115488596260548,0.0005087982281111181,0.04637680947780609
7.281030654907227,6.007541179656982,0.0011110129998996854,0.0005085663287900388,0.0463700070977211
7.363363265991211,6.090141773223877,0.001109591219574213,0.0005108348559588194,0.04630086570978165
7.272491455078125,5.999497890472412,0.0011097899405285716,0.0005102166323922575,0.046299051493406296
7.35545539855957,6.082038879394531,0.0011110546765848994,0.0005085369921289384,0.04636204615235329
7.265705108642578,5.992741584777832,0.001110522891394794,0.000508297816850245,0.046355318278074265
7.345817565917969,6.073127746582031,0.0011091470951214433,0.0005105284508317709,0.04628521203994751
7.257453918457031,5.984992980957031,0.0011093426728621125,0.0005099101108498871,0.04628342017531395
7.337981700897217,6.065088272094727,0.001110563171096146,0.0005082797142677009,0.04634719714522362
7.250763893127441,5.978332042694092,0.00111002114135772,0.0005080396658740938,0.046340133994817734
7.328577041625977,6.056421279907227,0.0011086929589509964,0.0005102348513901234,0.046269163489341736
7.242663860321045,5.970726490020752,0.0011088922619819641,0.0005096281529404223,0.046267688274383545
7.320858478546143,6.048496723175049,0.0011100575793534517,0.0005080128903500736,0.04633264243602753
7.236039638519287,5.964132308959961,0.0011095157824456692,0.0005077925161458552,0.04632530361413956
7.311568260192871,6.039935111999512,0.001108248601667583,0.0005099560949020088,0.04625308886170387
7.228030681610107,5.956617832183838,0.0011084596626460552,0.0005093214567750692,0.04625219479203224
7.304131031036377,6.03227424621582,0.00110956362914294,0.0005077873938716948,0.04631808027625084
7.221634864807129,5.950249195098877,0.0011090225307270885,0.0005075425142422318,0.04631032049655914
7.294898986816406,6.023796558380127,0.0011077970266342163,0.0005096655804663897,0.046237099915742874
7.2135725021362305,5.942678451538086,0.0011080100666731596,0.000509047822561115,0.046236537396907806
7.287654399871826,6.016311168670654,0.0011090609477832913,0.0005075533408671618,0.04630362614989281
7.207279682159424,5.936408519744873,0.0011085239239037037,0.000507311022374779,0.04629535600543022
7.278656005859375,6.008094310760498,0.0011073386995121837,0.0005093706422485411,0.04622068256139755
7.199441432952881,5.929081439971924,0.0011075629154220223,0.0005087470053695142,0.04622049257159233
7.271439552307129,6.000621318817139,0.0011085649020969868,0.0005072884378023446,0.04628913477063179
7.193078994750977,5.922746658325195,0.0011080196127295494,0.0005070393672212958,0.04628031328320503
7.26285457611084,5.992827892303467,0.001106885145418346,0.0005090796621516347,0.04620441421866417
7.185605049133301,5.915768146514893,0.001107127871364355,0.0005084517761133611,0.04620471969246864
7.255513668060303,5.9852213859558105,0.001108056167140603,0.0005070394254289567,0.04627442732453346
7.179043769836426,5.909241199493408,0.0011075109941884875,0.0005067909369245172,0.04626515135169029
7.247277736663818,5.977787494659424,0.0011064294958487153,0.0005087954341433942,0.04618779569864273
7.171788692474365,5.902486801147461,0.0011066742008551955,0.0005081560229882598,0.046188708394765854
7.240006923675537,5.9702467918396,0.0011075494112446904,0.0005067745805718005,0.04625985398888588
7.165221214294434,5.895962238311768,0.0011070052860304713,0.0005065177101641893,0.04624975845217705
7.232077598571777,5.963115215301514,0.0011059873504564166,0.0005085110897198319,0.04617135226726532
7.158083915710449,5.889303684234619,0.001106233918108046,0.0005078634712845087,0.046173129230737686
7.224903583526611,5.955667495727539,0.001107031013816595,0.0005065335426479578,0.04624537378549576
7.151578903198242,5.8828582763671875,0.001106482115574181,0.0005062702693976462,0.046234432607889175
7.2171525955200195,5.948733329772949,0.0011055378708988428,0.0005082042771391571,0.04615480825304985
7.144538879394531,5.87630033493042,0.001105781178921461,0.0005075469380244613,0.04615745693445206
7.2100911140441895,5.941379070281982,0.0011065228609368205,0.0005062911077402532,0.0462305061519146
7.138047695159912,5.869854927062988,0.001105981646105647,0.0005060291150584817,0.04621874913573265
7.202571868896484,5.934675693511963,0.001105089788325131,0.0005079397815279663,0.04613816365599632
7.131106376647949,5.863395690917969,0.001105339964851737,0.0005072461790405214,0.046141769737005234
7.195522785186768,5.927334785461426,0.001106005278415978,0.0005060491384938359,0.04621605947613716
7.124545097351074,5.856898784637451,0.00110546313226223,0.0005057698581367731,0.04620301350951195
7.188230991363525,5.920871257781982,0.001104639028199017,0.0005076514789834619,0.04612144082784653
7.117729187011719,5.8505449295043945,0.0011048943269997835,0.000506947806570679,0.04612629488110542
7.181318759918213,5.913676738739014,0.0011054896749556065,0.0005057697999291122,0.04620121419429779
7.111105918884277,5.844007968902588,0.0011049472959712148,0.0005055034998804331,0.04618723317980766
7.174147605895996,5.9073286056518555,0.0011041872203350067,0.0005073531647212803,0.04610489681363106
7.104355812072754,5.8376922607421875,0.0011044555576518178,0.0005066608428023756,0.04611053690314293
7.167265892028809,5.90016508102417,0.0011049623135477304,0.0005055140354670584,0.04618626460433006
7.097700595855713,5.831160068511963,0.0011044329730793834,0.0005052235210314393,0.04617125168442726
7.160282611846924,5.893988132476807,0.0011037369258701801,0.0005070805200375617,0.046088553965091705
7.09103536605835,5.8249101638793945,0.0011040001409128308,0.0005063446587882936,0.046095285564661026
7.153345108032227,5.886780261993408,0.0011044443817809224,0.0005052636843174696,0.04617106914520264
7.084275245666504,5.818277359008789,0.0011039180681109428,0.0005049830069765449,0.04615473747253418
7.14669942855835,5.880938529968262,0.0011032865149900317,0.0005067947204224765,0.04607205092906952
7.077854156494141,5.812260627746582,0.0011035373900085688,0.0005060479743406177,0.04608006775379181
7.139430522918701,5.873417377471924,0.0011039207456633449,0.0005049878964200616,0.0461558923125267
7.070781707763672,5.805337905883789,0.0011034035123884678,0.0005047148442827165,0.04613850265741348
7.133138179779053,5.867915153503418,0.0011028365697711706,0.0005064871511422098,0.0460561066865921
7.0646653175354,5.799605846405029,0.0011030895402655005,0.0005057304515503347,0.04606493562459946
7.125532627105713,5.860077381134033,0.0011033830232918262,0.0005047249724157155,0.046140145510435104
7.057260513305664,5.792368412017822,0.0011028925655409694,0.0005044560530222952,0.04612176492810249
7.119598388671875,5.8549113273620605,0.00110238092020154,0.0005061955889686942,0.0460398904979229
7.0515522956848145,5.787018299102783,0.001102639827877283,0.0005054333596490324,0.046049751341342926
7.111607074737549,5.846696376800537,0.001102866604924202,0.0005044705467298627,0.04612422361969948
7.043758869171143,5.779417037963867,0.0011023759143427014,0.0005042055272497237,0.046105120331048965
7.106027603149414,5.841870307922363,0.0011019285302609205,0.000505900417920202,0.04602427780628204
7.038410663604736,5.774400234222412,0.0011021941900253296,0.0005051250918768346,0.046035036444664
7.097530841827393,5.833188056945801,0.0011023377301171422,0.0005041843978688121,0.04610820114612579
7.030261516571045,5.766485691070557,0.001101856934837997,0.0005039332900196314,0.0460880883038044
7.0923566818237305,5.828741073608398,0.001101477537304163,0.0005055838264524937,0.04600850120186806
7.0253682136535645,5.761900424957275,0.0011017314391210675,0.0005048061721026897,0.04601987823843956
7.083387851715088,5.8195953369140625,0.0011018187506124377,0.0005039318930357695,0.04609168693423271
7.016849517822266,5.75360631942749,0.0011013542534783483,0.0005037082592025399,0.046071216464042664
7.078654766082764,5.815571308135986,0.0011010237503796816,0.0005052786436863244,0.04599325358867645
7.012385368347168,5.749447822570801,0.0011012646136805415,0.0005045137950219214,0.04600482061505318
7.069141387939453,5.805904865264893,0.0011012888280674815,0.000503688061144203,0.046074844896793365
7.003381729125977,5.740701198577881,0.0011008373694494367,0.0005034385249018669,0.046054255217313766
7.06489896774292,5.802353382110596,0.0011005639098584652,0.0005049585015513003,0.04597844183444977
6.999530792236328,5.737125873565674,0.0011008064029738307,0.0005042084958404303,0.045989736914634705
7.054736614227295,5.7920756340026855,0.0011007582070305943,0.000503413553815335,0.04605748876929283
6.990121841430664,5.727996349334717,0.0011003307299688458,0.0005031723412685096,0.046037402004003525
7.051084518432617,5.789071559906006,0.001100102555938065,0.0005046437145210803,0.04596395418047905
6.986905574798584,5.725039958953857,0.0011003350373357534,0.0005039002280682325,0.045974791049957275
7.040184020996094,5.77811861038208,0.0011002224637195468,0.0005031099426560104,0.046039924025535583
6.976884365081787,5.715311050415039,0.0010998250218108296,0.0005029195453971624,0.04602006822824478
7.037293910980225,5.775815486907959,0.001099653891287744,0.0005043204873800278,0.04594912752509117
6.974452972412109,5.71312141418457,0.0010998647194355726,0.0005036042421124876,0.04595973342657089
7.025645732879639,5.764133453369141,0.0010997020872309804,0.0005028725136071444,0.046022508293390274
6.96375846862793,5.702751636505127,0.0010992996394634247,0.0005026522558182478,0.046003103256225586
7.023527145385742,5.7625932693481445,0.0010991859016939998,0.0005039933603256941,0.04593443498015404
6.962159156799316,5.701372146606445,0.001099401037208736,0.0005032899207435548,0.045944176614284515
7.011096000671387,5.750166893005371,0.0010991633171215653,0.0005026022554375231,0.04600463807582855
6.9508490562438965,5.690381050109863,0.0010988060384988785,0.0005024024867452681,0.04598638787865639
7.009910583496094,5.749509811401367,0.0010987241985276341,0.0005036773509345949,0.04591996967792511
6.9501190185546875,5.68986177444458,0.0010989343281835318,0.0005030067986808717,0.04592869058251381
6.996595859527588,5.736239910125732,0.0010986457346007228,0.000502333277836442,0.045986663550138474
6.937972545623779,5.678060531616211,0.0010982882231473923,0.000502142240293324,0.045969679951667786
6.996466636657715,5.736608982086182,0.0010982654057443142,0.0005033398629166186,0.04590550810098648
6.938316345214844,5.678604602813721,0.0010984581895172596,0.0005027044098824263,0.04591302573680878
6.982184886932373,5.722406387329102,0.0010981119703501463,0.0005020666867494583,0.0459689237177372
6.925315856933594,5.665956020355225,0.0010977854253724217,0.0005018730298615992,0.04595309495925903
6.983316421508789,5.723982334136963,0.0010978096397593617,0.0005030407337471843,0.04589090123772621
6.926769256591797,5.667592525482178,0.0010979885701090097,0.0005024252459406853,0.04589702934026718
6.967789649963379,5.708582878112793,0.001097588217817247,0.0005018058000132442,0.045950997620821
6.912577152252197,5.653752326965332,0.001097275409847498,0.000501639093272388,0.04593675956130028
6.970452308654785,5.71166467666626,0.0010973335010930896,0.0005027161678299308,0.045876242220401764
6.915472030639648,5.656860828399658,0.0010974901961162686,0.0005021124379709363,0.045881010591983795
6.9535346031188965,5.694905757904053,0.001097069587558508,0.0005015220958739519,0.04593327268958092
6.899941921234131,5.641665935516357,0.001096768188290298,0.0005013751215301454,0.04592040553689003
6.957882881164551,5.699642658233643,0.0010968797141686082,0.0005023786216042936,0.04586112126708031
6.904376029968262,5.646307468414307,0.0010970070725306869,0.0005018357769586146,0.045864712446928024
6.939335346221924,5.681268215179443,0.0010965497931465507,0.0005012652836740017,0.04591592401266098
6.8873138427734375,5.629581928253174,0.0010962699307128787,0.0005011110915802419,0.045904163271188736
6.945607662200928,5.687921047210693,0.0010963797103613615,0.0005020724493078887,0.045846033841371536
6.893576622009277,5.63606595993042,0.0010965113760903478,0.0005015446222387254,0.045848298817873
6.925228595733643,5.667726039886475,0.001096041058190167,0.0005009957239963114,0.04589839279651642
6.87473201751709,5.617544651031494,0.0010957533959299326,0.0005008597509004176,0.04588807001709938
6.933621406555176,5.6764726638793945,0.0010959134669974446,0.0005017708172090352,0.04583064094185829
6.8829216957092285,5.625959873199463,0.0010960259241983294,0.0005012660985812545,0.0458315871655941
6.9112749099731445,5.654343128204346,0.0010955140460282564,0.0005007248255424201,0.04588121175765991
6.862334251403809,5.605672836303711,0.001095251296646893,0.0005006298306398094,0.04587205499410629
6.921844482421875,5.665246963500977,0.001095435582101345,0.0005014609778299928,0.04581492021679878
6.872325420379639,5.615922927856445,0.001095529063604772,0.000500974478200078,0.04581507295370102
6.897488594055176,5.6411051750183105,0.0010950102005153894,0.0005004674312658608,0.04586448520421982
6.849964141845703,5.593854904174805,0.0010947325499728322,0.000500367721542716,0.04585587978363037
6.910116195678711,5.654064655303955,0.0010949480347335339,0.0005011800676584244,0.04579872265458107
6.861828327178955,5.605971813201904,0.00109504209831357,0.0005007048603147268,0.045798297971487045
6.883918762207031,5.62809944152832,0.0010944845853373408,0.0005002030520699918,0.04584755003452301
6.8377790451049805,5.582223892211914,0.0010942209046334028,0.0005000947276130319,0.045839741826057434
6.898505210876465,5.643011093139648,0.0010944651439785957,0.0005008698790334165,0.0457826629281044
6.851363182067871,5.596075534820557,0.001094540930353105,0.0005004009581170976,0.045781634747982025
6.870655536651611,5.6153788566589355,0.0010939741041511297,0.0004999542725272477,0.04583125188946724
6.825878143310547,5.570871829986572,0.0010937143815681338,0.0004998269723728299,0.0458235889673233
6.886818885803223,5.631892204284668,0.0010939682833850384,0.000500560796353966,0.04576622322201729
6.840801239013672,5.586062908172607,0.0010940443025901914,0.0005001368117518723,0.045764800161123276
6.85774564743042,5.603020191192627,0.0010934603633359075,0.0004996985662728548,0.04581458866596222
6.814268112182617,5.559805393218994,0.001093210419639945,0.0004995706840418279,0.04580724239349365
6.875057220458984,5.620692729949951,0.0010934771271422505,0.0005002606776542962,0.045749567449092865
6.830090522766113,5.575931549072266,0.0010935389436781406,0.0004998202784918249,0.045747969299554825
6.845243453979492,5.591064453125,0.0010929423151537776,0.0004994485061615705,0.045798350125551224
6.803056240081787,5.549129962921143,0.0010926933027803898,0.0004993370966985822,0.04579109326004982
6.863158702850342,5.609354019165039,0.001092979102395475,0.0004999706870876253,0.04573296383023262
6.819231033325195,5.565629959106445,0.001093042897991836,0.0004995330818928778,0.04573129490017891
6.833213806152344,5.579593181610107,0.0010924265952780843,0.0004991765599697828,0.04578191041946411
6.792207717895508,5.538837909698486,0.0010921735083684325,0.0004990712623111904,0.04577472433447838
6.851044654846191,5.59782075881958,0.0010924824746325612,0.0004996422212570906,0.045716166496276855
6.808201313018799,5.555172920227051,0.0010925461538136005,0.0004992170725017786,0.045714642852544785
6.821547508239746,5.568475246429443,0.0010919152991846204,0.0004989138105884194,0.04576575756072998
6.781615257263184,5.528797626495361,0.001091669430024922,0.0004987989668734372,0.045758333057165146
6.838968276977539,5.586307048797607,0.0010919820051640272,0.0004993542097508907,0.045699331909418106
6.797079563140869,5.544597148895264,0.0010920577915385365,0.0004989496082998812,0.0456978902220726
6.810307025909424,5.557789325714111,0.001091396319679916,0.0004986536223441362,0.04574926942586899
6.7713727951049805,5.5190958976745605,0.0010911573190242052,0.0004985574050806463,0.045741915702819824
6.826751708984375,5.57464599609375,0.00109149853233248,0.0004990618908777833,0.045682527124881744
6.785824775695801,5.533912658691406,0.001091554295271635,0.0004986412823200226,0.045681413263082504
6.799388885498047,5.547400951385498,0.0010908799013122916,0.0004984347615391016,0.04573305696249008
6.761383533477783,5.5096611976623535,0.0010906343813985586,0.000498303968925029,0.045725297182798386
6.814472198486328,5.562952995300293,0.0010909931734204292,0.0004987314459867775,0.0456656850874424
6.774543285369873,5.523192882537842,0.0010910519631579518,0.0004983503022231162,0.04566493257880211
6.788681983947754,5.5372443199157715,0.0010903625516220927,0.0004981745150871575,0.045716892927885056
6.7514567375183105,5.500281810760498,0.0010901124915108085,0.000498059147503227,0.04570889472961426
6.8023505210876465,5.551385402679443,0.0010905027156695724,0.0004984505940228701,0.045648857951164246
6.763324737548828,5.512547016143799,0.0010905459057539701,0.0004980461089871824,0.04564821720123291
6.778120040893555,5.527238368988037,0.0010898354230448604,0.0004979170626029372,0.0457005500793457
6.74168586730957,5.491074085235596,0.0010895923478528857,0.0004977858043275774,0.04569225013256073
6.790234565734863,5.539834022521973,0.0010900194756686687,0.0004981416859664023,0.045631956309080124
6.7521514892578125,5.5019330978393555,0.0010900470660999417,0.0004977617063559592,0.04563140869140625
6.767664909362793,5.517333030700684,0.0010893169092014432,0.0004976635100319982,0.04568413645029068
6.731929779052734,5.48187255859375,0.0010890788398683071,0.0004975217743776739,0.04567568376660347
6.778299331665039,5.528475284576416,0.001089512836188078,0.0004978262004442513,0.04561549052596092
6.741101264953613,5.4914631843566895,0.0010895263403654099,0.0004974522162228823,0.04561486467719078
6.757218837738037,5.507445335388184,0.0010887992102652788,0.0004973966861143708,0.04566757380962372
6.722199440002441,5.472700595855713,0.001088559627532959,0.0004972544265910983,0.04565916955471039
6.766591548919678,5.517334461212158,0.0010890200501307845,0.0004975231713615358,0.04559857025742531
6.730273723602295,5.481199264526367,0.0010890110861510038,0.0004971710732206702,0.0455983504652977
6.746743679046631,5.49752140045166,0.0010882752249017358,0.0004971481976099312,0.045651067048311234
6.712454319000244,5.463512897491455,0.0010880358750000596,0.0004969978472217917,0.04564248397946358
6.755034446716309,5.506359577178955,0.0010885153897106647,0.0004972035530954599,0.045581523329019547
6.719528675079346,5.47102165222168,0.001088491640985012,0.0004968935973010957,0.04558144509792328
6.736341953277588,5.487682819366455,0.0010877507738769054,0.0004968754365108907,0.045634616166353226
6.702680587768555,5.454291343688965,0.0010875161970034242,0.0004967396380379796,0.045626118779182434
6.743611812591553,5.495512008666992,0.0010880131740123034,0.0004968871362507343,0.04556497558951378
6.7089314460754395,5.4610066413879395,0.0010879798792302608,0.0004965788684785366,0.04556455463171005
6.7259063720703125,5.47780704498291,0.0010872307466343045,0.0004966124542988837,0.04561777412891388
6.6930060386657715,5.4451799392700195,0.0010870008263736963,0.0004964707768522203,0.04560904577374458
6.732367038726807,5.48483943939209,0.0010875111911445856,0.0004965810221619904,0.045548152178525925
6.698477268218994,5.451121807098389,0.0010874585714191198,0.0004962880630046129,0.0455482117831707
6.715490341186523,5.46794319152832,0.0010867062956094742,0.0004963577375747263,0.0456014908850193
6.683255195617676,5.435990333557129,0.0010864704381674528,0.0004962115199305117,0.04559241235256195
6.721261978149414,5.474296569824219,0.0010869960533455014,0.0004963094834238291,0.0455312505364418
6.688188552856445,5.441399097442627,0.00108692841604352,0.0004960253718309104,0.045531295239925385
6.70501708984375,5.45802640914917,0.0010861835908144712,0.0004961006925441325,0.04558486118912697
6.673511505126953,5.426803112030029,0.0010859540197998285,0.000495949003379792,0.045575641095638275
6.710270881652832,5.463883876800537,0.0010864807991310954,0.0004960033111274242,0.045514512807130814
6.678025245666504,5.431800365447998,0.0010863984934985638,0.0004957598866894841,0.045514561235904694
6.694575786590576,5.448143005371094,0.001085657742805779,0.0004958463250659406,0.04556809738278389
6.66381311416626,5.417678356170654,0.001085425028577447,0.0004956679185852408,0.04555884376168251
6.69935941696167,5.453554153442383,0.0010859667090699077,0.0004956932389177382,0.04549749940633774
6.66794490814209,5.422301769256592,0.0010858656605705619,0.0004954652395099401,0.045497726649045944
6.684201240539551,5.438327789306641,0.0010851313127204776,0.000495588465128094,0.04555133730173111
6.654304027557373,5.408730983734131,0.0010849107056856155,0.0004953984753228724,0.04554183781147003
6.688425064086914,5.443225383758545,0.0010854278225451708,0.0004953642492182553,0.045480333268642426
6.657931327819824,5.41287899017334,0.0010853405110538006,0.000495145854074508,0.04548094421625137
6.673855304718018,5.428548812866211,0.001084613031707704,0.000495303189381957,0.04553483799099922
6.6447978019714355,5.399792671203613,0.0010843737982213497,0.0004951349110342562,0.04552508518099785
6.677586555480957,5.432943820953369,0.0010849195532500744,0.0004950962029397488,0.04546345770359039
6.648047924041748,5.403552055358887,0.0010848118690773845,0.0004948947462253273,0.04546426236629486
6.663652420043945,5.418911457061768,0.0010840800823643804,0.0004950366565026343,0.045518264174461365
6.635388374328613,5.390944480895996,0.0010838527232408524,0.0004948730929754674,0.04550807550549507
6.666944980621338,5.422882556915283,0.0010843799682334065,0.0004948180285282433,0.04544635862112045
6.638277530670166,5.394367218017578,0.0010842714691534638,0.000494603009428829,0.045447319746017456
6.6533002853393555,5.40911865234375,0.0010835585417225957,0.000494777166750282,0.04550137370824814
6.625967979431152,5.382079601287842,0.0010833359556272626,0.0004946140688844025,0.0454913005232811
6.656357765197754,5.412886142730713,0.0010838411981239915,0.0004945131368003786,0.045429471880197525
6.628615856170654,5.385285377502441,0.0010837303707376122,0.0004943188978359103,0.04543055221438408
6.643035411834717,5.399409770965576,0.001083037001080811,0.0004945204127579927,0.04548469930887222
6.616567611694336,5.3732523918151855,0.001082802889868617,0.0004943368840031326,0.04547455161809921
6.645957946777344,5.403059005737305,0.0010833137203007936,0.0004942328669130802,0.04541255533695221
6.619158744812012,5.376399517059326,0.0010831990512087941,0.0004940494545735419,0.04541349038481712
6.6328606605529785,5.389810562133789,0.0010825095232576132,0.0004942358937114477,0.04546774551272392
6.607276916503906,5.364532947540283,0.0010822812328115106,0.0004940612707287073,0.04545726999640465
6.635652542114258,5.393342018127441,0.0010827751830220222,0.0004939341451972723,0.04539555311203003
6.609786033630371,5.367613315582275,0.0010826598154380918,0.0004937499761581421,0.045396801084280014
6.622685432434082,5.380209922790527,0.001081968890503049,0.0004939638311043382,0.045450929552316666
6.5980401039123535,5.355865001678467,0.0010817445581778884,0.0004937990452162921,0.045440319925546646
6.625497341156006,5.383781909942627,0.0010822317562997341,0.0004936319310218096,0.04537833109498024
6.600528240203857,5.358928203582764,0.0010821270989254117,0.0004934767493978143,0.04537983983755112
6.612605571746826,5.370700359344482,0.0010814439738169312,0.0004936876357533038,0.04543396458029747
6.588824272155762,5.347206115722656,0.0010812244145199656,0.0004935432225465775,0.04542340710759163
6.615444660186768,5.374302387237549,0.0010817052097991109,0.0004933497402817011,0.045361459255218506
6.591361999511719,5.350334644317627,0.0010815931018441916,0.0004932009032927454,0.04536302387714386
6.6026177406311035,5.361261367797852,0.0010809212690219283,0.0004934472381137311,0.04541722312569618
6.579696178436279,5.338661193847656,0.0010806930949911475,0.0004932537558488548,0.04540613666176796
6.605616092681885,5.365060806274414,0.0010811637621372938,0.0004930612631142139,0.04534424468874931
6.582380771636963,5.34193754196167,0.001081051304936409,0.0004929149872623384,0.04534602537751198
6.5926713943481445,5.351903915405273,0.0010803912300616503,0.0004931371076963842,0.04540035501122475
6.570590972900391,5.330118656158447,0.0010801564203575253,0.0004930026479996741,0.04538924992084503
6.59592866897583,5.355966567993164,0.0010806230129674077,0.0004927569534629583,0.04532724618911743
6.573543548583984,5.333675861358643,0.0010805110214278102,0.0004926401888951659,0.045329198241233826
6.582746505737305,5.342547416687012,0.00107986677903682,0.0004928613197989762,0.0453835129737854
6.561481475830078,5.321588039398193,0.001079633948393166,0.0004927099216729403,0.045372143387794495
6.586404323577881,5.347030162811279,0.0010800762102007866,0.0004924728418700397,0.04530997946858406
6.564791202545166,5.325503826141357,0.0010799710871651769,0.0004923617234453559,0.04531208053231239
6.572958469390869,5.333323955535889,0.0010793260298669338,0.000492613937240094,0.04536641016602516
6.552438735961914,5.313119888305664,0.0010790921514853835,0.0004924492095597088,0.045354776084423065
6.57708740234375,5.338296413421631,0.0010795448906719685,0.0004921822692267597,0.045292750000953674
6.556175708770752,5.317461967468262,0.0010794327827170491,0.0004920929204672575,0.04529509320855141
6.563233852386475,5.324162006378174,0.001078802510164678,0.0004923522938042879,0.04534946382045746
6.5434160232543945,5.304664611816406,0.0010785657214000821,0.000492182734888047,0.0453377328813076
6.567923069000244,5.329727649688721,0.0010790015803650022,0.0004918756312690675,0.045275699347257614
6.5476975440979,5.309569358825684,0.0010788964573293924,0.0004917976330034435,0.04527813196182251
6.553531169891357,5.315042495727539,0.001078255707398057,0.0004920721985399723,0.04533248394727707
6.534348964691162,5.29616641998291,0.0010780261363834143,0.0004919301718473434,0.045320454984903336
6.558982849121094,5.321369647979736,0.0010784659534692764,0.0004915880272164941,0.04525860399007797
6.539355754852295,5.3018107414245605,0.0010783561738207936,0.000491512066219002,0.04526110365986824
6.543821811676025,5.305913925170898,0.0010777277639135718,0.0004917812184430659,0.04531532898545265
6.525267601013184,5.287662982940674,0.0010775004047900438,0.0004916487378068268,0.04530302435159683
6.5502448081970215,5.313213348388672,0.0010779163567349315,0.0004913161392323673,0.04524149000644684
6.531080722808838,5.2941060066223145,0.0010778203140944242,0.0004912439617328346,0.04524427279829979
6.5342302322387695,5.296894550323486,0.0010771837551146746,0.0004915253957733512,0.04529809206724167
6.516216278076172,5.27919340133667,0.001076969550922513,0.0004913656157441437,0.045285534113645554
6.541647434234619,5.305212020874023,0.0010773791000247002,0.0004910071147605777,0.04522424191236496
6.522978782653809,5.286584854125977,0.0010772804962471128,0.0004909657873213291,0.045227110385894775
6.524664402008057,5.287912368774414,0.0010766496416181326,0.000491234241053462,0.04528104141354561
6.507138729095459,5.270695686340332,0.0010764363687485456,0.0004910848219878972,0.04526827111840248
6.533241271972656,5.297390937805176,0.0010768354404717684,0.0004907248076051474,0.04520703852176666
6.515005111694336,5.2791900634765625,0.0010767271742224693,0.0004906975082121789,0.04521024599671364
6.515047073364258,5.278858184814453,0.0010761204175651073,0.000490980688482523,0.04526379704475403
6.498086929321289,5.262214183807373,0.0010759031865745783,0.0004908276605419815,0.045250725001096725
6.524943828582764,5.289683818817139,0.0010762839810922742,0.0004904429079033434,0.04518965259194374
6.5070576667785645,5.271820068359375,0.0010761924786493182,0.0004904218949377537,0.04519307240843773
6.505559921264648,5.269943714141846,0.0010755881667137146,0.000490718346554786,0.04524629935622215
6.489023685455322,5.2537360191345215,0.0010753648821264505,0.0004905447131022811,0.04523327574133873
6.516757488250732,5.282060623168945,0.001075751380994916,0.0004901888314634562,0.045172691345214844
6.499257564544678,5.264599800109863,0.0010756398551166058,0.0004901535576209426,0.04517612233757973
6.496092319488525,5.261073589324951,0.0010750419460237026,0.0004904165980406106,0.04522894695401192
6.47999906539917,5.245303630828857,0.0010748283239081502,0.0004902543150819838,0.0452154316008091
6.508698463439941,5.2745890617370605,0.0010752027155831456,0.0004899080959148705,0.04515537992119789
6.491512298583984,5.257437229156494,0.0010750950314104557,0.0004898745100945234,0.04515906423330307
6.486630439758301,5.252191066741943,0.0010745050385594368,0.0004901402280665934,0.04521168768405914
6.471029281616211,5.236912250518799,0.0010742868762463331,0.0004899909836240113,0.045197829604148865
6.500706672668457,5.267193794250488,0.0010746464831754565,0.0004896115860901773,0.0451384037733078
6.483792304992676,5.250299453735352,0.0010745511390268803,0.0004895897000096738,0.04514219984412193
6.477258205413818,5.243403434753418,0.0010739684803411365,0.0004898628103546798,0.04519389569759369
6.4620747566223145,5.228547096252441,0.0010737469419836998,0.0004897082690149546,0.04517998918890953
6.492744445800781,5.259803771972656,0.0010741112055256963,0.0004893411532975733,0.0451214425265789
6.476149559020996,5.243233680725098,0.001074007828719914,0.0004893162986263633,0.04512536898255348
6.467955112457275,5.2346720695495605,0.0010734341340139508,0.0004896055907011032,0.045176293700933456
6.453200340270996,5.220266819000244,0.0010732044465839863,0.0004894243320450187,0.04516194015741348
6.484869480133057,5.252511501312256,0.0010735556716099381,0.0004890710115432739,0.04510444030165672
6.46851921081543,5.236183166503906,0.0010734546231105924,0.0004890479613095522,0.04510844126343727
6.458743572235107,5.2260613441467285,0.0010728946654126048,0.0004892961587756872,0.04515868052840233
6.444418907165527,5.212064743041992,0.0010726687032729387,0.000489155703689903,0.04514416307210922
6.4769062995910645,5.245132923126221,0.001073010847903788,0.0004887860850431025,0.045087460428476334
6.4608683586120605,5.229104995727539,0.0010729088680818677,0.0004887867253273726,0.04509160295128822
6.449666976928711,5.217560291290283,0.0010723560117185116,0.0004890430718660355,0.045140694826841354
6.435768127441406,5.2040019035339355,0.0010721214348450303,0.0004888916155323386,0.04512593895196915
6.468910217285156,5.237715244293213,0.0010724570602178574,0.0004885228700004518,0.04507049545645714
6.453121662139893,5.221941947937012,0.0010723522864282131,0.0004885102971456945,0.045074865221977234
6.440711975097656,5.209194660186768,0.0010718167759478092,0.0004887579125352204,0.04512300714850426
6.427226543426514,5.196056365966797,0.0010715759126469493,0.0004885997041128576,0.04510820284485817
6.4608588218688965,5.230245590209961,0.0010719049023464322,0.0004882478096988052,0.04505367577075958
6.445377826690674,5.214780807495117,0.0010718037374317646,0.0004882320645265281,0.045057911425828934
6.431911468505859,5.200997829437256,0.0010712677612900734,0.0004884598893113434,0.045104995369911194
6.41887092590332,5.188296318054199,0.0010710301576182246,0.0004883119836449623,0.045090366154909134
6.452675819396973,5.222640514373779,0.0010713567025959492,0.0004879730986431241,0.04503704607486725
6.43748140335083,5.207470893859863,0.0010712497169151902,0.0004879542684648186,0.04504084959626198
6.4232683181762695,5.192950248718262,0.001070725847966969,0.0004881790664512664,0.045086588710546494
6.4106059074401855,5.180624008178711,0.0010704770684242249,0.00048804079415276647,0.04507233202457428
6.4444169998168945,5.214974403381348,0.00107079918961972,0.0004876790626440197,0.04502032697200775
6.42952823638916,5.20010232925415,0.0010707018664106727,0.0004876648890785873,0.045024242252111435
6.414795398712158,5.185064792633057,0.0010701820719987154,0.00048790889559313655,0.045068491250276566
6.4024786949157715,5.173095703125,0.0010699297999963164,0.00048775336472317576,0.04505414888262749
6.4361443519592285,5.207273006439209,0.001070239464752376,0.00048743037041276693,0.04500364512205124
6.421541690826416,5.1926798820495605,0.001070148777216673,0.00048742725630290806,0.04500738903880119
6.406486988067627,5.177357196807861,0.0010696313111111522,0.000487623707158491,0.04505022615194321
6.394526958465576,5.165742874145508,0.001069375197403133,0.00048746855463832617,0.04503622278571129
6.427731990814209,5.199441432952881,0.0010696795070543885,0.000487155863083899,0.044987309724092484
6.413432598114014,5.18516206741333,0.001069587771780789,0.00048713982687331736,0.04499068483710289
6.398270606994629,5.169735431671143,0.0010690846247598529,0.0004873489961028099,0.045031849294900894
6.386645317077637,5.158450603485107,0.0010688198963180184,0.0004872068820986897,0.045018136501312256
6.419238090515137,5.191537857055664,0.0010691200150176883,0.00048686927766539156,0.044970568269491196
6.405277729034424,5.177586555480957,0.0010690466733649373,0.00048686115769669414,0.044973719865083694
6.390162467956543,5.162227630615234,0.0010685257147997618,0.0004870705306529999,0.04501365125179291
6.378876209259033,5.151288032531738,0.0010682613356038928,0.0004869081312790513,0.04500037059187889
6.410706996917725,5.183574199676514,0.0010685698362067342,0.0004866124945692718,0.04495416581630707
6.397088527679443,5.169973373413086,0.0010684916051104665,0.0004866003291681409,0.044956911355257034
6.382203102111816,5.154863357543945,0.001067977282218635,0.0004867951211053878,0.04499533772468567
6.371250152587891,5.144245624542236,0.0010677085956558585,0.0004866524541284889,0.04498240724205971
6.4021172523498535,5.175580024719238,0.0010680018458515406,0.00048632072866894305,0.044937606900930405
6.388838768005371,5.1623029708862305,0.001067935605533421,0.00048633638652972877,0.04493998363614082
6.374336242675781,5.147602558135986,0.0010674225632101297,0.00048650504322722554,0.044976986944675446
6.363709449768066,5.137314796447754,0.0010671393247321248,0.00048635341227054596,0.04496481642127037
6.393479824066162,5.167526721954346,0.001067437813617289,0.00048604572657495737,0.044921159744262695
6.380571365356445,5.154617786407471,0.001067382749170065,0.00048606639029458165,0.044922903180122375
6.366598129272461,5.140472412109375,0.001066864700987935,0.0004862170899286866,0.044958487153053284
6.356247425079346,5.130453109741211,0.0010665813460946083,0.0004860732879023999,0.04494670778512955
6.384875774383545,5.159490585327148,0.0010668854229152203,0.0004857972380705178,0.04490436613559723
6.372300148010254,5.146939277648926,0.0010668316390365362,0.00048577168490737677,0.0449058972299099
6.358912467956543,5.13338565826416,0.00106631510425359,0.0004859314358327538,0.04494035243988037
6.348819732666016,5.12363338470459,0.0010660177795216441,0.00048577378038316965,0.044929053634405136
6.376276969909668,5.151475429534912,0.0010663169668987393,0.00048552892985753715,0.044887859374284744
6.36407995223999,5.139302730560303,0.0010662651620805264,0.00048550928477197886,0.044888999313116074
6.351210117340088,5.126288890838623,0.0010657495586201549,0.0004856489831581712,0.04492221027612686
6.341475963592529,5.116884708404541,0.0010654648067429662,0.00048549295752309263,0.04491124302148819
6.367677211761475,5.143465995788574,0.0010657582897692919,0.00048524216981604695,0.04487108811736107
6.355885982513428,5.131687641143799,0.0010657166130840778,0.0004852446436416358,0.044871751219034195
6.343602180480957,5.1192851066589355,0.0010651912307366729,0.0004853686550632119,0.044903699308633804
6.334113121032715,5.110113143920898,0.0010649022879078984,0.00048523067380301654,0.04489333927631378
6.359204292297363,5.135570049285889,0.0010651969350874424,0.0004849857941735536,0.044854287058115005
6.347740650177002,5.1241302490234375,0.0010651579359546304,0.0004849681572522968,0.044854745268821716
6.336008548736572,5.112295627593994,0.0010646170703694224,0.0004850933328270912,0.044885799288749695
6.326803684234619,5.103409767150879,0.0010643326677381992,0.00048494170187041163,0.04487566649913788
6.350767135620117,5.127714157104492,0.0010646539740264416,0.00048470188630744815,0.04483752325177193
6.339685440063477,5.116661548614502,0.0010646109003573656,0.000484687538119033,0.04483748599886894
6.32843542098999,5.105329513549805,0.0010640636319294572,0.0004848002572543919,0.04486735910177231
6.319453716278076,5.096665859222412,0.0010637787636369467,0.0004846341034863144,0.04485810548067093
6.342456340789795,5.119990825653076,0.0010640823747962713,0.00048443189007230103,0.044820815324783325
6.331730842590332,5.109276294708252,0.0010640585096552968,0.00048444236745126545,0.04482041299343109
6.320810794830322,5.09830904006958,0.0010634968057274818,0.000484518357552588,0.04484943300485611
6.312101364135742,5.089915752410889,0.0010632132180035114,0.0004843512724619359,0.04484033212065697
6.334219932556152,5.112335205078125,0.0010635339422151446,0.000484161835629493,0.04480366408824921
6.3238630294799805,5.102000713348389,0.001063504721969366,0.0004841567715629935,0.04480315372347832
6.313209056854248,5.091314792633057,0.001062931027263403,0.00048423081170767546,0.04483133926987648
6.304755210876465,5.083159923553467,0.0010626493021845818,0.0004840917245019227,0.044822510331869125
6.326108455657959,5.104799270629883,0.0010629704920575023,0.0004839160537812859,0.04478657618165016
6.316086769104004,5.094807147979736,0.0010629456955939531,0.00048389562289230525,0.04478588327765465
6.305559158325195,5.084263324737549,0.001062376075424254,0.0004839481844101101,0.044813353568315506
6.297375679016113,5.076392650604248,0.001062075374647975,0.000483790849102661,0.044805001467466354
6.318114757537842,5.0973920822143555,0.0010624176356941462,0.0004836390435229987,0.044769421219825745
6.308410167694092,5.087714672088623,0.001062402967363596,0.0004836230364162475,0.04476822540163994
6.297957420349121,5.077271938323975,0.0010618021478876472,0.00048366503324359655,0.044795192778110504
6.289999485015869,5.069612503051758,0.0010615132050588727,0.0004835117724724114,0.044787462800741196
6.310192108154297,5.090058326721191,0.0010618637315928936,0.0004833559796679765,0.044752418994903564
6.300788879394531,5.080685615539551,0.0010618400992825627,0.00048334748134948313,0.04475092515349388
6.290327548980713,5.070244312286377,0.0010612360201776028,0.00048338432679884136,0.0447772815823555
6.282649040222168,5.062855243682861,0.001060964073985815,0.0004832279810216278,0.044769760221242905
6.302379608154297,5.082836627960205,0.0010613012127578259,0.0004830830730497837,0.04473511129617691
6.2932586669921875,5.073742866516113,0.0010612913174554706,0.00048307067481800914,0.04473348706960678
6.282677173614502,5.06321382522583,0.0010606645373627543,0.00048307637916877866,0.04475927725434303
6.275235176086426,5.056051731109619,0.0010603840928524733,0.0004829440440516919,0.04475192725658417
6.294707775115967,5.0757317543029785,0.0010607592994347215,0.00048283577780239284,0.04471781849861145
6.285824298858643,5.0669026374816895,0.0010607277508825064,0.0004828004166483879,0.044715721160173416
6.2750725746154785,5.0562052726745605,0.0010600951500236988,0.00048281726776622236,0.04474109038710594
6.26782751083374,5.049240589141846,0.001059821923263371,0.00048266921658068895,0.04473414272069931
6.287135124206543,5.068756103515625,0.0010601923568174243,0.0004825519281439483,0.04470064863562584
6.27848482131958,5.060154438018799,0.0010601780377328396,0.0004825153446290642,0.04469840228557587
6.26741886138916,5.04916524887085,0.0010595248313620687,0.0004825166251976043,0.044723257422447205
6.260397434234619,5.042408466339111,0.001059256843291223,0.0004823940107598901,0.044716376811265945
6.279611110687256,5.061812877655029,0.0010596471838653088,0.0004822858900297433,0.04468318819999695
6.271193981170654,5.0534563064575195,0.0010596239008009434,0.0004822351911570877,0.04468082636594772
6.259791374206543,5.042148113250732,0.0010589573066681623,0.00048222392797470093,0.04470522701740265
6.252991676330566,5.035601615905762,0.0010586869902908802,0.00048211717512458563,0.044698793441057205
6.272149085998535,5.054943561553955,0.0010590930469334126,0.0004820020985789597,0.04466581344604492
6.2639288902282715,5.046768665313721,0.0010590768652036786,0.0004819805617444217,0.04466314613819122
6.252187728881836,5.035147190093994,0.0010583826806396246,0.00048194918781518936,0.044687483459711075
6.245611667633057,5.0288310050964355,0.0010581257520243526,0.0004818162997253239,0.04468097910284996
6.264716625213623,5.048091411590576,0.001058542518876493,0.00048174141556955874,0.04464833438396454
6.256692886352539,5.040120601654053,0.0010585230775177479,0.00048170940135605633,0.044645603746175766
6.2446088790893555,5.02817964553833,0.0010578131768852472,0.00048165631596930325,0.04466942325234413
6.238247394561768,5.022073268890381,0.0010575540363788605,0.0004815307620447129,0.0446632094681263
6.257305145263672,5.041273593902588,0.001057990943081677,0.00048145686741918325,0.04463077709078789
6.249449253082275,5.033475875854492,0.0010579718509688973,0.00048141879960894585,0.04462781548500061
6.2371039390563965,5.021284103393555,0.0010572427418082952,0.0004813744453713298,0.04465114697813988
6.230926513671875,5.015353202819824,0.0010569845326244831,0.00048125674948096275,0.0446452759206295
6.249833106994629,5.034400463104248,0.0010574311017990112,0.0004811665858142078,0.044613346457481384
6.2421793937683105,5.02679443359375,0.0010574226034805179,0.00048114394303411245,0.0446101650595665
6.229702472686768,5.014488697052002,0.00105666508898139,0.00048109135241247714,0.04463353380560875
6.223713397979736,5.00873327255249,0.0010564207332208753,0.00048098762636072934,0.044627610594034195
6.24234676361084,5.027494430541992,0.0010568801080808043,0.00048091524513438344,0.04459546506404877
6.234807968139648,5.0200114250183105,0.0010568625293672085,0.00048088261974044144,0.044592373073101044
6.222399711608887,5.007791042327881,0.0010560923255980015,0.0004808093362953514,0.04461577162146568
6.216625213623047,5.00225830078125,0.0010558349313214421,0.00048070168122649193,0.044609859585762024
6.234706401824951,5.020430564880371,0.0010563302785158157,0.00048066533054225147,0.044577788561582565
6.2274017333984375,5.013193607330322,0.0010563216637820005,0.0004806020006071776,0.044574666768312454
6.2151665687561035,5.001165866851807,0.0010555190965533257,0.0004805290082003921,0.04459765553474426
6.209672451019287,4.995895862579346,0.001055280794389546,0.00048042976413853467,0.04459212347865105
6.226938247680664,5.013270378112793,0.0010557722998782992,0.00048035813961178064,0.044560227543115616
6.219805717468262,5.006195068359375,0.0010557600762695074,0.0004803243209607899,0.0445568673312664
6.208142280578613,4.994750499725342,0.001054938300512731,0.00048024821444414556,0.04457985237240791
6.2028117179870605,4.98964262008667,0.0010547070996835828,0.00048014335334300995,0.04457441344857216
6.218979835510254,5.0059099197387695,0.0010552145540714264,0.0004800766473636031,0.04454242065548897
6.212101459503174,4.999079704284668,0.0010552088497206569,0.0004800529277417809,0.04453907534480095
6.201228618621826,4.988440036773682,0.0010543615790084004,0.00047997443471103907,0.04456206038594246
6.196133136749268,4.983574867248535,0.001054120366461575,0.0004798639565706253,0.044556625187397
6.2109150886535645,4.998432636260986,0.0010546500561758876,0.00047982099931687117,0.044524725526571274
6.20428991317749,4.991868019104004,0.0010546559933573008,0.0004797574947588146,0.0445215217769146
6.194476127624512,4.98229455947876,0.001053783344104886,0.0004796897992491722,0.04454449936747551
6.189570903778076,4.97761869430542,0.0010535507462918758,0.00047957300557754934,0.044539038091897964
6.202686309814453,4.990819931030273,0.0010540903313085437,0.00047950222506187856,0.04450703784823418
6.196417331695557,4.984589099884033,0.0010541001101955771,0.0004794845590367913,0.04450361430644989
6.187830448150635,4.976263523101807,0.001053203479386866,0.00047939669457264245,0.04452667012810707
6.183122634887695,4.971776962280273,0.0010529684368520975,0.00047929456923156977,0.04452141746878624
6.194469928741455,4.983190536499023,0.001053521758876741,0.00047924157115630805,0.0444897785782814
6.188492774963379,4.977254867553711,0.0010535420151427388,0.00047921016812324524,0.04448619857430458
6.181281566619873,4.970306396484375,0.0010526294354349375,0.0004791401152033359,0.04450900852680206
6.176776885986328,4.966031074523926,0.0010524018434807658,0.00047901307698339224,0.04450380802154541
6.186221122741699,4.975541114807129,0.001052951323799789,0.000478967820527032,0.04447203874588013
6.1806206703186035,4.969978332519531,0.0010529827559366822,0.00047893213923089206,0.04446849599480629
6.17478084564209,4.964412212371826,0.0010520541109144688,0.0004788568476215005,0.04449129104614258
6.170456409454346,4.960300922393799,0.0010518350172787905,0.0004787490761373192,0.04448634758591652
6.1780171394348145,4.96794319152832,0.0010523865930736065,0.0004786680219694972,0.04445469006896019
6.1728010177612305,4.962742328643799,0.0010524324607104063,0.0004786618228536099,0.04445112869143486
6.1682844161987305,4.958512783050537,0.0010514807654544711,0.00047858248581178486,0.044473957270383835
6.164143085479736,4.954590320587158,0.0010512600420042872,0.0004784666234627366,0.04446890950202942
6.1699113845825195,4.960429668426514,0.0010518148774281144,0.00047840134357102215,0.04443734511733055
6.16508674621582,4.955634117126465,0.0010518684284761548,0.00047836508019827306,0.044433582574129105
6.161717414855957,4.952552318572998,0.0010509042767807841,0.00047830247785896063,0.04445619881153107
6.157806396484375,4.948851108551025,0.001050692517310381,0.0004781937168445438,0.044451236724853516
6.161992073059082,4.953110218048096,0.001051250728778541,0.00047811417607590556,0.04441996291279793
6.157556533813477,4.948689937591553,0.0010513045126572251,0.0004781077441293746,0.044416069984436035
6.155141353607178,4.946565628051758,0.001050341408699751,0.00047803798224776983,0.044438619166612625
6.151376247406006,4.943012714385986,0.0010501240612939,0.0004779287555720657,0.044433727860450745
6.154282569885254,4.945993423461914,0.0010506890248507261,0.0004778377478942275,0.04440261423587799
6.150182723999023,4.941906452178955,0.0010507549159228802,0.00047782791079953313,0.04439850151538849
6.1483964920043945,4.9404096603393555,0.0010497707407921553,0.00047778795124031603,0.04442077875137329
6.144881248474121,4.937114238739014,0.0010495531605556607,0.00047765093040652573,0.04441653564572334
6.146731376647949,4.939036846160889,0.0010501223150640726,0.00047755285049788654,0.04438570886850357
6.143022060394287,4.935333251953125,0.0010502018267288804,0.0004775545676238835,0.044381044805049896
6.141550064086914,4.934174060821533,0.0010491958819329739,0.0004774981352966279,0.044402897357940674
6.138280391693115,4.9311065673828125,0.0010489851702004671,0.0004773867258336395,0.04439878463745117
6.139371871948242,4.9322733879089355,0.0010495748138055205,0.00047726210323162377,0.044367965310811996
6.136003017425537,4.928891181945801,0.0010496563045307994,0.00047729696962051094,0.04436348006129265
6.134660243988037,4.927883625030518,0.001048626727424562,0.00047722429735586047,0.04438509792089462
6.131633758544922,4.925056457519531,0.001048422185704112,0.0004771089879795909,0.04438119754195213
6.132112503051758,4.925612926483154,0.0010490166023373604,0.0004769665247295052,0.04435081407427788
6.1290717124938965,4.922557830810547,0.0010491018183529377,0.00047700759023427963,0.04434588924050331
6.1277265548706055,4.921535968780518,0.0010480686323717237,0.0004769715596921742,0.044367048889398575
6.124898910522461,4.918910026550293,0.001047855825163424,0.0004768546496052295,0.04436337575316429
6.1250505447387695,4.919137954711914,0.0010484694503247738,0.00047668421757407486,0.0443335697054863
6.122281074523926,4.916349411010742,0.0010485592065379024,0.00047673657536506653,0.04432840272784233
6.120694160461426,4.915112018585205,0.0010474915616214275,0.00047669114428572357,0.044349104166030884
6.118190288543701,4.912795066833496,0.0010472828289493918,0.00047659280244261026,0.04434574022889137
6.118002891540527,4.9126667976379395,0.0010479282354936004,0.0004764207697007805,0.04431614652276039
6.115532875061035,4.910187721252441,0.0010480143828317523,0.0004764619516208768,0.04431070387363434
6.113712310791016,4.9087138175964355,0.0010469260159879923,0.0004764408804476261,0.04433149844408035
6.111477375030518,4.906672954559326,0.001046714256517589,0.00047633209032937884,0.04432811960577965
6.110981464385986,4.906240463256836,0.001047380268573761,0.0004761253367178142,0.04429878666996956
6.108785152435303,4.904033184051514,0.001047460245899856,0.0004761810414493084,0.0442931205034256
6.1067705154418945,4.9023661613464355,0.0010463629150763154,0.00047617897507734597,0.044313352555036545
6.104821681976318,4.900610446929932,0.0010461476631462574,0.00047606092994101346,0.044310715049505234
6.104032516479492,4.899881362915039,0.0010468402178958058,0.0004758300492540002,0.04428159072995186
6.102085113525391,4.897916316986084,0.001046926947310567,0.00047589995665475726,0.044275522232055664
6.099863529205322,4.896054267883301,0.001045786775648594,0.0004759242874570191,0.04429533705115318
6.0981645584106445,4.894540786743164,0.0010455873562023044,0.00047579535748809576,0.044293247163295746
6.097038745880127,4.8934645652771,0.0010462977224960923,0.0004755653499159962,0.0442642904818058
6.095362663269043,4.891783237457275,0.0010463756043463945,0.00047563205589540303,0.04425755888223648
6.093062877655029,4.88985013961792,0.0010452237911522388,0.00047565519344061613,0.04427734762430191
6.091609954833984,4.888586521148682,0.0010450176196172833,0.0004755149711854756,0.044275712221860886
6.090037822723389,4.887047290802002,0.0010457619791850448,0.00047527728020213544,0.04424712061882019
6.088651657104492,4.885656356811523,0.0010458274045959115,0.00047536834608763456,0.044239748269319534
6.086226940155029,4.883611679077148,0.001044653239659965,0.00047539419028908014,0.04425917565822601
6.085114479064941,4.882663249969482,0.001044458243995905,0.00047528313007205725,0.04425807669758797
6.0830535888671875,4.880647659301758,0.0010452237911522388,0.0004749913641717285,0.04422985017299652
6.081960678100586,4.879552364349365,0.0010452787391841412,0.00047509578871540725,0.044222135096788406
6.079473495483398,4.877444267272949,0.0010440873447805643,0.0004751500382553786,0.04424102231860161
6.07853889465332,4.876695156097412,0.0010438753524795175,0.0004749989020638168,0.04424065724015236
6.076151371002197,4.874327182769775,0.0010446830419823527,0.0004747113271150738,0.044212665408849716
6.0753326416015625,4.873515605926514,0.0010447301901876926,0.0004748156061396003,0.04420442879199982
6.0726542472839355,4.871222019195557,0.0010435113217681646,0.0004748949140775949,0.044222936034202576
6.071980953216553,4.870722770690918,0.0010433095740154386,0.0004747510247398168,0.04422278329730034
6.0692925453186035,4.868053913116455,0.0010441658087074757,0.0004744076868519187,0.044195160269737244
6.068777561187744,4.867553234100342,0.001044170232489705,0.00047455320600420237,0.04418626427650452
6.065829753875732,4.864991664886475,0.0010429330868646502,0.00047464846284128726,0.04420475661754608
6.065441131591797,4.864768981933594,0.0010427343659102917,0.000474498956464231,0.044205550104379654
6.062528133392334,4.8618597984313965,0.0010436354205012321,0.0004741460725199431,0.044177766889333725
6.062222957611084,4.861587047576904,0.0010436134180054069,0.00047429389087483287,0.044168245047330856
6.059087753295898,4.858836650848389,0.001042376272380352,0.0004743928147945553,0.04418664053082466
6.058933734893799,4.858856678009033,0.0010421695187687874,0.00047422453644685447,0.044187989085912704
6.055741786956787,4.855679035186768,0.001043100142851472,0.0004738194984383881,0.044160328805446625
6.055685997009277,4.855648994445801,0.0010430692927911878,0.0004740009317174554,0.04415019229054451
6.052360534667969,4.852678298950195,0.0010418184101581573,0.0004741726443171501,0.04416865482926369
6.052422046661377,4.852924823760986,0.001041591982357204,0.0004739879514090717,0.04417070373892784
6.0489912033081055,4.849502086639404,0.0010425609070807695,0.0004735611437354237,0.044142819941043854
6.049136638641357,4.84970235824585,0.0010425039799883962,0.0004737338749691844,0.044131506234407425
6.045670032501221,4.846579074859619,0.0010412471601739526,0.0004739216237794608,0.04415063560009003
6.045939922332764,4.847024440765381,0.0010410207323729992,0.00047374016139656305,0.04415351524949074
6.042248249053955,4.843346118927002,0.0010420377366244793,0.00047326882486231625,0.04412489011883736
6.042660713195801,4.843807697296143,0.00104193901643157,0.00047350654494948685,0.044113025069236755
6.039041996002197,4.840536594390869,0.0010406796354800463,0.0004736748815048486,0.04413280636072159
6.0395121574401855,4.841179370880127,0.0010404482018202543,0.00047348663792945445,0.04413652420043945
6.035577774047852,4.837264060974121,0.001041503855958581,0.00047298174467869103,0.044107090681791306
6.036188125610352,4.837944030761719,0.0010413705604150891,0.0004732338711619377,0.044094160199165344
6.03237771987915,4.834445953369141,0.0010401111794635653,0.0004734523536171764,0.04411502182483673
6.033010482788086,4.835262298583984,0.0010398682206869125,0.0004732351517304778,0.04411965608596802
6.028975009918213,4.831255912780762,0.001040961709804833,0.0004726997867692262,0.04408884793519974
6.029689788818359,4.832059860229492,0.001040813745930791,0.0004729418142233044,0.04407518729567528
6.0257744789123535,4.828414440155029,0.0010395373683422804,0.00047323491889983416,0.044097356498241425
6.026546001434326,4.829373836517334,0.0010392748517915606,0.0004730117798317224,0.04410289227962494
6.022371768951416,4.825250625610352,0.0010404047789052129,0.00047243142034858465,0.0440702922642231
6.02323579788208,4.826205730438232,0.0010402435436844826,0.0004726993211079389,0.04405588284134865
6.019181251525879,4.822393417358398,0.0010389796225354075,0.0004729904467239976,0.044080253690481186
6.020078182220459,4.823481559753418,0.001038712915033102,0.0004727492341771722,0.044086530804634094
6.015827178955078,4.819304943084717,0.0010398563463240862,0.0004721609875559807,0.04405134543776512
6.016755104064941,4.820355415344238,0.001039664726704359,0.00047241008724085987,0.04403622820973396
6.012634754180908,4.816410541534424,0.001038398128002882,0.0004727817140519619,0.04406343400478363
6.013631820678711,4.81762170791626,0.0010381138417869806,0.00047249524504877627,0.04407060146331787
6.009222030639648,4.813313007354736,0.001039290800690651,0.0004718911659438163,0.04403181001543999
6.010289669036865,4.81449031829834,0.0010391054674983025,0.0004721713485196233,0.04401608556509018
6.006145000457764,4.810493469238281,0.0010378198930993676,0.00047253674711100757,0.04404730722308159
6.007193088531494,4.8117594718933105,0.0010375342098996043,0.00047224151785485446,0.04405457153916359
6.002756118774414,4.807484149932861,0.001038724440149963,0.00047158959205262363,0.04401151090860367
6.00382661819458,4.808646202087402,0.001038533286191523,0.0004719110147561878,0.04399581998586655
5.9996232986450195,4.804520130157471,0.0010372406104579568,0.0004723297606687993,0.04403179511427879
6.000627040863037,4.805783748626709,0.0010369297815486789,0.00047198572428897023,0.0440385527908802
5.996313095092773,4.801665782928467,0.0010381564497947693,0.00047133571933954954,0.043990157544612885
5.997302055358887,4.802740573883057,0.0010379425948485732,0.000471671752166003,0.04397543519735336
5.993181228637695,4.798625469207764,0.0010366440983489156,0.00047211433411575854,0.044017668813467026
5.994068145751953,4.799814701080322,0.0010363379260525107,0.0004717092961072922,0.044022973626852036
5.989900588989258,4.795897960662842,0.0010375810088589787,0.0004710761713795364,0.04396736994385719
5.990687847137451,4.79677152633667,0.001037357491441071,0.0004713780072052032,0.04395483434200287
5.986814498901367,4.792792797088623,0.0010360463056713343,0.00047190123586915433,0.04400477185845375
5.987451553344727,4.793796062469482,0.0010357408318668604,0.00047143513802438974,0.044006746262311935
5.983612060546875,4.790244102478027,0.001037026522681117,0.00047084366087801754,0.043943293392658234
5.984001636505127,4.790709972381592,0.0010367751820012927,0.0004711198853328824,0.043934404850006104
5.980508804321289,4.78700590133667,0.0010354436235502362,0.0004717085394077003,0.04399271309375763
5.980669021606445,4.787642955780029,0.0010351359378546476,0.0004711250658147037,0.043989550322294235
5.977357864379883,4.784639358520508,0.0010364674963057041,0.00047060419456101954,0.043918296694755554
5.977128028869629,4.78447151184082,0.0010361539898440242,0.00047085341066122055,0.0439152754843235
5.974242687225342,4.78127908706665,0.0010348277864977717,0.00047146156430244446,0.043981898576021194
5.973670482635498,4.78131103515625,0.0010345256887376308,0.0004707883927039802,0.043970245867967606
5.9711222648620605,4.779055595397949,0.0010358997387811542,0.0004703835293184966,0.04389252886176109
5.970070838928223,4.778042316436768,0.001035519759170711,0.0004705817555077374,0.04389776289463043
5.968045234680176,4.775634765625,0.00103418854996562,0.0004712165391538292,0.04397077485918999
5.966439247131348,4.7747979164123535,0.0010339106665924191,0.0004703969752881676,0.04394875839352608
5.9648871421813965,4.773470878601074,0.0010353446705266833,0.0004701393481809646,0.04386744275689125
5.962818622589111,4.771415710449219,0.001034880056977272,0.0004702741280198097,0.043882619589567184
5.961533069610596,4.769751071929932,0.0010335514089092612,0.00047086813719943166,0.043957218527793884
5.95904016494751,4.768165588378906,0.0010333009995520115,0.00046997013851068914,0.043923910707235336
5.958268642425537,4.767505168914795,0.001034763641655445,0.00046986734378151596,0.043844807893037796
5.955412864685059,4.764620780944824,0.0010342198656871915,0.0004699717974290252,0.043869636952877045
5.954661846160889,4.763556957244873,0.0010329107753932476,0.00047050564899109304,0.043939705938100815
5.951561450958252,4.761456489562988,0.0010326876072213054,0.00046958585153333843,0.043896839022636414
5.951178073883057,4.761054515838623,0.0010341497836634517,0.0004695710667874664,0.04382627457380295
5.947894096374512,4.757706165313721,0.0010335430270060897,0.0004696706309914589,0.04385808855295181
5.947346210479736,4.757011890411377,0.001032261992804706,0.00047007546527311206,0.04391656816005707
5.94399881362915,4.7546610832214355,0.0010320753790438175,0.0004692167276516557,0.04386917129158974
5.943690776824951,4.754217624664307,0.0010334965772926807,0.0004692106449510902,0.043811947107315063
5.940303802490234,4.750749111175537,0.001032844535075128,0.0004693414375651628,0.043846163898706436
5.939769744873047,4.750248432159424,0.0010316336993128061,0.0004696365213021636,0.04388859122991562
5.9364118576049805,4.7478413581848145,0.0010314513929188251,0.0004688400949817151,0.043842483311891556
5.936005592346191,4.747146129608154,0.0010328317293897271,0.0004688636108767241,0.043801143765449524
5.932712078094482,4.743821144104004,0.0010321351001039147,0.0004689946072176099,0.04383256658911705
5.932135105133057,4.743470668792725,0.0010309747885912657,0.0004692090442404151,0.04385723918676376
5.928858280181885,4.741001605987549,0.0010308334603905678,0.00046851232764311135,0.043818388134241104
5.9283127784729,4.740079402923584,0.0010321260197088122,0.0004684948071371764,0.043792273849248886
5.925189018249512,4.736970901489258,0.001031436724588275,0.00046869300422258675,0.04381534084677696
5.924443244934082,4.736623764038086,0.0010303237941116095,0.00046880586887709796,0.04382546991109848
5.921442031860352,4.734267711639404,0.00103020912501961,0.00046819227281957865,0.0437973290681839
5.920632362365723,4.733043670654297,0.0010313874809071422,0.00046813703374937177,0.04378262534737587
5.917731285095215,4.730221271514893,0.001030755345709622,0.00046836602268740535,0.0437949039041996
5.916822910308838,4.7298054695129395,0.0010296676773577929,0.00046845394535921514,0.043795663863420486
5.91401481628418,4.727512836456299,0.001029563252814114,0.0004678673285525292,0.04377864673733711
5.9130072593688965,4.726099014282227,0.0010306212352588773,0.00046778787509538233,0.04377034679055214
5.91028356552124,4.723479270935059,0.0010301059810444713,0.0004680542042478919,0.043772414326667786
5.909173488616943,4.7229204177856445,0.0010290256468579173,0.0004680999554693699,0.043769028037786484
5.9065117835998535,4.720663070678711,0.0010289214551448822,0.00046756144729442894,0.043760739266872406
5.905411720275879,4.719197750091553,0.001029888284392655,0.00046745166764594615,0.043754372745752335
5.902808666229248,4.716714859008789,0.0010294589446857572,0.00046774500515311956,0.04374917969107628
5.901552200317383,4.71601676940918,0.0010283914161846042,0.000467772304546088,0.04374537244439125
5.898911952972412,4.713733196258545,0.0010282687144353986,0.00046723513514734805,0.04374271258711815
5.897879123687744,4.7123494148254395,0.0010291971266269684,0.00046713778283447027,0.043736204504966736
5.895307540893555,4.70991325378418,0.0010288384510204196,0.0004674133670050651,0.043726831674575806
5.8938446044921875,4.709035873413086,0.0010277321562170982,0.00046741755795665085,0.043723370879888535
5.891305923461914,4.706813812255859,0.0010275943204760551,0.00046691668103449047,0.0437237024307251
5.8902997970581055,4.705461502075195,0.0010285357711836696,0.00046681490493938327,0.04371626675128937
5.887727737426758,4.7030415534973145,0.001028182334266603,0.00046709401067346334,0.0437047965824604
5.886190414428711,4.702075481414795,0.0010270844213664532,0.00046710215974599123,0.04370217025279999
5.883716583251953,4.6999053955078125,0.001026929821819067,0.0004666006425395608,0.04370462894439697
5.882640838623047,4.698498249053955,0.0010278846602886915,0.00046648719580844045,0.043695710599422455
5.880122184753418,4.696182727813721,0.0010274864034727216,0.0004667456087190658,0.04368235915899277
5.878564834594727,4.695147514343262,0.001026427955366671,0.0004667682806029916,0.04368189722299576
5.876136779785156,4.693020820617676,0.0010262825526297092,0.00046624301467090845,0.04368536174297333
5.874966621398926,4.691544055938721,0.0010272092185914516,0.00046616262989118695,0.04367366433143616
5.87253999710083,4.689326763153076,0.001026783138513565,0.00046644621761515737,0.04365986958146095
5.870960235595703,4.688228607177734,0.0010257726535201073,0.00046643565292470157,0.04366274178028107
5.868592262268066,4.686161994934082,0.0010256291134282947,0.0004659219703171402,0.043665435165166855
5.867288589477539,4.684616565704346,0.001026503392495215,0.0004658208054024726,0.043651022017002106
5.864990711212158,4.682510852813721,0.0010260783601552248,0.0004661224957089871,0.043637946248054504
5.863287925720215,4.681255340576172,0.001025104196742177,0.0004660919075831771,0.04364345967769623
5.860994338989258,4.679292678833008,0.0010249639162793756,0.00046555561129935086,0.04364418983459473
5.859624862670898,4.6777143478393555,0.0010257598478347063,0.00046549594844691455,0.043628279119729996
5.857490062713623,4.6757121086120605,0.00102538475766778,0.0004658428952097893,0.04361642524600029
5.85549783706665,4.674178600311279,0.0010244540171697736,0.000465704855741933,0.043623968958854675
5.853321075439453,4.672353744506836,0.0010242811404168606,0.0004652177158277482,0.04362180083990097
5.851765155792236,4.670589923858643,0.0010250337654724717,0.00046517577720806,0.04360705986618996
5.850162982940674,4.669126987457275,0.0010246816091239452,0.0004654916701838374,0.04359491541981697
5.846735000610352,4.666093349456787,0.001023853663355112,0.0004653574724216014,0.04360359534621239
5.845466136932373,4.66524076461792,0.001023610937409103,0.0004648866888601333,0.04359765350818634
5.842383861541748,4.661983489990234,0.0010242052376270294,0.0004647876776289195,0.04359041899442673
5.842190742492676,4.661916732788086,0.0010239005787298083,0.00046518773888237774,0.043572988361120224
5.836894512176514,4.656893730163574,0.001023325719870627,0.00046510284300893545,0.043578680604696274
5.83772611618042,4.658259868621826,0.001023051212541759,0.0004643970460165292,0.04357418417930603
5.833597183227539,4.654050827026367,0.0010232980130240321,0.00046428292989730835,0.04357558488845825
5.832581520080566,4.65299654006958,0.0010230067418888211,0.00046514233690686524,0.04355107620358467
5.830314636230469,4.650944232940674,0.0010227860184386373,0.0004648322064895183,0.043556097894907
5.828843116760254,4.650027751922607,0.001022435026243329,0.0004641354316845536,0.04355304315686226
5.825657844543457,4.6468400955200195,0.0010225280420854688,0.00046402637963183224,0.04355406016111374
5.82607364654541,4.647262096405029,0.0010222661076113582,0.00046482140896841884,0.04352680221199989
5.822649002075195,4.643920421600342,0.0010221634292975068,0.00046474466216750443,0.043527472764253616
5.822669982910156,4.644532680511475,0.001021905685774982,0.0004635482036974281,0.04354104772210121
5.81972599029541,4.641690254211426,0.0010218064999207854,0.0004635268705897033,0.04353691264986992
5.817813873291016,4.63970422744751,0.0010216048685833812,0.00046452711103484035,0.04350440204143524
5.815529823303223,4.6374897956848145,0.001021530362777412,0.00046441348968073726,0.043506789952516556
5.814575672149658,4.637101650238037,0.0010212268680334091,0.0004633631615433842,0.04351790249347687
5.812335968017578,4.635052680969238,0.0010210764594376087,0.00046318021486513317,0.043515488505363464
5.8101396560668945,4.63277006149292,0.0010209184838458896,0.00046416689292527735,0.04348267987370491
5.808388710021973,4.6310505867004395,0.0010208875173702836,0.00046401581494137645,0.04348862171173096
5.806166648864746,4.629321575164795,0.0010205996222794056,0.0004631852498278022,0.04349526762962341
5.803953647613525,4.627410888671875,0.0010203310521319509,0.00046298876986838877,0.0434882789850235
5.80290412902832,4.626347541809082,0.0010201851837337017,0.0004636573721654713,0.04346352815628052
5.800678253173828,4.62407112121582,0.0010201961267739534,0.0004637603706214577,0.043462879955768585
5.798603057861328,4.622486591339111,0.0010199163807556033,0.0004628084716387093,0.04347538575530052
5.797338008880615,4.621485710144043,0.001019663061015308,0.00046267255675047636,0.0434684194624424
5.794182300567627,4.6184306144714355,0.00101947202347219,0.00046310777543112636,0.043446145951747894
5.793380260467529,4.617500305175781,0.0010195858776569366,0.00046323714195750654,0.043446820229291916
5.7905120849609375,4.614947319030762,0.0010193187044933438,0.0004627926100511104,0.04345094785094261
5.789412498474121,4.614307880401611,0.0010189202148467302,0.0004625099536497146,0.04343895614147186
5.787069797515869,4.61213493347168,0.001018719864077866,0.0004626023583114147,0.04342735558748245
5.7854485511779785,4.61029577255249,0.0010189245222136378,0.00046281731920316815,0.04342818260192871
5.783318996429443,4.608427047729492,0.00101866212207824,0.00046256158384494483,0.04342800751328468
5.781826019287109,4.60741662979126,0.0010182508267462254,0.00046224621473811567,0.04341606795787811
5.779525279998779,4.605309963226318,0.0010180518729612231,0.00046219993964768946,0.04340891167521477
5.778334617614746,4.603902816772461,0.001018280046992004,0.0004624422581400722,0.04340703412890434
5.775875568389893,4.6016154289245605,0.0010180636309087276,0.000462339841760695,0.04340586066246033
5.774968147277832,4.601284503936768,0.0010175395291298628,0.0004619676910806447,0.043392982333898544
5.772468090057373,4.598997116088867,0.0010173522168770432,0.0004618350649252534,0.0433877557516098
5.7713141441345215,4.597443103790283,0.0010177792282775044,0.00046220218064263463,0.043388042598962784
5.769031524658203,4.595360279083252,0.0010174809722229838,0.000462142750620842,0.04338591918349266
5.767632007598877,4.594681262969971,0.0010168367298319936,0.00046168427797965705,0.04336898773908615
5.765344619750977,4.592602252960205,0.001016685739159584,0.00046145779197104275,0.043367039412260056
5.76432991027832,4.591161727905273,0.001017115660943091,0.0004618683597072959,0.04336760193109512
5.762258052825928,4.589117050170898,0.0010169758461415768,0.00046197519986890256,0.04336651414632797
5.760256767272949,4.588033676147461,0.0010161260142922401,0.00046141352504491806,0.04334534704685211
5.758556365966797,4.5865068435668945,0.0010160331148654222,0.000461114221252501,0.043347593396902084
5.756402969360352,4.584144115447998,0.0010162953985854983,0.0004613084893207997,0.04334569349884987
5.754794120788574,4.582401752471924,0.0010162608232349157,0.0004616156511474401,0.04334540292620659
5.752426624298096,4.58083438873291,0.0010154593037441373,0.00046119707985781133,0.04332640767097473
5.7510480880737305,4.579704284667969,0.0010153900366276503,0.00046077361912466586,0.04332617297768593
5.748708248138428,4.57731819152832,0.0010154935298487544,0.00046079131425358355,0.04332474246621132
5.74715518951416,4.575586795806885,0.0010154395131394267,0.0004612273769453168,0.043323516845703125
5.745083332061768,4.574113368988037,0.001014817040413618,0.0004610026371665299,0.04330603405833244
5.743425369262695,4.572771072387695,0.001014741021208465,0.00046047286014072597,0.043304748833179474
5.741447448730469,4.570807933807373,0.0010147658176720142,0.00046040283632464707,0.043305519968271255
5.739780426025391,4.569013595581055,0.0010147150605916977,0.00046077874139882624,0.0433020144701004
5.737766265869141,4.567441940307617,0.0010141871171072125,0.0004607549053616822,0.043285343796014786
5.736020565032959,4.566041469573975,0.0010140978265553713,0.0004601690743584186,0.043284568935632706
5.734176158905029,4.564281463623047,0.0010140578960999846,0.00046003592433407903,0.04328477010130882
5.732415199279785,4.56243896484375,0.0010139568476006389,0.00046037937863729894,0.043280769139528275
5.73051118850708,4.560865879058838,0.0010135448537766933,0.00046044515329413116,0.043264999985694885
5.728607177734375,4.5592780113220215,0.0010134653421118855,0.0004599034145940095,0.0432644858956337
5.727006435394287,4.55781364440918,0.0010133616160601377,0.0004597489896696061,0.0432637594640255
5.7249531745910645,4.555749416351318,0.0010132492752745748,0.00045995041728019714,0.04326038435101509
5.723334789276123,4.554428577423096,0.0010128755820915103,0.00046009066863916814,0.04324232041835785
5.72125244140625,4.552567005157471,0.00101280037779361,0.0004596877843141556,0.0432441271841526
5.719851016998291,4.55134391784668,0.0010127016576007009,0.00045944939483888447,0.0432431735098362
5.717602252960205,4.549140930175781,0.001012591877952218,0.00045950355706736445,0.043241336941719055
5.71614933013916,4.547998428344727,0.001012176158837974,0.00045975681859999895,0.04321843758225441
5.713973045349121,4.545936584472656,0.0010121366940438747,0.00045947826583869755,0.04322288930416107
5.71260404586792,4.54478645324707,0.0010120536899194121,0.00045911280903965235,0.04322342574596405
5.7103753089904785,4.54263162612915,0.0010119499638676643,0.0004590837052091956,0.043222662061452866
5.7089009284973145,4.541484355926514,0.0010114688193425536,0.00045947235776111484,0.04319462552666664
5.706811428070068,4.539458751678467,0.001011453801766038,0.0004592144978232682,0.04320187121629715
5.705276012420654,4.538145065307617,0.0010114124743267894,0.00045876085641793907,0.043204452842473984
5.703157901763916,4.5361433029174805,0.001011301064863801,0.0004586986906360835,0.043201494961977005
5.701571464538574,4.534874439239502,0.0010107801062986255,0.0004591430479194969,0.04317355528473854
5.699597358703613,4.532934188842773,0.001010783715173602,0.0004589057352859527,0.04318186268210411
5.697942733764648,4.531504154205322,0.0010107489069923759,0.00045843981206417084,0.04318441078066826
5.695906162261963,4.529623508453369,0.0010106038535013795,0.00045840945676900446,0.04317762330174446
5.694310188293457,4.528315544128418,0.0010101021034643054,0.000458783091744408,0.043155211955308914
5.692289352416992,4.526341915130615,0.0010100933723151684,0.00045860884711146355,0.04315965250134468
5.690767765045166,4.524997234344482,0.0010100959334522486,0.00045812109601683915,0.04316618666052818
5.688611030578613,4.523083209991455,0.0010099216597154737,0.0004580619861371815,0.04315357282757759
5.687199592590332,4.521880149841309,0.001009439816698432,0.00045843786210753024,0.0431380532681942
5.684982776641846,4.519754409790039,0.0010093654273077846,0.0004583931586239487,0.04313493147492409
5.683654308319092,4.5185441970825195,0.0010095136240124702,0.00045772388693876565,0.04314911738038063
5.681396484375,4.516582489013672,0.0010092778829857707,0.00045770389260724187,0.04313230887055397
5.6800642013549805,4.515413284301758,0.0010087575064972043,0.0004581763641908765,0.04311840608716011
5.677735805511475,4.513219833374023,0.0010086358524858952,0.0004581820103339851,0.043110691010951996
5.676442623138428,4.511988639831543,0.0010089752031490207,0.0004573026963043958,0.043131474405527115
5.674163341522217,4.510030746459961,0.0010087001137435436,0.0004572756588459015,0.04311447963118553
5.672924995422363,4.508941650390625,0.0010080415522679687,0.00045806693378835917,0.043092913925647736
5.67056941986084,4.506709098815918,0.00100791291333735,0.00045806029811501503,0.04308741167187691
5.669458389282227,4.505630016326904,0.0010085096582770348,0.00045686902012676,0.04311389848589897
5.667055130004883,4.50354528427124,0.0010082259541377425,0.00045680758194066584,0.043099332600831985
5.666334629058838,4.502949237823486,0.0010073614539578557,0.00045816245255991817,0.043062373995780945
5.663822650909424,4.500526428222656,0.0010071960277855396,0.0004581718530971557,0.04306123033165932
5.663268566131592,4.499924659729004,0.0010083188535645604,0.000456380657851696,0.04309941083192825
5.660557746887207,4.497517108917236,0.001008027815259993,0.00045629069791175425,0.0430881567299366
5.660721778869629,4.497766494750977,0.0010068535339087248,0.0004585174610838294,0.04302697628736496
5.6589436531066895,4.495808124542236,0.0010067486437037587,0.00045899098040536046,0.04302658513188362
5.655845642089844,4.493178844451904,0.0010076041799038649,0.0004561369423754513,0.043079592287540436
5.654318332672119,4.491703510284424,0.001007840153761208,0.00045593426330015063,0.04307272657752037
5.652829170227051,4.490936756134033,0.0010060836793854833,0.00045743605005554855,0.04301321506500244
5.653783798217773,4.490972995758057,0.0010065041715279222,0.00045926839811727405,0.04299246892333031
5.647078037261963,4.485429763793945,0.0010058843763545156,0.0004566239076666534,0.043039437383413315
5.650508403778076,4.487954139709473,0.0010081075597554445,0.00045568414498120546,0.04306583106517792
5.647042274475098,4.484717845916748,0.0010079151252284646,0.0004556795465759933,0.04305274412035942
5.6468119621276855,4.485772609710693,0.0010052701691165566,0.0004570118326228112,0.042989831417798996
5.653508186340332,4.489959716796875,0.0010072027798742056,0.0004608886083588004,0.04295029863715172
5.64876127243042,4.485210418701172,0.0010068119736388326,0.00046121972263790667,0.0429534837603569
5.638714790344238,4.4779205322265625,0.0010050549171864986,0.0004563476250041276,0.04300926998257637
5.644515514373779,4.481831073760986,0.0010087537812069058,0.00045553830568678677,0.04305386170744896
5.642706871032715,4.480113506317139,0.0010086122201755643,0.0004557170032057911,0.04304284229874611
5.634443759918213,4.4744181632995605,0.0010048482799902558,0.0004554237239062786,0.04298895224928856
5.636911392211914,4.4757184982299805,0.0010051574790850282,0.00045834502088837326,0.04294414818286896
5.634017467498779,4.4732747077941895,0.0010043737711384892,0.00045776888146065176,0.04296712204813957
5.630855083465576,4.470572471618652,0.0010046984534710646,0.00045583033352158964,0.04300178214907646
5.632837295532227,4.47258186340332,0.0010054886806756258,0.0004551028832793236,0.04299600049853325
5.632699966430664,4.472700119018555,0.0010051705176010728,0.0004552468890324235,0.04297911003232002
5.629328727722168,4.470184803009033,0.0010040015913546085,0.00045509953633882105,0.04295935109257698
5.626510143280029,4.4672698974609375,0.0010036828462034464,0.0004558060609269887,0.04294959828257561
5.626614093780518,4.466698169708252,0.0010036983294412494,0.0004570533346850425,0.042954012751579285
5.624027729034424,4.464295387268066,0.0010036233579739928,0.0004565080744214356,0.04296666756272316
5.623114109039307,4.463809967041016,0.0010039618937298656,0.0004552554164547473,0.042969562113285065
5.622991561889648,4.463940143585205,0.001004045712761581,0.00045484828297048807,0.04296045005321503
5.621555328369141,4.463027477264404,0.0010034446604549885,0.0004547138523776084,0.04294485226273537
5.619765758514404,4.461319446563721,0.001003118697553873,0.0004550779121927917,0.042934808880090714
5.619444847106934,4.460728645324707,0.0010029979748651385,0.0004557013453450054,0.04293665662407875
5.61777925491333,4.458907604217529,0.0010029830737039447,0.0004558884829748422,0.04294357821345329
5.615878582000732,4.457066059112549,0.0010032393038272858,0.0004554622573778033,0.04294619709253311
5.614623546600342,4.456245422363281,0.0010031381389126182,0.0004548422002699226,0.04293881356716156
5.614849090576172,4.4569926261901855,0.0010026387171819806,0.0004545208066701889,0.04292765632271767
5.613449573516846,4.455724716186523,0.0010024643270298839,0.00045454344945028424,0.042922064661979675
5.612041473388672,4.45421028137207,0.001002514618448913,0.0004546774725895375,0.04292351379990578
5.61060094833374,4.452538013458252,0.0010026127565652132,0.0004549999430309981,0.0429256446659565
5.610336780548096,4.452240467071533,0.0010025233495980501,0.00045522450818680227,0.0429222546517849
5.608619213104248,4.4507951736450195,0.0010023469803854823,0.00045496225357055664,0.0429169200360775
5.60816764831543,4.4506964683532715,0.0010021742200478911,0.00045449277968145907,0.04291379079222679
5.607111930847168,4.449846267700195,0.001002008095383644,0.0004542883252725005,0.042911723256111145
5.605595111846924,4.448410511016846,0.0010019097244367003,0.00045427249278873205,0.042909327894449234
5.604153156280518,4.446889877319336,0.001001965836621821,0.00045444516581483185,0.0429057814180851
5.604493618011475,4.447113037109375,0.0010020240442827344,0.0004547053831629455,0.042901571840047836
5.603115081787109,4.445811748504639,0.00100186828058213,0.0004547882126644254,0.04289751127362251
5.601393699645996,4.444382190704346,0.0010015723528340459,0.0004545518022496253,0.04289493337273598
